"Pos","Player","Salary","AB","BA","OBP","SLG","RC600","HRF","BBF","XBF","SBF","SB%","KF","3BF","2BF","GDPF","Steal","Jump","BA vs L","OBP vs L","SLG vs L","HRF vs L","BA vs R","OBP vs R","SLG vs R","HRF vs R","PB","C Throw", 
"C","Gibson, Josh R  ","$22,077,000","63384",".290",".389",".568","125.8","14.0","7.18","18.7","230.5",".659","5.88","108.2","27.7","38.4","Av","Fr",".296",".398",".579","14.0",".286",".383",".562","14.0","3","Vg",  
"C","Piazza, Mike R  ","$15,379,000","82263",".308",".367",".522","106.6","18.9","11.4","20.2","1344.7",".581","9.17","172.5","25.8","28.5","Fr","Pr",".319",".385",".549","18.1",".302",".356",".507","19.5","3","Fr",  
"2B, C","Biggio, Craig R  ","$13,692,000","55019",".287",".376",".416","98.8","52.4","9.27","15.9","26.5",".693","9.59","123.4","21.7","91.0","Vg","Vg",".297",".384",".430","53.6",".280",".370",".408","51.8","4","Pr",  
"1B, C, RF","Chance, Frank R  ","$12,896,000","26485",".280",".371",".405","94.5","59.1","9.12","15.9","17.8",".710","7.75","95.7","22.9","54.5","Vg","Ex",".292",".386",".428","58.7",".274",".364",".394","59.3","4","Fr",  
"C, 1B","Tenace, Gene R  ","$12,411,000","36345",".243",".380",".439","105.8","21.9","5.82","19.5","277.2",".581","5.40","163.9","28.3","61.0","Fr","Fr",".259",".392",".469","21.2",".234",".373",".421","22.3","5","Av",  
"C, LF, RF","Bench, Johnny R  ","$11,723,000","37993",".250",".324",".449","85.8","20.8","10.0","20.1","259.5",".674","6.57","192.0","25.7","41.9","Av","Fr",".259",".340",".473","19.8",".244",".314",".434","21.6","2","Ex",  
"C","Dickey, Bill L  ","$11,516,000","35334",".286",".347",".444","90.2","31.1","12.2","18.6","612.3",".552","10.2","140.0","24.2","43.4","Av","Pr",".276",".328",".413","36.8",".293",".357",".462","28.8","3","Vg",  
"C, 1B, 3B","Torre, Joe R  ","$11,462,000","38304",".285",".349",".434","86.8","34.0","11.9","19.2","722.2",".608","8.96","131.5","25.5","31.2","Fr","Pr",".282",".346",".415","39.4",".287",".350",".445","31.5","4","Av",  
"C","Berra, Yogi L  ","$11,300,000","43904",".278",".329",".451","88.0","25.9","14.2","20.2","961.0",".556","13.4","157.0","25.8","57.3","Fr","Pr",".265",".315",".414","30.4",".285",".337",".471","23.8","2","Vg",  
"C","Cochrane, Mickey L  ","$11,140,000","45204",".269",".360",".404","89.0","42.2","8.16","18.1","365.9",".534","9.82","144.9","24.6","48.3","Fr","Fr",".256",".342",".373","49.2",".276",".369",".419","39.2","4","Ex",  
"C","Carter, Gary R  ","$11,055,000","32754",".255",".328",".431","84.0","24.5","10.6","20.9","380.6",".567","9.41","188.4","27.0","44.5","Fr","Fr",".279",".363",".488","20.5",".244",".310",".402","27.6","2","Vg",  
"C","Rodriguez, Ivan R  ","$9,876,000","36255",".291",".329",".437","81.5","37.7","19.0","17.0","177.8",".635","10.4","132.4","21.2","34.5","Av","Fr",".306",".350",".471","32.3",".282",".317",".421","40.8","3","Ex",  
"C","Posada, Jorge S  ","$9,834,000","51461",".266",".359",".419","89.2","33.7","8.02","17.3","1169.8",".689","6.18","198.2","22.3","33.3","Fr","Pr",".276",".371",".440","33.2",".260",".352",".406","34.0","5","Av",  
"C, 1B","Mauer, Joe L  ","$9,502,000","27197",".299",".366",".405","88.3","71.0","10.2","17.5","264.1",".641","12.5","165.6","22.4","39.6","Av","Pr",".278",".341",".364","102.3",".309",".379",".425","61.7","2","Vg",  
"C, 1B","Martinez, Victor S  ","$9,485,000","31672",".290",".349",".419","84.2","46.3","12.0","17.3","1522.3",".561","17.6","202.4","21.2","31.9","Pr","Pr",".291",".351",".414","50.6",".292",".348",".423","44.1","2","Fr",  
"1B, C","Napoli, Mike R  ","$9,420,000","23814",".244",".341",".440","89.0","20.8","8.06","23.0","258.3",".540","4.78","145.5","32.6","40.4","Av","Fr",".258",".357",".470","19.5",".236",".333",".425","21.2","3","Av",  
"C","Hartnett, Gabby R  ","$9,149,000","25827",".254",".331",".435","84.4","26.0","9.88","17.2","1827.6",".615","6.14","155.5","22.3","38.6","Fr","Pr",".263",".343",".470","21.2",".249",".324",".417","29.5","4","Ex",  
"RF, C, 2B, 3B, SS","Kelly, King R  ","$9,003,000","61204",".278",".346",".404","84.1","62.6","10.8","14.6","33.8",".709","7.99","115.0","19.0","46.6","Vg","Vg",".290",".362",".432","58.5",".270",".335",".387","65.5","5","Vg",  
"C, 1B","Posey, Buster R  ","$8,984,000","27059",".293",".357",".422","87.7","43.0","11.1","18.3","419.3",".643","17.7","222.0","22.5","33.2","Av","Pr",".316",".383",".468","36.5",".281",".342",".399","47.3","1","Av",  
"C","Munson, Thurman R  ","$8,862,000","29060",".284",".336",".394","76.6","59.3","14.6","19.4","199.0",".637","10.3","138.4","25.2","36.6","Fr","Fr",".291",".346",".402","55.4",".278",".329",".386","63.2","4","Vg",  
"C","Salkeld, Bill L  ","$8,589,000","29630",".253",".375",".426","99.4","23.1","6.14","24.0","473.0",".679","7.24","589.3","30.6","44.6","Av","Pr",".204",".314",".300","42.1",".262",".386",".451","21.2","4","Fr",  
"C","Haller, Tom L  ","$8,582,000","14549",".257",".332",".400","81.0","35.1","10.2","20.5","342.3",".593","7.84","133.6","27.9","61.3","Pr","Fr",".220",".296",".323","50.7",".269",".345",".425","31.8","4","Vg",  
"C, CF","Bresnahan, Roger R  ","$8,344,000","22603",".263",".367",".395","90.6","50.7","7.37","15.8","66.9",".633","8.10","125.6","22.0","51.8","Av","Vg",".270",".381",".411","47.4",".259",".360",".386","52.7","5","Av",  
"C, 1B","Simmons, Ted S  ","$8,326,000","36677",".271",".323",".419","77.1","37.2","14.0","16.8","2862.1",".452","12.7","157.8","20.7","31.7","Pr","Pr",".273",".328",".415","40.3",".271",".320",".421","35.6","5","Av",  
"1B, C","York, Rudy R  ","$8,267,000","32190",".246",".324",".438","82.6","22.4","9.74","19.5","220.7",".598","5.50","155.0","25.6","36.2","Av","Fr",".253",".334",".453","21.5",".242",".318",".429","22.9","7","Fr",  
"C","Santop, Louis L  ","$8,100,000","40113",".259",".299",".417","69.6","29.2","19.1","21.1","917.1",".681","8.77","137.3","27.1","29.8","Fr","Pr",".253",".291",".397","33.3",".262",".304",".427","27.6","4","Ex",  
"C","Campanella, Roy R  ","$7,984,000","19082",".255",".326",".431","81.8","23.2","10.8","23.1","264.7",".591","7.43","293.7","28.5","35.7","Fr","Fr",".269",".342",".463","20.2",".248",".317",".414","25.4","2","Ex",  
"C, 1B, RF","Tettleton, Mickey S  ","$7,931,000","40758",".228",".345",".407","87.4","24.4","6.64","21.2","395.6",".535","4.78","140.6","30.9","54.4","Fr","Fr",".225",".339",".388","28.2",".230",".349",".417","22.8","4","Av",  
"C","Kendall, Jason R  ","$7,735,000","33415",".279",".350",".337","73.1","375.4","13.6","22.5","61.3",".624","20.3","180.8","29.5","49.2","Av","Av",".287",".360",".355","254.8",".274",".345",".327","520.3","3","Av",  
"C, 1B","Freehan, Bill R  ","$7,704,000","33222",".255",".326",".380","74.9","45.3","12.0","20.2","733.8",".637","10.2","121.1","28.1","47.1","Av","Pr",".266",".345",".406","38.2",".250",".318",".369","50.5","3","Vg",  
"C","Dietz, Dick R  ","$7,584,000","49194",".257",".382",".415","97.9","29.8","5.98","18.6","1871.2",".571","5.84","307.1","24.5","35.8","Pr","Pr",".275",".404",".453","24.7",".244",".367",".390","34.5","7","Fr",  
"C","Bassler, Johnny L  ","$7,347,000","30910",".257",".365",".318","76.9","98.8","7.06","34.1","338.4",".667","10.3","729.8","43.5","50.0","Av","Pr",".244",".351",".288","158.1",".264",".372",".334","81.8","3","Vg",  
"C","Molina, Yadier R  ","$7,328,000","5607",".287",".332",".388","73.0","73.8","16.1","18.6","164.1",".627","25.1","184.0","22.6","30.7","Av","Fr",".308",".351",".428","76.8",".283",".327",".376","80.5","2","Ex",  
"C, SP","Radcliffe, Double Duty R  ","$7,281,000","7506",".251",".296",".346","58.0","79.0","17.6","20.3","280.6",".580","8.35","133.4","26.4","38.7","Av","Fr",".256",".303",".362","68.2",".246",".290",".333","90.7","3","Vg",  
"C","Smith, Earl L  ","$7,213,000","13361",".261",".344",".393","81.6","36.4","9.00","20.9","193.1",".556","10.4","663.2","24.8","44.5","Av","Fr",".228",".298",".292","93.7",".266",".350",".406","33.8","7","Vg",  
"C","Hiatt, Jack R  ","$7,203,000","25743",".256",".376",".380","90.1","45.8","6.26","19.4","1725.4",".621","4.95","175.5","26.9","42.6","Pr","Pr",".273",".395",".422","37.4",".245",".362",".352","53.4","5","Av",  
"C","Mackey, Biz S  ","$7,156,000","21533",".256",".324",".359","67.1","68.1","11.3","19.6","135.9",".548","9.38","144.9","25.7","33.8","Fr","Av",".260",".330",".365","71.0",".253",".321",".355","66.9","4","Ex",  
"LF, C, 1B, 3B, CF, RF","O'Rourke, Jim R  ","$7,110,000","19110",".274",".330",".377","73.9","93.7","13.4","16.4","49.5",".675","9.22","111.4","21.5","46.0","Vg","Av",".286",".344",".407","82.2",".268",".325",".363","97.1","5","Fr",  
"C, 1B, 2B, 3B, RF","Ewing, Buck R  ","$7,073,000","19043",".264",".316",".396","74.5","67.5","14.1","15.3","19.1",".705","8.79","48.7","25.3","47.2","Vg","Ex",".272",".325",".420","65.4",".260",".311",".385","68.5","3","Av",  
"C","Phelps, Babe L  ","$7,069,000","15452",".278",".332",".435","82.6","36.4","14.1","15.1","268.5",".630","8.76","136.4","18.8","34.7","Av","Fr",".255",".305",".371","57.7",".284",".339",".452","33.2","6","Av",  
"C, 3B, LF","Schang, Wally S  ","$7,028,000","19033",".247",".345",".357","77.4","61.6","8.45","19.3","74.1",".604","6.69","124.3","27.7","55.8","Av","Av",".247",".340",".353","65.0",".248",".350",".361","60.5","5","Vg",  
"C","DeLancey, Bill L  ","$6,981,000","25917",".245",".348",".419","89.1","27.5","7.42","20.3","2759.2",".647","6.44","74.9","34.8","47.4","Pr","Pr",".215",".311",".333","45.3",".252",".355",".438","25.4","3","Av",  
"C","Fisk, Carlton R  ","$6,981,000","23507",".252",".323",".409","79.3","31.4","11.7","19.0","150.7",".665","7.14","125.6","25.7","50.8","Av","Fr",".255",".323",".413","29.7",".251",".324",".408","32.4","3","Av",  
"C","Parrish, Lance R  ","$6,967,000","27083",".247",".303",".416","72.0","26.9","13.5","20.2","380.2",".513","5.61","133.6","26.5","36.5","Fr","Fr",".258",".318",".450","22.9",".240",".293",".395","30.2","5","Vg",  
"C","Romano, Johnny R  ","$6,952,000","14357",".244",".336",".403","81.3","27.9","8.58","21.9","3313.0",".500","6.64","204.5","28.8","39.8","Pr","Pr",".252",".348",".435","24.2",".240",".331",".387","30.1","4","Av",  
"C","Meyers, Chief R  ","$6,877,000","17329",".277",".346",".375","78.5","73.1","12.3","20.2","212.2",".571","9.12","155.0","26.7","50.3","Fr","Fr",".278",".354",".382","65.3",".276",".341",".370","78.2","4","Av",  
"LF, C, 1B, 3B, RF","Surhoff, B.J. L  ","$6,875,000","19591",".268",".315",".366","68.2","76.2","15.3","19.1","74.0",".612","15.6","156.7","24.0","52.8","Av","Av",".269",".320",".372","63.8",".267",".312",".363","85.3","4","Av",  
"C","Hargrave, Bubbles R  ","$6,756,000","18732",".261",".329",".402","78.8","47.8","11.8","15.5","411.7",".586","8.04","78.6","22.4","44.6","Fr","Fr",".270",".340",".424","43.3",".255",".323",".390","50.8","4","Av",  
"C","Hoiles, Chris R  ","$6,745,000","13308",".250",".343",".419","86.9","25.0","8.46","23.5","2567.0",".400","6.43","177.0","32.2","43.4","Fr","Pr",".266",".368",".460","21.4",".243",".331",".399","27.4","2","Av",  
"C","Robinson, Aaron L  ","$6,745,000","19664",".248",".343",".388","83.0","32.2","7.89","23.3","1340.9",".607","7.37","265.1","30.1","61.6","Pr","Pr",".220",".308",".309","52.4",".257",".353",".411","29.5","5","Av",  
"C, RF","Daulton, Darren L  ","$6,667,000","14896",".228",".333",".376","80.6","37.2","7.37","17.7","108.7",".725","6.34","111.4","25.6","88.8","Vg","Fr",".224",".328",".352","47.1",".233",".339",".391","33.8","4","Av",  
"DH, C, LF","Downing, Brian R  ","$6,663,000","19461",".249",".346",".387","83.1","38.0","8.32","19.5","514.2",".647","8.14","149.8","26.7","51.1","Fr","Pr",".259",".357",".414","34.5",".244",".341",".373","40.2","2","Fr",  
"C","Varitek, Jason S  ","$6,479,000","37208",".246",".321",".385","73.3","37.2","10.3","20.0","385.0",".596","6.05","138.0","26.9","42.4","Av","Fr",".251",".328",".399","34.2",".242",".316",".375","39.2","4","Av",  
"C, 1B","Jaso, John L  ","$6,469,000","11790",".266",".361",".391","87.1","57.0","7.99","15.8","508.3",".614","11.8","134.6","21.2","45.9","Fr","Pr",".224",".315",".296","151.2",".273",".369",".407","51.1","4","Fr",  
"C","McCann, Brian L  ","$6,468,000","23739",".257",".326",".404","77.3","31.9","10.9","21.3","649.0",".651","10.5","171.7","27.7","36.0","Av","Pr",".240",".307",".366","34.7",".263",".334",".419","31.0","2","Av",  
"C","Kling, Johnny R  ","$6,437,000","20720",".259",".312",".375","69.3","57.7","14.0","18.1","97.1",".637","8.00","124.7","23.7","53.1","Av","Av",".267",".323",".389","56.2",".256",".306",".369","58.5","3","Ex",  
"1B, C","Sweeney, Mike R  ","$6,192,000","21300",".271",".336",".408","81.1","39.0","11.8","18.0","182.7",".653","13.5","252.7","21.8","39.5","Av","Fr",".263",".316",".377","49.5",".276",".347",".426","35.1","4","Av",  
"C","Sims, Duke L  ","$6,180,000","22159",".237",".324",".384","75.0","29.5","9.33","25.0","721.8",".547","5.92","208.8","32.9","47.5","Pr","Pr",".234",".325",".365","30.7",".237",".321",".387","29.5","4","Av",  
"C","Johjima, Kenji R  ","$6,127,000","22695",".256",".302",".361","62.0","55.1","22.0","21.9","1223.2",".526","20.4","203.9","26.8","35.7","Fr","Pr",".256",".298",".354","67.7",".257",".303",".368","49.4","3","Vg",  
"C","Martin, Russell R  ","$6,076,000","7123",".244",".329",".357","69.9","43.7","9.44","25.8","145.6",".615","7.72","181.2","35.3","34.3","Av","Fr",".253",".340",".371","44.6",".239",".323",".349","43.0","3","Av",  
"C","Whitt, Ernie L  ","$6,002,000","13466",".241",".316",".364","68.3","41.2","9.98","22.7","379.0",".556","9.54","178.3","29.8","41.2","Fr","Fr",".203",".266",".258","87.6",".248",".325",".382","37.8","3","Vg",  
"DH, C, 1B, LF","Johnson, Cliff R  ","$5,970,000","19776",".247",".342",".437","90.2","21.9","8.54","20.5","1909.2",".444","6.29","272.7","26.0","47.4","Pr","Pr",".267",".363",".478","19.1",".236",".329",".412","24.3","8","Pr",  
"C","Lombardi, Ernie R  ","$5,934,000","15701",".277",".329",".419","77.8","29.8","15.1","25.2","535.6",".711","10.6","816.2","28.5","29.2","Av","Pr",".281",".343",".441","25.1",".274",".321",".407","32.8","7","Vg",  
"2B, C, 3B","Daly, Tom S  ","$5,929,000","14927",".242",".320",".355","68.8","60.7","9.81","18.5","43.0",".688","6.29","120.6","25.3","46.1","Vg","Vg",".245",".324",".351","59.8",".241",".318",".357","61.1","3","Av",  
"C","Gattis, Evan R  ","$5,885,000","50642",".248",".305",".431","75.6","23.6","13.6","21.2","1792.6",".554","7.19","123.2","28.6","35.3","Fr","Pr",".253",".309",".447","21.5",".245",".303",".421","25.2","3","Av",  
"C","Lopez, Javy R  ","$5,825,000","21368",".262",".309",".416","73.1","29.9","16.7","22.0","1547.5",".600","7.46","127.5","29.4","34.0","Pr","Pr",".262",".310",".428","25.6",".260",".306",".406","33.1","4","Fr",  
"C","Sanguillen, Manny R  ","$5,795,000","20246",".275",".299",".365","60.9","96.0","31.8","20.6","279.4",".567","15.4","107.8","27.0","37.7","Fr","Fr",".282",".312",".379","83.0",".271",".292",".356","108.3","4","Vg",  
"C","Danning, Harry R  ","$5,757,000","18168",".269",".312",".376","66.3","76.7","17.6","16.5","265.1",".617","8.72","135.3","20.5","34.4","Av","Fr",".279",".331",".393","71.1",".263",".302",".368","78.8","3","Vg",  
"C","Bailey, Ed L  ","$5,742,000","17525",".247",".339",".384","80.3","34.6","8.33","22.7","921.1",".611","7.24","173.2","30.9","50.8","Fr","Pr",".225",".308",".314","53.0",".252",".346",".401","32.0","2","Vg",  
"C","Hershberger, Willard R  ","$5,684,000","16491",".294",".338",".368","72.2","123.1","19.5","24.0","542.5",".541","12.5","132.6","32.4","38.3","Fr","Pr",".273",".303",".305","1840.0",".299",".348",".386","97.1","3","Fr",  
"C","Collins, Pat R  ","$5,650,000","10715",".230",".343",".360","76.8","30.7","6.85","31.9","1154.7",".647","4.86","977.1","39.3","42.1","Pr","Pr",".234",".344",".364","31.2",".227",".341",".357","30.6","3","Fr",  
"C","Clarke, Tommy R  ","$5,624,000","15571",".256",".341",".377","78.8","53.5","8.87","19.4","293.5",".598","7.63","83.7","30.4","48.8","Fr","Fr",".272",".354",".408","43.4",".248",".334",".362","60.0","4","Av",  
"C","Trouppe, Quincy S  ","$5,621,000","20874",".235",".300",".377","64.4","29.1","12.0","26.5","2104.7",".579","6.63","625.7","30.9","33.7","Pr","Pr",".247",".316",".401","27.0",".225",".288",".362","30.0","6","Vg",  
"C, RF","Ferguson, Joe R  ","$5,603,000","8496",".223",".337",".380","77.5","28.3","6.86","22.5","457.9",".537","5.45","179.9","31.4","35.3","Av","Fr",".228",".346",".401","24.5",".221",".332",".370","30.6","6","Av",  
"3B, C, 1B, LF","Nevin, Phil R  ","$5,603,000","29319",".265",".332",".430","82.6","26.7","10.9","21.5","573.5",".620","5.67","167.6","28.0","36.1","Av","Pr",".280",".355",".474","23.0",".256",".319",".404","29.4","13","Fr",  
"C","Pena, Tony F R  ","$5,575,000","15540",".256",".302",".352","59.8","80.5","16.8","19.7","205.3",".569","9.17","141.5","25.2","35.4","Fr","Fr",".268",".319",".383","58.3",".248",".290",".329","111.3","3","Vg",  
"3B, C","Inge, Brandon R  ","$5,545,000","16345",".226",".294",".350","60.3","45.2","11.9","20.9","324.5",".602","5.31","108.8","29.6","48.9","Fr","Fr",".239",".317",".374","42.4",".216",".277",".333","47.4","5","Vg",  
"C, 1B","Tabuchi, Kouichi R  ","$5,539,000","11567",".231",".319",".368","69.4","28.8","10.2","34.9","944.4",".518","8.81","314.8","45.8","34.9","Pr","Pr",".233",".321",".375","26.8",".230",".318",".364","30.0","4","Vg",  
"C, 1B, LF","Howard, Elston R  ","$5,496,000","10760",".265",".303",".392","66.8","43.6","20.4","20.7","2301.4",".454","7.21","115.1","27.3","35.8","Fr","Pr",".282",".331",".442","33.4",".256",".286",".365","51.9","3","Vg",  
"C","Battey, Earl R  ","$5,428,000","12469",".257",".327",".365","69.9","63.3","11.2","19.6","823.8",".515","8.74","118.7","27.1","34.7","Fr","Pr",".257",".328",".351","89.2",".257",".326",".371","55.9","4","Vg",  
"C","Nomura, Katsuya R  ","$5,425,000","27499",".239",".312",".355","64.0","37.3","11.3","31.3","164.5",".661","9.09","301.6","39.6","32.3","Av","Fr",".246",".317",".375","31.7",".235",".308",".342","42.5","4","Vg",  
"C","Lollar, Sherm R  ","$5,372,000","10936",".246",".324",".361","69.6","46.9","11.4","21.2","590.2",".677","9.81","275.4","26.4","37.0","Av","Pr",".252",".330",".365","47.4",".242",".321",".359","46.5","2","Vg",  
"C","Roseboro, Johnny L  ","$5,233,000","10680",".244",".313",".362","69.2","55.1","11.4","18.8","195.7",".586","8.74","113.7","25.8","75.1","Fr","Fr",".213",".266",".286","145.1",".255",".328",".386","46.0","3","Vg",  
"C","Cooper, Walker R  ","$5,045,000","17039",".263",".302",".424","72.3","29.9","20.0","19.1","1014.4",".562","8.77","126.8","24.3","34.2","Fr","Pr",".265",".307",".425","29.5",".262",".299",".423","30.2","4","Av",  
"C, 1B","McCarver, Tim L  ","$5,014,000","10475",".262",".323",".367","72.4","87.3","12.3","16.7","178.7",".631","16.4","106.6","22.4","63.5","Fr","Fr",".255",".313",".340","120.8",".265",".328",".377","80.4","4","Av",  
"C, 1B, LF, CF, RF","Carroll, Fred R  ","$5,008,000","11646",".251",".333",".361","72.9","74.2","9.99","17.0","112.2",".628","7.54","105.9","23.6","43.9","Av","Vg",".247",".329",".351","81.1",".253",".335",".367","70.9","5","Av",  
"C","Easterly, Ted L  ","$4,954,000","13242",".276",".313",".388","70.1","67.9","19.1","18.0","474.7",".536","8.30","88.5","24.8","45.2","Pr","Pr",".266",".300",".370","72.6",".280",".319",".395","65.9","7","Av",  
"C","Soto, Geovany R  ","$4,927,000","10553",".251",".339",".419","84.2","28.0","8.50","18.4","2022.3",".667","6.06","183.8","24.0","37.1","Pr","Pr",".265",".359",".456","23.7",".235",".315",".375","35.9","2","Av",  
"DH, C","LeCroy, Matt R  ","$4,912,000","76229",".264",".337",".421","82.6","28.0","10.2","21.0","1994.9",".531","6.47","393.5","25.1","34.4","Pr","Pr",".279",".358",".457","24.3",".233",".294",".349","40.3","5","Fr",  
"3B, C","Sudakis, Bill S  ","$4,907,000","17972",".229",".307",".391","71.4","26.4","10.1","23.9","1013.2",".690","5.95","177.8","31.8","44.9","Pr","Pr",".238",".323",".415","23.6",".225",".298",".378","28.2","8","Av",  
"C","Lieberthal, Mike R  ","$4,878,000","13785",".265",".327",".392","75.8","45.6","13.3","18.2","729.1",".539","12.1","178.0","22.8","41.8","Fr","Pr",".284",".357",".439","37.6",".247",".297",".347","57.0","3","Vg",  
"C","Clements, Jack L  ","$4,814,000","14525",".252",".307",".376","67.5","48.6","14.2","17.5","306.4",".598","7.17","194.3","21.3","46.2","Fr","Fr",".235",".281",".330","58.4",".255",".311",".387","46.5","3","Av",  
"C, 1B","Lucroy, Jonathan R  ","$4,812,000","12812",".267",".329",".360","69.5","89.6","12.1","20.0","429.5",".532","13.2","124.3","26.8","38.9","Av","Pr",".276",".337",".356","125.0",".262",".323",".359","81.5","2","Av",  
"C","Paulino, Ronny R  ","$4,802,000","40890",".279",".337",".373","71.1","63.0","12.1","22.6","2145.6",".488","11.3","479.3","26.3","26.9","Pr","Pr",".293",".356",".403","49.8",".245",".290",".301","170.4","3","Av",  
"3B, C, 1B, RF","White, Deacon L  ","$4,798,000","13444",".266",".321",".335","64.2","131.8","15.0","24.9","136.8",".635","9.08","199.6","31.6","50.8","Av","Fr",".257",".307",".308","235.4",".269",".326",".347","105.2","4","Av",  
"C","Crandall, Del R  ","$4,796,000","11926",".244",".291",".366","59.9","36.5","16.5","27.6","315.4",".651","10.2","307.9","33.2","34.5","Fr","Fr",".244",".295",".376","31.0",".243",".288",".359","40.3","2","Vg",  
"C, 1B, 3B","Grady, Mike R  ","$4,770,000","12130",".250",".328",".388","75.8","52.3","10.8","15.2","91.3",".633","7.13","78.7","22.0","42.7","Av","Vg",".262",".339",".407","50.0",".242",".320",".376","53.3","5","Fr",  
"C","Scioscia, Mike L  ","$4,765,000","7879",".253",".331",".351","71.9","75.8","9.69","19.3","236.2",".691","25.6","169.3","25.2","49.6","Fr","Fr",".219",".293",".284","116.8",".259",".337",".363","71.4","3","Av",  
"C","Davis, Spud R  ","$4,747,000","11516",".250",".313",".357","64.6","46.2","12.3","26.1","799.1",".516","7.78","345.5","31.6","36.0","Fr","Pr",".257",".325",".376","36.7",".246",".305",".342","57.0","3","Av",  
"C, 1B","Gowdy, Hank R  ","$4,714,000","9231",".238",".319",".340","66.4","58.4","9.92","21.8","89.5",".674","7.46","251.5","27.7","48.5","Av","Av",".254",".343",".355","58.2",".231",".309",".333","58.5","3","Vg",  
"C, 1B","Lopata, Stan R  ","$4,702,000","8963",".231",".324",".388","73.6","30.2","8.25","19.7","687.1",".429","5.44","174.7","26.0","33.9","Fr","Fr",".243",".343",".417","27.7",".221",".308",".364","32.6","4","Fr",  
"C","Shoppach, Kelly R  ","$4,698,000","13151",".231",".310",".413","76.5","25.8","11.5","17.5","1652.3",".600","3.58","127.1","23.4","55.3","Pr","Pr",".250",".333",".470","21.0",".208",".283",".344","35.7","3","Av",  
"C","Porter, Darrell L  ","$4,693,000","15292",".231",".330",".382","78.4","31.7","7.92","21.4","378.3",".644","6.60","122.6","31.1","58.9","Fr","Fr",".222",".316",".360","34.0",".234",".336",".388","31.4","6","Vg",  
"C","Wilkins, Rick L  ","$4,675,000","13945",".229",".312",".367","68.9","33.8","9.32","23.4","239.0",".589","4.86","171.5","31.3","55.0","Fr","Fr",".187",".256",".241","87.2",".235",".321",".387","30.8","4","Av",  
"C","Schalk, Ray R  ","$4,655,000","11575",".221",".299",".298","54.3","79.8","10.7","27.8","80.0",".624","8.75","323.8","35.3","60.9","Av","Av",".230",".304",".317","64.3",".215",".293",".287","89.6","3","Vg",  
"C, 1B, LF, RF","Wockenfuss, John R  ","$4,652,000","12075",".254",".339",".406","82.5","29.7","8.79","23.2","2303.8",".461","8.02","141.1","32.7","40.5","Pr","Pr",".274",".361",".443","27.7",".240",".325",".382","31.1","7","Fr",  
"C","Bennett, Charlie R  ","$4,626,000","11815",".228",".322",".357","69.9","47.6","8.33","17.9","235.3",".699","5.19","114.7","25.2","44.2","Av","Fr",".233",".336",".367","43.5",".225",".313",".351","50.5","2","Av",  
"C, RF","Blanchard, Johnny L  ","$4,622,000","22555",".240",".304",".425","76.0","20.6","12.3","27.7","2500.6",".556","8.33","294.2","34.3","42.5","Pr","Pr",".226",".287",".387","23.3",".244",".309",".435","20.1","8","Pr",  
"C","Burgess, Smoky L  ","$4,614,000","11719",".262",".321",".371","70.3","58.0","12.4","19.3","1177.6",".478","15.3","190.5","24.1","43.0","Pr","Pr",".223",".272",".286","98.2",".272",".333",".392","52.6","3","Fr",  
"C","Tipton, Joe R  ","$4,598,000","10933",".230",".324",".353","71.3","36.8","8.40","26.9","1802.6",".500","6.86","252.4","35.4","60.1","Pr","Pr",".245",".347",".378","31.4",".218",".305",".335","42.2","3","Av",  
"C","Pierzynski, A.J. L  ","$4,580,000","13709",".271",".312",".377","67.1","62.6","21.4","19.2","983.5",".500","14.5","191.6","23.2","36.4","Pr","Pr",".251",".280",".316","195.9",".276",".320",".391","54.2","3","Av",  
"LF, C, 1B, RF","Blefary, Curt L  ","$4,557,000","10301",".238",".334",".386","80.2","33.1","8.24","20.4","277.5",".531","9.08","132.6","28.8","62.8","Fr","Fr",".213",".295",".301","74.4",".242",".340",".401","30.1","10","Fr",  
"C","Avila, Alex L  ","$4,541,000","14334",".235",".342",".372","78.1","38.1","7.11","19.9","649.2",".812","4.49","144.3","28.0","41.5","Fr","Pr",".198",".297",".287","59.7",".240",".349",".384","36.2","3","Av",  
"C, 1B, LF, RF","Nilsson, Dave L  ","$4,513,000","12014",".264",".327",".395","76.8","40.9","11.6","19.7","246.2",".524","10.5","168.3","25.0","52.3","Fr","Fr",".231",".278",".311","74.8",".270",".335",".410","37.8","3","Pr",  
"C, 1B","Stanley, Mike R  ","$4,491,000","13110",".242",".331",".388","77.2","31.5","8.81","22.4","295.7",".699","6.11","171.4","30.4","40.0","Vg","Pr",".255",".354",".420","27.0",".233",".316",".368","35.2","6","Fr",  
"C","Wilson, Art R  ","$4,475,000","9674",".230",".328",".334","68.7","56.2","8.02","20.9","60.4",".700","5.72","313.6","26.5","49.5","Vg","Av",".240",".339",".345","57.5",".225",".322",".330","55.7","3","Vg",  
"C","Suzuki, Kurt R  ","$4,442,000","4554",".248",".311",".333","60.2","89.3","14.2","21.6",".000",".000","15.9","210.6","27.0","35.8","Fr","Pr",".240",".304",".331","87.3",".248",".311",".321","119.0","2","Av",  
"C","Petway, Bruce S  ","$4,428,000","10172",".248",".298",".322","55.6","181.6","14.9","20.1","98.8",".568","8.15","146.9","26.0","54.7","Av","Av",".249",".297",".329","138.9",".245",".297",".314","216.3","3","Ex",  
"C","Lapp, Jack L  ","$4,411,000","9515",".249",".321",".359","69.6","62.6","10.2","19.3","716.4",".600","8.29","107.5","27.4","46.3","Pr","Pr",".236",".305",".322","90.4",".253",".327",".371","57.1","4","Av",  
"C","Hundley, Todd S  ","$4,348,000","16046",".219",".295",".393","69.2","23.5","10.4","24.2","1058.8",".654","5.06","195.7","31.5","54.4","Fr","Pr",".187",".254",".314","35.4",".229",".308",".416","21.6","4","Fr",  
"C","Iannetta, Chris R  ","$4,328,000","9111",".221",".337",".360","76.1","34.6","6.96","21.7","1807.3",".600","6.36","166.8","30.5","43.2","Pr","Pr",".239",".360",".406","29.0",".193",".301",".296","46.7","3","Av",  
"C","Hogan, Shanty R  ","$4,289,000","12270",".258",".318",".355","65.5","50.9","13.9","27.1","1128.6",".571","8.44","846.4","31.0","36.1","Pr","Pr",".265",".325",".362","52.7",".254",".314",".351","49.9","3","Vg",  
"C","Westrum, Wes R  ","$4,235,000","19705",".207",".334",".320","67.5","38.0","6.39","33.4","622.7",".585","4.56","328.7","45.7","41.5","Av","Pr",".219",".346",".337","35.2",".199",".325",".307","40.5","4","Ex",  
"C","O'Farrell, Bob R  ","$4,225,000","5827",".233",".325",".342","67.6","62.7","8.54","20.4","250.0",".562","6.85","99.2","31.1","41.9","Av","Fr",".229",".326",".339","60.2",".235",".324",".343","64.1","3","Vg",  
"C","Montero, Miguel L  ","$4,224,000","31275",".252",".330",".369","72.6","42.6","9.94","23.3","2725.5",".464","7.61","288.1","29.1","37.5","Pr","Pr",".219",".298",".297","67.4",".256",".335",".379","40.6","3","Av",  
"C","Santiago, Benito R  ","$4,209,000","15456",".245",".291",".365","59.0","45.7","16.6","21.6","298.0",".467","7.06","142.6","28.0","35.1","Fr","Fr",".260",".314",".400","36.9",".234",".273",".337","56.3","4","Vg",  
"C, 1B, 3B","Brenly, Bob R  ","$4,183,000","13374",".238",".316",".378","72.1","36.7","10.1","20.0","213.1",".577","7.23","138.8","27.0","52.3","Fr","Av",".230",".308",".352","51.6",".243",".322",".394","31.5","6","Av",  
"C","Wingo, Ivey L  ","$4,128,000","14230",".241",".298",".359","63.4","53.3","13.3","20.6","82.3",".634","8.95","86.8","31.0","54.3","Av","Av",".212",".253",".292","97.6",".246",".306",".370","49.5","4","Vg",  
"C","Ruiz, Carlos R  ","$4,100,000","5444",".266",".341",".367","75.5","97.2","11.2","16.1","385.3",".727","15.2","154.1","20.6","39.5","Fr","Pr",".289",".379",".407","75.7",".253",".319",".344","115.9","2","Av",  
"C","Castro, Jason L  ","$4,073,000","343",".239",".318",".338","65.3","85.8","9.68","15.6",".000",".000","4.66",".000","17.6","55.3","Fr","Pr",".125",".194",".156",".000",".251",".330",".357","77.8","4","Av",  
"C","Seminick, Andy R  ","$4,048,000","13159",".222",".312",".383","69.5","27.0","9.19","23.8","486.4",".535","4.72","146.4","33.4","34.3","Fr","Fr",".230",".317",".408","24.4",".215",".308",".362","29.6","4","Vg",  
"C","Redmond, Mike R  ","$4,028,000","13689",".277",".329",".326","61.9","855.6","17.6","23.7","2492.5",".429","16.9","393.6","27.7","32.4","Pr","Pr",".298",".354",".356","470.8",".261",".308",".301","2469.0","2","Av",  
"C, 1B","Steinbach, Terry R  ","$4,001,000","8834",".257",".307",".371","64.5","51.1","15.3","20.4","184.6",".598","7.49","154.8","25.9","35.3","Av","Fr",".268",".322",".396","43.9",".246",".292",".347","60.4","3","Vg",  
"C","Hassey, Ron L  ","$4,000,000","8899",".255",".328",".361","70.0","66.9","10.4","18.2","713.9",".583","11.9","178.5","23.1","35.6","Fr","Pr",".232",".290",".277","240.3",".258",".332",".371","61.5","4","Av",  
"C","Wieters, Matt S  ","$3,987,000","14986",".244",".305",".361","64.0","42.8","12.3","23.8","1377.3",".632","8.49","243.1","29.4","39.4","Fr","Pr",".246",".309",".361","46.7",".245",".304",".363","41.2","1","Vg",  
"CF, C, LF, RF","Maloney, Billy L  ","$3,952,000","10270",".235",".296",".340","61.1","62.6","13.5","22.0","17.4",".727","7.90","95.6","32.7","50.6","Vg","Ex",".228",".283",".329","57.3",".238",".301",".345","65.5","5","Av",  
"C","Johnson, Charles R  ","$3,930,000","9537",".228",".310",".377","67.9","30.3","9.47","22.1","1080.7",".588","5.31","257.3","27.7","35.1","Fr","Pr",".241",".323",".399","28.4",".220",".303",".361","31.9","2","Vg",  
"C, 1B","Milligan, Jocko R  ","$3,914,000","8123",".247",".291",".376","63.6","51.4","17.6","15.4","293.0",".732","6.91","175.8","18.5","48.8","Av","Fr",".243",".290",".374","47.1",".248",".293",".376","55.8","3","Av",  
"C","Ramos, Wilson R  ","$3,891,000","6914",".264",".309",".384","65.5","40.7","16.2","24.6","1488.0",".625","10.8","212.6","30.2","27.8","Pr","Pr",".276",".326",".416","32.9",".254",".292",".355","51.3","3","Vg",  
"C","LaValliere, Mike L  ","$3,831,000","13830",".257",".328",".310","61.4","189.5","10.7","29.4","1199.8",".448","13.6","390.0","36.3","40.3","Pr","Pr",".256",".325",".291","530.6",".257",".328",".314","162.9","3","Vg",  
"C","O'Dea, Ken L  ","$3,827,000","6844",".238",".322",".361","70.0","45.6","9.00","20.6","461.4",".739","7.00","137.6","28.4","40.4","Av","Pr",".227",".305",".344","46.3",".240",".326",".364","45.5","5","Vg",  
"C","Stearns, John R  ","$3,825,000","7776",".242",".321",".357","68.4","55.1","10.0","17.8","70.5",".625","9.51","209.9","22.4","39.7","Av","Vg",".257",".340",".382","46.2",".232",".309",".342","62.6","2","Av",  
"C, 1B, LF, RF","Kirkpatrick, Ed L  ","$3,819,000","13802",".231",".312",".364","69.1","38.7","9.85","21.0","339.7",".554","8.13","161.1","27.9","56.4","Fr","Fr",".216",".290",".288","98.8",".235",".316",".375","35.9","4","Fr",  
"C","Ruel, Muddy R  ","$3,792,000","12991",".233",".319",".297","59.1","94.1","9.30","32.7","283.6",".546","8.91","556.7","40.6","52.9","Fr","Fr",".243",".334",".313","86.8",".232",".316",".297","94.0","2","Vg",  
"C","Sundberg, Jim R  ","$3,779,000","8311",".229",".306",".316","57.2","94.4","10.2","21.4","205.7",".529","7.08","145.6","29.2","42.2","Pr","Fr",".230",".306",".318","92.0",".229",".306",".315","95.7","4","Vg",  
"C, 1B","LoDuca, Paul R  ","$3,725,000","11611",".263",".312",".342","61.5","133.5","16.4","20.1","550.6",".622","23.9","150.8","25.7","35.3","Fr","Pr",".273",".324",".370","97.4",".256",".301",".320","212.9","3","Fr",  
"C","Duncan, Frank R  ","$3,696,000","23285",".218",".273",".288","44.4","106.8","14.7","25.5","270.8",".516","8.31","367.5","30.5","54.4","Pr","Fr",".227",".282",".301","89.8",".212",".267",".280","115.9","2","Ex",  
"C, 1B","Vogt, Stephen L  ","$3,684,000","2416",".231",".296",".342","62.1","54.9","11.6","19.8","444.8",".667","8.24","177.9","24.9","92.0","Fr","Pr",".207",".265",".331","48.4",".230",".299",".339","55.8","4","Av",  
"C","Pagliaroni, Jim R  ","$3,672,000","8062",".235",".320",".370","70.9","34.6","9.19","23.1","612.6",".714","5.91","229.7","29.7","41.6","Fr","Pr",".256",".350",".428","25.1",".222",".304",".338","43.2","3","Av",  
"C","Mirabelli, Doug R  ","$3,658,000","13882",".229",".320",".383","73.8","31.3","8.72","19.4","1592.8",".526","5.05","194.2","25.2","45.0","Fr","Pr",".253",".348",".429","27.4",".195",".280",".315","38.4","4","Av",  
"C","Hendricks, Ellie L  ","$3,621,000","14727",".226",".302",".380","69.8","30.5","10.5","20.8","2357.0",".583","7.43","157.1","27.3","67.6","Pr","Pr",".179",".236",".247","79.7",".232",".310",".397","28.2","5","Av",  
"C","Salas, Mark L  ","$3,583,000","20192",".247",".298",".365","64.1","45.3","15.7","23.5","1157.6",".594","10.8","115.2","32.8","51.4","Pr","Pr",".217",".273",".297","65.8",".251",".302",".374","43.3","6","Av",  
"C","McFarland, Ed R  ","$3,558,000","12465",".252",".317",".373","70.3","59.6","11.4","16.8","100.2",".610","7.24","105.5","22.8","48.5","Av","Av",".255",".320",".379","60.2",".251",".316",".368","59.6","5","Fr",  
"C, 1B","Schreckengost, Ossee R  ","$3,523,000","12365",".252",".292",".350","58.5","68.3","18.7","20.4","72.7",".641","8.03","206.8","24.5","46.6","Av","Av",".260",".302",".369","60.1",".247",".285",".337","75.6","3","Av",  
"C","Pratt, Todd R  ","$3,511,000","10254",".249",".339",".375","77.3","45.4","8.69","19.2","655.4",".750","5.25","149.3","25.9","44.0","Pr","Pr",".271",".364",".427","36.3",".224",".309",".311","70.6","4","Fr",  
"C","Zunino, Mike R  ","$3,510,000","4171",".219",".289",".384","64.3","27.1","12.3","21.8","1157.8",".667","3.88","132.3","29.7","46.3","Pr","Pr",".218",".286",".376","28.0",".216",".288",".377","29.6","4","Av",  
"C, 1B, 3B","Leyritz, Jim R  ","$3,484,000","11438",".245",".335",".373","75.5","38.8","9.65","22.9","506.0",".619","5.64","160.4","31.5","41.1","Av","Pr",".243",".337",".375","39.5",".246",".334",".372","38.4","7","Fr",  
"C","Castillo, Welington R  ","$3,443,000","13208",".256",".316",".385","69.6","36.7","13.3","22.7","1211.1",".750","5.80","382.4","26.7","33.6","Fr","Pr",".273",".338",".422","29.6",".242",".297",".353","46.2","4","Av",  
"C","Carrigan, Bill R  ","$3,422,000","9053",".246",".318",".344","65.0","54.2","10.8","24.1","138.9",".575","8.18","596.3","28.3","44.9","Av","Av",".251",".325",".362","45.2",".241",".312",".331","63.8","4","Av",  
"C","Ellis, A.J. R  ","$3,397,000","5110",".234",".327",".317","62.0","98.3","8.63","23.3","845.3",".875","9.20","131.5","34.0","30.8","Pr","Pr",".246",".333",".340","96.3",".225",".321",".297","99.9","3","Av",  
"C","Rodriguez, Ellie R  ","$3,369,000","14482",".246",".340",".313","66.5","160.9","9.26","23.3","373.5",".523","8.90","210.1","31.1","41.6","Fr","Fr",".253",".353",".335","112.1",".241",".332",".299","217.6","4","Vg",  
"C","Dempsey, Rick R  ","$3,359,000","12475",".226",".311",".322","60.0","75.6","9.22","19.7","1297.1",".524","7.25","180.6","25.8","40.6","Av","Pr",".241",".331",".342","88.6",".216",".299",".311","69.0","2","Vg",  
"C","Kennedy, Terry L  ","$3,356,000","14497",".255",".303",".365","63.2","58.0","15.9","18.9","1426.7",".550","6.75","189.1","22.9","40.1","Fr","Pr",".236",".275",".322","58.8",".258",".307",".373","57.9","3","Av",  
"C","Virgil, Ozzie R  ","$3,355,000","9955",".224",".300",".377","63.5","26.3","11.0","28.2","587.6",".792","6.12","293.8","35.4","27.4","Fr","Pr",".217",".295",".347","29.7",".227",".302",".390","25.1","4","Pr",  
"RF, C, 1B, 3B, LF","Moreland, Keith R  ","$3,341,000","19319",".265",".327",".376","70.7","54.7","12.1","20.1","324.0",".471","11.2","172.4","25.6","32.5","Fr","Fr",".282",".345",".413","46.7",".241",".300",".326","71.9","4","Fr",  
"C","Garagiola, Joe L  ","$3,310,000","6366",".231",".322",".347","68.3","53.0","8.78","20.0","562.2",".812","9.06","135.3","27.6","44.3","Fr","Pr",".209",".289",".301","73.5",".237",".329",".358","49.7","4","Av",  
"C","Saltalamacchia, Jarrod S  ","$3,310,000","26748",".231",".307",".375","69.0","33.5","10.0","19.9","2144.6",".609","4.07","261.1","24.4","58.4","Pr","Pr",".211",".278",".335","42.9",".236",".314",".384","32.2","3","Fr",  
"C","Hargrave, Pinky S  ","$3,292,000","18957",".237",".302",".369","65.0","38.1","12.1","21.4","165.2",".694","6.90","187.3","27.1","42.3","Vg","Fr",".249",".314",".392","35.6",".232",".295",".359","38.5","5","Av",  
"C","Slaught, Don R  ","$3,289,000","10488",".262",".318",".367","68.2","72.8","14.1","17.9","462.6",".610","9.43","139.3","22.9","40.7","Av","Pr",".269",".327",".378","67.2",".257",".312",".359","77.3","4","Av",  
"1B, C","Hatteberg, Scott L  ","$3,265,000","14361",".248",".334",".345","70.4","74.0","8.89","19.9","1095.1",".600","14.7","174.8","26.2","38.6","Pr","Pr",".225",".297",".298","81.1",".254",".343",".357","72.4","9","Pr",  
"C","Lampkin, Tom L  ","$3,237,000","17968",".230",".308",".346","64.1","46.8","11.0","22.8","337.5",".582","10.3","137.8","31.6","47.6","Fr","Fr",".174",".234",".205","233.6",".236",".316",".362","42.8","4","Vg",  
"C","Chirinos, Robinson R  ","$3,234,000","0","0","0","0","0","0","0","0","0","0","0","0","0","0","Fr","Pr","0","0","0","0","0","0","0","0","3","Av",  
"C","Lau, Charlie L  ","$3,220,000","11367",".262",".320",".357","67.5","133.7","12.9","16.0","2084.5",".667","10.5","114.7","20.8","42.8","Fr","Pr",".200",".240",".236","769.0",".272",".332",".376","118.4","5","Fr",  
"C","Ferrell, Rick R  ","$3,194,000","7791",".237",".319",".307","59.8","114.6","9.45","25.1","593.8",".500","10.1","287.3","31.8","44.8","Fr","Pr",".243",".318",".311","116.2",".234",".319",".306","113.8","4","Vg",  
"C","Cervelli, Francisco R  ","$3,141,000","6802",".249",".336",".317","65.0","147.9","9.56","25.3","649.1",".522","8.20","147.0","36.1","37.1","Fr","Pr",".260",".347",".337","121.2",".243",".331",".306","168.4","4","Av",  
"C","Nokes, Matt L  ","$3,138,000","17836",".240",".289",".394","65.1","27.2","16.4","25.9","643.4",".600","8.72","185.6","33.1","38.9","Av","Pr",".218",".262",".335","36.4",".244",".293",".406","26.0","4","Fr",  
"C","Alexander, Gary R  ","$3,108,000","28516",".223",".313",".401","72.7","25.2","8.77","21.9","813.6",".556","3.82","91.7","34.3","35.2","Pr","Pr",".234",".328",".426","23.6",".210",".295",".372","27.0","5","Fr",  
"C","Olivo, Miguel R  ","$3,039,000","36419",".238",".275",".383","59.2","34.2","20.7","21.2","149.2",".602","4.78","100.8","29.1","43.1","Av","Av",".255",".298",".423","29.9",".215",".245",".331","42.0","5","Vg",  
"C","Ross, David R  ","$3,015,000","11045",".226",".309",".371","67.8","32.0","9.35","21.8","4180.7",".375","4.37","216.2","27.9","43.1","Pr","Pr",".234",".320",".385","29.9",".219",".301",".359","34.0","3","Vg",  
"C","Pytlak, Frankie R  ","$3,008,000","3670",".229",".287",".291","47.9","262.1","15.2","25.5","109.0",".552","10.6","98.4","39.2","51.7","Av","Av",".232",".293",".300","180.9",".227",".282",".282","465.2","2","Vg",  
"C","Grace, Earl L  ","$3,001,000","7733",".230",".311",".344","64.1","39.5","9.60","27.4","874.5",".667","9.78","672.7","32.5","43.5","Pr","Pr",".183",".259",".253","70.3",".234",".315",".352","38.0","1","Fr",  
"C, 1B","McGuire, Deacon R  ","$2,998,000","11555",".250",".307",".353","63.2","72.7","13.5","18.1","133.4",".519","7.69","166.7","22.5","50.9","Fr","Av",".261",".324",".379","61.7",".238",".289",".327","85.6","4","Vg",  
"C","Norris, Derek R  ","$2,987,000","6924",".238",".311",".367","67.7","44.4","10.6","18.8","110.9",".729","6.42","136.2","25.0","42.2","Vg","Fr",".255",".333",".405","39.5",".219",".283",".325","49.5","4","Av",  
"C, 1B","Triandos, Gus R  ","$2,972,000","11998",".236",".301",".390","67.9","25.9","12.0","27.3","3329.0",".364","6.26","739.8","31.6","37.8","Pr","Pr",".235",".298",".382","27.8",".237",".304",".396","24.6","6","Vg",  
"C","Eusebio, Tony R  ","$2,971,000","6787",".263",".338",".329","66.0","138.5","10.1","24.8","1908.8",".571","8.31","263.3","31.2","33.3","Pr","Pr",".272",".349",".345","115.1",".248",".319",".304","203.4","2","Av",  
"C","Fosse, Ray R  ","$2,967,000","13128",".250",".294",".335","55.7","99.5","18.0","21.1","288.7",".605","9.02","141.5","27.1","40.1","Fr","Fr",".253",".294",".328","121.1",".251",".296",".343","87.5","4","Vg",  
"C","Sawatski, Carl L  ","$2,961,000","14855",".227",".306",".354","64.8","31.5","9.84","31.6","558.0",".909","6.65","1115.9","36.8","46.0","Av","Pr",".199",".253",".267","62.7",".230",".312",".366","29.6","5","Fr",  
"C","Mueller, Ray R  ","$2,926,000","9250",".232",".290",".355","59.2","44.0","13.8","21.6","275.7",".597","6.42","130.8","29.1","41.5","Av","Fr",".244",".306",".363","49.0",".225",".282",".350","41.6","3","Ex",  
"C","Sasser, Mackey L  ","$2,910,000","9517",".266",".295",".363","60.3","101.2","24.7","16.5","1435.3",".539","16.9","145.6","19.7","37.9","Pr","Pr",".218",".229",".278","201.6",".271",".303",".374","95.6","3","Fr",  
"C","Karkovice, Ron R  ","$2,909,000","12789",".204",".269",".342","54.0","34.8","13.3","22.4","197.1",".643","4.23","166.9","29.2","76.7","Av","Fr",".197",".261",".332","34.8",".208",".272",".348","34.1","3","Ex",  
"C","Mancuso, Gus R  ","$2,904,000","18929",".240",".310",".317","57.9","89.3","11.2","24.0","1015.3",".583","9.66","761.5","28.0","39.0","Fr","Pr",".239",".310",".321","78.6",".240",".309",".313","98.8","3","Vg",  
"C","Macfarlane, Mike R  ","$2,903,000","13667",".233",".300",".375","66.3","38.7","14.2","17.8","948.7",".500","6.58","127.6","23.4","46.6","Fr","Pr",".229",".297",".363","41.3",".237",".304",".384","37.5","5","Av",  
"C","Greene, Joe R  ","$2,902,000","14724",".234",".293",".375","61.8","31.8","12.9","23.0","3226.6",".385","5.79","293.3","27.5","33.0","Pr","Pr",".240",".296",".382","30.5",".230",".292",".369","33.4","5","Vg",  
"C","McCarty, Lew R  ","$2,896,000","9451",".267",".322",".366","70.0","66.6","13.8","21.8","385.3",".458","9.35","123.9","29.7","51.3","Fr","Fr",".283",".338",".401","50.0",".255",".311",".342","86.8","4","Fr",  
"C","Atwell, Toby L  ","$2,876,000","25561",".246",".336",".316","64.5","109.7","8.56","25.4","1226.4",".667","12.0","327.0","32.1","32.8","Fr","Pr",".193",".261",".219","510.0",".253",".346",".330","99.5","5","Fr",  
"C","Clarke, Jay L  ","$2,874,000","13917",".239",".309",".352","64.4","57.0","10.9","18.8","273.4",".606","7.70","152.8","24.4","44.1","Fr","Fr",".226",".291",".332","59.4",".240",".310",".354","55.9","7","Fr",  
"C","Dalrymple, Clay L  ","$2,865,000","10407",".221",".302",".304","55.7","88.2","9.92","24.0","1314.9",".692","9.66","171.5","32.4","50.8","Pr","Pr",".192",".262",".245","170.3",".226",".309",".313","81.5","4","Vg",  
"C","Edwards, Johnny L  ","$2,861,000","6908",".222",".282",".320","53.1","79.4","13.3","19.6","844.7",".409","9.01","128.8","25.9","64.4","Fr","Pr",".222",".276",".305","105.5",".223",".283",".323","75.6","3","Vg",  
"C","Snyder, Chris R  ","$2,828,000","4364",".218",".306",".342","61.5","35.5","8.99","26.0","1663.0","1.00","5.48","831.5","30.8","36.4","Pr","Pr",".228",".322",".373","31.1",".197",".273",".282","48.4","4","Av",  
"C","Berberet, Lou L  ","$2,795,000","10099",".217",".314",".321","60.4","52.3","8.12","27.2","2908.8",".500","6.95","122.5","42.2","36.8","Pr","Pr",".171",".272",".222","117.5",".222",".319",".331","49.5","4","Av",  
"C","Schneider, Brian L  ","$2,786,000","9121",".235",".299",".320","54.9","94.0","12.1","22.0","5052.0",".286","10.3","157.9","28.9","38.1","Pr","Pr",".189",".247",".230","200.8",".242",".306",".331","87.7","2","Vg",  
"SS, C, LF, RF","Rowe, Jack L  ","$2,783,000","8114",".254",".303",".346","61.0","85.4","15.7","21.0","245.9",".667","10.5","113.5","28.7","42.4","Av","Fr",".254",".297",".335","125.4",".254",".305",".350","78.5","4","Av",  
"C","Severeid, Hank R  ","$2,778,000","7518",".245",".298",".314","54.1","112.2","14.8","25.1","295.5",".384","10.6","435.5","29.4","50.8","Fr","Fr",".242",".298",".314","92.3",".246",".299",".314","119.0","4","Vg",  
"C","Grote, Jerry R  ","$2,751,000","12272",".238",".299",".301","51.5","170.4","13.1","24.9","966.1",".500","8.12","198.9","31.9","38.6","Fr","Pr",".241",".294",".303","209.0",".237",".302",".301","154.5","2","Vg",  
"C","Taubensee, Eddie L  ","$2,751,000","18811",".250",".306",".360","65.3","52.4","13.1","21.7","1287.8",".372","6.69","171.7","27.6","56.3","Fr","Pr",".253",".303",".344","62.5",".249",".308",".366","49.3","4","Fr",  
"C","Zimmer, Chief R  ","$2,697,000","5008",".234",".292",".336","55.7","83.5","15.2","17.2","65.3",".636","6.48","144.4","21.6","40.1","Av","Vg",".247",".304",".348","97.2",".221",".279",".319","77.3","3","Vg",  
"C","Wynegar, Butch S  ","$2,688,000","8024",".234",".322",".304","60.3","111.4","8.83","25.2","1155.0",".400","11.8","342.2","31.8","43.4","Pr","Pr",".250",".338",".312","180.3",".225",".314",".297","96.3","3","Av",  
"C, RF","Doumit, Ryan S  ","$2,683,000","15698",".248",".304",".366","62.9","48.8","14.6","19.4","903.6",".760","8.15","214.6","23.6","33.0","Fr","Pr",".239",".292",".353","49.6",".250",".307",".369","48.7","4","Fr",  
"C","Nunamaker, Les R  ","$2,683,000","6823",".251",".307",".347","62.2","84.2","13.7","20.0","82.6",".641","7.83","107.4","27.7","46.7","Av","Av",".254",".313",".353","74.5",".248",".302",".342","92.4","4","Av",  
"C","May, Milt L  ","$2,661,000","8756",".241",".288",".325","53.4","76.8","16.3","25.0","3157.0",".375","11.3","210.5","31.1","44.5","Pr","Pr",".244",".280",".308","106.1",".240",".288",".327","73.1","3","Vg",  
"C, 1B","Gharrity, Patsy R  ","$2,635,000","10248",".232",".295",".352","60.2","48.8","12.5","20.0","156.9",".619","6.23","124.5","27.2","41.8","Av","Av",".242",".306",".373","45.3",".225",".289",".338","51.9","3","Av",  
"C","Molina, Ben R  ","$2,591,000","11110",".259",".300",".375","64.2","43.4","19.1","23.6","1707.7",".636","23.1","234.4","28.5","35.8","Pr","Pr",".270",".316",".401","39.2",".244",".272",".333","55.0","3","Av",  
"C","Olson, Greg R  ","$2,565,000","5749",".250",".329",".344","67.0","91.3","9.70","18.5","593.2",".579","12.9","148.3","24.4","33.5","Av","Pr",".263",".344",".372","74.5",".225",".298",".291","167.6","3","Fr",  
"C, 3B","Petralli, Geno L  ","$2,547,000","9010",".254",".328",".335","64.2","109.9","10.1","20.8","506.1",".741","11.4","224.9","26.0","31.0","Av","Pr",".236",".295",".267","801.0",".256",".331",".341","101.3","9","Av",  
"C","Early, Jake L  ","$2,543,000","16289",".232",".305",".350","65.1","47.2","10.8","20.6","1656.6",".611","6.86","168.7","26.6","65.3","Pr","Pr",".202",".265",".270","115.9",".236",".312",".364","42.6","6","Vg",  
"C","Valle, Dave R  ","$2,539,000","9229",".235",".308",".342","60.5","57.0","12.5","21.0","739.2",".636","9.12","164.3","27.5","31.9","Pr","Pr",".248",".329",".361","55.3",".219",".281",".317","59.5","3","Vg",  
"C","Stinson, Bob S  ","$2,532,000","16722",".242",".328",".335","67.0","67.7","9.32","23.1","533.4",".537","7.93","256.0","29.6","41.9","Fr","Fr",".204",".267",".237","1192.0",".249",".338",".352","58.2","4","Fr",  
"C, 1B","Snyder, Frank R  ","$2,512,000","8367",".244",".300",".347","60.6","59.3","13.4","21.2","368.9",".500","7.13","200.5","26.4","46.1","Fr","Fr",".257",".315",".369","58.9",".238",".293",".338","58.4","3","Vg",  
"C","Brown, Larry S  ","$2,481,000","15751",".231",".281",".300","46.2","201.9","16.0","22.0","258.5",".569","8.91","136.5","28.9","38.8","Pr","Fr",".237",".283",".308","173.9",".229",".280",".296","218.1","3","Ex",  
"C","Boone, Bob R  ","$2,478,000","16550",".230",".286",".300","49.5","129.3","14.1","24.2","372.8",".510","12.3","231.2","30.2","48.6","Fr","Fr",".235",".288",".313","120.2",".227",".285",".292","135.5","2","Vg",  
"C","Flowers, Tyler R  ","$2,468,000","12543",".236",".310",".354","64.7","43.3","12.3","24.1","1758.5",".615","4.23","146.5","33.2","44.5","Pr","Pr",".239",".307",".357","47.6",".235",".311",".353","41.1","5","Av",  
"C","Gibbs, Jake L  ","$2,463,000","9263",".253",".304",".331","58.3","109.0","15.2","22.9","170.6",".578","10.1","165.0","29.3","45.1","Fr","Av",".211",".250",".256","199.5",".257",".309",".338","104.5","2","Vg",  
"C, 1B, 3B, LF","Farrell, Duke S  ","$2,455,000","11397",".237",".292",".340","57.7","75.0","14.2","19.8","75.0",".686","7.86","88.2","28.6","49.4","Av","Av",".250",".304",".362","67.8",".229",".284",".327","79.9","4","Av",  
"C","Laudner, Tim R  ","$2,432,000","37830",".223",".299",".378","65.8","28.9","10.4","20.8","1632.2",".500","4.68","362.7","25.0","41.0","Fr","Pr",".235",".313",".405","25.6",".193",".261",".311","43.6","3","Av",  
"C, LF, RF","Heath, Mike R  ","$2,428,000","11123",".252",".302",".353","61.5","74.7","15.6","19.9","327.0",".536","8.29","99.2","27.7","42.5","Fr","Fr",".270",".321",".388","57.5",".233",".281",".316","108.9","4","Vg",  
"C","Courtney, Clint L  ","$2,415,000","9692",".253",".311",".348","63.8","76.3","15.7","20.3","1063.5",".769","16.3","171.5","25.6","43.1","Pr","Pr",".225",".273",".287","192.8",".256",".315",".355","69.6","4","Fr",  
"C","Lopez, Al R  ","$2,414,000","8300",".240",".301",".319","55.8","79.0","12.4","28.6","356.2",".464","7.55","168.4","39.4","42.1","Fr","Fr",".255",".320",".341","79.6",".228",".287",".301","78.5","3","Vg",  
"C","Ausmus, Brad R  ","$2,367,000","14302",".235",".298",".287","49.3","376.4","12.8","26.8","162.5",".620","8.90","165.9","36.4","42.3","Av","Fr",".249",".313",".310","232.8",".229",".293",".275","1011.3","2","Vg",  
"C, 1B, 3B","Williams, Earl R  ","$2,348,000","16656",".237",".305",".399","69.2","25.6","12.0","24.5","2055.9",".692","5.85","268.2","30.3","31.5","Pr","Pr",".238",".306",".406","23.7",".238",".304",".400","26.3","9","Pr",  
"C, 1B, 3B, LF, RF","Sullivan, Billy Jr L  ","$2,342,000","14222",".248",".299",".333","58.2","92.4","15.5","22.0","202.5",".517","11.4","171.4","28.1","52.2","Fr","Fr",".228",".266",".283","235.5",".252",".305",".343","80.4","3","Av",  
"C","Kreuter, Chad S  ","$2,332,000","7207",".228",".319",".322","61.4","78.3","8.62","20.8","2759.0",".429","5.87","153.3","28.3","36.5","Pr","Pr",".240",".333",".355","57.3",".220",".308",".298","108.3","5","Vg",  
"C","Moran, Pat R  ","$2,314,000","7056",".232",".280",".345","54.8","49.3","17.6","20.6","125.8",".570","7.55","333.7","24.1","48.3","Av","Av",".229",".285",".344","49.3",".234",".276",".346","48.0","4","Vg",  
"C, LF, RF","Moore, Charlie R  ","$2,308,000","12862",".246",".308",".327","59.5","151.3","12.4","19.5","105.0",".574","9.27","111.6","26.9","48.6","Fr","Av",".244",".308",".324","164.7",".247",".308",".329","143.2","5","Vg",  
"C","Hayes, Frankie R  ","$2,305,000","6919",".229",".302",".357","62.5","35.3","10.9","25.0","184.9",".737","5.70","310.6","30.8","36.3","Av","Fr",".241",".315",".385","30.5",".216",".288",".329","42.3","6","Vg",  
"C","Naragon, Hal L  ","$2,304,000","18704",".260",".304",".312","55.3","359.7","17.4","27.9","2016.6",".714","14.6","139.1","38.4","46.6","Pr","Pr",".248",".294",".283",".000",".263",".306",".319","293.6","5","Fr",  
"C","Hernandez, Ramon J. R  ","$2,303,000","4656",".249",".313",".353","64.3","61.3","12.9","20.1","1719.7",".333","11.3","224.3","24.7","37.4","Pr","Pr",".254",".317",".360","61.4",".245",".310",".348","61.1","3","Av",  
"C","O'Neill, Steve R  ","$2,296,000","7600",".222",".298",".315","54.9","62.3","10.8","23.3","331.9",".520","7.82","507.6","27.9","41.3","Fr","Fr",".228",".310",".343","47.1",".218",".289",".293","85.7","4","Vg",  
"C, 1B, LF","Oliver, Gene R  ","$2,292,000","28036",".229",".300",".380","66.0","31.0","10.9","19.8","228.8",".555","6.22","298.5","24.0","38.7","Fr","Fr",".244",".328",".403","29.2",".219",".282",".364","32.1","6","Av",  
"C","Essian, Jim R  ","$2,290,000","3381",".234",".311",".326","60.8","70.4","10.2","21.8","294.5",".542","11.8","319.0","26.8","43.5","Fr","Fr",".234",".299",".328","63.9",".234",".316",".326","73.4","3","Av",  
"C","Herrmann, Ed L  ","$2,284,000","13991",".230",".289",".348","57.5","41.4","13.6","24.2","1182.9",".419","9.28","265.1","29.6","39.4","Pr","Pr",".191",".239",".260","80.3",".233",".294",".356","39.3","7","Av",  
"C","Miller, Damian R  ","$2,275,000","7050",".246",".305",".356","60.8","65.3","12.9","16.7","1551.6",".556","5.40","267.5","19.8","31.0","Fr","Pr",".253",".311",".358","68.5",".242",".302",".354","63.7","3","Av",  
"C","Hodges, Ron L  ","$2,254,000","19410",".230",".323",".307","61.2","88.6","8.34","25.0","226.0",".516","7.31","334.0","31.5","46.0","Pr","Fr",".235",".331",".327","60.9",".228",".321",".299","106.6","4","Av",  
"C, 1B, 2B, 3B","Peitz, Heinie R  ","$2,253,000","6266",".230",".301",".346","61.8","55.5","10.9","18.9","101.6",".651","7.35","129.8","25.3","49.0","Av","Av",".243",".311",".369","47.2",".215",".290",".319","69.4","4","Av",  
"C","Hanigan, Ryan R  ","$2,250,000","8106",".242",".327",".294","60.0","158.9","9.56","32.8","3088.7",".500","15.8","545.1","40.3","42.5","Pr","Pr",".248",".341",".320","95.7",".236",".314",".267","498.6","3","Vg",  
"C","Azcue, Joe R  ","$2,248,000","13028",".252",".297",".322","53.7","125.3","16.6","24.4","739.1",".576","9.66","206.5","30.2","36.8","Pr","Pr",".270",".322",".356","94.6",".238",".279",".296","179.7","5","Vg",  
"C","Rosar, Buddy R  ","$2,223,000","9561",".249",".305",".314","55.7","138.6","13.6","24.4","233.9",".570","10.4","438.6","28.6","43.0","Fr","Fr",".249",".310",".306","180.4",".249",".302",".319","124.6","2","Vg",  
"C","Webster, Lenny R  ","$2,218,000","5872",".253",".319",".346","62.9","72.5","11.6","22.0","3260.5",".250","11.8","181.1","28.2","29.8","Pr","Pr",".263",".328",".368","61.3",".225",".291",".284","167.2","3","Fr",  
"C, LF, RF","Harper, Brian R  ","$2,206,000","16188",".271",".305",".375","63.8","66.6","27.0","19.0","249.2",".543","22.1","168.6","23.0","32.8","Fr","Fr",".274",".303",".381","69.6",".268",".306",".369","64.5","5","Fr",  
"C, 3B","Smith, Hal W. R  ","$2,173,000","16275",".256",".303",".367","62.5","62.1","16.3","17.2","1100.4",".615","7.54","262.8","20.0","33.5","Fr","Pr",".252",".298",".361","61.7",".258",".306",".370","62.7","6","Av",  
"C","Nolan, Joe L  ","$2,153,000","18232",".250",".323",".340","66.1","90.3","10.5","20.7","255.0",".559","9.14","136.9","27.9","46.8","Fr","Fr",".234",".293",".294","253.5",".254",".329",".348","80.7","6","Pr",  
"C","Walker, Fleet R  ","$2,152,000","15599",".247",".324",".306","60.6","101.3","12.7","41.3","83.7",".622","7.06","202.9","60.7","47.5","Av","Av",".250",".332",".311","77.0",".244",".317",".302","146.8","5","Av",  
"C, LF, RF","Padgett, Don L  ","$2,148,000","8604",".260",".304",".383","67.1","49.7","16.6","17.7","1544.0",".500","9.34","178.2","21.3","41.7","Fr","Pr",".248",".292",".344","80.1",".262",".307",".390","46.4","6","Fr",  
"C","Yeager, Steve R  ","$2,147,000","9208",".221",".285",".352","56.9","39.9","12.8","21.1","260.6",".565","5.61","125.5","28.6","39.1","Fr","Fr",".236",".305",".381","36.2",".208",".268",".325","45.2","3","Vg",  
"C","Ashby, Alan S  ","$2,099,000","11530",".228",".299",".328","56.5","56.2","11.0","23.4","1077.8",".667","7.40","331.6","28.6","36.5","Fr","Pr",".211",".270",".282","79.6",".231",".304",".336","53.0","5","Av",  
"C","Wagner, Hal L  ","$2,060,000","6403",".227",".313",".313","60.8","97.0","9.28","19.6","317.2",".639","8.98","280.6","24.2","57.9","Vg","Pr",".173",".238",".207",".000",".232",".320",".323","88.2","4","Av",  
"C","Rodgers, Buck S  ","$2,056,000","13155",".230",".280",".299","47.0","173.1","16.4","23.0","219.0",".631","9.15","135.6","30.5","46.1","Pr","Fr",".206",".255",".245","1411.5",".237",".286",".314","138.2","3","Vg",  
"C","Davis, Jody R  ","$2,054,000","14666",".224",".286",".353","56.5","35.3","12.6","23.9","1151.5",".609","5.71","424.2","28.0","33.4","Pr","Pr",".224",".281",".365","29.6",".225",".291",".349","38.8","5","Av",  
"C","Hegan, Jim R  ","$2,054,000","9973",".218",".268",".317","47.7","69.3","15.8","21.6","834.4",".520","5.88","117.9","29.3","51.9","Fr","Pr",".223",".271",".329","63.5",".215",".266",".309","74.1","3","Vg",  
"C","Warner, John L  ","$2,038,000","12523",".227",".285",".303","49.1","80.3","16.4","30.0","111.4",".572","7.93","228.3","38.4","49.3","Av","Av",".204",".265",".254","145.2",".230",".287",".310","74.9","3","Vg",  
"C","Masi, Phil R  ","$2,029,000","6487",".243",".313",".340","61.5","80.1","11.1","19.5","292.4",".610","7.77","143.4","25.9","32.9","Fr","Fr",".252",".323",".354","85.6",".237",".306",".331","77.0","3","Av",  
"C","Ott, Ed L  ","$2,028,000","9111",".239",".292",".335","56.4","61.1","14.7","24.2","397.0",".532","8.33","202.6","30.3","48.4","Pr","Fr",".238",".273",".319","92.1",".240",".294",".337","58.4","4","Av",  
"C","Foiles, Hank R  ","$2,004,000","12722",".230",".296",".363","63.0","35.4","11.5","23.2","4692.3",".429","5.16","192.8","29.6","48.9","Pr","Pr",".233",".304",".365","36.7",".229",".291",".368","33.2","5","Av",  
"C","Rariden, Bill R  ","$2,000,000","3566",".222",".303",".296","55.8","84.9","9.62","27.2","96.9",".764","7.32","581.1","32.8","58.1","Vg","Fr",".233",".323",".320","71.5",".212",".285",".275","101.1","3","Av",  
"C","Bemis, Harry R  ","$1,940,000","7413",".254",".298",".356","61.9","68.6","19.5","19.6","277.5",".527","7.68","141.2","25.0","54.4","Fr","Fr",".252",".295",".359","59.3",".255",".300",".355","80.0","7","Av",  
"C","Phelps, Ed R  ","$1,922,000","8253",".243",".316",".343","65.4","54.7","11.5","25.9","133.1",".667","7.69","160.6","35.7","46.1","Fr","Av",".245",".321",".342","64.4",".240",".311",".344","46.5","5","Av",  
"C","Wilson, Red R  ","$1,921,000","3805",".252",".317",".329","61.5","190.2","11.8","17.7","170.5",".556","10.4","213.1","21.9","38.4","Fr","Fr",".253",".318",".332","212.4",".251",".317",".327","178.3","4","Av",  
"C","Oates, Johnny L  ","$1,917,000","15147",".233",".282",".289","46.9","182.5","15.4","26.6","351.3",".484","13.0","412.8","31.2","56.0","Pr","Fr",".226",".277",".262","289.6",".233",".283",".294","170.6","4","Vg",  
"C","Mayne, Brent L  ","$1,889,000","7995",".250",".312",".301","54.2","499.7","12.0","24.4","423.7",".600","9.81","278.0","30.1","34.5","Fr","Fr",".205",".272",".235","803.0",".256",".318",".309","461.5","2","Av",  
"C","Haselman, Bill R  ","$1,887,000","13723",".252",".304",".370","62.4","54.7","14.1","18.0","382.6",".481","8.57","127.5","23.2","29.7","Fr","Fr",".264",".321",".393","49.2",".224",".264",".323","70.6","5","Fr",  
"C","Torrealba, Yorvit R  ","$1,870,000","4596",".227",".283",".296","45.4","176.8","14.2","21.3","212.0",".649","8.15","195.7","26.8","31.2","Pr","Fr",".242",".302",".317","192.5",".216",".269",".281","166.9","2","Av",  
"C","Navarro, Dioner S  ","$1,857,000","14273",".247",".305",".330","58.1","82.0","13.0","24.0","285.9",".505","12.6","224.6","30.0","38.6","Fr","Fr",".255",".322",".360","61.7",".242",".292",".310","105.6","3","Av",  
"C","LaRue, Jason R  ","$1,838,000","9356",".229",".300",".357","62.3","45.0","14.3","19.2","1307.8",".500","4.76","123.1","26.0","41.0","Pr","Pr",".225",".292",".347","44.6",".233",".305",".364","45.2","5","Vg",  
"C","Borgmann, Glenn R  ","$1,803,000","7345",".216",".314",".294","57.2","122.4","8.09","21.9","4254.5",".400","7.94","154.7","30.4","45.3","Pr","Pr",".221",".317",".301","145.2",".212",".311",".288","107.2","2","Fr",  
"C","Healy, Fran R  ","$1,796,000","7549",".228",".314",".331","62.4","60.9","9.05","21.4","1071.9",".727","6.30","175.0","28.2","43.5","Pr","Pr",".241",".325",".354","52.6",".208",".295",".293","82.9","4","Av",  
"C","Edwards, Bruce R  ","$1,794,000","6541",".242",".311",".360","65.0","53.2","11.2","20.3","270.3",".587","7.89","92.4","29.9","35.8","Fr","Fr",".241",".313",".367","55.7",".237",".303",".347","50.1","5","Av",  
"C","Fletcher, Darrin L  ","$1,788,000","3893",".248",".296",".350","59.9","59.9","17.2","21.5","1052.2",".800","14.6","191.3","26.5","43.4","Pr","Pr",".256",".298",".348","80.4",".246",".295",".351","56.6","2","Fr",  
"C","Richards, Paul R  ","$1,779,000","3324",".192",".269",".251","36.9","89.8","10.9","42.1","85.0",".759","7.24","748.4","50.6","41.6","Ex","Fr",".194",".268",".257","83.7",".191",".269",".244","97.9","3","Vg",  
"C","Myatt, Glenn L  ","$1,760,000","12402",".227",".287",".342","57.0","47.7","13.2","22.9","473.1",".592","7.95","133.2","31.3","44.4","Fr","Fr",".231",".288",".331","53.8",".228",".288",".347","45.8","5","Vg",  
"C","Estrada, Johnny S  ","$1,759,000","5564",".256",".292",".327","52.7","135.7","23.5","21.3","1980.7",".750","16.2","457.1","24.0","33.2","Pr","Pr",".251",".284",".295","684.0",".254",".292",".335","107.6","2","Fr",  
"C, RF","Engle, Dave R  ","$1,754,000","13150",".252",".304",".358","60.9","71.5","14.3","18.1","4772.0",".176","10.1","124.5","23.5","30.9","Fr","Pr",".252",".302",".360","70.2",".250",".304",".352","74.6","3","Fr",  
"C","Schlei, Admiral R  ","$1,754,000","6818",".238",".308",".333","59.9","60.3","11.2","25.2","637.2",".324","8.01","201.2","32.8","40.9","Pr","Fr",".241",".317",".340","60.0",".239",".304",".331","59.6","5","Av",  
"C","Pena, Brayan S  ","$1,734,000","5510",".244",".285",".295","45.3","344.4","17.7","24.3","2953.5",".333","19.2","984.5","26.7","32.5","Pr","Pr",".230",".261",".265","1444.0",".250",".295",".307","282.2","3","Fr",  
"C","Scheffing, Bob R  ","$1,730,000","8379",".253",".298",".339","56.8","77.6","16.7","24.1","905.3",".476","7.91","181.1","30.5","35.0","Fr","Pr",".254",".301",".341","71.7",".253",".297",".339","80.8","4","Av",  
"3B, C, 1B","Houston, Tyler L  ","$1,713,000","14427",".256",".294",".375","61.8","43.5","19.2","23.7","815.1",".655","5.92","139.5","31.1","36.6","Fr","Pr",".236",".272",".321","69.8",".260",".298",".386","40.4","4","Pr",  
"C","Alomar, Sandy Jr R  ","$1,697,000","7832",".248",".279",".341","52.8","68.7","25.2","22.9","219.9",".585","12.3","174.1","28.4","39.4","Fr","Fr",".255",".285",".345","76.6",".242",".275",".338","63.5","3","Av",  
"C","Wilson, Dan R  ","$1,692,000","3837",".245",".294",".328","55.2","98.4","15.9","21.0","190.6",".710","7.72","233.0","25.4","41.5","Av","Fr",".264",".317",".363","74.2",".234",".282",".309","119.1","2","Av",  
"C","Berry, Charlie R  ","$1,682,000","7314",".248",".301",".344","59.5","71.7","14.6","23.0","887.6",".450","6.93","102.4","33.3","41.8","Fr","Pr",".261",".316",".369","60.9",".230",".278",".308","100.0","3","Av",  
"C, 1B","Wathan, John R  ","$1,681,000","8564",".262",".318",".337","64.1","140.4","13.5","22.8","31.2",".745","9.78","117.3","31.8","40.3","Vg","Vg",".269",".323",".360","104.2",".253",".313",".306","265.5","2","Av",  
"C","Zaun, Gregg S  ","$1,681,000","14516",".234",".319",".319","63.1","95.5","9.13","20.6","535.0",".660","10.6","209.9","26.5","52.3","Fr","Pr",".228",".317",".317","115.7",".236",".320",".320","87.5","3","Fr",  
"C","Schriver, Pop R  ","$1,679,000","7925",".236",".297",".349","60.4","53.2","13.9","20.4","796.2",".440","7.64","146.0","26.6","44.5","Fr","Fr",".238",".298",".358","47.5",".230",".293",".324","77.7","5","Av",  
"C","Bard, Josh S  ","$1,668,000","8818",".251",".315",".348","63.0","86.5","11.4","17.6","4905.0",".667","9.50","196.2","21.8","31.3","Pr","Pr",".266",".337",".375","79.5",".237",".295",".322","96.6","3","Fr",  
"C","McCullough, Clyde R  ","$1,652,000","4694",".225",".285",".320","52.1","59.4","13.6","26.7","519.4",".588","6.41","162.3","36.1","41.2","Fr","Fr",".230",".290",".329","55.4",".221",".279",".312","62.5","3","Av",  
"C","Crouse, Buck L  ","$1,630,000","18786",".224",".289",".307","51.7","60.4","12.8","32.6","229.6",".545","8.79","464.3","39.3","51.6","Fr","Fr",".208",".275",".269","88.1",".227",".291",".311","59.0","3","Vg",  
"C","Gooch, Johnny S  ","$1,629,000","12950",".225",".289",".292","48.4","110.7","12.7","28.1","180.8",".556","8.22","280.1","34.8","48.3","Av","Fr",".226",".292",".296","103.8",".224",".287",".290","114.1","4","Vg",  
"C, 3B","Barrett, Michael R  ","$1,622,000","5908",".244",".295",".355","59.8","62.9","15.0","18.2","2142.3",".375","11.5","139.7","23.0","38.7","Pr","Pr",".239",".295",".341","75.3",".248",".295",".360","60.1","4","Fr",  
"C","Castro, Ramon R  ","$1,592,000","8861",".227",".298",".371","66.0","30.2","11.0","24.8","1647.3",".600","5.25","282.4","30.6","59.9","Pr","Pr",".236",".305",".386","28.9",".215",".287",".344","34.0","2","Av",  
"1B, C, 2B, LF, RF","Doyle, Jack R  ","$1,587,000","16405",".260",".312",".349","65.8","90.6","14.5","18.7","17.3",".713","7.48","482.6","21.3","53.0","Vg","Ex",".256",".308",".351","76.4",".262",".315",".348","100.7","7","Fr",  
"C","O'Brien, Charlie R  ","$1,585,000","3674",".192",".276",".288","45.0","70.7","12.6","21.1","2081.5",".500","8.23","189.2","27.4","41.2","Pr","Pr",".180",".265",".270","67.5",".201",".283",".301","72.9","2","Vg",  
"C","Fitzgerald, Mike R  ","$1,580,000","3330",".211",".290",".295","48.7","65.3","10.1","29.7","375.1",".476","6.30","234.4","39.1","39.5","Fr","Fr",".213",".285",".289","82.0",".209",".293",".298","58.3","3","Pr",  
"C","Wilson, Jimmie R  ","$1,579,000","7757",".238",".296",".305","52.7","158.3","13.5","21.7","120.9",".530","9.02","536.6","25.2","53.0","Fr","Av",".240",".302",".301","184.9",".236",".290",".309","136.9","4","Vg",  
"C","Bando, Chris S  ","$1,574,000","4638",".213",".285",".306","48.3","61.8","10.9","26.2","1303.2",".500","8.57","173.8","35.5","30.8","Pr","Pr",".221",".293",".327","56.2",".208",".281",".294","65.6","5","Av",  
"C, 1B, 3B","Satriano, Tom L  ","$1,564,000","10992",".237",".314",".314","57.5","102.7","9.88","24.3","1237.1",".526","9.97","169.5","32.6","32.9","Pr","Pr",".212",".291",".258","259.8",".240",".317",".321","95.0","5","Fr",  
"C","DeBerry, Hank R  ","$1,560,000","7985",".228",".293",".300","51.8","103.7","12.1","25.3","181.8",".662","7.97","307.2","31.2","49.8","Fr","Fr",".240",".307",".327","71.5",".221",".286",".286","127.3","4","Fr",  
"C","Buck, John R  ","$1,551,000","10083",".227",".292",".359","61.6","36.9","12.8","23.2","3717.3",".429","5.16","144.8","31.2","52.1","Pr","Pr",".231",".299",".375","36.0",".224",".285",".345","37.9","2","Av",  
"C","Hall, Toby R  ","$1,531,000","13637",".251",".290",".326","52.2","107.4","20.7","23.0","1620.2",".375","19.5","373.9","26.3","34.1","Pr","Pr",".256",".298",".338","83.9",".247",".282",".310","166.3","3","Vg",  
"C","Gibson, George R  ","$1,530,000","3427",".215",".269",".315","48.0","65.9","14.3","22.1","342.2",".579","8.84","117.6","30.6","47.6","Av","Fr",".206",".265",".303","64.5",".223",".275",".327","65.1","3","Vg",  
"C","Parent, Mark R  ","$1,526,000","15029",".217",".277",".359","56.3","28.7","13.1","28.0","5498.0",".429","5.69","471.3","32.9","40.8","Pr","Pr",".228",".294",".382","26.4",".196",".246",".319","33.8","3","Av",  
"C","Sweeney, Jeff R  ","$1,517,000","4462",".222",".292",".298","50.6","68.6","11.9","31.2","172.0",".569","8.06","1662.7","35.6","47.5","Av","Av",".224",".296",".314","55.4",".219",".286",".279","98.3","5","Av",  
"C","Picinich, Val R  ","$1,508,000","6079",".225",".294",".348","60.2","47.9","11.3","17.5","452.7",".600","5.55","339.5","20.8","47.5","Fr","Fr",".227",".300",".350","51.1",".223",".287",".346","44.5","5","Fr",  
"C","Henline, Butch R  ","$1,501,000","5128",".224",".300",".326","57.0","50.3","11.8","25.5","223.4",".667","7.75","341.6","31.6","37.0","Fr","Fr",".228",".310",".325","55.0",".219",".290",".327","46.2","4","Fr",  
"C, LF, RF","Marrero, Eli R  ","$1,501,000","6878",".232",".282",".358","57.9","46.2","15.0","19.4","53.1",".716","7.81","113.5","25.9","39.0","Ex","Av",".243",".294",".380","42.8",".213",".259",".325","53.3","1","Av",  
"C","Josephson, Duane R  ","$1,471,000","6727",".262",".314",".348","62.1","106.8","14.6","20.4","813.9",".600","11.7","124.2","27.1","32.8","Pr","Pr",".268",".324",".359","107.4",".251",".295",".327","112.4","6","Av",  
"C","Thomas, Ira R  ","$1,470,000","3905",".231",".291",".340","57.2","53.5","14.3","22.2","392.1",".524","7.87","143.8","29.5","44.0","Fr","Fr",".234",".297",".346","53.3",".227",".284",".333","53.2","4","Av",  
"C, 1B","O'Brien, Jack R  ","$1,436,000","2317",".236",".300",".336","59.2","100.7","12.5","16.9","135.1",".613","6.61","98.7","23.1","48.4","Av","Av",".239",".308",".348","86.1",".230",".289",".317","134.1","5","Fr",  
"C","Rice, Del R  ","$1,434,000","7583",".212",".276",".313","48.9","62.2","13.4","22.5","1199.9",".539","6.37","135.5","30.5","44.9","Pr","Pr",".211",".277",".318","56.4",".209",".271",".302","68.9","3","Vg",  
"C","Reed, Jeff L  ","$1,428,000","8356",".229",".308",".307","56.9","109.9","9.87","23.2","1179.9",".571","7.91","154.7","31.6","47.2","Pr","Pr",".199",".275",".234","209.0",".233",".311",".315","104.4","3","Av",  
"C","Etchebarren, Andy R  ","$1,421,000","3188",".228",".294",".323","52.9","74.1","12.1","21.8","442.5",".667","5.60","122.1","30.3","31.6","Fr","Fr",".232",".303",".326","69.9",".222",".283",".321","79.6","2","Vg",  
"C","Hundley, Randy R  ","$1,421,000","7925",".216",".272",".307","46.2","69.5","14.2","24.1","280.3",".646","7.14","173.8","31.1","42.6","Fr","Fr",".215",".264",".293","103.3",".216",".276",".316","57.7","2","Vg",  
"C","Gedman, Rich L  ","$1,409,000","18069",".235",".280",".359","56.8","46.4","17.5","19.0","1388.4",".700","7.56","147.2","23.7","41.7","Pr","Pr",".206",".240",".290","69.6",".239",".285",".369","44.1","5","Fr",  
"C","Blackwell, Tim S  ","$1,407,000","4382",".209",".304",".282","52.8","168.5","8.57","22.4","1016.2",".833","6.39","118.2","33.2","49.3","Pr","Pr",".215",".309",".279","489.5",".208",".303",".283","141.8","3","Av",  
"C","Arencibia, J.P. R  ","$1,397,000","14097",".209",".259",".369","55.0","26.3","16.8","25.6","2173.4",".700","4.61","160.1","33.4","60.1","Pr","Pr",".214",".265",".387","24.6",".202",".251",".343","29.2","5","Av",  
"C","Bradley, Scott L  ","$1,373,000","11046",".257",".302",".326","56.1","175.3","17.0","21.1","2990.2",".308","28.6","202.7","25.8","35.8","Pr","Pr",".235",".266",".279","747.5",".260",".307",".334","156.6","5","Fr",  
"C","Oliver, Joe R  ","$1,341,000","14481",".241",".284",".356","56.8","48.9","17.7","20.3","1036.8",".556","6.85","243.0","24.0","40.3","Fr","Pr",".249",".292",".360","48.5",".233",".277",".350","49.0","4","Av",  
"C","Melvin, Bob R  ","$1,321,000","9859",".226",".267",".328","47.0","61.6","18.8","21.4","319.1",".559","6.49","164.5","26.6","36.9","Pr","Fr",".238",".283",".355","49.7",".201",".232",".268","132.3","3","Vg",  
"C","Schmidt, Walter R  ","$1,315,000","4608",".212",".264",".271","38.9","100.2","16.2","36.0","100.6",".649","10.6","1005.8","40.9","49.3","Av","Av",".203",".255",".253","109.8",".221",".271",".288","92.8","3","Vg",  
"C, 1B","Gonzalez, Mike R  ","$1,313,000","4927",".219",".285",".307","51.4","72.5","12.2","22.9","134.2",".651","8.75","423.2","27.2","52.9","Av","Av",".225",".291",".314","70.1",".216",".282",".300","79.9","4","Vg",  
"C","Girardi, Joe R  ","$1,306,000","11158",".234",".274",".275","40.0","1115.8","19.5","29.7","182.0",".641","9.69","226.7","37.2","37.9","Av","Fr",".229",".270",".265","1480.7",".236",".276",".281","886.1","4","Av",  
"C","Lamanno, Ray R  ","$1,296,000","5535",".235",".292",".306","49.5","104.4","14.7","26.0","1518.5",".571","6.84","289.2","31.6","33.2","Pr","Pr",".221",".267",".267","213.6",".241",".305",".324","82.2","3","Av",  
"C","Prince, Tom R  ","$1,292,000","9204",".178",".241",".253","28.3","96.9","16.0","24.7","298.9",".654","5.62","274.7","30.3","35.2","Fr","Fr",".170",".234",".237","116.4",".183",".244",".263","88.3","4","Ex",  
"C","Myers, Greg L  ","$1,282,000","6344",".233",".292",".331","54.2","57.7","12.9","24.6","872.9",".667","7.61","249.4","30.4","33.1","Pr","Pr",".224",".284",".285","91.2",".236",".295",".341","53.3","3","Av",  
"C","McLean, Larry R  ","$1,277,000","3743",".247",".286",".341","54.5","54.2","18.2","27.1","500.2",".471","9.39","500.2","30.8","40.4","Fr","Fr",".244",".291",".333","54.3",".248",".282",".351","52.7","4","Av",  
"C","Benedict, Bruce R  ","$1,264,000","5270",".212",".283",".247","39.5","527.0","11.4","37.4","281.2",".583","13.3","421.9","46.5","42.5","Pr","Fr",".217",".289",".253","628.6",".204",".276",".237","425.4","4","Av",  
"C, 1B, LF, CF, RF","O'Connor, Jack R  ","$1,258,000","6025",".232",".270",".309","45.7","84.9","20.4","26.1","62.2",".673","7.13","320.4","30.4","46.1","Av","Vg",".235",".275",".307","82.3",".229",".265",".310","87.5","4","Vg",  
"C","Nixon, Russ L  ","$1,246,000","8915",".257",".291",".332","52.6","217.4","22.3","19.0","2363.5",".571","10.7","121.2","24.2","32.7","Pr","Pr",".224",".251",".257",".000",".261",".296",".341","191.2","4","Fr",  
"C, 1B","Archer, Jimmy R  ","$1,238,000","2172",".227",".271",".310","46.2","90.5","18.4","22.4","157.0",".556","7.20","235.5","27.1","46.2","Fr","Av",".251",".296",".335","102.1",".207",".250",".288","82.2","4","Vg",  
"C","Pocoroba, Biff S  ","$1,218,000","7953",".244",".317",".321","59.4","117.0","10.7","20.8","557.3",".615","15.7","318.5","25.2","33.0","Pr","Pr",".194",".252",".230","1355.0",".254",".329",".340","98.5","5","Pr",  
"C","Brand, Ron R  ","$1,207,000","13633",".250",".317",".307","56.8","206.6","11.7","27.3","460.2",".550","17.3","187.5","36.2","34.0","Fr","Fr",".258",".328",".326","164.2",".232",".291",".269","373.2","6","Av",  
"C","May, Jerry R  ","$1,205,000","8244",".238",".305",".333","58.8","74.9","11.5","21.1","3050.7",".750","6.68","132.6","28.5","36.5","Pr","Pr",".251",".319",".359","66.7",".210",".277",".281","95.5","4","Av",  
"1B, C, RF","Fick, Robert L  ","$1,199,000","13346",".246",".308",".348","62.8","57.3","12.3","23.0","817.4",".643","8.86","177.3","29.5","43.0","Pr","Pr",".227",".283",".301","98.0",".251",".314",".358","54.2","8","Pr",  
"C, 1B","Pavletich, Don R  ","$1,196,000","8513",".221",".296",".344","59.2","46.3","10.4","19.3","635.7",".625","6.78","151.4","25.3","38.1","Av","Pr",".228",".305",".357","44.7",".213",".287",".332","48.0","4","Pr",  
"C","Barajas, Rod R  ","$1,189,000","3613",".231",".272",".356","56.2","38.8","19.6","23.0","1933.5",".667","8.18","241.7","27.4","63.4","Pr","Pr",".226",".268",".340","40.4",".233",".275",".366","37.9","3","Av",  
"C","Killefer, Bill R  ","$1,186,000","9304",".218",".255",".275","37.1","113.5","24.4","35.1","194.8",".593","11.1","709.7","39.6","53.4","Fr","Fr",".225",".267",".301","73.5",".214",".247",".258","171.9","2","Av",  
"C","Todd, Al R  ","$1,180,000","8256",".243",".277",".338","50.4","63.5","25.6","24.5","219.5",".597","7.74","135.1","32.3","32.6","Fr","Fr",".248",".282",".354","52.9",".235",".269",".321","77.2","2","Av",  
"C","Evans, Al R  ","$1,177,000","6992",".237",".303",".328","57.4","75.2","11.8","24.9","516.3",".469","7.20","101.9","37.8","39.1","Fr","Fr",".231",".298",".321","69.4",".241",".306",".333","78.8","4","Av",  
"C, 2B, 3B, SS, LF, CF, RF","Miller, Doggie R  ","$1,165,000","3716",".230",".291",".302","49.7","80.8","13.2","30.2","44.7",".580","10.5","508.6","35.4","48.4","Av","Vg",".228",".290",".305","70.1",".232",".291",".301","93.2","4","Av",  
"C","Montgomery, Bob R  ","$1,165,000","6683",".241",".282",".333","52.0","81.5","19.8","22.1","596.6",".600","4.97","108.5","30.2","40.9","Pr","Pr",".247",".287",".337","82.7",".236",".277",".329","80.4","3","Fr",  
"C, 3B","Trevino, Alex R  ","$1,165,000","9981",".244",".301",".325","55.0","131.3","14.1","19.3","341.8",".653","9.19","165.7","24.2","32.2","Fr","Fr",".258",".314",".351","107.9",".224",".283",".289","176.5","4","Vg",  
"C","Hundley, Nick R  ","$1,161,000","3129",".238",".289",".359","59.3","46.0","15.2","20.3","226.3",".556","5.80","154.3","25.7","47.1","Fr","Fr",".240",".288",".337","69.0",".237",".289",".371","39.5","3","Fr",  
"C","Borders, Pat R  ","$1,148,000","11130",".246",".281",".338","51.9","87.0","21.4","19.9","514.9",".719","7.77","149.9","24.6","34.6","Fr","Pr",".253",".287",".350","82.0",".242",".277",".329","87.2","4","Av",  
"C","Cerone, Rick R  ","$1,126,000","6838",".234",".293",".326","54.6","83.4","13.4","20.6","750.7",".556","10.1","156.4","26.4","38.5","Pr","Pr",".240",".299",".336","74.8",".226",".283",".310","102.0","4","Vg",  
"C, 1B","Kerins, John R  ","$1,123,000","3133",".230",".291",".337","56.2","55.0","12.8","24.7","132.5",".634","6.86","88.3","39.1","42.5","Av","Av",".231",".303",".345","46.4",".229",".279",".330","66.8","5","Fr",  
"C, LF","Perkins, Bill R  ","$1,122,000","13200",".225",".277",".331","49.3","39.5","15.4","35.2","2039.6",".778","6.00","594.9","40.7","31.1","Pr","Pr",".231",".282",".351","34.1",".219",".271",".314","45.0","3","Av",  
"C","Brown, Dick R  ","$1,120,000","5618",".249",".290",".365","59.2","40.1","19.1","26.6","6017.0",".111","6.24","300.9","31.5","38.1","Pr","Pr",".258",".303",".377","38.2",".234",".268",".344","43.9","3","Av",  
"C","Smith, Hal R. R  ","$1,113,000","11376",".243",".280",".312","47.5","137.1","20.3","24.5","757.9",".696","12.8","178.3","30.6","34.9","Pr","Pr",".247",".287",".323","119.5",".241",".276",".304","156.6","3","Vg",  
"C","Tebbetts, Birdie R  ","$1,102,000","7380",".234",".292",".291","48.2","144.7","13.7","29.3","165.0",".671","8.89","475.5","34.4","41.2","Fr","Fr",".240",".299",".293","144.2",".228",".285",".289","145.2","3","Vg",  
"C","Mitterwald, George R  ","$1,099,000","6745",".215",".270",".313","45.8","54.0","14.8","26.7","214.9",".630","4.82","228.4","33.1","40.2","Fr","Fr",".217",".280",".314","49.8",".217",".268",".319","53.5","3","Av",  
"C","Widger, Chris R  ","$1,095,000","16488",".233",".289",".359","60.1","47.1","13.8","18.1","858.9",".553","7.43","167.0","22.4","46.1","Pr","Pr",".245",".305",".388","38.8",".209",".256",".297","88.3","4","Fr",  
"C","Diaz, Bo R  ","$1,091,000","5222",".241",".289",".346","54.5","53.8","16.0","22.4","297.9",".594","8.51","257.3","26.8","29.2","Fr","Fr",".241",".286",".348","53.7",".241",".293",".343","54.0","4","Av",  
"C","Batts, Matt R  ","$1,085,000","4287",".237",".283",".352","55.6","69.1","16.6","16.2","768.2",".667","8.02","107.2","20.9","35.5","Pr","Pr",".244",".290",".359","73.9",".230",".276",".345","63.8","4","Fr",  
"C","Molina, Jose R  ","$1,084,000","3551",".221",".276",".287","43.1","131.5","14.6","25.9","300.8",".520","6.54","244.4","32.3","40.3","Av","Fr",".221",".280",".292","132.5",".218",".269",".269","153.4","4","Vg",  
"C","Henry, John R  ","$1,081,000","2951",".209",".278",".292","47.2","62.8","11.8","29.2","91.6",".562","7.07","1098.7","33.6","64.6","Av","Av",".214",".290",".302","55.4",".203",".267",".282","72.8","8","Vg",  
"C","Peacock, Johnny L  ","$1,081,000","6108",".236",".302",".297","53.0","190.9","11.8","24.9","280.9",".522","12.8","224.7","31.4","51.5","Fr","Fr",".233",".295",".301","143.3",".237",".303",".296","201.8","3","Av",  
"C","Fasano, Sal R  ","$1,076,000","18459",".208",".280",".336","53.7","34.0","15.5","27.6","1711.7",".600","4.46","366.8","33.5","44.0","Pr","Pr",".208",".285",".331","35.0",".209",".276",".344","32.3","3","Av",  
"C","Duncan, Dave R  ","$1,072,000","10510",".209",".273",".335","51.2","34.6","12.7","29.9","1286.4",".391","4.61","180.9","40.3","42.4","Pr","Pr",".203",".269",".325","35.0",".213",".275",".342","34.3","4","Av",  
"C","Davis, Ben S  ","$1,052,000","3893",".233",".292",".308","50.6","121.7","13.0","21.5","237.8",".581","4.90","285.4","25.8","40.4","Fr","Fr",".225",".284",".294","198.4",".235",".297",".308","116.9","4","Av",  
"C","House, Frank L  ","$1,046,000","8267",".235",".278",".331","50.5","55.1","19.0","28.2","1767.8",".556","11.8","184.1","36.1","35.8","Pr","Pr",".221",".258",".319","53.2",".236",".280",".330","55.3","3","Av",  
"C","Hemsley, Rollie R  ","$1,045,000","6134",".219",".262",".293","40.4","149.6","19.1","22.5","332.5",".454","7.65","118.7","30.6","41.6","Fr","Fr",".222",".267",".306","170.9",".218",".260",".281","138.7","3","Vg",  
"1B, C","Ellis, John R  ","$1,041,000","62700",".257",".307",".379","65.6","49.6","15.3","19.0","2347.7",".392","7.21","119.0","25.0","33.4","Fr","Pr",".266",".315",".400","44.4",".248",".299",".360","55.3","6","Fr",  
"C","Pagnozzi, Tom R  ","$1,032,000","4259",".234",".282",".330","52.4","73.4","16.6","20.4","230.3",".588","8.74","177.2","25.2","43.0","Fr","Fr",".244",".292",".366","48.9",".223",".270",".291","167.3","3","Vg",  
"C","Robinson, Wilbert R  ","$1,032,000","7280",".231",".265",".307","44.4","88.8","23.2","24.8","63.1",".660","6.59","700.4","27.2","51.0","Av","Vg",".245",".277",".329","74.8",".220",".254",".288","105.9","4","Vg",  
"C","Laird, Gerald R  ","$1,030,000","9082",".236",".296",".319","56.2","113.5","13.6","20.4","390.1",".553","7.71","147.0","27.0","53.4","Fr","Fr",".245",".310",".344","89.0",".227",".282",".293","160.8","4","Vg",  
"C","Sugden, Joe S  ","$1,027,000","6633",".233",".294",".298","51.1","89.6","13.4","33.5","273.7",".575","7.44","615.8","39.7","49.3","Fr","Fr",".230",".289",".290","83.7",".233",".295",".301","90.0","5","Av",  
"C","Tresh, Mike R  ","$1,025,000","4660",".226",".309",".263","49.5","186.4","9.63","50.7","230.3",".590","7.61","1324.0","60.2","50.0","Fr","Fr",".228",".318",".264","188.6",".223",".297",".262","183.5","4","Av",  
"C","Torborg, Jeff R  ","$1,021,000","10549",".215",".264",".275","37.9","167.4","16.3","27.0","1891.0",".316","8.25","231.6","33.2","40.5","Pr","Pr",".227",".275",".296","152.7",".206",".258",".258","199.2","3","Vg",  
"C","Dyer, Duffy R  ","$1,010,000","3827",".211",".279",".292","43.6","85.0","12.6","25.7","2120.0","1.00","5.46","151.4","35.0","31.4","Av","Pr",".209",".287",".296","77.1",".212",".270",".288","95.0","2","Av",  
"C","Ginsberg, Joe L  ","$1,003,000","9008",".225",".303",".289","52.9","117.0","10.3","29.2","1016.1",".667","10.6","230.9","38.3","46.6","Fr","Pr",".210",".284",".232","1493.0",".228",".308",".302","97.6","7","Av",  
"C","Johnson, Brian R  ","$1,003,000","1736",".214",".248",".327","43.1","44.5","25.2","24.1","1865.0","1.00","6.96","266.4","28.7","39.7","Pr","Pr",".192",".227",".271","61.6",".227",".259",".358","38.6","4","Fr",  
"C","Bengough, Benny R  ","$997,000","6294",".215",".250",".281","36.6","99.9","22.0","30.6","202.9",".500","9.08","304.3","36.4","52.7","Pr","Fr",".226",".259",".305","89.0",".210",".246",".271","106.4","2","Av",  
"C, 1B","Bowerman, Frank R  ","$982,000","5004",".228",".270",".319","48.2","68.5","19.8","23.8","110.0",".613","7.70","199.7","29.5","51.8","Av","Av",".228",".269",".318","71.7",".228",".270",".320","66.5","4","Av",  
"C","Sewell, Luke R  ","$979,000","7888",".223",".281",".294","48.5","119.5","14.0","24.0","171.7",".797","9.51","230.4","30.1","53.1","Av","Fr",".233",".293",".308","122.9",".216",".271",".282","125.2","4","Vg",  
"C","Desautels, Gene R  ","$976,000","12151",".203",".269",".235","34.9","506.3","12.8","39.7","239.5",".600","7.92","853.1","47.1","52.1","Av","Fr",".207",".271",".245","348.6",".199",".268",".225","887.9","2","Av",  
"C","Fordyce, Brook R  ","$947,000","5009",".245",".294",".344","58.2","78.3","15.9","18.2","907.3",".667","9.40","217.8","21.8","44.3","Pr","Pr",".255",".306",".360","68.5",".230",".273",".318","101.2","3","Fr",  
"C","Diaz, Einar R  ","$944,000","6120",".233",".283",".282","45.2","2040.0","22.3","23.8","421.7",".727","17.0","198.4","30.3","42.2","Fr","Pr",".230",".279",".278","3017.0",".236",".287",".286","1551.5","3","Av",  
"C","Matheny, Mike R  ","$941,000","11865",".228",".271",".293","44.0","127.6","20.1","27.4","1433.2",".474","6.70","201.5","35.0","48.3","Pr","Pr",".229",".270",".302","115.0",".226",".271",".286","139.1","2","Vg",  
"C","Berryhill, Damon S  ","$918,000","12884",".223",".269",".315","45.2","74.9","17.1","21.1","1383.4",".454","6.21","251.5","24.8","35.9","Pr","Pr",".218",".264",".311","80.0",".226",".272",".318","72.1","5","Av",  
"C","McNertney, Jerry R  ","$918,000","7173",".240",".293",".325","53.6","96.9","15.3","20.3","1571.0",".714","8.98","218.2","24.7","35.5","Pr","Pr",".242",".291",".330","94.7",".239",".294",".324","97.3","4","Av",  
"C","Livingston, Mickey R  ","$868,000","2555",".227",".292",".324","54.9","55.5","13.0","26.6","256.8",".500","7.55","188.3","34.9","47.1","Av","Fr",".242",".305",".344","50.9",".208",".275",".300","62.8","4","Av",  
"C","Blanco, Henry R  ","$859,000","5370",".207",".268",".301","44.1","76.7","12.9","21.2","657.1",".750","7.02","134.4","28.3","39.4","Pr","Pr",".210",".278",".314","66.7",".206",".263",".294","84.9","3","Vg",  
"C","Grim, John R  ","$850,000","3787",".221",".250",".307","40.4","82.3","39.4","22.1","132.8",".625","7.77","221.3","26.0","47.4","Av","Av",".235",".264",".336","71.2",".211",".240",".287","92.1","8","Av",  
"C","Martinez, Buck R  ","$843,000","7852",".212",".273",".312","49.8","66.0","13.1","20.6","1084.5",".889","7.60","177.1","26.1","61.1","Pr","Pr",".220",".281",".331","59.6",".207",".268",".299","72.2","3","Vg",  
"C","Kluttz, Clyde R  ","$842,000","4177",".247",".289",".315","53.1","130.5","18.5","23.7","451.3",".769","9.42","410.3","27.4","54.4","Av","Pr",".251",".302",".313","143.6",".244",".278",".318","113.1","3","Av",  
"C","White, Sammy R  ","$832,000","10428",".227",".259",".318","41.8","75.0","24.2","22.5","441.1",".556","8.61","155.3","28.1","29.8","Fr","Fr",".235",".266",".336","66.1",".219",".253",".302","86.1","3","Vg",  
"C","Osik, Keith R  ","$822,000","7808",".212",".280",".259","40.0","867.6","12.6","27.6","785.3",".579","8.38","163.0","37.6","41.5","Av","Pr",".209",".278",".256","742.0",".215",".281",".261","1024.5","4","Av",  
"C","Sullivan, Billy Sr R  ","$819,000","3657",".222",".255",".325","44.6","52.2","25.2","23.1","63.7",".592","7.80","431.7","26.1","48.6","Av","Vg",".217",".249",".330","47.0",".226",".260",".321","57.5","4","Vg",  
"RF, C, 1B, 3B, CF","Dexter, Charlie R  ","$815,000","21716",".228",".288",".315","53.5","64.6","13.7","26.5","19.5",".711","7.52","374.2","31.8","48.2","Vg","Ex",".232",".294",".329","57.6",".225",".282",".302","74.4","6","Av",  
"C","Criger, Lou R  ","$812,000","5797",".198",".269",".286","43.6","69.8","11.4","27.7","108.2",".645","7.83","122.5","41.6","49.6","Av","Av",".216",".287",".321","48.5",".185",".257",".261","101.6","3","Vg",  
"C","Hayworth, Ray R  ","$808,000","12505",".229",".290",".285","47.9","147.1","13.0","30.6","1065.8",".650","7.41","346.4","37.6","48.8","Fr","Pr",".238",".302",".300","113.7",".220",".279",".272","197.9","4","Av",  
"C","Walker, Rube L  ","$804,000","12891",".217",".281",".308","47.4","59.4","12.4","25.8","1574.3",".529","7.06","745.7","29.5","34.1","Pr","Pr",".215",".280",".291","80.2",".217",".280",".310","56.6","3","Av",  
"C","Kleinow, Red R  ","$793,000","2632",".223",".280",".318","51.5","65.8","13.8","23.7","78.0",".685","7.36","160.3","31.0","55.5","Av","Av",".236",".287",".347","54.4",".208",".271",".282","89.5","5","Av",  
"C","O'Neil, Mickey R  ","$785,000","13728",".212",".274",".280","42.9","83.2","13.5","38.2","798.4",".576","8.46","202.3","53.4","47.9","Fr","Fr",".217",".283",".293","74.3",".209",".268",".271","89.9","3","Vg",  
"C","Miller, Otto R  ","$784,000","5378",".226",".258",".315","44.4","65.6","25.9","26.2","76.3",".605","6.37","204.5","32.4","56.7","Av","Av",".229",".266",".321","63.7",".224",".252",".311","66.9","4","Av",  
"C","Donahue, Tim L  ","$782,000","13681",".200",".279",".281","45.6","77.7","10.9","25.1","118.3",".595","7.21","469.5","30.3","54.2","Av","Av",".192",".274",".248","107.8",".201",".280",".286","74.3","6","Av",  
"C","Bergen, Marty R  ","$778,000","4302",".231",".271",".317","47.7","81.2","18.9","24.0","383.2",".800","8.13","135.3","31.7","43.8","Fr","Pr",".232",".272",".322","80.7",".228",".270",".309","82.0","5","Vg",  
"C","Manwaring, Kirt R  ","$772,000","16798",".225",".289",".264","42.5","579.2","14.2","34.0","305.8",".549","8.21","242.3","44.7","38.1","Pr","Fr",".234",".301",".279","398.4",".213",".274",".244","1413.0","4","Vg",  
"C","Tate, Bennie L  ","$771,000","9951",".240",".296",".308","52.6","98.5","13.6","29.7","518.0",".600","11.7","329.6","36.0","43.3","Pr","Pr",".219",".270",".283","95.1",".244",".300",".311","101.1","4","Fr",  
"C","Perez, Eddie R  ","$767,000","4865",".243",".275",".333","48.5","95.4","25.2","19.3","2593.5",".667","9.55","162.1","23.6","29.6","Pr","Pr",".261",".294",".360","110.3",".225",".256",".306","82.5","3","Av",  
"C","Flaherty, John R  ","$755,000","4404",".226",".263",".304","42.4","112.9","22.3","21.8","315.6",".500","9.07","225.4","26.2","40.5","Fr","Fr",".223",".259",".290","203.3",".229",".266",".314","85.3","2","Av",  
"C","Rader, Dave L  ","$725,000","14593",".240",".296",".317","52.8","100.0","14.0","23.5","532.2",".612","14.2","253.4","28.7","33.8","Av","Pr",".247",".315",".316","98.3",".238",".291",".317","96.8","4","Fr",  
"C","Greene, Todd R  ","$721,000","6617",".232",".267",".372","54.5","33.6","22.1","22.6","779.2",".692","5.94","163.1","28.1","35.6","Pr","Pr",".245",".286",".386","35.1",".220",".250",".360","31.9","5","Fr",  
"C","Spencer, Tubby R  ","$716,000","8499",".236",".285",".340","56.0","52.1","17.7","23.5","399.5",".657","7.77","296.4","27.8","53.4","Pr","Pr",".237",".289",".342","47.0",".234",".280",".335","58.0","6","Av",  
"C","Ainsmith, Eddie R  ","$712,000","8212",".211",".274",".322","50.1","56.2","12.7","20.7","50.1",".622","6.22","116.2","28.4","53.0","Av","Vg",".220",".285",".340","52.4",".202",".261",".304","61.0","5","Av",  
"1B, C, LF, RF","Douglass, Klondike L  ","$708,000","48629",".236",".300",".326","57.6","55.6","12.8","31.0","95.8",".659","7.93","311.1","38.8","44.9","Av","Av",".217",".283",".277","88.4",".239",".302",".334","52.0","5","Fr",  
"C","Bako, Paul L  ","$707,000","15390",".220",".280",".273","43.5","349.8","12.9","26.0","1303.5",".591","5.05","184.2","33.8","54.3","Pr","Pr",".195",".246",".224",".000",".224",".287",".282","286.9","4","Vg",  
"C","Landrith, Hobie L  ","$693,000","10991",".224",".302",".285","52.9","146.5","9.97","26.9","536.6",".561","10.2","363.0","32.9","63.6","Pr","Fr",".222",".303",".284","104.4",".225",".302",".285","161.9","3","Av",  
"C","Owen, Mickey R  ","$683,000","4473",".230",".297",".301","51.1","165.7","12.1","21.8","497.7",".435","11.8","160.5","28.6","37.4","Fr","Fr",".225",".289",".296","201.8",".236",".305",".300","202.1","4","Av",  
"C, 1B","Newman, Jeff R  ","$676,000","16165",".211",".252",".331","45.0","43.7","19.6","22.5","413.9",".583","5.95","162.5","28.4","42.0","Fr","Fr",".207",".241",".317","52.3",".212",".260",".336","40.6","3","Vg",  
"C","Street, Gabby R  ","$674,000","2839",".198",".241",".277","33.5","71.0","20.2","29.6","278.7",".440","7.32","340.7","35.2","49.5","Fr","Fr",".194",".240",".276","65.9",".201",".242",".278","76.6","4","Av",  
"C, 3B","Quirk, Jamie L  ","$666,000","23658",".231",".285",".326","52.2","63.3","14.8","23.5","300.2",".483","6.14","195.6","29.5","41.8","Pr","Fr",".229",".288",".317","60.5",".231",".285",".328","62.5","4","Fr",  
"C, SS","Berg, Moe R  ","$655,000","9977",".203",".238",".255","30.4","136.7","25.0","35.5","218.8",".742","8.66","536.0","41.1","57.6","Av","Fr",".204",".237",".265","109.1",".201",".237",".247","166.4","5","Vg",  
"C","Schmidt, Boss S  ","$655,000","17189",".245",".281",".354","55.7","55.8","23.1","21.9","322.5",".559","8.50","113.5","29.5","41.5","Fr","Fr",".255",".286",".366","55.1",".240",".279",".347","57.7","5","Fr",  
"C","Bushong, Doc R  ","$649,000","13346",".198",".240",".244","27.5","139.0","19.4","41.4","460.3",".517","7.07","1297.2","45.9","47.6","Fr","Fr",".207",".246",".256","129.6",".191",".235",".236","146.7","5","Vg",  
"C","Hill, Marc R  ","$640,000","8286",".216",".283",".301","46.8","64.2","12.2","27.8","1844.0",".714","7.52","439.0","33.3","32.7","Pr","Pr",".220",".283",".300","69.0",".213",".283",".303","59.8","2","Av",  
"C","Perkins, Cy R  ","$634,000","4294",".215",".269",".293","44.1","82.6","14.5","25.4","391.4",".706","8.30","391.4","29.9","47.9","Pr","Fr",".210",".265",".286","71.4",".222",".274",".304","91.0","4","Av",  
"C","Cannizzaro, Chris R  ","$627,000","12156",".225",".299",".288","49.2","189.9","10.5","24.6","623.7",".550","6.88","154.2","33.9","34.4","Pr","Pr",".235",".311",".301","221.4",".213",".287",".276","166.2","3","Av",  
"C","Hernandez, Carlos R  ","$609,000","17561",".241",".281",".312","45.9","100.3","22.8","26.8","263.8",".568","8.89","312.2","31.5","28.8","Pr","Fr",".249",".290",".327","79.5",".233",".272",".295","143.8","5","Vg",  
"C","Foote, Barry R  ","$605,000","9348",".208",".257",".327","44.1","48.7","16.9","19.7","1446.4",".500","7.31","155.8","24.8","31.2","Pr","Pr",".218",".268",".361","38.6",".198",".247",".298","60.3","3","Av",  
"C","Spencer, Roy R  ","$605,000","12847",".196",".251",".243","31.1","115.7","16.0","49.6","484.8",".806","8.13","1405.8","56.5","50.2","Vg","Pr",".201",".260",".252","113.9",".192",".245",".236","119.8","3","Vg",  
"C","Tillman, Bob R  ","$602,000","8756",".212",".278",".327","50.4","40.7","12.1","29.7","3213.3","1.00","5.28","148.3","41.9","36.8","Pr","Pr",".217",".278",".334","39.3",".207",".277",".321","42.1","3","Fr",  
"C","Servais, Scott R  ","$599,000","9155",".233",".290",".320","51.5","90.6","15.2","19.8","719.6",".700","9.22","287.9","23.5","32.2","Fr","Pr",".241",".305",".333","79.7",".215",".259",".289","149.8","4","Fr",  
"C","Ganzel, Charlie R  ","$596,000","6740",".232",".273",".306","46.8","91.1","19.1","27.7","803.7",".450","9.23","180.8","35.6","51.3","Fr","Fr",".243",".290",".333","73.8",".224",".260",".286","119.2","5","Vg",  
"C","Quintero, Humberto R  ","$595,000","15667",".227",".259",".290","37.5","186.5","26.7","24.0","2366.4",".583","6.42","194.9","29.2","32.5","Pr","Pr",".237",".270",".311","135.6",".216",".250",".272","250.1","3","Vg",  
"C","Powers, Doc R  ","$594,000","10519",".201",".240",".283","34.4","69.7","22.2","26.9","263.2",".531","8.03","595.6","30.4","47.2","Pr","Fr",".209",".247",".299","66.2",".194",".234",".270","71.8","6","Av",  
"C","Skinner, Joel R  ","$591,000","17112",".228",".271",".295","42.5","145.0","18.8","24.3","1084.5",".436","4.47","214.4","29.8","41.1","Pr","Pr",".229",".270",".291","214.0",".226",".271",".295","117.7","3","Vg",  
"C, 1B, LF","Vaughn, Farmer R  ","$590,000","18035",".239",".269",".339","50.2","66.8","25.4","20.9","576.4",".550","8.49","148.6","25.8","43.4","Fr","Fr",".250",".281",".358","60.1",".229",".256",".320","74.7","5","Av",  
"C","Ryan, Mike R  ","$587,000","11479",".190",".244",".259","29.9","117.1","14.8","26.8","1132.6",".550","6.31","155.7","35.8","34.0","Pr","Pr",".191",".245",".262","118.4",".189",".245",".258","117.4","3","Vg",  
"C","Taylor, Zack R  ","$587,000","7965",".219",".267",".283","40.6","135.0","17.0","27.8","865.8",".556","7.76","196.8","35.8","42.2","Fr","Pr",".222",".273",".290","129.8",".219",".263",".279","143.7","5","Av",  
"C","Casanova, Paul R  ","$586,000","11687",".221",".245",".305","38.6","82.3","32.4","24.3","1019.2",".706","7.59","149.2","30.7","41.7","Pr","Pr",".226",".250",".316","80.7",".217",".242",".296","85.9","4","Vg",  
"C","Spohrer, Al R  ","$584,000","10464",".233",".281",".309","47.9","132.5","16.3","21.9","364.2",".437","8.23","132.8","28.7","41.1","Fr","Fr",".245",".295",".330","122.9",".217",".262",".281","146.9","3","Av",  
"C","Ortiz, Junior R  ","$576,000","16103",".241",".291",".280","44.7","644.1","16.9","32.6","244.0",".522","10.4","337.8","39.7","36.3","Pr","Fr",".241",".287",".280","526.8",".242",".294",".280","795.4","5","Av",  
"C","Moss, Les R  ","$568,000","17278",".231",".289",".342","55.0","39.4","13.1","30.8","2366.8",".615","6.15","498.3","36.2","32.5","Pr","Pr",".236",".294",".354","36.6",".225",".284",".325","44.3","5","Fr",  
"C","Buckley, Dick R  ","$566,000","13165",".222",".264",".325","47.7","47.4","19.7","25.5","785.9",".750","6.28","884.1","28.2","46.8","Pr","Pr",".231",".276",".349","40.5",".211",".252",".300","58.2","7","Av",  
"C, 1B","Clarke, Boileryard R  ","$564,000","6903",".216",".270",".295","44.4","72.7","18.1","28.8","145.2",".505","7.50","503.2","33.5","58.5","Fr","Av",".221",".276",".314","59.0",".215",".266",".279","91.2","4","Av",  
"C","Fabregas, Jorge L  ","$545,000","22067",".227",".264",".267","36.9","279.3","20.4","39.5","1251.9",".655","14.1","264.3","50.8","39.7","Pr","Pr",".231",".269",".280","196.8",".225",".263",".263","309.8","3","Av",  
"C","Bateman, John R  ","$539,000","21935",".219",".256",".328","42.9","54.3","23.7","21.4","629.5",".711","6.31","153.2","26.7","29.7","Av","Pr",".224",".261",".340","51.0",".214",".250",".317","57.4","4","Av",  
"C","Flint, Silver R  ","$536,000","15370",".222",".266",".321","46.6","63.3","18.9","22.2","3292.2",".500","4.64","175.1","27.5","46.8","Fr","Pr",".233",".279",".342","61.2",".215",".255",".305","64.3","5","Av",  
"C","Snyder, Pop R  ","$535,000","33509",".211",".253",".287","38.1","102.2","19.4","24.7","580.7",".559","6.33","183.7","31.0","47.4","Pr","Pr",".219",".262",".305","83.9",".204",".246",".271","125.6","8","Vg",  
"C","Lake, Steve R  ","$528,000","7902",".233",".258",".302","39.4","114.5","33.0","26.5","1657.8",".625","8.16","176.4","33.0","32.1","Pr","Pr",".226",".251",".288","187.8",".235",".261",".308","96.1","2","Vg",  
"C","Stinnett, Kelly R  ","$519,000","16822",".219",".283",".318","52.1","49.3","13.7","28.4","844.0",".564","4.65","337.6","34.5","53.7","Fr","Pr",".211",".278",".295","59.5",".225",".288",".339","42.7","3","Fr",  
"C","Uecker, Bob R  ","$514,000","14299",".198",".299",".282","49.8","62.4","7.99","29.7","1656.9",".400","5.51","517.8","36.9","40.0","Pr","Pr",".209",".315",".310","51.2",".181",".275",".239","94.2","9","Av",  
"SS, C","Bragan, Bobby R  ","$511,000","6157",".220",".260",".297","40.6","91.9","19.5","26.8","315.6",".750","9.48","161.6","35.1","36.2","Fr","Fr",".228",".268",".316","86.1",".217",".258",".287","93.5","3","Av",  
"C","Dooin, Red R  ","$511,000","10586",".232",".261",".321","46.2","64.9","26.0","24.2","53.2",".664","8.25","1020.5","26.3","51.3","Av","Vg",".237",".267",".330","56.3",".228",".256",".311","75.5","4","Av",  
"C","Swift, Bob R  ","$511,000","14700",".215",".287",".263","43.2","159.8","10.9","35.5","745.3",".786","8.29","683.2","42.0","41.8","Av","Pr",".216",".287",".269","141.4",".213",".288",".259","178.2","4","Av",  
"C","Kittridge, Malachi R  ","$505,000","20810",".194",".248",".269","34.9","67.1","14.9","34.6","413.7",".591","6.77","875.0","39.5","54.2","Fr","Fr",".201",".254",".283","57.6",".189",".243",".260","73.8","5","Av",  
"C, 1B, 3B","Boyle, Jack R  ","$504,000","9788",".206",".251",".268","34.3","110.0","19.0","31.9","78.8",".638","6.91","320.1","38.6","45.3","Av","Av",".208",".254",".277","85.2",".204",".249",".261","148.4","4","Av",  
"C","Agnew, Sam R  ","$500,000","12152",".198",".234",".270","29.9","89.4","28.8","28.3","306.8",".583","5.74","330.4","33.0","44.1","Av","Fr",".201",".241",".279","78.9",".197",".231",".265","100.6","6","Vg",  
"C","Allanson, Andy R  ","$500,000","11743",".226",".271",".277","41.5","239.7","18.4","29.8","95.2",".588","8.31","193.2","38.9","58.8","Fr","Av",".234",".274",".289","181.2",".220",".268",".268","356.1","4","Av",  
"C","Astroth, Joe R  ","$500,000","8665",".234",".294",".285","46.2","247.6","13.8","30.1","1189.6",".667","9.41","211.5","39.2","31.5","Pr","Pr",".225",".282",".269","285.4",".240",".301",".295","221.0","4","Av",  
"C","Bennett, Gary R  ","$500,000","9137",".219",".275",".264","39.4","276.9","14.8","31.1","907.0",".611","8.89","525.1","36.3","42.3","Pr","Pr",".222",".280",".272","197.5",".217",".272",".260","383.1","3","Fr",  
"C","Bergen, Bill R  ","$500,000","8569",".173",".183",".240","13.7","69.7","79.1","43.3","590.5",".385","6.83","805.2","47.4","52.4","Fr","Fr",".178",".191",".256","56.3",".168",".177",".229","83.6","3","Av",  
"C","Berres, Ray R  ","$500,000","22415",".203",".234",".253","24.6","125.2","27.0","39.7","1179.3",".645","7.26","907.2","43.8","29.9","Pr","Pr",".218",".254",".282","92.6",".187",".213",".224","187.9","3","Av",  
"C","Bertell, Dick R  ","$500,000","8359",".235",".290",".274","44.2","491.7","14.0","34.3","480.3",".704","7.76","380.2","41.5","38.0","Pr","Pr",".222",".277",".254","419.1",".245",".299",".287","555.9","8","Fr",  
"C, 1B","Boccabella, John R  ","$500,000","11266",".210",".254",".297","38.6","78.2","18.3","23.1","1206.1",".588","6.58","182.7","28.6","36.0","Pr","Pr",".215",".260",".306","77.4",".205",".249",".289","79.9","4","Av",  
"C, 1B","Brown, Lew R  ","$500,000","945",".193",".253",".289","37.5","118.1","14.2","18.9","342.0","1.00","4.98","60.4","31.1","36.6","Fr","Fr",".220",".277",".343","84.6",".170",".234",".245","174.0","5","Pr",  
"C","Chiti, Harry R  ","$500,000","14313",".228",".276",".322","46.5","66.6","16.8","24.5","3082.2",".333","5.94","131.7","33.0","28.5","Pr","Pr",".227",".271",".310","82.1",".226",".278",".326","59.4","7","Av",  
"C","Coleman, Choo Choo L  ","$500,000","4590",".193",".254",".246","33.4","139.1","14.7","35.3","201.0",".658","5.91","335.0","43.7","67.9","Fr","Fr",".179",".233",".216","253.8",".198",".262",".257","118.6","7","Fr",  
"C","Daily, Con L  ","$500,000","12247",".216",".286",".280","46.4","103.8","11.6","30.1","368.6",".514","6.75","717.9","35.2","54.6","Fr","Fr",".205",".268",".246","190.2",".218",".290",".288","92.6","5","Av",  
"C","Difelice, Mike R  ","$500,000","10808",".219",".267",".297","40.7","138.6","17.2","20.9","2920.8",".364","6.45","134.3","27.2","30.6","Fr","Pr",".221",".271",".301","138.3",".217",".262",".293","137.4","5","Av",  
"C","Fitz Gerald, Ed R  ","$500,000","13783",".235",".291",".292","45.9","176.7","14.1","26.5","358.8",".506","7.82","358.8","31.5","30.9","Fr","Fr",".242",".296",".305","135.7",".230",".289",".284","241.0","6","Av",  
"C","Gilligan, Barney R  ","$500,000","6646",".192",".274",".280","44.0","72.2","10.1","25.0","258.0",".604","6.06","170.0","33.7","52.3","Fr","Fr",".196",".279",".288","78.2",".188",".269",".273","67.2","4","Av",  
"C","Grasso, Mickey R  ","$500,000","20089",".202",".236",".255","26.3","104.6","27.8","44.9","1061.9",".645","7.08","849.5","50.3","34.0","Fr","Pr",".204",".233",".252","119.4",".201",".237",".256","96.0","4","Vg",  
"C","Guerra, Mike R  ","$500,000","4905",".219",".257",".278","36.0","163.5","20.7","28.4","582.7",".600","8.53","169.2","36.9","35.7","Fr","Fr",".221",".259",".281","161.4",".216",".255",".277","164.4","3","Av",  
"C","Holbert, Bill R  ","$500,000","3127",".185",".214",".226","18.1","130.3","28.8","60.1","1641.0",".400","6.85","820.5","68.4","46.2","Pr","Pr",".213",".243",".263","107.8",".167",".196",".204","143.5","5","Av",  
"C","Kendall, Fred R  ","$500,000","5180",".227",".272",".293","42.3","136.3","17.1","25.9","1398.8",".500","12.4","207.2","32.3","33.3","Fr","Pr",".234",".281",".298","168.3",".220",".265",".286","117.4","2","Fr",  
"C, 1B","Mack, Connie R  ","$500,000","8816",".213",".265",".267","38.2","122.4","21.3","34.7","62.8",".631","9.06","1908.6","38.3","52.1","Av","Vg",".229",".282",".292","104.8",".194",".244",".237","150.1","4","Av",  
"C, 1B","Martin, J.C. L  ","$500,000","7886",".220",".273",".299","46.7","119.5","16.3","21.7","1428.8",".429","9.68","140.5","28.3","59.5","Fr","Pr",".210",".263",".276","244.5",".223",".275",".305","102.5","9","Av",  
"C","Mathis, Jeff R  ","$500,000","5440",".192",".247",".259","33.7","113.3","15.0","28.8","990.0",".545","4.36","191.6","37.6","72.4","Fr","Pr",".204",".262",".278","109.1",".186",".237",".250","112.7","3","Av",  
"C","Murphy, Morgan R  ","$500,000","5326",".180",".233",".242","25.1","81.9","15.8","41.0","577.1",".556","5.28","721.4","47.3","43.1","Fr","Fr",".186",".239",".249","88.8",".171",".221",".231","72.9","3","Av",  
"C","Needham, Tom R  ","$500,000","9306",".206",".265",".295","42.8","62.9","16.1","25.2","407.9",".595","7.24","728.4","28.7","43.4","Fr","Fr",".215",".276",".309","58.2",".200",".256",".285","67.0","7","Av",  
"C","Nieves, Wil R  ","$500,000","17883",".241",".279",".291","44.0","415.9","19.8","25.4","1209.3",".516","8.15","297.7","30.2","37.2","Pr","Pr",".250",".289",".310","270.0",".230",".268",".270","1128.0","3","Fr",  
"C","Plummer, Bill R  ","$500,000","6083",".180",".254",".262","33.8","83.3","11.5","23.7","616.5",".579","5.18","322.9","28.7","38.7","Pr","Pr",".174",".248",".248","78.8",".184",".258",".272","86.9","3","Av",  
"3B, C, 2B","Roberts, Dave W R  ","$500,000","7268",".233",".277",".350","55.7","46.0","17.8","21.9","186.6",".712","6.18","182.2","27.1","53.3","Vg","Fr",".230",".275",".336","54.9",".235",".279",".360","41.6","7","Fr",  
"C","Roof, Phil R  ","$500,000","8076",".211",".269",".298","42.7","72.1","14.8","26.5","403.5",".595","4.93","143.2","36.5","35.8","Fr","Fr",".209",".268",".285","80.2",".214",".271",".311","65.9","3","Av",  
"C","Ryan, Jack R  ","$500,000","5586",".198",".226",".275","29.3","105.4","28.0","24.1","391.7",".789","7.21","146.9","30.6","43.9","Fr","Fr",".197",".228",".279","90.8",".199",".224",".272","120.5","4","Vg",  
"C","Stanage, Oscar R  ","$500,000","8978",".219",".258",".313","43.3","59.1","20.5","24.5","458.9",".618","7.01","385.5","28.2","42.3","Fr","Fr",".223",".263",".321","56.4",".214",".252",".305","61.6","4","Av",  
"C","Swisher, Steve R  ","$500,000","2569",".190",".250",".256","30.6","102.8","14.6","28.9","1398.5",".500","4.76","559.4","33.3","37.8","Pr","Pr",".208",".270",".271","127.5",".178",".236",".246","91.1","3","Av",  
"C","Treanor, Matt R  ","$500,000","5889",".208",".295",".254","45.6","178.5","10.3","39.8","2237.7","1.00","6.35","268.5","54.6","57.4","Pr","Pr",".192",".275",".222","506.6",".222",".312",".281","121.3","2","Av",  
"C","Walbeck, Matt S  ","$500,000","13725",".228",".269",".272","38.5","334.8","18.5","31.5","396.7",".552","9.45","276.9","38.3","39.2","Fr","Fr",".246",".296",".309","164.3",".217",".253",".251","915.1","4","Av",  
"C","Zimmerman, Jerry R  ","$500,000","7858",".206",".264",".232","28.7","1309.7","15.5","43.4","2879.0",".500","7.95","785.2","50.8","28.6","Pr","Pr",".200",".251",".221","3313.0",".210",".272",".240","906.4","3","Av",  


