"Pos","Player","Salary","AB","BA","OBP","SLG","RC600","HRF","BBF","Run","PA","OPS vs L","OPS vs R","BatPlat","FLD:C","FLD:1B","FLD:2B","FLD:3B","FLD:SS","FLD:LF","FLD:CF","FLD:RF","OF Throw","Jump","Injury","OBP vs L","OBP vs R", 
"RF, SP, LF","Ruth, Babe L  ","$35,774,000","65386",".319",".456",".701","174.1","9.96","4.98","Av","82701","1.10","1.20","2","","","","","","Av/92","","Av/92","Av","Fr","Normal",".431",".472",  
"CF","Mantle, Mickey S  ","$28,802,000","83307",".309",".426",".586","146.2","14.3","5.86","Ex","101442","1.02","1.01","-1","","","","","","","Vg/75","","Vg","Fr","Normal",".431",".423",  
"LF","Bonds, Barry L  ","$26,133,000","52150",".298",".431",".611","153.2","12.3","5.34","Vg","65323",".983","1.08","2","","","","","","Av/96","","","Vg","Av","Normal",".405",".448",  
"CF, RF","Cobb, Ty L  ","$24,445,000","56445",".358",".424",".530","128.9","47.1","9.91","Ex","63867",".912",".980","1","","","","","","","Vg/99","Vg/99","Vg","Ex","Normal",".405",".435",  
"LF","Williams, Ted L  ","$23,969,000","47250",".317",".453",".580","152.5","15.4","5.03","Av","59766",".911","1.11","4","","","","","","Av/98","","","Av","Pr","Normal",".406",".482",  
"1B","Gehrig, Lou L  ","$23,797,000","70721",".320",".429",".607","145.6","15.2","6.23","Av","85491",".961","1.09","3","","Av/93","","","","","","","&nbsp;","Fr","Iron",".397",".450",  
"CF","Charleston, Oscar L  ","$22,995,000","70496",".304",".377",".517","112.6","22.7","9.48","Ex","79857",".850",".920","1","","","","","","","Ex/77","","Vg","Av","Normal",".360",".387",  
"SS, 1B, 3B, RF","Wagner, Honus R  ","$22,872,000","78795",".324",".389",".503","113.6","48.0","10.7","Ex","88521",".912",".883","-1","","Fr/101","","Vg/87","Ex/89","","","Vg/44","Vg","Ex","Normal",".400",".384",  
"2B","Collins, Eddie L  ","$22,772,000","52970",".322",".401",".453","113.2","53.9","8.80","Ex","61212",".819",".874","1","","","Ex/69","","","","","","&nbsp;","Ex","Iron",".389",".408",  
"2B","Hornsby, Rogers R  ","$22,698,000","45931",".334",".418",".575","135.0","21.0","7.93","Vg","53456","1.03",".972","-1","","","Av/95","","","","","","&nbsp;","Fr","Normal",".440",".406",  
"CF","Speaker, Tris L  ","$22,350,000","45821",".312",".390",".473","108.0","51.3","9.31","Ex","52571",".799",".904","1","","","","","","","Ex/73","","Ex","Vg","Iron",".368",".404",  
"1B, LF","Pujols, Albert R  ","$22,256,000","40969",".315",".393",".558","122.3","17.5","8.83","Vg","47099",".999",".928","-1","","Ex/89","","","","Fr/93","","","Fr","Fr","Normal",".413",".383",  
"RF, 1B, LF, CF","Musial, Stan L  ","$22,109,000","58157",".315",".396",".530","121.0","27.9","8.52","Vg","66935",".881",".953","1","","Av/75","","","","Vg/81","Av/81","Vg/81","Av","Fr","Iron",".376",".407",  
"C","Gibson, Josh R  ","$22,077,000","63384",".290",".389",".568","125.8","14.0","7.18","Av","74681",".977",".945","0","Vg/97","","","","","","","","&nbsp;","Fr","Normal",".398",".383",  
"RF, CF","Aaron, Hank R  ","$21,872,000","53565",".308",".371",".544","114.1","18.6","10.8","Ex","59847","1.04",".853","-3","","","","","","","Av/76","Vg/76","Vg","Av","Iron",".422",".344",  
"CF","Mays, Willie R  ","$21,838,000","49440",".299",".376",".538","116.9","18.6","9.00","Ex","56401",".974",".884","-2","","","","","","","Ex/77","","Vg","Av","Iron",".406",".361",  
"1B","Foxx, Jimmie R  ","$21,419,000","58521",".294",".397",".578","130.4","13.8","6.83","Av","69535","1.01",".957","-2","","Vg/82","","","","","","","&nbsp;","Fr","Normal",".412",".389",  
"CF","DiMaggio, Joe R  ","$21,087,000","63663",".305",".366",".540","112.4","19.5","11.8","Vg","70904",".939",".895","-2","","","","","","","Ex/87","","Ex","Pr","Normal",".384",".357",  
"LF, CF","Henderson, Rickey R  ","$20,956,000","64112",".279",".390",".432","112.3","36.6","6.59","Ex","76512",".883",".793","-1","","","","","","Ex/107","Vg/107","","Av","Ex","Normal",".409",".381",  
"3B","Mathews, Eddie L  ","$20,224,000","108198",".273",".376",".510","115.6","17.0","7.03","Av","127895",".800",".946","3","","","","Vg/92","","","","","&nbsp;","Fr","Normal",".345",".397",  
"CF","Griffey, Ken Jr L  ","$19,723,000","78459",".283",".350",".514","104.7","17.5","10.9","Vg","87837",".818",".895","1","","","","","","","Vg/76","","Vg","Av","Normal",".332",".362",  
"3B, 1B","Schmidt, Mike R  ","$19,697,000","67514",".262",".369",".520","113.0","14.9","7.00","Av","80050",".975",".841","-2","","Vg/101","","Ex/90","","","","","&nbsp;","Fr","Normal",".401",".350",  
"RF, CF","Kaline, Al R  ","$18,945,000","75730",".301",".364",".460","97.1","35.4","11.1","Ex","84520",".869",".801","-2","","","","","","","Vg/64","Ex/64","Ex","Fr","Normal",".381",".356",  
"CF","Snider, Duke L  ","$18,921,000","55907",".286",".359",".495","102.0","21.8","9.84","Vg","63301",".752",".919","5","","","","","","","Vg/64","","Vg","Fr","Normal",".320",".383",  
"3B, 1B","Brett, George L  ","$18,740,000","48732",".302",".364",".482","102.7","31.8","11.1","Ex","54355",".756",".906","3","","Av/103","","Vg/103","","","","","&nbsp;","Fr","Prone",".332",".385",  
"LF, CF, RF","Jackson, Joe L  ","$18,194,000","58314",".320",".379",".495","108.0","44.4","12.0","Ex","65022",".814",".913","1","","","","","","Av/88","Av/88","Av/88","Vg","Vg","Normal",".355",".394",  
"SS, 3B","Rodriguez, Alex R  ","$18,133,000","81480",".280",".372",".514","112.4","16.4","8.35","Vg","94677",".889",".884","0","","","","Av/94","Av/77","","","","&nbsp;","Av","Normal",".374",".371",  
"1B","Votto, Joey L  ","$17,898,000","41275",".300",".412",".476","118.3","28.7","6.31","Fr","49722",".794",".944","2","","Vg/96","","","","","","","&nbsp;","Fr","Normal",".377",".432",  
"RF, 1B, LF","Robinson, Frank R  ","$17,848,000","128475",".291",".380",".522","114.7","19.7","8.73","Vg","149292",".900",".904","0","","Av/98","","","","Av/69","","Av/69","Av","Av","Normal",".379",".381",  
"3B, LF","Jones, Chipper S  ","$17,566,000","121850",".290",".383",".485","109.2","23.0","7.52","Vg","142254",".836",".889","1","","","","Av/90","","Fr/149","","","Fr","Fr","Normal",".373",".389",  
"LF, 1B","Delahanty, Ed R  ","$17,545,000","60468",".322",".387",".503","111.3","42.1","10.3","Vg","67969",".925",".873","-1","","Av/110","","","","Vg/65","","","Vg","Vg","Normal",".403",".380",  
"2B","Lajoie, Nap R  ","$17,475,000","76203",".329",".376",".493","105.8","46.4","15.0","Vg","83402",".928",".841","-1","","","Vg/68","","","","","","&nbsp;","Vg","Prone",".396",".367",  
"1B","Bagwell, Jeff R  ","$17,474,000","58257",".292",".399",".512","119.5","19.8","6.87","Vg","69753","1.00",".862","-2","","Av/91","","","","","","","&nbsp;","Av","Normal",".433",".380",  
"SS","Lloyd, Pop L  ","$17,440,000","66077",".281",".372",".425","99.2","45.0","8.10","Ex","76758",".759",".823","1","","","","","Ex/89","","","","&nbsp;","Vg","Normal",".360",".380",  
"RF, 3B, CF","Ott, Mel L  ","$17,436,000","82869",".290",".399",".521","124.0","18.5","6.52","Av","99384",".864",".958","1","","","","Fr/103","","","Fr/68","Av/68","Vg","Fr","Normal",".380",".411",  
"1B","McGwire, Mark R  ","$17,430,000","159109",".248",".375",".555","122.5","11.2","6.01","Pr","194274",".962",".912","-1","","Av/89","","","","","","","&nbsp;","Pr","Prone",".389",".367",  
"1B","Helton, Todd L  ","$17,065,000","52853",".295",".387",".462","107.3","32.6","7.66","Av","61780",".764",".898","3","","Ex/56","","","","","","","&nbsp;","Fr","Normal",".357",".403",  
"2B","Morgan, Joe L  ","$17,057,000","46217",".264",".384",".422","109.5","34.8","6.18","Vg","55904",".721",".860","2","","","Vg/69","","","","","","&nbsp;","Ex","Normal",".356",".401",  
"2B, 1B, 3B, LF","Robinson, Jackie R  ","$17,013,000","59366",".284",".372",".410","95.3","57.2","8.93","Ex","68799",".787",".780","0","","Av/115","Ex/67","Ex/75","","Av/72","","","Av","Vg","Normal",".373",".372",  
"1B","Mize, Johnny L  ","$16,992,000","89998",".287",".370",".517","112.9","19.8","8.73","Av","103506",".822",".932","4","","Av/89","","","","","","","&nbsp;","Pr","Normal",".346",".387",  
"DH, 1B","Thomas, Frank E R  ","$16,761,000","58179",".299",".411",".511","123.8","21.0","6.23","Fr","70429","1.06",".852","-3","","Pr/127","","","","","","","&nbsp;","Pr","Normal",".465",".382",  
"1B","Oh, Sadaharu L  ","$16,621,000","76658",".268",".394",".447","110.9","21.6","5.90","Av","93946",".785",".880","1","","Vg/85","","","","","","","&nbsp;","Pr","Iron",".381",".403",  
"1B","Leonard, Buck L  ","$16,539,000","111477",".292",".375",".528","116.6","19.0","8.59","Av","128546",".869",".924","1","","Vg/89","","","","","","","&nbsp;","Pr","Normal",".359",".386",  
"1B","Terry, Bill L  ","$16,356,000","38147",".314",".367",".456","96.4","52.9","13.0","Av","41905",".779",".850","1","","Ex/71","","","","","","","&nbsp;","Fr","Normal",".354",".375",  
"RF, LF","Ramirez, Manny R  ","$16,092,000","97515",".300",".389",".547","119.9","16.6","7.97","Fr","113394","1.01",".894","-2","","","","","","Fr/151","","Fr/151","Av","Pr","Prone",".419",".371",  
"RF, CF","Jackson, Reggie L  ","$15,943,000","79983",".267",".347",".497","101.2","18.5","9.53","Av","90913",".763",".898","2","","","","","","","Fr/176","Vg/176","Vg","Vg","Normal",".318",".366",  
"1B","Brouthers, Dan L  ","$15,866,000","52761",".308",".390",".466","107.8","61.5","9.17","Vg","61037",".831",".874","1","","Av/98","","","","","","","&nbsp;","Av","Iron",".382",".396",  
"1B, LF","Greenberg, Hank R  ","$15,830,000","89435",".274",".364",".534","111.9","17.0","8.05","Av","103880",".950",".869","-2","","Vg/96","","","","Fr/125","","","Fr","Fr","Normal",".386",".352",  
"RF","Clemente, Roberto R  ","$15,804,000","47874",".309",".352",".465","93.3","40.3","15.9","Vg","51805",".868",".796","-2","","","","","","","","Ex/110","Ex","Fr","Normal",".374",".342",  
"RF, CF","Sosa, Sammy R  ","$15,774,000","68579",".275",".346",".526","104.3","15.2","10.2","Vg","77120",".927",".841","-2","","","","","","","Av/133","Vg/133","Vg","Av","Normal",".370",".332",  
"CF","Torriente, Cristobal L  ","$15,767,000","81322",".293",".340",".452","87.9","36.4","15.5","Vg","88353",".763",".809","1","","","","","","","Ex/75","","Av","Fr","Normal",".327",".347",  
"1B","Palmeiro, Rafael L  ","$15,655,000","60379",".274",".354",".486","102.6","20.0","9.14","Av","68929",".809",".860","1","","Vg/66","","","","","","","&nbsp;","Fr","Iron",".340",".363",  
"3B","Rolen, Scott R  ","$15,640,000","28360",".272",".357",".447","96.0","29.1","8.87","Vg","32638",".842",".781","-1","","","","Ex/72","","","","","&nbsp;","Fr","Fragile",".373",".347",  
"1B, 3B, LF","Cabrera, Miguel R  ","$15,581,000","52358",".309",".377",".519","109.9","21.2","10.1","Fr","59039",".932",".872","-1","","Fr/125","","Fr/105","","Fr/163","","","Ex","Pr","Normal",".389",".369",  
"1B","Murray, Eddie S  ","$15,549,000","58304",".290",".365",".468","99.5","25.7","9.35","Fr","66210",".813",".844","1","","Vg/89","","","","","","","&nbsp;","Fr","Normal",".361",".367",  
"CF, LF, RF","Wynn, Jim R  ","$15,488,000","107638",".251",".360",".456","100.6","21.1","6.93","Vg","127757",".807",".823","0","","","","","","Vg/71","Vg/71","Vg/71","Av","Av","Normal",".354",".364",  
"RF, 3B, LF","Sheffield, Gary R  ","$15,471,000","99188",".289",".396",".499","117.5","19.8","6.87","Av","118590",".896",".894","0","","","","Pr/187","","Fr/129","","Fr/129","Av","Av","Prone",".395",".396",  
"3B","Santo, Ron R  ","$15,469,000","40896",".267",".358",".443","94.6","26.3","8.06","Av","47371",".775",".816","0","","","","Ex/84","","","","","&nbsp;","Fr","Iron",".349",".364",  
"3B, 1B, LF","Allen, Dick R  ","$15,455,000","173171",".291",".375",".544","116.9","17.4","8.36","Vg","199483",".992",".878","-2","","Av/115","","Av/141","","Fr/177","","","Fr","Fr","Prone",".403",".359",  
"1B, 3B","Thome, Jim L  ","$15,416,000","95641",".263",".383",".504","116.2","16.1","6.16","Fr","115613",".747",".978","5","","Fr/90","","Fr/107","","","","","&nbsp;","Pr","Normal",".330",".417",  
"C","Piazza, Mike R  ","$15,379,000","82263",".308",".367",".522","106.6","18.9","11.4","Pr","91442",".934",".863","-1","Av/112","","","","","","","","&nbsp;","Pr","Normal",".385",".356",  
"LF, 1B, CF","Yastrzemski, Carl L  ","$15,306,000","64193",".285",".372",".463","101.6","28.8","8.15","Av","74185",".710",".916","4","","Vg/120","","","","Vg/106","Av/106","","Vg","Fr","Iron",".332",".397",  
"3B, 1B","Boggs, Wade L  ","$15,223,000","63958",".326",".406",".422","103.9","113.0","8.40","Fr","73538",".755",".875","3","","Vg/103","","Av/84","","","","","&nbsp;","Pr","Normal",".379",".423",  
"SS, 3B","Vaughan, Arky L  ","$15,193,000","55639",".277",".370",".416","96.6","49.2","8.01","Vg","64831",".741",".817","1","","","","Av/76","Vg/93","","","","&nbsp;","Fr","Prone",".358",".378",  
"1B, 3B, LF","Killebrew, Harmon R  ","$15,174,000","153344",".262",".372",".519","112.4","14.6","6.75","Fr","182907",".928",".869","-1","","Av/101","","Fr/125","","Pr/125","","","Fr","Pr","Normal",".385",".364",  
"RF, SP, 1B, 2B, 3B, SS, LF, CF","Dihigo, Martin R  ","$15,156,000","42499",".282",".346",".465","92.6","26.9","11.2","Vg","47496",".846",".790","-1","","Vg/82","Fr/88","Vg/63","Fr/90","Vg/89","Av/89","Vg/89","Vg","Av","Normal",".359",".338",  
"1B","Giambi, Jason L  ","$15,116,000","91519",".276",".395",".488","116.2","19.2","6.48","Fr","111029",".835",".915","2","","Fr/110","","","","","","","&nbsp;","Pr","Normal",".379",".405",  
"1B, LF, CF, RF","Berkman, Lance S  ","$14,838,000","81983",".278",".377",".474","106.6","23.4","7.38","Fr","96246",".715",".946","4","","Fr/101","","","","Av/126","Fr/126","Av/126","Av","Fr","Normal",".329",".410",  
"LF, 1B, CF","Kelley, Joe R  ","$14,813,000","42746",".285",".364",".439","95.9","49.9","9.11","Ex","48859",".835",".786","-1","","Av/89","","","","Vg/59","Av/59","","Vg","Vg","Normal",".377",".358",  
"CF, RF","Doby, Larry L  ","$14,795,000","79197",".273",".354",".461","97.4","23.7","9.07","Vg","90419",".754",".859","2","","","","","","","Vg/77","Vg/77","Vg","Fr","Normal",".337",".366",  
"LF, CF","Simmons, Al R  ","$14,747,000","44796",".309",".350",".506","100.4","25.4","17.0","Av","48345",".894",".834","-3","","","","","","Vg/52","Av/52","","Av","Fr","Prone",".372",".337",  
"LF, RF","Keller, Charlie L  ","$14,720,000","121892",".273",".377",".489","112.7","20.5","7.01","Av","144487",".814",".902","1","","","","","","Av/76","","Av/76","Fr","Fr","Prone",".358",".390",  
"CF","Edmonds, Jim L  ","$14,694,000","45117",".275",".358",".481","101.7","21.5","8.86","Av","51563",".746",".898","3","","","","","","","Vg/64","","Vg","Fr","Fragile",".327",".377",  
"CF","Kauff, Benny L  ","$14,669,000","55621",".300",".376",".461","103.6","36.9","9.45","Ex","63396",".770",".878","1","","","","","","","Av/107","","Vg","Ex","Normal",".352",".391",  
"RF, 1B","Walker, Larry L  ","$14,606,000","81189",".285",".364",".481","102.6","24.8","9.93","Vg","92690",".772",".890","2","","Av/164","","","","","","Vg/75","Ex","Av","Prone",".338",".380",  
"2B","Alomar, Roberto S  ","$14,567,000","43368",".290",".360",".406","91.2","69.4","10.2","Vg","49138",".708",".805","2","","","Vg/63","","","","","","&nbsp;","Vg","Normal",".338",".374",  
"SS","Wells, Willie R  ","$14,519,000","59861",".277",".345",".408","84.8","63.4","10.7","Ex","67017",".745",".758","0","","","","","Vg/80","","","","&nbsp;","Av","Normal",".342",".347",  
"RF","Guerrero, Vladimir R  ","$14,428,000","62364",".304",".353",".509","100.9","21.7","14.9","Vg","68158",".933",".824","-2","","","","","","","","Av/218","Ex","Av","Normal",".381",".338",  
"RF, CF","Suzuki, Ichiro L  ","$14,369,000","57589",".312",".350",".368","80.8","383.9","18.6","Vg","61889",".721",".714","-1","","","","","","","Vg/39","Vg/39","Ex","Vg","Iron",".353",".347",  
"LF, CF","Stearnes, Turkey L  ","$14,303,000","64673",".274",".354",".463","95.9","26.7","11.0","Ex","73854",".798",".830","1","","","","","","Vg/100","Vg/100","","Vg","Av","Normal",".347",".359",  
"2B","Gehringer, Charlie L  ","$14,288,000","54975",".284",".352",".426","88.9","43.5","11.0","Vg","61570",".744",".796","2","","","Vg/71","","","","","","&nbsp;","Av","Normal",".341",".358",  
"1B, LF","McCovey, Willie L  ","$14,254,000","64551",".271",".368",".520","112.3","16.0","7.76","Av","75528",".774",".965","4","","Av/140","","","","Fr/218","","","Fr","Pr","Normal",".321",".399",  
"SS","Boudreau, Lou R  ","$14,245,000","61511",".285",".353",".408","86.6","65.2","10.7","Av","69606",".813",".734","-2","","","","","Ex/58","","","","&nbsp;","Fr","Normal",".372",".343",  
"SS, LF, CF","Yount, Robin R  ","$14,230,000","61179",".282",".341",".428","87.6","49.9","12.2","Ex","67685",".773",".769","0","","","","","Vg/80","Av/65","Av/65","","Fr","Av","Normal",".341",".341",  
"3B","Donaldson, Josh R  ","$14,228,000","26070",".270",".366",".453","99.4","25.5","7.72","Fr","30475",".880",".769","-2","","","","Vg/100","","","","","&nbsp;","Pr","Prone",".390",".348",  
"1B","Hernandez, Keith L  ","$14,145,000","51457",".284",".367",".415","92.3","48.1","8.69","Vg","58870",".756",".798","1","","Ex/63","","","","","","","&nbsp;","Fr","Normal",".361",".371",  
"CF","Jones, Andruw R  ","$14,133,000","51557",".254",".322",".448","83.6","22.2","11.4","Vg","57459",".764",".771","-1","","","","","","","Ex/54","","Ex","Av","Normal",".318",".323",  
"RF, 1B","Evans, Dwight R  ","$14,120,000","63135",".252",".354",".438","94.1","25.2","7.46","Vg","74048",".867",".745","-2","","Av/225","","","","","","Vg/68","Ex","Fr","Normal",".383",".336",  
"CF, LF","Hamilton, Billy L  ","$14,073,000","67233",".301",".403",".399","102.6","58.0","6.91","Ex","79625",".745",".841","1","","","","","","Vg/89","Vg/89","","Fr","Ex","Prone",".387",".414",  
"DH, 3B","Martinez, Edgar R  ","$14,051,000","56352",".302",".405",".491","118.6","26.4","6.83","Fr","67159",".926",".878","-1","","","","Pr/115","","","","","&nbsp;","Fr","Prone",".420",".397",  
"2B","Sandberg, Ryne R  ","$14,007,000","55113",".270",".334",".421","84.4","34.8","11.6","Vg","61230",".783",".739","-1","","","Vg/52","","","","","","&nbsp;","Vg","Normal",".344",".328",  
"LF, CF","Raines, Tim S  ","$13,990,000","58878",".286",".368",".411","98.3","66.7","8.89","Vg","67201",".783",".775","0","","","","","","Av/66","Fr/66","","Av","Ex","Prone",".370",".367",  
"CF, LF","Berger, Wally R  ","$13,966,000","110479",".273",".337",".499","97.1","19.1","11.7","Av","122898",".842",".832","0","","","","","","Vg/97","Vg/97","","Av","Fr","Normal",".341",".335",  
"2B","Gordon, Joe R  ","$13,939,000","73278",".265",".337",".460","89.1","22.6","10.3","Vg","82551",".824",".782","-1","","","Ex/100","","","","","","&nbsp;","Fr","Normal",".350",".330",  
"SS","Ripken, Cal R  ","$13,928,000","66818",".268",".336",".428","84.1","32.3","10.7","Av","74761",".786",".750","-1","","","","","Vg/66","","","","&nbsp;","Pr","Iron",".344",".331",  
"1B, CF","Connor, Roger L  ","$13,879,000","58900",".288",".370",".453","99.6","43.6","8.72","Vg","67705",".783",".847","1","","Vg/79","","","","","Fr/123","","Fr","Av","Iron",".354",".380",  
"2B, C","Biggio, Craig R  ","$13,692,000","55019",".287",".376",".416","98.8","52.4","9.27","Vg","63898",".815",".778","-1","Vg/83","","Av/88","","","","","","&nbsp;","Vg","Iron",".384",".370",  
"RF, LF","Colavito, Rocky R  ","$13,680,000","66115",".263",".351",".463","95.6","21.5","8.42","Fr","76189",".851",".793","-1","","","","","","Av/97","","Av/97","Ex","Pr","Iron",".363",".344",  
"LF, 1B","Kiner, Ralph R  ","$13,604,000","123878",".249",".357",".485","103.4","16.3","6.99","Fr","146835",".841",".841","0","","Fr/174","","","","Av/122","","","Fr","Pr","Normal",".356",".357",  
"2B","Cano, Robinson L  ","$13,583,000","16800",".295",".343",".437","85.9","39.1","15.4","Av","18258",".745",".815","2","","","Vg/63","","","","","","&nbsp;","Pr","Normal",".327",".357",  
"LF, 1B","Stargell, Willie L  ","$13,582,000","74331",".263",".341",".501","100.0","16.8","9.94","Fr","84084",".722",".920","3","","Fr/108","","","","Fr/127","","","Vg","Pr","Normal",".300",".367",  
"RF, 1B","Clark, Jack R  ","$13,558,000","101477",".260",".382",".481","109.3","18.9","6.08","Av","123090",".950",".809","-3","","Av/130","","","","","","Fr/115","Vg","Fr","Prone",".418",".359",  
"LF, 2B, 3B, RF","Phillips, Tony S  ","$13,475,000","115487",".260",".370",".364","87.6","70.5","6.73","Vg","137247",".737",".732","-1","","","Vg/84","Vg/133","","Ex/152","","Ex/152","Av","Av","Normal",".372",".369",  
"RF, 1B","Waner, Paul L  ","$13,474,000","74396",".292",".365",".443","95.9","50.3","9.98","Vg","84500",".740",".848","3","","Fr/121","","","","","","Vg/82","Vg","Fr","Normal",".341",".379",  
"CF","Beltran, Carlos S  ","$13,422,000","64036",".267",".344",".442","93.8","29.1","9.35","Vg","72803",".775",".795","-1","","","","","","","Vg/73","","Av","Vg","Prone",".344",".346",  
"LF","Wheat, Zack L  ","$13,422,000","56965",".300",".353",".450","92.9","40.4","13.8","Av","62683",".729",".850","2","","","","","","Ex/90","","","Fr","Fr","Normal",".328",".369",  
"LF, 1B, 2B, 3B, RF","Rose, Pete S  ","$13,377,000","48063",".296",".366",".398","89.3","95.2","10.3","Vg","53974",".666",".829","3","","Av/75","Fr/100","Fr/66","","Vg/30","","Vg/30","Av","Fr","Iron",".331",".388",  
"1B, 2B","Carew, Rod L  ","$13,358,000","65058",".317",".382",".406","93.9","159.1","10.7","Ex","73443",".764",".805","1","","Vg/109","Av/118","","","","","","&nbsp;","Vg","Normal",".376",".386",  
"LF","Burkett, Jesse L  ","$13,339,000","88631",".312",".384",".428","97.7","53.0","9.57","Av","100392",".768",".839","1","","","","","","Vg/120","","","Av","Vg","Iron",".370",".393",  
"LF, 1B, RF","Howard, Frank R  ","$13,329,000","69971",".280",".356",".511","101.8","17.3","9.57","Fr","79276",".963",".810","-3","","Fr/185","","","","Fr/121","","Fr/121","Fr","Pr","Normal",".394",".333",  
"3B, 1B","Rosen, Al R  ","$13,325,000","60576",".278",".359",".473","98.4","22.5","9.02","Av","69255",".865",".813","-1","","Av/195","","Av/85","","","","","&nbsp;","Fr","Normal",".375",".350",  
"RF, 1B, CF","Smith, Reggie S  ","$13,290,000","70196",".275",".350",".466","96.3","24.7","9.62","Vg","79455",".759",".851","1","","Fr/174","","","","","Vg/128","Vg/128","Vg","Fr","Prone",".329",".363",  
"LF, 3B, RF","Minoso, Minnie R  ","$13,279,000","50181",".280",".361",".424","91.8","43.5","11.0","Ex","57327",".766",".799","1","","","","Fr/138","","Vg/119","","Vg/119","Vg","Av","Iron",".356",".365",  
"CF","Ashburn, Richie L  ","$13,240,000","54617",".302",".375",".357","86.0","1365.4","9.94","Ex","62257",".724",".736","0","","","","","","","Ex/70","","Av","Av","Iron",".372",".377",  
"CF","Bell, Cool Papa S  ","$13,209,000","49066",".296",".347",".409","87.8","75.5","14.2","Ex","53963",".726",".773","1","","","","","","","Ex/42","","Fr","Ex","Normal",".337",".353",  
"3B","Wright, David R  ","$13,156,000","63907",".295",".373",".464","101.8","31.7","8.96","Vg","72833",".911",".795","-3","","","","Av/100","","","","","&nbsp;","Av","Prone",".402",".357",  
"1B","Delgado, Carlos L  ","$13,134,000","109106",".266",".363",".492","106.6","18.8","8.24","Pr","127599",".765",".913","3","","Av/113","","","","","","","&nbsp;","Pr","Normal",".330",".383",  
"RF, CF","Bonds, Bobby R  ","$13,043,000","60064",".262",".340",".459","94.8","23.6","9.65","Vg","67871",".775",".813","0","","","","","","","Av/98","Vg/98","Vg","Ex","Normal",".333",".344",  
"SS","Appling, Luke R  ","$12,986,000","79892",".291",".367",".367","83.2","148.8","9.43","Vg","90895",".764",".716","-1","","","","","Vg/106","","","","&nbsp;","Fr","Normal",".379",".360",  
"2B","Utley, Chase L  ","$12,944,000","37069",".271",".350",".423","91.4","36.2","11.2","Vg","42154",".699",".816","1","","","Ex/108","","","","","","&nbsp;","Fr","Prone",".326",".364",  
"CF, LF, RF","Duffy, Hugh R  ","$12,931,000","49493",".285",".337",".406","82.1","49.2","13.6","Ex","54312",".765",".735","-1","","","","","","Ex/73","Ex/73","Ex/73","Av","Ex","Iron",".346",".333",  
"1B","Gonzalez, Adrian L  ","$12,928,000","55053",".284",".348",".453","91.2","27.4","11.1","Fr","61442",".741",".842","2","","Vg/72","","","","","","","&nbsp;","Pr","Iron",".325",".363",  
"CF, LF, RF","Wilson, Hack R  ","$12,922,000","76932",".266",".355",".495","102.6","18.0","8.29","Av","88708",".879",".832","-1","","","","","","Av/121","Fr/121","Av/121","Fr","Fr","Normal",".367",".348",  
"SS","Larkin, Barry R  ","$12,907,000","28234",".280",".357",".397","88.7","61.5","9.45","Ex","32103",".846",".707","-2","","","","","Vg/70","","","","&nbsp;","Vg","Prone",".390",".340",  
"1B, C, RF","Chance, Frank R  ","$12,896,000","26485",".280",".371",".405","94.5","59.1","9.12","Ex","30808",".814",".759","-1","Fr/108","Vg/70","","","","","","Pr/177","Fr","Ex","Prone",".386",".364",  
"RF, 1B","Heilmann, Harry R  ","$12,889,000","66644",".313",".383",".499","109.9","29.9","9.82","Fr","75618",".933",".854","-1","","Av/151","","","","","","Fr/107","Av","Fr","Normal",".402",".372",  
"RF, LF, CF","Brown, Willard R  ","$12,855,000","40278",".276",".330",".461","87.1","23.5","13.5","Vg","44129",".804",".785","-1","","","","","","Vg/61","Av/61","Vg/61","Vg","Fr","Normal",".337",".326",  
"LF","Hill, Pete L  ","$12,844,000","53340",".295",".345",".434","87.6","45.2","14.6","Vg","58503",".718",".813","1","","","","","","Vg/90","","","Vg","Fr","Normal",".329",".355",  
"LF, 1B, CF","Magee, Sherry R  ","$12,842,000","65545",".285",".352",".453","94.4","41.5","11.5","Vg","73804",".838",".784","-1","","Pr/160","","","","Vg/68","Vg/68","","Fr","Ex","Normal",".363",".345",  
"SP, LF, RF","Rogan, Bullet Joe R  ","$12,815,000","11288",".259",".317",".400","72.5","41.5","12.9","Av","12405",".749",".689","-1","","","","","","Av/126","","Av/126","Vg","Av","Iron",".326",".308",  
"RF, LF, CF","Gonzalez, Juan R  ","$12,807,000","68214",".280",".326",".513","94.9","17.4","16.4","Av","74008",".901",".804","-2","","","","","","Av/101","Fr/101","Fr/101","Av","Pr","Prone",".354",".309",  
"CF","Carey, Max S  ","$12,803,000","63601",".262",".342",".383","84.5","52.3","9.79","Ex","72475",".705",".737","-1","","","","","","","Ex/98","","Vg","Ex","Normal",".338",".345",  
"SS","Jeter, Derek R  ","$12,773,000","112655",".306",".378",".422","96.4","54.2","10.5","Vg","127777",".876",".754","-2","","","","","Av/88","","","","&nbsp;","Av","Normal",".403",".362",  
"1B, 3B","Perez, Tony R  ","$12,705,000","51016",".272",".337",".457","89.6","25.7","11.3","Av","56796",".848",".762","-2","","Vg/81","","Av/113","","","","","&nbsp;","Fr","Normal",".357",".325",  
"CF","Williams, Bernie S  ","$12,664,000","83505",".294",".374",".448","98.7","36.6","8.75","Av","95311",".839",".811","-1","","","","","","","Av/60","","Fr","Av","Prone",".380",".370",  
"2B, 3B, SS","Frisch, Frankie S  ","$12,600,000","53977",".283",".337",".403","79.9","63.7","13.4","Ex","59401",".723",".750","0","","","Ex/77","Av/101","Fr/117","","","","&nbsp;","Vg","Normal",".333",".339",  
"CF","Pinson, Vada L  ","$12,565,000","56220",".276",".324",".422","81.3","44.0","15.5","Ex","60996",".686",".782","2","","","","","","","Vg/81","","Vg","Vg","Iron",".303",".336",  
"LF, 1B, RF","Irvin, Monte R  ","$12,549,000","31421",".280",".361",".427","91.6","36.7","9.36","Vg","35840",".785",".792","1","","Av/186","","","","Vg/76","","Av/76","Vg","Fr","Normal",".362",".361",  
"1B","Teixeira, Mark S  ","$12,549,000","70315",".270",".354",".471","99.0","22.6","9.02","Av","80656",".852",".806","-1","","Vg/51","","","","","","","&nbsp;","Pr","Prone",".370",".343",  
"LF","Sheckard, Jimmy L  ","$12,546,000","31587",".261",".352",".397","85.5","46.2","8.30","Vg","36749",".684",".784","1","","","","","","Ex/77","","","Vg","Vg","Normal",".333",".362",  
"SS, 1B, 3B","Banks, Ernie R  ","$12,524,000","93081",".258",".311",".468","84.8","20.5","14.4","Av","101762",".762",".790","0","","Av/65","","Av/88","Av/76","","","","&nbsp;","Fr","Normal",".306",".314",  
"RF, LF, CF","Winfield, Dave R  ","$12,502,000","48433",".282",".346",".472","94.4","24.9","11.1","Ex","54014",".862",".791","-1","","","","","","Av/89","Fr/89","Av/89","Ex","Av","Normal",".365",".335",  
"1B","Taylor, Ben L  ","$12,485,000","44820",".289",".359",".389","83.9","88.8","9.94","Av","50406",".705",".774","1","","Ex/80","","","","","","","&nbsp;","Fr","Normal",".341",".370",  
"CF","Averill, Earl L  ","$12,443,000","66580",".268",".334",".457","89.4","25.3","11.3","Vg","74156",".744",".822","2","","","","","","","Vg/95","","Av","Fr","Normal",".317",".345",  
"RF","Ordonez, Magglio R  ","$12,430,000","53789",".293",".355",".441","90.1","37.5","11.2","Av","59772",".851",".764","-2","","","","","","","","Av/84","Av","Fr","Normal",".376",".342",  
"C, 1B","Tenace, Gene R  ","$12,411,000","36345",".243",".380",".439","105.8","21.9","5.82","Av","44908",".861",".794","-1","Vg/89","Av/85","","","","","","","&nbsp;","Fr","Prone",".392",".373",  
"3B","Baker, Frank L  ","$12,403,000","46056",".289",".337",".433","84.8","42.3","15.0","Vg","50313",".722",".801","1","","","","Vg/91","","","","","&nbsp;","Vg","Normal",".323",".346",  
"CF, RF","Lemon, Chet R  ","$12,375,000","43906",".270",".354",".433","91.4","36.4","10.3","Vg","50320",".804",".777","-1","","","","","","","Vg/80","Vg/80","Av","Fr","Normal",".356",".352",  
"LF, RF","Belle, Albert R  ","$12,372,000","54115",".270",".336",".502","96.2","18.4","11.1","Av","60468",".893",".809","-1","","","","","","Fr/145","","Fr/145","Av","Fr","Normal",".354",".327",  
"1B, LF","Suttles, Mule R  ","$12,339,000","54211",".280",".352",".506","100.1","17.8","10.0","Fr","61140",".901",".833","-1","","Fr/120","","","","Pr/121","","","Fr","Pr","Normal",".369",".341",  
"RF","Abreu, Bobby L  ","$12,277,000","48342",".279",".380",".414","99.0","46.9","7.08","Av","56948",".685",".862","3","","","","","","","","Av/97","Vg","Vg","Normal",".341",".404",  
"3B, SS","McGraw, John L  ","$12,273,000","68951",".278",".403",".366","98.9","74.8","6.37","Ex","84561",".754",".778","1","","","","Av/94","Pr/102","","","","&nbsp;","Ex","Prone",".399",".405",  
"LF","Clarke, Fred L  ","$12,244,000","45043",".285",".354",".430","89.9","52.6","11.2","Vg","50705",".759",".800","1","","","","","","Ex/70","","","Av","Vg","Prone",".345",".360",  
"3B","Nettles, Graig L  ","$12,224,000","49619",".248",".323",".399","77.5","28.7","10.1","Av","55901",".629",".770","2","","","","Ex/75","","","","","&nbsp;","Fr","Normal",".293",".338",  
"RF, LF","Selkirk, George L  ","$12,208,000","45200",".268",".362",".442","97.1","27.4","8.03","Av","52532",".761",".827","0","","","","","","Av/77","","Av/77","Av","Fr","Normal",".350",".369",  
"RF, LF","Cravath, Gavvy R  ","$12,181,000","55688",".264",".358",".462","98.2","27.2","7.91","Fr","64850",".876",".786","-1","","","","","","Av/140","","Av/140","Ex","Av","Normal",".380",".344",  
"2B, 3B, SS","Monroe, Bill R  ","$12,177,000","36804",".270",".337",".399","81.3","45.3","11.2","Vg","41342",".768",".717","-1","","","Vg/70","Ex/92","Vg/70","","","","&nbsp;","Fr","Normal",".344",".333",  
"RF, LF","Slaughter, Enos L  ","$12,157,000","38564",".276",".347",".411","87.1","53.0","10.4","Vg","43489",".735",".773","1","","","","","","Vg/86","","Vg/86","Vg","Fr","Normal",".340",".352",  
"RF","Keeler, Willie L  ","$12,156,000","44442",".319",".360",".415","88.3","75.8","18.5","Vg","48398",".748",".795","1","","","","","","","","Av/62","Av","Vg","Iron",".355",".364",  
"1B","Olerud, John L  ","$12,144,000","46271",".283",".377",".410","94.1","47.9","7.85","Fr","54015",".653",".867","3","","Vg/68","","","","","","","&nbsp;","Pr","Normal",".334",".402",  
"RF, 1B, LF","Herman, Babe L  ","$12,090,000","54028",".289",".353",".486","99.1","28.1","11.1","Vg","60415",".809",".850","1","","Fr/161","","","","Fr/146","","Fr/146","Av","Av","Normal",".344",".357",  
"3B","Cey, Ron R  ","$12,087,000","35345",".252",".343",".426","86.8","25.2","8.57","Av","40824",".810",".745","-2","","","","Av/74","","","","","&nbsp;","Pr","Normal",".360",".333",  
"1B","Lee, Derrek R  ","$12,071,000","54389",".275",".355",".454","94.4","27.0","9.15","Av","62000",".850",".785","-1","","Vg/80","","","","","","","&nbsp;","Av","Normal",".371",".346",  
"3B","Bando, Sal R  ","$11,999,000","47835",".264",".361",".431","95.0","29.3","7.86","Av","55957",".805",".784","-1","","","","Av/87","","","","","&nbsp;","Fr","Normal",".364",".360",  
"RF, 1B, CF","Crawford, Sam L  ","$11,979,000","46190",".292",".344",".449","89.1","47.4","13.3","Vg","50795",".748",".817","1","","Fr/134","","","","","Av/62","Av/62","Vg","Vg","Iron",".328",".353",  
"2B","Kent, Jeff R  ","$11,968,000","81711",".284",".352",".463","94.0","29.4","10.9","Av","91584",".846",".796","-1","","","Av/103","","","","","","&nbsp;","Fr","Prone",".362",".345",  
"CF, 2B","Lange, Bill R  ","$11,908,000","45575",".271",".336",".400","81.1","50.5","11.2","Ex","50650",".778",".713","-1","","","Fr/167","","","","Ex/80","","Vg","Ex","Normal",".351",".327",  
"RF, 1B, LF, CF","Henrich, Tommy L  ","$11,890,000","48659",".261",".343",".440","91.7","29.3","9.43","Vg","55697",".735",".812","1","","Fr/99","","","","Av/75","Fr/75","Av/75","Vg","Fr","Normal",".329",".351",  
"LF, 3B, RF","Braun, Ryan R  ","$11,875,000","76103",".294",".356",".484","98.6","24.6","11.8","Vg","84654",".928",".793","-3","","","","Fr/237","","Av/68","","Av/68","Av","Av","Prone",".391",".336",  
"LF, CF, RF","Giles, Brian L  ","$11,846,000","46914",".271",".375",".437","100.1","30.8","7.05","Av","55396",".711",".872","3","","","","","","Av/116","Fr/116","Av/116","Av","Fr","Normal",".341",".394",  
"LF","Holliday, Matt R  ","$11,816,000","52743",".289",".370",".456","97.8","29.8","9.51","Av","60348",".822",".831","0","","","","","","Av/98","","","Fr","Fr","Normal",".371",".370",  
"CF","Thomas, Roy L  ","$11,806,000","84218",".268",".389",".352","90.6","55.4","6.21","Vg","102725",".679",".783","1","","","","","","","Vg/55","","Av","Av","Normal",".370",".402",  
"CF, RF","Puckett, Kirby R  ","$11,803,000","47358",".296",".333",".431","81.3","45.5","19.6","Vg","50689",".785",".753","-1","","","","","","","Av/59","Av/59","Vg","Fr","Normal",".342",".329",  
"LF, 3B, RF","Mitchell, Kevin R  ","$11,776,000","110270",".272",".344",".482","96.4","20.5","10.2","Fr","124188",".846",".813","-1","","","","Av/102","","Fr/154","","Fr/154","Av","Fr","Prone",".355",".337",  
"1B","Anson, Cap R  ","$11,736,000","50145",".298",".367",".427","93.7","53.0","10.2","Ex","56520",".828",".776","-1","","Av/94","","","","","","","&nbsp;","Av","Iron",".380",".360",  
"C, LF, RF","Bench, Johnny R  ","$11,723,000","37993",".250",".324",".449","85.8","20.8","10.0","Av","42817",".813",".749","-1","Vg/68","","","","","Pr/225","","Pr/225","Av","Fr","Normal",".340",".314",  
"3B, 2B","Groh, Heinie R  ","$11,692,000","46375",".272",".355",".389","85.1","62.2","9.34","Vg","53428",".776",".729","-1","","","Av/91","Vg/62","","","","","&nbsp;","Av","Normal",".367",".349",  
"3B","Hack, Stan L  ","$11,663,000","34557",".272",".356",".372","84.2","73.5","8.74","Ex","39792",".665",".767","2","","","","Vg/81","","","","","&nbsp;","Av","Normal",".334",".369",  
"2B, SS","Grich, Bobby R  ","$11,647,000","51195",".258",".359",".413","91.7","34.7","7.71","Vg","60259",".755",".781","0","","","Vg/79","","Fr/100","","","","&nbsp;","Fr","Prone",".357",".360",  
"RF, CF","Flick, Elmer L  ","$11,638,000","29536",".283",".363",".436","95.2","49.3","9.65","Ex","33763",".741",".834","1","","","","","","","Fr/103","Av/103","Vg","Vg","Prone",".341",".375",  
"DH, 1B","Ortiz, David L  ","$11,593,000","54032",".268",".357",".492","102.7","19.0","8.13","Pr","62451",".746",".914","3","","Pr/180","","","","","","","&nbsp;","Pr","Normal",".319",".380",  
"RF, CF","Gwynn, Tony Sr L  ","$11,575,000","54746",".315",".356",".400","82.8","221.6","16.6","Vg","59019",".718",".781","1","","","","","","","Av/80","Av/80","Vg","Av","Normal",".345",".363",  
"LF","White, Roy S  ","$11,552,000","26522",".273",".360",".397","89.2","50.3","8.38","Vg","30543",".671",".808","2","","","","","","Vg/53","","","Av","Av","Normal",".331",".377",  
"1B","Sisler, George L  ","$11,540,000","38560",".303",".337",".431","83.8","56.5","20.7","Ex","41398",".731",".791","2","","Vg/114","","","","","","","&nbsp;","Vg","Normal",".326",".344",  
"RF, LF","Singleton, Ken S  ","$11,521,000","66387",".282",".381",".435","98.7","31.2","7.25","Fr","78016",".779",".840","2","","","","","","Fr/94","","Fr/94","Fr","Pr","Normal",".368",".390",  
"C","Dickey, Bill L  ","$11,516,000","35334",".286",".347",".444","90.2","31.1","12.2","Av","39187",".741",".819","2","Vg/58","","","","","","","","&nbsp;","Pr","Prone",".328",".357",  
"CF, 1B, LF, RF","Murphy, Dale R  ","$11,511,000","58885",".255",".340",".458","91.4","20.8","8.93","Vg","67227",".881",".749","-2","","Av/236","","","","Av/84","Fr/84","Av/84","Av","Av","Normal",".371",".321",  
"2B, 3B, SS, LF, RF","Zobrist, Ben S  ","$11,484,000","37609",".268",".359",".397","88.6","52.7","8.04","Av","43563",".748",".761","-1","","","Av/77","Av/226","Av/124","Av/49","","Av/49","Av","Fr","Normal",".359",".359",  
"C, 1B, 3B","Torre, Joe R  ","$11,462,000","38304",".285",".349",".434","86.8","34.0","11.9","Fr","42611",".761",".796","0","Av/77","Av/60","","Fr/87","","","","","&nbsp;","Pr","Normal",".346",".350",  
"CF","Fukumoto, Yutaka L  ","$11,356,000","27710",".255",".340",".345","76.8","132.0","9.10","Ex","31809",".651",".703","1","","","","","","","Ex/75","","Av","Ex","Iron",".327",".347",  
"1B, LF","Cepeda, Orlando R  ","$11,351,000","53992",".288",".339",".481","93.2","23.5","16.2","Av","58934",".912",".767","-2","","Av/115","","","","Fr/130","","","Av","Av","Normal",".373",".319",  
"CF","Poles, Spotswood S  ","$11,338,000","29608",".287",".329",".354","75.2","356.7","18.4","Ex","31968",".664",".694","0","","","","","","","Ex/80","","Vg","Ex","Normal",".322",".334",  
"3B, SS","Dandridge, Ray R  ","$11,326,000","43046",".286",".333",".372","74.0","175.0","15.8","Vg","47165",".715",".697","-1","","","","Ex/69","Av/85","","","","&nbsp;","Fr","Normal",".340",".329",  
"3B, 1B","Wilson, Jud L  ","$11,307,000","58896",".287",".358",".471","97.6","24.4","10.2","Fr","66205",".791",".852","1","","Fr/149","","Fr/142","","","","","&nbsp;","Fr","Normal",".344",".367",  
"C","Berra, Yogi L  ","$11,300,000","43904",".278",".329",".451","88.0","25.9","14.2","Av","48050",".730",".808","1","Vg/77","","","","","","","","&nbsp;","Pr","Normal",".315",".337",  
"CF","Flood, Curt R  ","$11,287,000","38549",".274",".331",".346","70.3","152.4","13.7","Ex","42623",".746",".640","-2","","","","","","","Ex/48","","Av","Fr","Normal",".353",".319",  
"SS","Smith, Ozzie S  ","$11,255,000","37546",".267",".342",".323","73.4","357.6","9.88","Vg","42767",".677",".657","-1","","","","","Ex/57","","","","&nbsp;","Vg","Normal",".349",".338",  
"CF","Butler, Brett L  ","$11,214,000","64651",".286",".373",".360","87.5","162.8","8.39","Ex","75417",".707",".749","1","","","","","","","Av/42","","Av","Vg","Normal",".366",".378",  
"SS","Rizzuto, Phil R  ","$11,212,000","28266",".269",".328",".348","69.8","135.9","13.6","Ex","31588",".716",".653","-1","","","","","Ex/77","","","","&nbsp;","Av","Normal",".340",".321",  
"CF, RF","Yamamoto, Kouji R  ","$11,209,000","53743",".262",".350",".400","84.4","33.8","8.61","Vg","61826",".771",".739","-1","","","","","","","Vg/50","Vg/50","Vg","Av","Iron",".358",".344",  
"RF, LF","Cruz, Nelson R  ","$11,202,000","48865",".285",".353",".505","102.4","18.4","10.8","Pr","54810",".965",".795","-3","","","","","","Av/118","","Av/118","Av","Fr","Prone",".392",".329",  
"C","Cochrane, Mickey L  ","$11,140,000","45204",".269",".360",".404","89.0","42.2","8.16","Vg","52318",".714",".788","2","Vg/75","","","","","","","","&nbsp;","Fr","Normal",".342",".369",  
"SS","Bancroft, Dave S  ","$11,138,000","37193",".259",".343",".355","75.5","72.9","8.93","Vg","42903",".695",".701","-1","","","","","Ex/92","","","","&nbsp;","Av","Prone",".340",".345",  
"SS, 3B","Davis, George S  ","$11,138,000","44704",".275",".335",".406","82.2","53.0","12.0","Vg","49609",".736",".745","0","","","","Av/88","Vg/77","","","","&nbsp;","Ex","Normal",".333",".336",  
"LF, CF","Goslin, Goose L  ","$11,114,000","44045",".274",".335",".456","89.5","28.0","12.5","Vg","48982",".738",".825","2","","","","","","Vg/119","Av/119","","Vg","Av","Normal",".318",".345",  
"LF, RF","Williams, Billy L  ","$11,109,000","70516",".274",".339",".451","90.1","26.6","11.2","Vg","78613",".752",".816","0","","","","","","Av/107","","Av/107","Av","Fr","Iron",".334",".342",  
"LF","Gonzalez, Luis L  ","$11,075,000","22994",".271",".350",".429","90.2","33.7","9.56","Av","26200",".697",".827","2","","","","","","Vg/79","","","Av","Fr","Normal",".330",".362",  
"SS, 1B, 3B, LF","Ramirez, Hanley R  ","$11,068,000","121873",".283",".349",".444","92.0","32.4","11.2","Vg","136073",".818",".779","-1","","Pr/62","","Fr/90","Av/123","Pr/231","","","Pr","Vg","Normal",".361",".342",  
"1B","Giles, George L  ","$11,057,000","29804",".282",".337",".399","79.7","52.0","13.4","Vg","32928",".724",".743","1","","Ex/72","","","","","","","&nbsp;","Vg","Normal",".331",".340",  
"C","Carter, Gary R  ","$11,055,000","32754",".255",".328",".431","84.0","24.5","10.6","Av","36921",".851",".712","-2","Ex/56","","","","","","","","&nbsp;","Fr","Normal",".363",".310",  
"CF, RF","Lynn, Fred L  ","$11,034,000","32117",".270",".347",".442","90.9","29.7","9.67","Av","36377",".668",".858","3","","","","","","","Vg/65","Vg/65","Av","Fr","Prone",".306",".370",  
"3B","Robinson, Brooks R  ","$11,034,000","29929",".275",".320",".402","74.5","51.2","16.2","Av","32442",".762",".707","0","","","","Ex/55","","","","","&nbsp;","Pr","Iron",".335",".314",  
"SP, LF, RF","Donaldson, John L  ","$11,021,000","6670",".244",".298",".349","60.6","65.4","14.3","Vg","7313",".608",".660","1","","","","","","Fr/125","","Fr/125","Fr","Fr","Normal",".291",".302",  
"2B","Pedroia, Dustin R  ","$11,003,000","42392",".284",".349",".386","82.6","82.6","11.0","Av","47398",".749",".729","-1","","","Ex/55","","","","","","&nbsp;","Av","Prone",".355",".346",  
"1B","Cash, Norm L  ","$10,967,000","33204",".262",".355",".443","94.1","23.4","8.26","Fr","38513",".671",".856","4","","Vg/81","","","","","","","&nbsp;","Fr","Normal",".309",".376",  
"RF","Smith, Chino L  ","$10,947,000","43497",".292",".328",".439","83.1","38.2","20.3","Vg","46477",".743",".783","1","","","","","","","","Vg/100","Av","Fr","Normal",".314",".337",  
"SS, 3B","Dahlen, Bill R  ","$10,942,000","38143",".250",".330",".398","80.3","43.7","10.0","Ex","43372",".774",".701","-1","","","","Vg/61","Ex/89","","","","&nbsp;","Ex","Normal",".342",".322",  
"SS, 3B","Garcia, Silvio R  ","$10,940,000","41991",".263",".326",".398","77.2","52.3","11.5","Vg","46682",".750",".714","-1","","","","Vg/67","Vg/86","","","","&nbsp;","Av","Normal",".338",".321",  
"RF, 1B, LF","Justice, David L  ","$10,939,000","52082",".259",".349",".440","93.4","24.0","8.11","Fr","60184",".740",".823","1","","Fr/231","","","","Vg/128","","Vg/128","Av","Fr","Prone",".335",".359",  
"SP, LF, RF","Wood, Joe R  ","$10,925,000","6711",".253",".331",".405","79.6","38.3","9.82","Fr","7620",".770",".704","-2","","","","","","Pr/102","","Pr/102","Fr","Fr","Prone",".342",".320",  
"RF","Barfield, Jesse R  ","$10,880,000","36728",".241",".318",".423","78.7","24.2","10.1","Av","41381",".785",".714","-1","","","","","","","","Ex/105","Ex","Av","Prone",".337",".306",  
"3B, CF","Boyer, Ken R  ","$10,878,000","54858",".266",".329",".419","80.5","32.7","11.8","Vg","60762",".804",".712","-2","","","","Vg/95","","","Av/46","","Fr","Av","Iron",".349",".316",  
"CF, LF, RF","Thomas, Clint R  ","$10,861,000","43472",".257",".329",".421","82.0","30.6","10.9","Vg","48878",".784",".731","-1","","","","","","Ex/103","Vg/103","Ex/103","Vg","Av","Normal",".344",".320",  
"SP, 2B, LF, CF, RF","Day, Leon R  ","$10,860,000","15962",".255",".324",".389","75.8","51.7","10.8","Ex","17975",".752",".669","-1","","","Fr/104","","","Vg/113","Fr/113","Vg/113","Av","Ex","Normal",".337",".309",  
"DH, 1B, 2B, 3B","Molitor, Paul R  ","$10,854,000","37837",".294",".362",".421","93.0","58.7","10.5","Vg","42445",".798",".776","-1","","Av/142","Av/84","Av/105","","","","","&nbsp;","Vg","Prone",".368",".359",  
"RF, 1B","Staub, Rusty L  ","$10,849,000","41567",".279",".358",".433","91.8","35.7","9.51","Fr","47440",".719",".832","2","","Av/104","","","","","","Av/125","Av","Fr","Normal",".331",".373",  
"CF, RF","Cameron, Mike R  ","$10,823,000","52155",".245",".333",".418","85.1","29.9","8.82","Ex","59752",".785",".730","-2","","","","","","","Vg/94","Vg/94","Av","Vg","Normal",".346",".325",  
"SS, 2B","Johnson, Home Run R  ","$10,802,000","35963",".262",".335",".405","81.7","43.9","10.6","Av","40638",".724",".750","0","","","Av/122","","Vg/101","","","","&nbsp;","Fr","Iron",".330",".338",  
"3B, SS","Harrah, Toby R  ","$10,790,000","82416",".260",".357",".401","89.2","36.6","7.89","Vg","96428",".822",".718","-2","","","","Fr/84","Av/109","","","","&nbsp;","Av","Normal",".383",".341",  
"1B","McGriff, Fred L  ","$10,769,000","46580",".263",".353",".464","96.2","20.3","8.26","Fr","53709",".729",".878","2","","Fr/101","","","","","","","&nbsp;","Fr","Normal",".322",".373",  
"LF, CF","Williams, Ken L  ","$10,734,000","38146",".269",".338",".455","89.4","24.3","10.8","Vg","42856",".743",".822","3","","","","","","Vg/118","Av/118","","Av","Vg","Prone",".322",".347",  
"3B, CF","Leach, Tommy R  ","$10,732,000","39691",".259",".318",".392","73.6","51.8","12.5","Ex","44183",".722",".704","-1","","","","Ex/101","","","Vg/61","","Av","Vg","Normal",".326",".314",  
"2B, SS","Barnes, Ross R  ","$10,715,000","35685",".287",".356",".378","81.7","97.8","10.7","Av","40206",".764",".716","-1","","","Vg/94","","Av/111","","","","&nbsp;","Pr","Prone",".367",".349",  
"RF, LF, CF","Cuyler, Kiki R  ","$10,711,000","44003",".277",".341",".417","83.6","49.1","12.3","Ex","49104",".782",".744","-1","","","","","","Vg/98","Av/98","Vg/98","Vg","Vg","Normal",".351",".335",  
"LF","Medwick, Joe R  ","$10,703,000","40433",".291",".330",".477","89.2","31.9","18.4","Vg","43490",".836",".791","-2","","","","","","Vg/88","","","Av","Fr","Normal",".340",".325",  
"CF, 3B, LF","Reiser, Pete L  ","$10,689,000","32664",".269",".339",".409","85.0","48.0","10.8","Ex","36645",".696",".777","3","","","","Av/112","","Ex/95","Ex/95","","Av","Av","Fragile",".324",".347",  
"SS","Cronin, Joe R  ","$10,652,000","44217",".265",".341",".411","83.3","43.3","10.0","Av","50234",".790",".728","-1","","","","","Vg/87","","","","&nbsp;","Fr","Normal",".358",".331",  
"2B","Herman, Billy R  ","$10,643,000","45477",".277",".339",".387","77.5","88.3","11.9","Av","50874",".747",".712","0","","","Vg/87","","","","","","&nbsp;","Fr","Normal",".347",".334",  
"CF, 1B, LF","Oliver, Al L  ","$10,627,000","33187",".285",".323",".422","78.4","47.4","21.0","Vg","35456",".669",".789","2","","Av/135","","","","Av/95","Av/95","","Av","Fr","Normal",".299",".336",  
"CF","Roush, Edd L  ","$10,610,000","29046",".292",".340",".433","85.6","56.5","15.4","Ex","31771",".727",".800","2","","","","","","","Vg/83","","Av","Vg","Prone",".324",".348",  
"SS","Tejada, Miguel R  ","$10,551,000","69733",".275",".328",".419","79.5","35.6","14.8","Vg","76355",".745",".749","0","","","","","Av/105","","","","&nbsp;","Fr","Iron",".330",".326",  
"3B","Ventura, Robin L  ","$10,535,000","51397",".254",".339",".405","82.9","29.9","8.64","Av","58856",".688",".771","1","","","","Ex/83","","","","","&nbsp;","Pr","Prone",".322",".348",  
"2B","Whitaker, Lou L  ","$10,528,000","41914",".267",".347",".395","85.1","49.0","9.24","Vg","47673",".645",".790","3","","","Vg/84","","","","","","&nbsp;","Fr","Normal",".315",".363",  
"1B, LF","Powell, Boog L  ","$10,521,000","52786",".263",".352",".437","92.2","23.7","8.36","Fr","60932",".679",".856","3","","Av/94","","","","Pr/88","","","Fr","Pr","Normal",".315",".375",  
"2B, SS","Stanky, Eddie R  ","$10,494,000","103301",".250",".379",".332","87.0","107.8","6.00","Vg","127485",".746",".686","-1","","","Vg/88","","Pr/120","","","","&nbsp;","Fr","Normal",".391",".371",  
"1B","Camilli, Dolph L  ","$10,464,000","65981",".242",".349",".446","96.1","21.3","7.11","Av","77983",".757",".822","2","","Av/96","","","","","","","&nbsp;","Fr","Normal",".337",".358",  
"RF, LF","Callison, Johnny L  ","$10,434,000","36011",".255",".322",".419","81.6","33.8","11.5","Vg","40187",".683",".772","1","","","","","","Vg/61","","Vg/61","Ex","Fr","Prone",".302",".333",  
"3B","Beltre, Adrian R  ","$10,418,000","50893",".284",".331",".441","84.3","31.2","15.3","Av","55307",".815",".749","-2","","","","Vg/85","","","","","&nbsp;","Pr","Prone",".348",".322",  
"1B","Martinez, Tino L  ","$10,411,000","44511",".263",".328",".418","80.8","30.3","11.5","Fr","49465",".718",".764","1","","Vg/64","","","","","","","&nbsp;","Pr","Normal",".320",".333",  
"RF, LF, CF","Wright, Bill S  ","$10,391,000","23280",".256",".333",".419","81.9","31.3","9.72","Ex","26369",".724",".767","1","","","","","","Vg/113","Vg/113","Vg/113","Vg","Av","Normal",".323",".339",  
"CF","Dykstra, Lenny L  ","$10,379,000","25686",".269",".352",".371","84.2","86.5","9.04","Vg","29387",".695",".739","1","","","","","","","Ex/66","","Av","Vg","Prone",".342",".358",  
"3B, 1B","Evans, Darrell L  ","$10,368,000","52095",".236",".338",".394","83.9","26.6","7.47","Av","61089",".646",".782","2","","Vg/83","","Vg/113","","","","","&nbsp;","Fr","Iron",".311",".353",  
"CF, 3B, LF","Browning, Pete R  ","$10,362,000","35262",".306",".364",".432","92.7","59.0","12.0","Vg","39007",".824",".782","-1","","","","Fr/120","","Vg/114","Av/114","","Av","Vg","Prone",".375",".359",  
"1B, LF","Sievers, Roy R  ","$10,358,000","49381",".255",".334",".455","90.0","21.3","9.62","Fr","56075",".808",".779","0","","Av/88","","","","Av/84","","","Fr","Pr","Normal",".341",".331",  
"LF, CF","Johnson, Bob L R  ","$10,338,000","40016",".265",".347",".458","93.1","23.3","9.00","Av","45652",".820",".797","-1","","","","","","Av/121","Fr/121","","Vg","Fr","Normal",".361",".340",  
"RF, 3B","Bautista, Jose R  ","$10,337,000","46891",".250",".356",".446","94.9","21.5","7.18","Av","55535",".813",".795","-1","","","","Av/92","","","","Av/118","Vg","Fr","Prone",".361",".354",  
"3B","Collins, Jimmy R  ","$10,295,000","35743",".270",".320",".402","74.9","50.6","15.1","Vg","38965",".770",".695","-1","","","","Ex/77","","","","","&nbsp;","Av","Normal",".337",".310",  
"RF, 1B, LF","Cullenbine, Roy S  ","$10,273,000","77873",".248",".364",".395","91.8","33.8","6.48","Av","93548",".786",".742","1","","Av/124","","","","Av/123","","Av/123","Vg","Fr","Normal",".373",".359",  
"1B","Fielder, Prince L  ","$10,263,000","36895",".277",".363",".457","98.1","23.6","9.16","Pr","42493",".675",".902","3","","Pr/123","","","","","","","&nbsp;","Pr","Iron",".314",".390",  
"3B, 1B, LF","Headley, Chase S  ","$10,254,000","52453",".269",".343",".371","77.6","69.1","10.1","Av","59144",".686",".731","1","","Av/81","","Vg/85","","Av/150","","","Fr","Fr","Normal",".337",".347",  
"3B","Seager, Kyle L  ","$10,252,000","70780",".258",".323",".407","77.8","35.4","11.8","Av","78696",".713",".739","1","","","","Vg/79","","","","","&nbsp;","Fr","Normal",".313",".328",  
"1B","Gentile, Jim L  ","$10,239,000","44770",".249",".345",".445","91.6","19.4","8.22","Pr","51940",".697",".843","3","","Av/102","","","","","","","&nbsp;","Pr","Normal",".313",".363",  
"RF, 1B, SS","Strong, Ted S  ","$10,233,000","41552",".250",".323",".417","79.7","27.4","10.5","Av","46635",".729",".748","0","","Av/103","","","Fr/135","","","Vg/105","Ex","Av","Normal",".321",".324",  
"RF, CF","Rice, Sam L  ","$10,227,000","26602",".282",".326",".395","75.8","69.3","17.1","Ex","28840",".696",".735","1","","","","","","","Vg/106","Vg/106","Vg","Vg","Iron",".318",".330",  
"LF, 1B, 3B, CF","Galan, Augie S  ","$10,226,000","56768",".259",".354",".400","89.1","46.3","7.92","Vg","66019",".729",".769","2","","Fr/145","","Fr/124","","Vg/82","Av/82","","Av","Av","Normal",".347",".358",  
"CF, RF","Jones, Fielder L  ","$10,218,000","37561",".265",".352",".356","78.7","59.6","8.84","Vg","43848",".689",".719","1","","","","","","","Vg/60","Vg/60","Av","Vg","Iron",".345",".356",  
"LF, CF","Foster, George R  ","$10,217,000","46465",".267",".333",".475","91.0","19.9","11.6","Av","51742",".858",".777","-1","","","","","","Vg/72","Av/72","","Av","Fr","Prone",".351",".322",  
"RF, LF","Strawberry, Darryl L  ","$10,201,000","44312",".245",".331",".470","92.9","18.3","8.94","Vg","50632",".716",".852","2","","","","","","Av/123","","Av/123","Av","Vg","Prone",".303",".347",  
"1B, LF, CF, RF","Parker, Wes S  ","$10,191,000","21187",".261",".337",".365","75.4","84.1","9.93","Vg","24056",".700",".702","0","","Ex/48","","","","Av/94","Fr/94","Av/94","Fr","Fr","Normal",".336",".336",  
"2B, 3B, SS","McDougald, Gil R  ","$10,184,000","37715",".264",".332",".383","76.6","52.3","11.4","Av","42320",".720",".708","-1","","","Ex/70","Vg/92","Vg/70","","","","&nbsp;","Fr","Normal",".332",".330",  
"CF, LF","Wilson, Willie S  ","$10,179,000","32150",".280",".316",".346","70.1","361.2","22.0","Ex","34330",".656",".667","0","","","","","","Ex/60","Ex/60","","Av","Ex","Normal",".318",".316",  
"RF, CF","Maris, Roger L  ","$10,171,000","34235",".246",".327",".428","85.6","23.0","9.49","Vg","38920",".653",".812","3","","","","","","","Av/87","Vg/87","Vg","Pr","Prone",".289",".347",  
"CF, LF, RF","Felsch, Happy R  ","$10,164,000","30125",".277",".325",".423","79.4","44.2","15.7","Vg","32797",".761",".744","0","","","","","","Vg/65","Vg/65","Vg/65","Vg","Vg","Normal",".332",".322",  
"RF","Hooper, Harry L  ","$10,160,000","38634",".262",".344",".398","83.2","46.3","9.12","Vg","44344",".677",".776","3","","","","","","","","Vg/83","Vg","Vg","Normal",".320",".356",  
"RF, LF","Klein, Chuck L  ","$10,123,000","50748",".269",".330",".465","90.6","22.5","12.0","Av","56200",".752",".823","2","","","","","","Av/144","","Av/144","Ex","Fr","Prone",".316",".340",  
"LF, RF","Burns, George J R  ","$10,111,000","29072",".278",".357",".400","86.3","62.5","9.30","Ex","33094",".783",".747","1","","","","","","Vg/81","","Vg/81","Fr","Ex","Iron",".365",".353",  
"RF","Youngs, Ross L  ","$10,097,000","31058",".289",".369",".405","90.6","76.1","9.09","Vg","35587",".729",".807","2","","","","","","","","Av/131","Ex","Av","Prone",".355",".380",  
"SS","Rollins, Jimmy S  ","$10,065,000","39998",".258",".311",".384","76.0","58.5","13.7","Vg","43761",".685",".700","0","","","","","Av/58","","","","&nbsp;","Ex","Normal",".308",".312",  
"LF, RF","Heath, Jeff L  ","$10,062,000","40878",".267",".331",".469","92.2","24.8","11.5","Av","45489",".724",".842","5","","","","","","Av/110","","Fr/110","Av","Fr","Prone",".302",".347",  
"1B, 3B","Garvey, Steve R  ","$10,058,000","49317",".288",".323",".432","79.7","36.9","20.6","Vg","52814",".760",".754","0","","Av/49","","Av/178","","","","","&nbsp;","Fr","Iron",".328",".322",  
"3B","Clift, Harlond R  ","$10,038,000","29715",".231",".339",".381","80.2","32.8","7.27","Av","35049",".741",".708","-1","","","","Vg/91","","","","","&nbsp;","Fr","Normal",".354",".331",  
"2B, SS","Frey, Lonny L  ","$10,021,000","29033",".246",".329",".356","72.9","65.0","9.31","Vg","33248",".648",".703","1","","","Ex/80","","Fr/134","","","","&nbsp;","Av","Normal",".320",".333",  
"LF, CF","Cespedes, Yoenis R  ","$10,020,000","27984",".276",".325",".465","87.6","24.9","15.0","Vg","30498",".775",".798","0","","","","","","Vg/143","Fr/143","","Ex","Fr","Prone",".318",".329",  
"SS, 3B","Sewell, Joe L  ","$10,014,000","34206",".271",".340",".370","77.3","73.6","11.4","Av","38967",".662",".738","0","","","","Vg/63","Vg/88","","","","&nbsp;","Fr","Iron",".326",".348",  
"1B, LF, RF","Harris, Joe R  ","$9,993,000","22999",".276",".358",".445","95.4","37.6","9.19","Av","26412",".871",".762","-1","","Av/96","","","","Fr/94","","Fr/94","Av","Fr","Normal",".386",".341",  
"3B","Yost, Eddie R  ","$9,970,000","90445",".239",".371",".365","90.9","42.5","6.05","Av","111135",".761",".718","-1","","","","Av/91","","","","","&nbsp;","Fr","Normal",".380",".364",  
"SS","Tulowitzki, Troy R  ","$9,960,000","28878",".270",".338",".424","83.8","30.2","11.1","Av","32373",".789",".747","-1","","","","","Vg/59","","","","&nbsp;","Fr","Fragile",".349",".333",  
"3B, RF","Bonilla, Bobby S  ","$9,959,000","66372",".271",".340",".450","89.4","28.1","10.4","Av","74407",".759",".810","1","","","","Av/128","","","","Fr/128","Av","Fr","Normal",".329",".348",  
"CF, 3B, LF, RF","Pafko, Andy R  ","$9,955,000","35132",".269",".327",".428","81.4","30.2","14.4","Av","38880",".767",".750","-1","","","","Av/113","","Vg/75","Av/75","Vg/75","Vg","Fr","Normal",".331",".325",  
"RF","Thompson, Sam L  ","$9,952,000","34193",".286",".329",".433","82.7","46.2","17.7","Vg","36893",".718",".791","1","","","","","","","","Fr/70","Ex","Vg","Normal",".314",".338",  
"SP, SS","Mendez, Jose R  ","$9,903,000","1813",".186",".226",".247","24.6","100.7","20.6","Pr","1937",".473",".474","-1","","","","","Fr/125","","","","&nbsp;","Av","Prone",".220",".230",  
"SS, 1B","Jennings, Hughie R  ","$9,895,000","24470",".264",".332",".360","73.1","86.8","19.5","Vg","27718",".714",".678","-1","","Ex/86","","","Ex/79","","","","&nbsp;","Vg","Normal",".344",".324",  
"C","Rodriguez, Ivan R  ","$9,876,000","36255",".291",".329",".437","81.5","37.7","19.0","Av","38936",".820",".738","-1","Vg/99","","","","","","","","&nbsp;","Fr","Normal",".350",".317",  
"1B","Grimes, Ray R  ","$9,859,000","36773",".287",".378",".433","98.5","45.1","8.22","Fr","43005",".835",".795","0","","Av/113","","","","","","","&nbsp;","Fr","Prone",".389",".372",  
"2B, 3B","Lazzeri, Tony R  ","$9,859,000","44135",".268",".346",".435","88.6","32.6","9.40","Vg","50016",".835",".753","-2","","","Av/100","Av/91","","","","","&nbsp;","Av","Normal",".365",".336",  
"1B","Hodges, Gil R  ","$9,844,000","35393",".262",".347",".451","93.0","23.0","8.80","Av","40588",".842",".768","-3","","Vg/75","","","","","","","&nbsp;","Fr","Normal",".365",".336",  
"C","Posada, Jorge S  ","$9,834,000","51461",".266",".359",".419","89.2","33.7","8.02","Pr","59661",".811",".758","-1","Fr/93","","","","","","","","&nbsp;","Pr","Normal",".371",".352",  
"RF","Green, Shawn L  ","$9,832,000","52982",".270",".335",".447","87.4","27.9","11.5","Av","58844",".708",".824","2","","","","","","","","Av/89","Av","Av","Normal",".310",".350",  
"1B","Adcock, Joe R  ","$9,814,000","34766",".273",".329",".481","89.5","19.8","12.9","Fr","38352",".845",".791","0","","Av/61","","","","","","","&nbsp;","Pr","Prone",".344",".322",  
"CF, 1B","Cedeno, Cesar R  ","$9,813,000","42916",".278",".338",".440","89.1","34.8","12.5","Vg","47497",".797",".768","-1","","Av/230","","","","","Av/70","","Av","Ex","Prone",".341",".337",  
"CF","Lofton, Kenny L  ","$9,798,000","59845",".276",".350",".361","81.2","145.3","9.78","Vg","67523",".672",".735","1","","","","","","","Vg/99","","Av","Ex","Prone",".335",".359",  
"RF, LF","Zisk, Richie R  ","$9,794,000","73728",".279",".347",".453","90.6","26.2","10.7","Fr","82373",".877",".752","-2","","","","","","Av/89","","Av/89","Av","Pr","Normal",".374",".329",  
"RF, 1B, LF, CF","Allison, Bob R  ","$9,756,000","48322",".249",".346",".441","91.8","24.5","7.86","Vg","56343",".820",".768","-1","","Fr/163","","","","Vg/129","Av/129","Vg/129","Av","Fr","Normal",".360",".337",  
"SS","Trammell, Alan R  ","$9,732,000","31766",".276",".342",".400","82.9","59.7","11.3","Vg","35574",".772",".725","-1","","","","","Av/70","","","","&nbsp;","Av","Prone",".356",".334",  
"CF, LF","Combs, Earle L  ","$9,725,000","34561",".294",".356",".416","87.8","78.7","11.5","Ex","38345",".722",".804","2","","","","","","Av/82","Av/82","","Pr","Fr","Normal",".336",".368",  
"RF, LF","Nicholson, Bill L  ","$9,718,000","51601",".250",".337",".451","92.8","21.4","9.05","Av","59203",".759",".807","2","","","","","","Av/92","","Av/92","Av","Fr","Normal",".329",".342",  
"1B, 3B, LF, CF, RF","Guerrero, Pedro R  ","$9,715,000","50917",".281",".347",".450","90.7","27.9","11.2","Fr","56831",".786",".803","0","","Fr/149","","Fr/142","","Av/115","Av/115","Av/115","Fr","Fr","Prone",".341",".350",  
"1B","Vaughn, Mo L  ","$9,686,000","42059",".262",".334",".441","85.9","21.6","11.5","Pr","47146",".720",".808","1","","Fr/152","","","","","","","&nbsp;","Pr","Prone",".324",".339",  
"CF, LF","Gore, George L  ","$9,665,000","27833",".264",".356",".363","80.9","76.0","8.17","Ex","32244",".678",".745","1","","","","","","Vg/108","Vg/108","","Av","Av","Normal",".344",".364",  
"RF","Gardner, Jelly L  ","$9,654,000","18035",".259",".348",".345","75.6","66.8","8.62","Ex","21035",".622",".729","2","","","","","","","","Vg/60","Vg","Vg","Normal",".328",".358",  
"RF, CF","Dawson, Andre R  ","$9,640,000","55869",".266",".310",".452","80.7","25.2","18.9","Vg","60281",".792",".748","-1","","","","","","","Av/89","Av/89","Vg","Vg","Normal",".324",".304",  
"SS, 2B, 3B","Pesky, Johnny L  ","$9,638,000","52865",".272",".345",".341","74.4","191.5","10.4","Vg","60167",".662",".703","1","","","Vg/74","Vg/89","Vg/83","","","","&nbsp;","Fr","Normal",".335",".352",  
"SP, RF","Russell, Reb L  ","$9,635,000","4855",".241",".280",".419","67.1","30.7","25.6","Pr","5181",".726",".695","1","","","","","","","","Av/84","Av","Pr","Prone",".295",".274",  
"CF, 1B, LF, RF","Snodgrass, Fred R  ","$9,623,000","30431",".262",".343",".360","77.0","81.4","9.83","Av","34841",".715",".696","-1","","Fr/166","","","","Vg/87","Vg/87","Vg/87","Vg","Vg","Normal",".348",".341",  
"1B","Grace, Mark L  ","$9,603,000","20861",".275",".346",".371","77.6","95.3","10.1","Av","23387",".635",".764","2","","Ex/62","","","","","","","&nbsp;","Fr","Normal",".319",".361",  
"SS, 3B","Wills, Maury S  ","$9,598,000","56776",".273",".327",".321","70.1","292.7","13.5","Ex","62281",".624",".664","0","","","","Av/98","Vg/97","","","","&nbsp;","Ex","Normal",".317",".333",  
"RF, CF","Holmes, Tommy L  ","$9,548,000","30745",".277",".332",".394","77.9","63.7","13.6","Av","33934",".687",".750","1","","","","","","","Vg/51","Vg/51","Vg","Fr","Normal",".318",".341",  
"3B","Wallach, Tim R  ","$9,542,000","34584",".249",".303",".390","68.0","37.3","14.8","Fr","37806",".738",".670","-1","","","","Ex/79","","","","","&nbsp;","Fr","Normal",".320",".295",  
"SS","Lundy, Dick S  ","$9,540,000","31335",".269",".322",".361","69.3","105.5","14.1","Vg","34350",".683",".685","0","","","","","Ex/80","","","","&nbsp;","Vg","Normal",".321",".322",  
"RF, LF, CF","Rettenmund, Merv R  ","$9,527,000","29903",".261",".369",".391","90.9","44.8","7.04","Vg","35597",".793",".745","-1","","","","","","Vg/77","Av/77","Vg/77","Av","Av","Prone",".377",".365",  
"C, 1B","Mauer, Joe L  ","$9,502,000","27197",".299",".366",".405","88.3","71.0","10.2","Av","30641",".705",".804","2","Av/58","Av/71","","","","","","","&nbsp;","Pr","Fragile",".341",".379",  
"LF, RF","Upton, Justin R  ","$9,499,000","4852",".268",".348",".440","91.9","27.3","9.19","Vg","5525",".839",".742","-1","","","","","","Vg/157","","Vg/157","Fr","Av","Normal",".382",".331",  
"SS","Reese, Pee Wee R  ","$9,498,000","47386",".255",".344",".344","74.2","99.6","8.50","Ex","55041",".718",".674","0","","","","","Vg/86","","","","&nbsp;","Av","Normal",".353",".340",  
"C, 1B","Martinez, Victor S  ","$9,485,000","31672",".290",".349",".419","84.2","46.3","12.0","Pr","35014",".765",".771","0","Fr/86","Fr/108","","","","","","","&nbsp;","Pr","Prone",".351",".348",  
"LF, SP, RF","Smith, Mike L  ","$9,481,000","33158",".269",".351",".403","86.1","55.7","9.00","Vg","37878",".734",".764","1","","","","","","Vg/108","","Vg/108","Fr","Vg","Normal",".344",".355",  
"CF, 2B, 3B, LF, RF","Chapman, Ben R  ","$9,475,000","41041",".274",".348",".396","82.2","69.1","10.1","Ex","46300",".781",".722","-1","","","Av/177","Av/158","","Vg/110","Vg/110","Vg/110","Vg","Vg","Normal",".361",".340",  
"SP, 3B","Bragana, Ramon R  ","$9,458,000","733",".200",".263",".250","33.2","122.2","13.1","Fr","799",".444",".547","-1","","","","Fr/120","","","","","&nbsp;","Pr","Normal",".238",".277",  
"1B, C","Napoli, Mike R  ","$9,420,000","23814",".244",".341",".440","89.0","20.8","8.06","Fr","27641",".827",".758","-2","Vg/125","Av/143","","","","","","","&nbsp;","Fr","Prone",".357",".333",  
"3B, 1B","Devlin, Art R  ","$9,411,000","37872",".262",".352",".363","80.0","68.9","9.00","Vg","44455",".739",".704","-1","","Vg/95","","Vg/84","","","","","&nbsp;","Vg","Normal",".362",".348",  
"CF","North, Billy S  ","$9,404,000","63424",".255",".355",".329","76.0","133.0","7.63","Vg","74452",".731",".654","-2","","","","","","","Vg/95","","Av","Ex","Normal",".369",".346",  
"1B, 2B, 3B","Ochiai, Hiromitsu R  ","$9,403,000","29840",".264",".361",".433","94.3","25.4","7.70","Av","34817",".804",".790","-1","","Av/80","Fr/100","Fr/85","","","","","&nbsp;","Fr","Normal",".363",".360",  
"LF, RF","O'Doul, Lefty L  ","$9,398,000","41445",".291",".360",".442","94.0","31.3","10.6","Fr","46629",".734",".844","3","","","","","","Fr/132","","Fr/132","Pr","Fr","Normal",".337",".374",  
"LF, CF, RF","Hafey, Chick R  ","$9,397,000","41241",".268",".327",".464","87.6","25.1","12.9","Av","45548",".800",".785","0","","","","","","Av/105","Av/105","Av/105","Vg","Av","Prone",".330",".325",  
"CF, RF","Williams, Cy L  ","$9,385,000","41187",".248",".325",".409","78.3","25.6","10.5","Fr","46653",".685",".765","2","","","","","","","Vg/77","Vg/77","Av","Av","Normal",".308",".336",  
"3B","Bell, Buddy R  ","$9,380,000","26206",".276",".330",".395","75.9","56.4","13.9","Vg","28698",".776",".699","-2","","","","Ex/75","","","","","&nbsp;","Fr","Prone",".353",".317",  
"CF","Davis, Willie L  ","$9,340,000","23240",".270",".305",".383","69.6","72.0","21.8","Ex","24767",".584",".737","2","","","","","","","Ex/87","","Av","Vg","Normal",".271",".321",  
"1B, 3B","Youkilis, Kevin R  ","$9,301,000","20981",".264",".363",".419","93.7","34.2","8.14","Av","24546",".810",".765","-1","","Av/43","","Av/79","","","","","&nbsp;","Pr","Fragile",".376",".355",  
"RF, CF","Drew, J.D. L  ","$9,300,000","29683",".260",".356",".416","91.8","30.0","7.86","Av","34555",".658",".820","2","","","","","","","Fr/101","Vg/101","Av","Fr","Fragile",".316",".372",  
"CF, LF, RF","Davis, Eric R  ","$9,282,000","46311",".252",".340",".433","90.1","23.3","8.58","Vg","53116",".806",".755","-1","","","","","","Av/83","Av/83","Av/83","Av","Vg","Prone",".351",".334",  
"RF","Salmon, Tim R  ","$9,279,000","32723",".260",".358",".431","95.0","28.6","7.67","Vg","38204",".788",".792","0","","","","","","","","Av/135","Av","Fr","Prone",".360",".358",  
"3B, RF","Elliott, Bob R  ","$9,240,000","32761",".267",".348",".418","86.4","39.1","9.03","Av","37446",".815",".736","-1","","","","Av/101","","","","Av/53","Vg","Fr","Normal",".367",".338",  
"LF","Hartsel, Topsy L  ","$9,239,000","29668",".257",".371",".388","91.8","45.2","6.52","Ex","35657",".687",".801","1","","","","","","Av/91","","","Fr","Vg","Prone",".348",".385",  
"RF","Puig, Yasiel R  ","$9,207,000","37216",".273",".340",".427","85.1","34.0","11.4","Vg","41653",".704",".800","1","","","","","","","","Vg/131","Ex","Av","Prone",".323",".348",  
"2B, LF, CF, RF","Lopes, Davey R  ","$9,201,000","26998",".249",".334",".369","80.9","52.7","9.03","Vg","31008",".791",".659","-2","","","Av/105","","","Fr/94","Pr/94","Fr/94","Av","Ex","Normal",".365",".318",  
"RF, LF, CF","Werth, Jayson R  ","$9,201,000","21700",".261",".351",".418","91.0","31.7","8.40","Vg","25050",".855",".721","-3","","","","","","Av/96","Av/96","Av/96","Vg","Fr","Fragile",".381",".334",  
"CF, 1B, LF, RF","Donlin, Mike L  ","$9,200,000","31539",".300",".354",".444","92.0","44.2","12.6","Ex","34790",".761",".818","1","","Fr/165","","","","Fr/147","Fr/147","Fr/147","Av","Vg","Prone",".342",".361",  
"CF, LF, RF","Agee, Tommie R  ","$9,164,000","49294",".258",".319",".403","74.2","36.2","12.7","Ex","54351",".749",".708","-1","","","","","","Ex/111","Ex/111","Ex/111","Av","Vg","Normal",".331",".312",  
"C","Hartnett, Gabby R  ","$9,149,000","25827",".254",".331",".435","84.4","26.0","9.88","Fr","29242",".813",".742","-1","Vg/75","","","","","","","","&nbsp;","Pr","Normal",".343",".324",  
"3B","Ramirez, Aramis R  ","$9,149,000","51375",".279",".338",".460","90.4","26.1","13.1","Pr","56897",".830",".777","-1","","","","Fr/102","","","","","&nbsp;","Pr","Prone",".347",".333",  
"CF, LF, RF","Lock, Don R  ","$9,130,000","28381",".241",".336",".408","81.6","25.2","8.07","Av","32838",".812",".702","-1","","","","","","Vg/114","Av/114","Vg/114","Vg","Fr","Normal",".361",".321",  
"RF","Bruce, Jay L  ","$9,120,000","55710",".242",".308",".421","76.9","24.9","11.4","Av","61814",".671",".758","2","","","","","","","","Vg/116","Vg","Fr","Normal",".286",".319",  
"SS","Concepcion, Dave R  ","$9,113,000","23482",".260",".312",".344","63.1","88.6","14.8","Vg","25594",".724",".617","-2","","","","","Ex/79","","","","&nbsp;","Vg","Normal",".335",".298",  
"1B, 3B, LF, RF","Kingman, Dave R  ","$9,107,000","57171",".224",".290",".471","80.0","14.9","12.4","Av","63248",".819",".722","-2","","Fr/175","","Fr/176","","Av/204","","Fr/204","Av","Av","Prone",".316",".272",  
"SS","Tinker, Joe R  ","$9,094,000","38431",".251",".299",".366","64.4","57.6","15.5","Ex","42097",".690",".651","-1","","","","","Ex/86","","","","&nbsp;","Ex","Normal",".307",".294",  
"CF, RF","Granderson, Curtis L  ","$9,080,000","23993",".248",".337",".425","89.6","27.5","8.62","Av","27595",".631",".816","3","","","","","","","Av/54","Av/54","Av","Av","Normal",".291",".357",  
"1B","Fournier, Jack L  ","$9,077,000","46657",".279",".356",".454","94.7","29.3","10.3","Av","53185",".762",".844","3","","Av/138","","","","","","","&nbsp;","Av","Normal",".340",".367",  
"LF","Rice, Jim R  ","$9,074,000","61410",".275",".331",".454","84.3","24.4","13.5","Av","67462",".804",".776","-1","","","","","","Av/104","","","Av","Fr","Normal",".339",".327",  
"CF, LF, RF","Barrett, Jimmy L  ","$9,073,000","31679",".259",".351",".344","75.4","64.3","8.13","Vg","36689",".677",".706","1","","","","","","Vg/85","Vg/85","Vg/85","Ex","Av","Prone",".346",".354",  
"CF, 1B, LF, RF","Hendrick, George R  ","$9,071,000","32014",".268",".321",".429","79.1","28.2","13.8","Av","34972",".780",".731","-1","","Av/103","","","","Av/61","Fr/61","Av/61","Av","Fr","Normal",".337",".311",  
"3B","Johnson, Judy R  ","$9,044,000","18224",".273",".321",".379","71.3","75.9","15.5","Av","19879",".726",".688","-1","","","","Ex/80","","","","","&nbsp;","Av","Normal",".334",".316",  
"RF","Oliva, Tony L  ","$9,040,000","26268",".289",".327",".437","82.2","38.7","19.5","Vg","28179",".664",".818","3","","","","","","","","Vg/125","Vg","Fr","Prone",".287",".348",  
"RF, C, 2B, 3B, SS","Kelly, King R  ","$9,003,000","61204",".278",".346",".404","84.1","62.6","10.8","Ex","68528",".794",".723","-1","Fr/120","","Pr/168","Fr/111","Pr/143","","","Av/143","Av","Vg","Normal",".362",".335",  
"1B","Bottomley, Jim L  ","$8,999,000","46372",".274",".334",".460","89.8","28.4","12.1","Av","51577",".738",".828","3","","Av/117","","","","","","","&nbsp;","Fr","Normal",".315",".345",  
"2B","Childs, Cupid L  ","$8,988,000","47050",".255",".357",".344","78.0","79.1","7.40","Av","55314",".683",".714","1","","","Vg/107","","","","","","&nbsp;","Vg","Normal",".351",".362",  
"2B","Huggins, Miller S  ","$8,986,000","80361",".249",".361",".336","79.1","55.3","6.86","Vg","96556",".671",".715","0","","","Vg/87","","","","","","&nbsp;","Vg","Normal",".355",".365",  
"C, 1B","Posey, Buster R  ","$8,984,000","27059",".293",".357",".422","87.7","43.0","11.1","Fr","30191",".851",".741","-2","Vg/70","Av/82","","","","","","","&nbsp;","Pr","Prone",".383",".342",  
"3B","Kakefu, Masayuki L  ","$8,972,000","30563",".259",".340",".392","80.3","35.1","9.12","Av","34821",".690",".758","1","","","","Vg/85","","","","","&nbsp;","Fr","Prone",".328",".348",  
"2B, 1B, SS","Franco, Julio R  ","$8,963,000","51452",".285",".358",".393","83.3","57.3","9.75","Vg","57915",".810",".716","-2","","Av/107","Av/121","","Fr/116","","","","&nbsp;","Av","Normal",".380",".345",  
"RF, CF","Oms, Alejandro L  ","$8,953,000","36936",".284",".334",".415","82.4","46.4","15.1","Vg","40354",".694",".780","1","","","","","","","Vg/85","Vg/85","Fr","Av","Normal",".312",".347",  
"2B, 3B","Polanco, Placido R  ","$8,938,000","19418",".294",".334",".364","72.3","213.4","20.0","Av","21019",".723",".687","-1","","","Vg/44","Vg/41","","","","","&nbsp;","Fr","Prone",".342",".330",  
"2B","Castillo, Luis S  ","$8,923,000","63931",".284",".361",".324","75.4","799.1","9.35","Vg","73267",".719",".663","-2","","","Av/89","","","","","","&nbsp;","Vg","Prone",".380",".349",  
"LF, 2B, 3B","Buford, Don S  ","$8,908,000","39221",".265",".352",".370","83.1","73.9","8.79","Ex","45047",".690",".738","1","","","Av/139","Av/110","","Av/59","","","Fr","Vg","Normal",".340",".358",  
"CF, LF, RF","Spence, Stan L  ","$8,905,000","29830",".260",".329",".417","82.7","35.9","10.9","Av","33458",".679",".782","2","","","","","","Vg/70","Av/70","Vg/70","Vg","Fr","Normal",".304",".343",  
"CF","Jethroe, Sam S  ","$8,904,000","45225",".268",".327",".402","81.6","45.2","13.5","Ex","49840",".720",".735","0","","","","","","","Vg/147","","Av","Vg","Normal",".326",".329",  
"CF","Stenzel, Jake R  ","$8,901,000","53598",".276",".339",".409","82.6","59.7","12.4","Vg","59376",".762",".738","-1","","","","","","","Av/101","","Vg","Ex","Normal",".343",".336",  
"1B","Fleming, Les L  ","$8,883,000","25346",".269",".362",".419","91.7","36.4","8.15","Av","29464",".667",".843","5","","Av/98","","","","","","","&nbsp;","Pr","Normal",".324",".382",  
"C","Munson, Thurman R  ","$8,862,000","29060",".284",".336",".394","76.6","59.3","14.6","Vg","31840",".748",".715","-1","Av/113","","","","","","","","&nbsp;","Fr","Normal",".346",".329",  
"DH, 1B, RF","Blomberg, Ron L  ","$8,851,000","20855",".297",".366",".471","102.6","29.2","10.1","Av","23467",".581",".898","6","","Pr/195","","","","","","Pr/122","Fr","Pr","Prone",".268",".389",  
"3B","Traynor, Pie R  ","$8,843,000","37018",".274",".321",".391","73.6","68.7","15.6","Vg","40383",".735",".699","0","","","","Vg/97","","","","","&nbsp;","Av","Normal",".331",".315",  
"2B","Doyle, Larry L  ","$8,817,000","31963",".277",".342",".419","85.3","43.2","11.4","Vg","35829",".742",".771","1","","","Av/106","","","","","","&nbsp;","Vg","Prone",".332",".348",  
"2B","Fox, Nellie L  ","$8,817,000","31923",".280",".329",".345","69.2","313.0","17.8","Vg","35168",".637",".695","1","","","Ex/71","","","","","","&nbsp;","Fr","Iron",".315",".337",  
"LF","Veach, Bobby L  ","$8,815,000","25598",".281",".329",".434","83.3","47.4","15.3","Av","28009",".715",".789","1","","","","","","Vg/82","","","Av","Av","Normal",".311",".339",  
"CF","Hunter, Torii R  ","$8,813,000","27215",".262",".323",".405","74.3","34.5","12.6","Vg","30012",".769",".707","-1","","","","","","","Vg/60","","Av","Vg","Prone",".337",".315",  
"SS, 1B, 3B","Garciaparra, Nomar R  ","$8,811,000","39865",".285",".331",".438","85.0","39.3","16.0","Av","43195",".763",".771","0","","Av/68","","Av/141","Av/117","","","","&nbsp;","Fr","Fragile",".329",".332",  
"1B","Cooper, Cecil L  ","$8,799,000","29048",".283",".323",".436","82.4","33.9","18.3","Av","31233",".697",".793","2","","Av/90","","","","","","","&nbsp;","Fr","Normal",".301",".334",  
"CF","Milan, Clyde L  ","$8,794,000","28489",".275",".338",".372","75.3","63.0","11.9","Ex","31715",".693",".721","1","","","","","","","Vg/113","","Vg","Ex","Normal",".331",".343",  
"RF, LF","Carbo, Bernie L  ","$8,792,000","44279",".251",".364",".413","93.5","30.3","6.67","Fr","52757",".531",".840","5","","","","","","Av/100","","Av/100","Av","Fr","Normal",".287",".384",  
"3B","Williams, Matt R  ","$8,761,000","34584",".257",".300",".437","74.6","23.1","18.0","Av","37206",".787",".704","-2","","","","Vg/74","","","","","&nbsp;","Fr","Prone",".319",".288",  
"CF","Blair, Paul R  ","$8,756,000","28826",".257",".303",".379","67.2","62.0","16.3","Vg","31502",".702",".670","-1","","","","","","","Ex/62","","Vg","Vg","Normal",".311",".299",  
"1B","Konetchy, Ed R  ","$8,738,000","24271",".268",".334",".415","82.0","47.1","11.6","Vg","27191",".785",".730","-1","","Vg/64","","","","","","","&nbsp;","Vg","Normal",".348",".327",  
"CF","Otis, Amos R  ","$8,734,000","43034",".264",".335",".409","83.2","38.4","10.5","Vg","48413",".814",".708","-2","","","","","","","Av/49","","Av","Vg","Normal",".364",".320",  
"LF, 1B, CF, RF","Stovey, Harry R  ","$8,720,000","22689",".253",".328",".415","82.7","43.6","9.94","Ex","25634",".770",".727","-1","","Av/102","","","","Av/101","Fr/101","Av/101","Av","Ex","Iron",".341",".320",  
"LF","Brock, Lou L  ","$8,703,000","32202",".275",".326",".396","80.0","64.9","14.8","Ex","35032",".663",".757","1","","","","","","Av/193","","","Av","Ex","Iron",".308",".336",  
"1B","Orr, Dave R  ","$8,700,000","33542",".303",".321",".440","80.5","81.6","38.9","Av","35015",".793",".742","-1","","Av/85","","","","","","","&nbsp;","Av","Prone",".331",".315",  
"2B","Randolph, Willie R  ","$8,685,000","39996",".263",".360",".337","78.0","173.9","7.70","Vg","46798",".713",".690","-1","","","Vg/102","","","","","","&nbsp;","Av","Prone",".366",".358",  
"RF, CF","Furillo, Carl R  ","$8,680,000","34672",".274",".322",".394","73.0","51.3","16.3","Av","37686",".755",".696","-1","","","","","","","Av/93","Av/93","Ex","Fr","Normal",".341",".311",  
"1B, 3B","Scott, George R  ","$8,670,000","28041",".257",".315",".403","72.2","34.3","13.1","Av","30837",".717",".719","0","","Ex/104","","Av/118","","","","","&nbsp;","Fr","Normal",".313",".317",  
"CF, LF, RF","Burks, Ellis R  ","$8,666,000","37866",".264",".334",".449","87.5","25.0","10.6","Av","42490",".781",".785","-1","","","","","","Vg/82","Fr/82","Vg/82","Fr","Av","Prone",".337",".334",  
"3B","Rolfe, Red L  ","$8,666,000","32542",".267",".325",".368","72.4","85.2","12.8","Vg","35927",".641",".721","2","","","","Vg/78","","","","","&nbsp;","Fr","Normal",".311",".333",  
"1B, LF","Watson, Bob R  ","$8,661,000","28915",".284",".349",".434","88.2","34.5","11.4","Fr","32238",".794",".777","-1","","Av/96","","","","Fr/103","","","Fr","Pr","Prone",".355",".345",  
"3B","Ensberg, Morgan R  ","$8,658,000","50895",".247",".345",".400","83.3","30.6","7.81","Fr","59351",".806",".702","-2","","","","Av/99","","","","","&nbsp;","Fr","Normal",".367",".329",  
"1B","Trosky, Hal L  ","$8,654,000","58783",".264",".320",".455","85.4","23.6","13.2","Fr","64728",".737",".797","2","","Av/99","","","","","","","&nbsp;","Fr","Normal",".306",".328",  
"3B, 1B","Glaus, Troy R  ","$8,647,000","42170",".242",".346",".437","90.7","21.2","7.33","Av","49518",".875",".723","-2","","Fr/127","","Av/100","","","","","&nbsp;","Fr","Prone",".379",".324",  
"LF, 1B","Dunn, Adam L  ","$8,631,000","32290",".233",".348",".451","97.0","17.6","6.84","Fr","38365",".680",".852","2","","Pr/184","","","","Fr/206","","","Av","Fr","Normal",".310",".364",  
"SS, 3B","Wallace, Bobby R  ","$8,629,000","57637",".260",".324",".392","75.2","55.9","11.5","Vg","64056",".719",".709","-1","","","","Vg/67","Vg/86","","","","&nbsp;","Av","Normal",".327",".320",  
"RF, LF, CF","Hidalgo, Richard R  ","$8,625,000","29993",".251",".322",".420","79.1","27.4","11.5","Av","33537",".727",".751","0","","","","","","Vg/73","Vg/73","Vg/73","Vg","Fr","Prone",".315",".326",  
"3B, LF","Hart, Jim Ray R  ","$8,591,000","33193",".274",".341",".448","88.0","25.9","11.1","Av","37072",".774",".797","0","","","","Fr/140","","Fr/180","","","Fr","Pr","Normal",".342",".340",  
"C","Salkeld, Bill L  ","$8,589,000","29630",".253",".375",".426","99.4","23.1","6.14","Fr","35946",".615",".837","5","Fr/105","","","","","","","","&nbsp;","Pr","Normal",".314",".386",  
"C","Haller, Tom L  ","$8,582,000","14549",".257",".332",".400","81.0","35.1","10.2","Av","16429",".619",".770","2","Vg/71","","","","","","","","&nbsp;","Fr","Normal",".296",".345",  
"CF, LF","Ellsbury, Jacoby L  ","$8,579,000","25427",".278",".334",".368","77.7","100.9","13.3","Vg","27942",".713",".698","1","","","","","","Ex/38","Vg/38","","Fr","Vg","Fragile",".337",".333",  
"1B","Mattingly, Don L  ","$8,568,000","28797",".276",".319",".402","75.1","48.6","16.7","Fr","31067",".672",".752","1","","Vg/52","","","","","","","&nbsp;","Pr","Prone",".303",".330",  
"LF","Matsui, Hideki L  ","$8,565,000","39310",".273",".349",".416","87.0","37.3","9.52","Av","44472",".743",".775","0","","","","","","Av/119","","","Av","Pr","Normal",".339",".354",  
"3B, 1B","Zimmerman, Ryan R  ","$8,556,000","35753",".266",".332",".422","80.5","32.2","11.1","Av","39813",".824",".715","-2","","Av/107","","Vg/102","","","","","&nbsp;","Pr","Fragile",".358",".317",  
"1B","Clark, Will L  ","$8,553,000","31592",".272",".343",".419","87.1","37.6","10.4","Av","35430",".688",".805","2","","Av/87","","","","","","","&nbsp;","Fr","Prone",".317",".357",  
"2B","McPhee, Bid R  ","$8,549,000","31387",".234",".319",".341","66.6","69.4","9.18","Ex","35756",".691",".642","-1","","","Ex/68","","","","","","&nbsp;","Ex","Normal",".331",".311",  
"SS","Reyes, Jose S  ","$8,530,000","35564",".281",".335",".387","80.1","97.4","13.1","Vg","39130",".703",".733","0","","","","","Av/102","","","","&nbsp;","Vg","Fragile",".328",".338",  
"LF, 3B, RF","Gordon, Sid R  ","$8,507,000","32061",".266",".348",".428","87.4","29.4","9.10","Fr","36722",".792",".764","0","","","","Fr/95","","Fr/71","","Fr/71","Av","Pr","Normal",".356",".343",  
"SS","Campaneris, Bert R  ","$8,500,000","28501",".261",".310",".344","66.4","134.4","16.0","Ex","31241",".659",".650","-1","","","","","Vg/99","","","","&nbsp;","Ex","Normal",".314",".308",  
"RF, CF","Murcer, Bobby L  ","$8,478,000","43932",".268",".344",".428","89.7","31.1","9.63","Vg","49727",".724",".800","1","","","","","","","Fr/91","Av/91","Av","Av","Normal",".330",".353",  
"CF, LF, RF","Grissom, Marquis R  ","$8,464,000","30576",".262",".312",".365","70.1","68.2","14.9","Vg","33352",".712",".658","-1","","","","","","Vg/66","Vg/66","Vg/66","Vg","Vg","Normal",".325",".305",  
"SS","Rigney, Topper R  ","$8,450,000","29261",".257",".353",".364","80.2","62.5","7.89","Av","34513",".747",".697","-1","","","","","Av/88","","","","&nbsp;","Av","Normal",".361",".347",  
"3B, 1B","Kell, George R  ","$8,449,000","25313",".285",".333",".369","73.2","153.4","15.6","Av","27753",".735",".683","-2","","Av/100","","Vg/69","","","","","&nbsp;","Fr","Prone",".346",".325",  
"CF, 1B","Judnich, Wally L  ","$8,443,000","32720",".251",".325",".398","78.7","35.0","10.3","Av","36795",".687",".745","2","","Fr/108","","","","","Vg/45","","Av","Fr","Normal",".314",".332",  
"1B","Milligan, Randy R  ","$8,441,000","69469",".255",".377",".408","94.2","33.4","6.15","Fr","83973",".819",".762","-1","","Av/106","","","","","","","&nbsp;","Fr","Normal",".390",".368",  
"LF, RF","Cruz, Jose Sr L  ","$8,402,000","29132",".280",".342",".412","84.9","46.5","11.5","Vg","32390",".674",".796","3","","","","","","Vg/132","","Vg/132","Av","Vg","Normal",".312",".358",  
"CF, LF, RF","Murphy, Dwayne L  ","$8,401,000","22343",".234",".338",".380","80.4","30.3","7.46","Av","26290",".606",".766","2","","","","","","Vg/69","Vg/69","Vg/69","Vg","Av","Prone",".293",".357",  
"SS","Simmons, Andrelton R  ","$8,394,000","5356",".284",".330",".359","67.8","214.2","15.2","Vg","5818",".690",".689","0","","","","","Ex/72","","","","&nbsp;","Fr","Prone",".327",".332",  
"SS","Vizquel, Omar S  ","$8,387,000","33330",".262",".328",".317","64.4","537.6","11.4","Av","37495",".609",".665","1","","","","","Vg/55","","","","&nbsp;","Vg","Normal",".313",".336",  
"2B","Knoblauch, Chuck R  ","$8,382,000","41675",".269",".355",".343","78.9","212.6","9.62","Vg","47820",".705",".696","0","","","Av/94","","","","","","&nbsp;","Vg","Normal",".358",".353",  
"RF, LF, CF","McNair, Hurley S  ","$8,365,000","21667",".254",".329",".385","74.6","43.6","10.3","Vg","24384",".713",".714","0","","","","","","Vg/87","Av/87","Vg/87","Vg","Av","Normal",".334",".326",  
"SS","Peckinpaugh, Roger R  ","$8,360,000","19663",".239",".313",".333","62.9","57.3","10.5","Av","22416",".683",".627","-3","","","","","Ex/85","","","","&nbsp;","Av","Normal",".331",".304",  
"C, CF","Bresnahan, Roger R  ","$8,344,000","22603",".263",".367",".395","90.6","50.7","7.37","Vg","26747",".792",".746","-1","Vg/89","","","","","","Fr/91","","Vg","Vg","Prone",".381",".360",  
"RF, CF","McBride, Bake L  ","$8,335,000","16568",".279",".327",".385","76.4","77.1","16.4","Vg","17980",".648",".745","2","","","","","","","Vg/53","Ex/53","Av","Vg","Prone",".300",".341",  
"C, 1B","Simmons, Ted S  ","$8,326,000","36677",".271",".323",".419","77.1","37.2","14.0","Fr","40069",".743",".741","0","Av/87","Fr/278","","","","","","","&nbsp;","Pr","Normal",".328",".320",  
"1B, LF","Siebern, Norm L  ","$8,320,000","11157",".251",".345",".364","80.2","56.1","8.04","Av","12915",".633",".746","2","","Vg/84","","","","Av/80","","","Fr","Pr","Normal",".320",".357",  
"CF, 1B, LF, RF","Van Slyke, Andy L  ","$8,318,000","30264",".259",".333",".398","82.3","47.7","10.1","Vg","34033",".634",".781","3","","Av/106","","","","Av/64","Av/64","Av/64","Vg","Vg","Normal",".300",".350",  
"3B","Keltner, Ken R  ","$8,308,000","20701",".258",".308",".414","73.9","34.0","15.6","Av","22705",".774",".693","-1","","","","Vg/68","","","","","&nbsp;","Fr","Prone",".327",".296",  
"LF, CF, RF","Lush, Billy S  ","$8,297,000","36254",".240",".356",".366","84.3","45.7","6.60","Av","43641",".734",".716","0","","","","","","Av/92","Av/92","Av/92","Av","Vg","Normal",".360",".354",  
"2B","Bishop, Max L  ","$8,293,000","53162",".218",".364",".294","74.7","74.8","5.48","Av","66338",".624",".682","2","","","Vg/71","","","","","","&nbsp;","Fr","Normal",".355",".370",  
"CF, LF, RF","Bostock, Lyman L  ","$8,293,000","27877",".290",".340",".385","75.7","145.2","14.5","Vg","30334",".608",".775","3","","","","","","Vg/58","Vg/58","Vg/58","Av","Av","Prone",".298",".358",  
"3B, 2B","Gardner, Larry L  ","$8,285,000","24019",".263",".319",".381","72.1","59.6","13.2","Av","26765",".673",".714","1","","","Av/89","Vg/83","","","","","&nbsp;","Av","Normal",".309",".324",  
"1B, LF, RF","Kruk, John L  ","$8,285,000","24870",".280",".368",".395","87.8","53.9","8.09","Fr","28751",".665",".814","3","","Av/69","","","","Fr/78","","Fr/78","Av","Fr","Prone",".334",".386",  
"2B","Doerr, Bobby R  ","$8,282,000","28267",".252",".308",".415","73.9","31.0","13.3","Av","31154",".755",".707","0","","","Vg/63","","","","","","&nbsp;","Fr","Normal",".324",".299",  
"CF","Phillips, Adolfo R  ","$8,280,000","25766",".241",".324",".383","75.1","43.2","9.77","Ex","29274",".676",".725","1","","","","","","","Vg/79","","Vg","Vg","Normal",".312",".330",  
"RF","Parker, Dave L  ","$8,275,000","30651",".279",".323",".435","81.3","35.1","17.1","Vg","33084",".711",".789","1","","","","","","","","Av/168","Vg","Av","Prone",".310",".332",  
"CF","Sizemore, Grady L  ","$8,272,000","17730",".251",".332",".401","83.2","40.4","9.81","Vg","20114",".684",".761","3","","","","","","","Vg/57","","Av","Vg","Prone",".313",".343",  
"DH, LF, RF","Canseco, Jose R  ","$8,270,000","36674",".253",".337",".481","94.0","17.2","9.27","Av","41846",".870",".789","-1","","","","","","Fr/150","","Fr/150","Vg","Av","Prone",".355",".327",  
"CF, LF, RF","Kemp, Matt R  ","$8,267,000","49411",".278",".332",".447","84.0","28.7","13.1","Vg","54154",".886",".722","-2","","","","","","Fr/109","Fr/109","Fr/109","Vg","Av","Normal",".373",".310",  
"1B, C","York, Rudy R  ","$8,267,000","32190",".246",".324",".438","82.6","22.4","9.74","Fr","36421",".788",".747","-2","Fr/98","Vg/103","","","","","","","&nbsp;","Fr","Normal",".334",".318",  
"CF, LF","Damon, Johnny L  ","$8,259,000","32265",".265",".330",".367","76.8","85.4","11.2","Vg","35981",".658",".716","1","","","","","","Vg/67","Vg/67","","Fr","Vg","Normal",".319",".335",  
"CF, RF","Cain, Lorenzo R  ","$8,253,000","4726",".267",".329",".339","66.8","147.7","12.1","Ex","5227",".680",".662","-1","","","","","","","Ex/104","Ex/104","Av","Vg","Prone",".339",".324",  
"SS, 3B","Stephens, Vern R  ","$8,251,000","30919",".259",".312",".426","77.3","26.7","13.9","Av","33841",".769",".721","-2","","","","Av/64","Av/89","","","","&nbsp;","Pr","Normal",".322",".306",  
"LF","Stone, George R L  ","$8,227,000","30245",".299",".360",".425","90.5","54.2","11.6","Vg","33835",".725",".815","1","","","","","","Av/93","","","Fr","Vg","Prone",".339",".370",  
"3B, 1B","Joyce, Bill L  ","$8,210,000","34079",".237",".365",".403","91.4","34.6","6.58","Vg","41331",".709",".803","1","","Fr/153","","Pr/120","","","","","&nbsp;","Vg","Normal",".345",".376",  
"1B","Fain, Ferris L  ","$8,200,000","28401",".254",".369",".340","82.1","96.9","6.54","Av","34080",".657",".743","2","","Vg/124","","","","","","","&nbsp;","Fr","Normal",".352",".380",  
"CF","Finley, Steve L  ","$8,192,000","40043",".258",".321",".410","78.8","34.9","12.1","Vg","44396",".715",".738","1","","","","","","","Av/63","","Av","Av","Normal",".314",".324",  
"CF, LF, RF","Ryan, Jimmy R  ","$8,189,000","25744",".268",".333",".407","80.1","48.7","11.4","Vg","28665",".777",".722","-1","","","","","","Av/104","Av/104","Av/104","Ex","Vg","Normal",".347",".326",  
"SS","Long, Herman L  ","$8,173,000","33957",".239",".294",".345","60.4","54.6","14.1","Vg","37422",".584",".667","1","","","","","Ex/99","","","","&nbsp;","Ex","Normal",".278",".301",  
"2B","Boone, Bret R  ","$8,171,000","37390",".261",".319",".399","74.3","38.5","13.3","Vg","41307",".734",".709","-1","","","Av/75","","","","","","&nbsp;","Fr","Normal",".326",".315",  
"LF, CF, RF","Mack, Shane R  ","$8,166,000","27598",".280",".343",".406","81.5","52.7","12.9","Av","30659",".794",".723","-1","","","","","","Vg/83","Av/83","Vg/83","Av","Av","Prone",".359",".335",  
"LF, 1B, CF, RF","Mayberry, John Jr R  ","$8,154,000","35307",".249",".324",".426","80.4","27.7","10.0","Av","39704",".843",".627","-3","","Fr/138","","","","Av/54","Fr/54","Av/54","Vg","Fr","Normal",".358",".278",  
"SS","Bell, Jay R  ","$8,144,000","25958",".251",".329",".372","73.8","56.1","9.98","Vg","29591",".779",".657","-2","","","","","Av/72","","","","&nbsp;","Fr","Normal",".359",".312",  
"CF, 1B","Hines, Paul R  ","$8,142,000","29790",".270",".323",".374","72.3","81.0","14.2","Vg","32684",".718",".687","-1","","Av/132","","","","","Vg/88","","Vg","Av","Iron",".329",".320",  
"CF, 1B, LF","Erstad, Darin L  ","$8,129,000","18729",".271",".320",".359","69.9","106.4","14.9","Vg","20402",".651",".695","1","","Vg/65","","","","Ex/31","Ex/31","","Av","Av","Fragile",".310",".326",  
"RF, CF","Mondesi, Raul R  ","$8,128,000","45930",".261",".313",".427","78.8","29.8","14.1","Ex","50142",".744",".740","0","","","","","","","Fr/132","Av/132","Ex","Vg","Normal",".313",".314",  
"1B","Morneau, Justin L  ","$8,126,000","29601",".267",".331",".426","82.9","31.5","11.6","Fr","32880",".669",".805","3","","Av/65","","","","","","","&nbsp;","Fr","Prone",".296",".349",  
"LF, RF","Alou, Moises R  ","$8,124,000","24256",".281",".349",".439","90.0","29.9","10.5","Fr","27180",".867",".746","-3","","","","","","Av/114","","Av/114","Av","Fr","Fragile",".384",".330",  
"LF","Luzinski, Greg R  ","$8,124,000","36152",".257",".341",".446","90.5","22.4","9.46","Pr","41257",".792",".782","0","","","","","","Pr/122","","","Fr","Pr","Prone",".344",".339",  
"SP, 1B, LF, RF","Smith, Hilton R  ","$8,122,000","5488",".237",".267",".387","56.4","31.5","25.7","Pr","5805",".659",".650","-1","","Fr/106","","","","Fr/101","","Fr/101","Av","Fr","Normal",".266",".268",  
"LF, CF","Gardner, Brett L  ","$8,121,000","20189",".256",".340",".338","77.2","148.4","9.20","Ex","23195",".635",".704","1","","","","","","Vg/60","Av/60","","Av","Vg","Normal",".326",".348",  
"CF, LF, RF","Stahl, Chick L  ","$8,104,000","26838",".273",".339",".395","79.5","59.0","11.3","Av","30132",".696",".752","1","","","","","","Vg/74","Av/74","Vg/74","Av","Vg","Normal",".326",".345",  
"C","Santop, Louis L  ","$8,100,000","40113",".259",".299",".417","69.6","29.2","19.1","Pr","43102",".688",".730","1","Av/110","","","","","","","","&nbsp;","Pr","Normal",".291",".304",  
"CF, LF, RF","Cruz, Jose Jr S  ","$8,085,000","35566",".240",".325",".397","79.7","31.2","8.83","Av","40537",".757",".703","-1","","","","","","Vg/87","Fr/87","Vg/87","Vg","Av","Prone",".340",".317",  
"CF","DiMaggio, Dom R  ","$8,078,000","19423",".258",".329",".357","71.8","82.7","10.7","Vg","21799",".735",".660","-1","","","","","","","Ex/95","","Vg","Fr","Normal",".350",".319",  
"3B","Marcell, Oliver R  ","$8,063,000","22167",".242",".317",".336","63.7","89.4","10.2","Vg","25047",".691",".632","-1","","","","Ex/64","","","","","&nbsp;","Av","Normal",".334",".308",  
"LF, CF","Wakamatsu, Tsutomu L  ","$8,061,000","24312",".284",".335",".387","78.3","68.3","15.6","Av","26941",".671",".746","1","","","","","","Vg/70","Av/70","","Av","Av","Prone",".320",".342",  
"SS, 3B","Petrocelli, Rico R  ","$8,058,000","24391",".237",".314",".388","72.7","31.7","10.0","Av","27580",".738",".682","-1","","","","Av/65","Vg/83","","","","&nbsp;","Pr","Prone",".328",".307",  
"LF","Bay, Jason R  ","$8,057,000","25187",".264",".351",".454","96.1","23.3","8.70","Av","28930",".824",".794","-1","","","","","","Fr/73","","","Fr","Fr","Fragile",".358",".347",  
"CF, LF, RF","Hamilton, Josh L  ","$8,047,000","33121",".267",".326",".441","85.8","26.8","12.7","Vg","36450",".688",".811","2","","","","","","Av/143","Av/143","Av/143","Vg","Fr","Fragile",".299",".341",  
"1B","Beckley, Jake L  ","$8,042,000","27396",".276",".327",".407","78.4","62.0","16.2","Av","30178",".703",".749","1","","Av/89","","","","","","","&nbsp;","Av","Normal",".318",".332",  
"LF, CF","Manush, Heinie L  ","$8,029,000","28958",".288",".325",".417","78.2","56.8","20.4","Av","30974",".687",".770","2","","","","","","Av/57","Fr/57","","Fr","Fr","Normal",".307",".334",  
"SS","Belanger, Mark R  ","$8,018,000","19613",".227",".297",".273","49.9","516.1","11.6","Vg","22235",".584",".565","-1","","","","","Ex/64","","","","&nbsp;","Av","Normal",".299",".297",  
"LF, SS, CF","Tresh, Tom S  ","$8,011,000","46921",".243",".328",".387","78.3","36.9","9.13","Vg","53613",".725",".709","-1","","","","","Av/99","Vg/106","Av/106","","Av","Fr","Normal",".335",".323",  
"RF, LF","Deer, Rob R  ","$8,009,000","61904",".228",".333",".460","94.6","16.7","7.36","Av","72543",".879",".663","-4","","","","","","Av/125","","Av/125","Av","Fr","Prone",".361",".291",  
"2B","Durham, Ray S  ","$8,004,000","55363",".266",".336",".390","78.7","59.2","10.6","Vg","62121",".728",".725","0","","","Av/109","","","","","","&nbsp;","Vg","Prone",".340",".334",  
"RF, LF","Johnson, Heavy R  ","$8,004,000","10598",".278",".337",".416","82.1","49.1","12.4","Av","11766",".769",".750","-1","","","","","","Fr/80","","Fr/80","Av","Av","Normal",".341",".337",  
"RF","Tartabull, Danny R  ","$7,993,000","42098",".260",".351",".461","96.2","22.6","8.08","Fr","48650",".863",".788","-1","","","","","","","","Pr/153","Av","Fr","Prone",".367",".344",  
"DH, 1B, 3B","Encarnacion, Edwin R  ","$7,988,000","51272",".259",".347",".457","94.9","20.5","8.54","Fr","59119",".846",".779","0","","Pr/109","","Fr/152","","","","","&nbsp;","Pr","Prone",".364",".338",  
"C","Campanella, Roy R  ","$7,984,000","19082",".255",".326",".431","81.8","23.2","10.8","Fr","21442",".805",".732","-2","Vg/72","","","","","","","","&nbsp;","Fr","Prone",".342",".317",  
"RF, LF","O'Neill, Paul L  ","$7,984,000","24980",".264",".336",".402","78.4","41.6","10.3","Av","27990",".641",".789","4","","","","","","Av/63","","Av/63","Vg","Fr","Normal",".295",".357",  
"SS","Bush, Donie S  ","$7,983,000","48867",".231",".336",".310","67.3","68.7","7.45","Ex","58329",".615",".667","0","","","","","Vg/93","","","","&nbsp;","Vg","Iron",".328",".342",  
"LF, CF, RF","Anderson, Garret L  ","$7,953,000","25908",".275",".304",".420","73.6","37.4","23.8","Fr","27365",".700",".738","1","","","","","","Vg/71","Av/71","Av/71","Av","Fr","Normal",".293",".310",  
"RF, CF","Jensen, Jackie R  ","$7,949,000","13594",".245",".330",".387","75.2","36.2","9.03","Ex","15528",".742",".703","-2","","","","","","","Av/113","Vg/113","Vg","Av","Normal",".341",".323",  
"SS, 2B, 3B","Valentin, Jose S  ","$7,943,000","17130",".234",".310",".399","75.8","29.7","10.2","Vg","19336",".523",".777","4","","","Vg/70","Av/129","Vg/146","","","","&nbsp;","Av","Prone",".244",".333",  
"LF","Daniels, Kal L  ","$7,939,000","15362",".275",".371",".449","99.5","26.6","7.65","Av","17936",".627",".867","4","","","","","","Av/107","","","Av","Av","Fragile",".309",".385",  
"C, 1B, RF","Tettleton, Mickey S  ","$7,931,000","40758",".228",".345",".407","87.4","24.4","6.64","Fr","48660",".727",".765","0","Av/82","Fr/179","","","","","","Pr/124","Fr","Fr","Prone",".339",".349",  
"2B, 1B","Grantham, George L  ","$7,925,000","27127",".250",".341",".391","81.0","40.9","8.40","Vg","31467",".679",".762","4","","Av/110","Av/140","","","","","","&nbsp;","Av","Normal",".327",".349",  
"SS, 2B","Hemus, Solly L  ","$7,921,000","39587",".251",".358",".355","82.0","104.2","7.87","Av","46704",".671",".739","1","","","Av/106","","Av/91","","","","&nbsp;","Fr","Normal",".347",".364",  
"3B, 2B, LF, CF, RF","Strang, Sammy S  ","$7,920,000","53447",".255",".361",".365","84.5","49.2","7.28","Av","63471",".699",".742","0","","","Fr/139","Av/115","","Av/153","Fr/153","Av/153","Av","Vg","Normal",".353",".366",  
"LF, RF","Ferrara, Al R  ","$7,913,000","19670",".269",".349",".441","92.5","27.3","10.0","Fr","22426",".803",".785","0","","","","","","Pr/152","","Pr/152","Fr","Pr","Prone",".352",".348",  
"LF","Connolly, Joe L  ","$7,892,000","13717",".271",".355",".426","91.2","42.5","8.92","Av","15842",".674",".824","3","","","","","","Fr/83","","","Av","Vg","Prone",".317",".371",  
"SS, 3B, LF, CF, RF","Kuenn, Harvey R  ","$7,888,000","37598",".288",".335",".374","75.0","149.2","15.0","Av","41002",".736",".693","-1","","","","Fr/153","Fr/97","Av/101","Fr/101","Av/101","Fr","Fr","Normal",".343",".330",  
"2B","Kinsler, Ian R  ","$7,883,000","27746",".261",".331",".387","78.6","48.4","11.2","Ex","31204",".776",".682","-2","","","Vg/122","","","","","","&nbsp;","Vg","Prone",".357",".315",  
"SS, 3B","Jackson, Travis R  ","$7,869,000","36285",".264",".319",".396","73.4","48.6","13.7","Av","39867",".750",".696","-2","","","","Av/85","Vg/93","","","","&nbsp;","Fr","Normal",".333",".311",  
"3B","Chavez, Eric L  ","$7,840,000","23179",".251",".321",".408","77.6","30.4","10.5","Vg","25925",".608",".784","3","","","","Vg/62","","","","","&nbsp;","Fr","Fragile",".274",".342",  
"DH, LF, RF","Gamble, Oscar L  ","$7,825,000","17927",".254",".340",".422","88.3","27.2","8.99","Av","20535",".679",".800","2","","","","","","Av/109","","Av/109","Fr","Fr","Prone",".304",".356",  
"RF","Markakis, Nick L  ","$7,819,000","40430",".276",".343",".370","76.7","87.7","11.0","Av","44988",".652",".748","1","","","","","","","","Av/46","Vg","Fr","Normal",".322",".354",  
"3B, 1B, SS, LF","Beckwith, John R  ","$7,815,000","46414",".267",".337",".442","86.7","25.2","10.7","Fr","51946",".811",".761","-1","","Fr/140","","Fr/140","Pr/150","Fr/180","","","Fr","Pr","Normal",".352",".328",  
"3B","Kurowski, Whitey R  ","$7,811,000","32380",".265",".336",".429","85.3","29.9","11.3","Av","36695",".821",".737","-1","","","","Av/79","","","","","&nbsp;","Fr","Prone",".352",".329",  
"LF, 3B","Gordon, Alex L  ","$7,788,000","27199",".258",".335",".376","77.5","51.2","10.3","Vg","30756",".672",".732","1","","","","Av/141","","Vg/47","","","Vg","Fr","Prone",".321",".343",  
"1B","Collins, Ripper S  ","$7,787,000","29251",".253",".322",".436","83.8","26.8","11.2","Av","32758",".707",".790","3","","Av/81","","","","","","","&nbsp;","Fr","Normal",".302",".334",  
"RF, LF, CF","Sanders, Reggie R  ","$7,775,000","17832",".257",".329",".437","86.0","26.4","10.6","Vg","20005",".844",".731","-2","","","","","","Vg/107","Av/107","Vg/107","Av","Vg","Fragile",".356",".317",  
"CF, LF","Waner, Lloyd L  ","$7,771,000","24193",".271",".314",".342","63.6","114.1","17.9","Vg","26051",".636",".668","2","","","","","","Ex/64","Ex/64","","Av","Fr","Normal",".309",".316",  
"CF, LF, RF","Henderson, Dave R  ","$7,766,000","27105",".249",".313",".404","75.6","33.0","11.8","Av","29998",".773",".682","-2","","","","","","Vg/83","Vg/83","Vg/83","Vg","Fr","Prone",".335",".299",  
"C","Kendall, Jason R  ","$7,735,000","33415",".279",".350",".337","73.1","375.4","13.6","Av","37604",".714",".671","-1","Ex/117","","","","","","","","&nbsp;","Av","Normal",".360",".345",  
"LF, CF, RF","Gibson, Kirk L  ","$7,731,000","20084",".250",".331",".405","83.9","32.1","9.73","Vg","22813",".687",".766","2","","","","","","Vg/137","Av/137","Av/137","Fr","Vg","Prone",".313",".341",  
"RF, LF, CF","Choo, Shin-Soo L  ","$7,715,000","41116",".271",".366",".396","91.5","46.9","8.46","Av","47908",".646",".823","3","","","","","","Fr/127","Fr/127","Av/127","Av","Av","Prone",".329",".385",  
"LF","Mitchell, Dale L  ","$7,715,000","23263",".288",".326",".373","72.7","139.3","18.4","Vg","24827",".689",".709","1","","","","","","Av/73","","","Fr","Fr","Normal",".323",".331",  
"C, 1B","Freehan, Bill R  ","$7,704,000","33222",".255",".326",".380","74.9","45.3","12.0","Av","37425",".751",".686","-2","Vg/51","Av/77","","","","","","","&nbsp;","Pr","Normal",".345",".318",  
"2B","Pratt, Del R  ","$7,689,000","22713",".269",".314",".400","73.1","53.1","16.2","Vg","24741",".740",".699","0","","","Vg/92","","","","","","&nbsp;","Vg","Normal",".326",".307",  
"RF, LF","Titus, John L  ","$7,686,000","16981",".264",".348",".403","85.5","46.7","9.54","Av","19585",".690",".782","1","","","","","","Av/95","","Av/95","Vg","Av","Normal",".322",".361",  
"SS, 3B","Valentin, John R  ","$7,659,000","33428",".249",".324",".380","74.4","53.9","10.4","Av","37751",".710",".705","0","","","","Vg/94","Vg/101","","","","&nbsp;","Fr","Prone",".326",".324",  
"1B","Jordan, Tim L  ","$7,650,000","12734",".265",".353",".428","91.1","34.5","8.30","Av","14737",".763",".789","1","","Fr/130","","","","","","","&nbsp;","Av","Prone",".345",".357",  
"LF, 1B","Klesko, Ryan L  ","$7,648,000","23188",".265",".348",".452","92.8","25.3","8.76","Av","26496",".649",".866","4","","Av/114","","","","Fr/130","","","Av","Fr","Prone",".295",".371",  
"CF","West, Sam L  ","$7,646,000","21723",".255",".317",".358","68.4","72.4","12.1","Vg","24172",".625",".700","2","","","","","","","Ex/54","","Vg","Fr","Normal",".301",".326",  
"1B","Davis, Glenn R  ","$7,645,000","38879",".252",".316",".449","83.2","21.5","13.0","Fr","43173",".809",".738","-1","","Vg/106","","","","","","","&nbsp;","Fr","Prone",".334",".304",  
"LF","Harimoto, Isao L  ","$7,639,000","25832",".279",".349",".396","85.0","47.8","10.6","Fr","28971",".710",".769","1","","","","","","Av/75","","","Fr","Av","Normal",".338",".357",  
"CF, LF","Hoy, William L  ","$7,635,000","27709",".239",".323",".333","68.0","69.3","9.64","Ex","31839",".614",".677","1","","","","","","Vg/108","Vg/108","","Vg","Ex","Iron",".316",".327",  
"2B, RF","Murphy, Danny R  ","$7,628,000","24289",".272",".325",".408","77.6","56.1","14.3","Av","26892",".749",".725","-1","","","Av/96","","","","","Fr/69","Vg","Vg","Normal",".333",".321",  
"CF, LF, RF","Winn, Randy S  ","$7,626,000","23528",".274",".330",".365","72.4","115.9","13.2","Vg","25879",".674",".707","0","","","","","","Vg/57","Av/57","Vg/57","Av","Vg","Normal",".324",".333",  
"1B","Vernon, Mickey L  ","$7,617,000","18444",".266",".319",".397","75.4","56.1","13.7","Av","20269",".650",".750","2","","Vg/84","","","","","","","&nbsp;","Fr","Normal",".297",".331",  
"1B, LF, RF","Duda, Lucas L  ","$7,588,000","19751",".253",".342",".451","93.1","22.1","8.80","Pr","22737",".619",".820","3","","Fr/75","","","","Pr/135","","Pr/135","Pr","Pr","Prone",".287",".351",  
"C","Dietz, Dick R  ","$7,584,000","49194",".257",".382",".415","97.9","29.8","5.98","Pr","59880",".856",".757","-2","Av/170","","","","","","","","&nbsp;","Pr","Prone",".404",".367",  
"SS, 3B","Fregosi, Jim R  ","$7,569,000","24171",".268",".335",".394","79.4","56.0","11.1","Vg","27044",".726",".728","0","","","","Fr/121","Av/99","","","","&nbsp;","Fr","Normal",".330",".335",  
"CF","Griffin, Mike L  ","$7,563,000","13402",".244",".329",".353","72.9","67.3","9.19","Ex","15218",".633",".708","1","","","","","","","Vg/53","","Vg","Ex","Normal",".312",".337",  
"CF, LF","Paskert, Dode R  ","$7,560,000","23550",".251",".331",".370","75.8","53.8","9.56","Vg","26942",".737",".677","-1","","","","","","Vg/75","Vg/75","","Av","Vg","Normal",".342",".324",  
"2B, 3B","Hunt, Ron R  ","$7,549,000","48496",".265",".363",".334","79.5","175.7","10.4","Av","57287",".710",".689","-1","","","Av/104","Fr/134","","","","","&nbsp;","Fr","Normal",".364",".362",  
"2B","Phillips, Brandon R  ","$7,547,000","25287",".269",".317",".374","69.7","60.8","17.0","Vg","27521",".713",".674","-1","","","Vg/62","","","","","","&nbsp;","Vg","Normal",".325",".311",  
"1B","May, Lee R  ","$7,543,000","42888",".259",".303",".450","77.4","22.3","18.0","Fr","46168",".798",".727","-2","","Av/71","","","","","","","&nbsp;","Fr","Normal",".318",".294",  
"2B, 3B, LF, CF","Richardson, Hardy R  ","$7,535,000","15854",".265",".316",".380","70.3","65.5","14.6","Av","17303",".721",".684","-1","","","Vg/90","Fr/95","","Av/65","Fr/65","","Fr","Av","Normal",".328",".310",  
"2B, SS","Dozier, Brian R  ","$7,519,000","19985",".246",".328",".396","79.1","35.4","9.40","Vg","22762",".812",".668","-2","","","Av/78","","Av/155","","","","&nbsp;","Av","Normal",".364",".305",  
"SS","Moore, Dobie R  ","$7,519,000","24925",".276",".310",".399","72.7","58.5","23.5","Av","26681",".761",".677","-1","","","","","Vg/99","","","","&nbsp;","Fr","Prone",".327",".300",  
"CF, RF","Baro, Bernardo L  ","$7,506,000","16475",".264",".322",".372","72.9","84.9","12.8","Vg","18189",".651",".703","1","","","","","","","Vg/120","Vg/120","Vg","Vg","Normal",".305",".327",  
"1B","Howard, Ryan L  ","$7,505,000","33742",".243",".318",".443","83.3","20.0","10.4","Pr","37884",".655",".814","4","","Fr/126","","","","","","","&nbsp;","Pr","Prone",".283",".335",  
"2B, 3B","Avila, Bobby R  ","$7,490,000","56314",".272",".340",".360","74.8","87.7","11.1","Vg","63924",".721",".688","-1","","","Av/93","Fr/123","","","","","&nbsp;","Fr","Normal",".351",".334",  
"SS, 3B","Fernandez, Tony S  ","$7,471,000","38707",".269",".324",".348","67.5","261.5","13.7","Vg","42492",".655",".679","0","","","","Av/65","Av/63","","","","&nbsp;","Vg","Normal",".318",".326",  
"RF, LF, CF","Cooke, Dusty L  ","$7,449,000","21893",".258",".352",".394","83.5","45.3","8.00","Av","25384",".703",".766","2","","","","","","Av/106","Fr/106","Av/106","Av","Av","Normal",".338",".360",  
"LF, CF, RF","Smith, Lonnie R  ","$7,448,000","23240",".277",".361",".386","86.3","72.2","9.50","Ex","26627",".763",".739","0","","","","","","Av/183","Fr/183","Av/183","Av","Ex","Prone",".365",".359",  
"LF, RF","Woodling, Gene L  ","$7,446,000","19942",".269",".353",".389","85.5","52.6","8.74","Av","22952",".691",".773","3","","","","","","Av/55","","Av/55","Fr","Fr","Prone",".335",".365",  
"3B, 1B","Shaw, Travis L  ","$7,433,000","5880",".237",".309",".391","71.9","28.5","10.6","Fr","6575",".620",".740","2","","Av/97","","Vg/87","","","","","&nbsp;","Fr","Normal",".289",".319",  
"DH","Hafner, Travis L  ","$7,429,000","28590",".262",".356",".453","96.7","24.2","8.43","Fr","33235",".725",".857","2","","","","","","","","","&nbsp;","Pr","Fragile",".329",".370",  
"3B, 1B","Seitzer, Kevin R  ","$7,423,000","33175",".274",".351",".353","76.5","151.5","9.56","Av","37757",".717",".697","-1","","Av/80","","Av/104","","","","","&nbsp;","Fr","Normal",".357",".348",  
"SS","Glasscock, Jack R  ","$7,409,000","29448",".264",".316",".345","64.5","104.4","15.6","Av","32218",".674",".654","-1","","","","","Vg/76","","","","&nbsp;","Vg","Normal",".321",".313",  
"LF, 2B","Soriano, Alfonso R  ","$7,406,000","45222",".257",".304",".445","81.1","24.2","16.4","Vg","48912",".791",".724","-1","","","Av/155","","","Av/214","","","Vg","Vg","Prone",".317",".297",  
"RF, LF","Goodman, Ival L  ","$7,405,000","27919",".255",".324",".418","81.4","34.0","11.7","Vg","31360",".731",".749","1","","","","","","Av/98","","Av/98","Av","Fr","Normal",".317",".329",  
"CF, LF","McCosky, Barney L  ","$7,383,000","24890",".273",".333",".349","71.2","230.5","12.6","Vg","27731",".647",".702","1","","","","","","Vg/64","Vg/64","","Fr","Fr","Normal",".317",".342",  
"2B","White, Frank R  ","$7,357,000","11842",".245",".283",".358","58.8","53.8","20.0","Vg","12701",".650",".633","-1","","","Ex/76","","","","","","&nbsp;","Av","Prone",".289",".279",  
"3B","Soderholm, Eric R  ","$7,356,000","21027",".249",".320",".384","72.0","35.7","11.2","Av","23550",".747",".679","-1","","","","Vg/83","","","","","&nbsp;","Fr","Normal",".332",".313",  
"DH, LF, RF","McRae, Hal R  ","$7,351,000","24882",".279",".341",".422","84.6","55.3","12.8","Av","27646",".823",".728","-2","","","","","","Av/174","","Av/174","Av","Av","Prone",".364",".327",  
"C","Bassler, Johnny L  ","$7,347,000","30910",".257",".365",".318","76.9","98.8","7.06","Pr","37222",".639",".706","2","Av/75","","","","","","","","&nbsp;","Pr","Normal",".351",".372",  
"2B","Evers, Johnny L  ","$7,335,000","19330",".265",".341",".358","75.0","75.5","9.85","Vg","22203",".649",".726","1","","","Vg/89","","","","","","&nbsp;","Vg","Prone",".323",".351",  
"CF, LF, RF","Gutierrez, Franklin R  ","$7,333,000","17844",".264",".319",".391","72.7","43.6","13.3","Vg","19587",".814",".623","-3","","","","","","Ex/64","Ex/64","Ex/64","Av","Vg","Prone",".360",".287",  
"C","Molina, Yadier R  ","$7,328,000","5607",".287",".332",".388","73.0","73.8","16.1","Pr","6072",".779",".703","-1","Vg/61","","","","","","","","&nbsp;","Fr","Prone",".351",".327",  
"3B, 2B, LF, RF","Thompson, Hank L  ","$7,323,000","29332",".253",".344",".388","83.2","38.7","8.46","Av","33888",".652",".777","2","","","Av/163","Av/122","","Av/128","","Av/128","Fr","Fr","Normal",".321",".357",  
"3B","DeCinces, Doug R  ","$7,306,000","29392",".246",".319",".412","76.1","31.2","10.5","Av","32991",".784",".701","-2","","","","Vg/89","","","","","&nbsp;","Fr","Prone",".340",".308",  
"3B","Caminiti, Ken S  ","$7,302,000","28914",".254",".327",".400","77.1","34.8","10.4","Av","32408",".726",".728","0","","","","Av/108","","","","","&nbsp;","Fr","Prone",".325",".328",  
"1B","Fletcher, Elbie L  ","$7,302,000","21745",".248",".351",".367","81.3","48.5","7.58","Fr","25612",".682",".738","2","","Vg/79","","","","","","","&nbsp;","Fr","Normal",".345",".354",  
"1B, LF","Sexson, Richie R  ","$7,293,000","35408",".246",".327",".446","85.3","20.9","9.45","Pr","40219",".792",".763","-1","","Av/81","","","","Pr/15","","","Av","Pr","Prone",".335",".322",  
"C, SP","Radcliffe, Double Duty R  ","$7,281,000","7506",".251",".296",".346","58.0","79.0","17.6","Fr","8136",".665",".624","-1","Av/75","","","","","","","","&nbsp;","Fr","Normal",".303",".290",  
"RF, LF, CF","Tiernan, Mike L  ","$7,280,000","21155",".266",".341",".408","84.3","45.3","9.72","Vg","23825",".703",".774","1","","","","","","Fr/87","Pr/87","Fr/87","Av","Ex","Normal",".324",".350",  
"SS","Logan, Johnny R  ","$7,272,000","28767",".260",".319",".359","68.4","75.1","13.3","Av","32092",".678",".679","0","","","","","Vg/90","","","","&nbsp;","Pr","Normal",".317",".320",  
"RF","Pence, Hunter R  ","$7,252,000","23466",".275",".332",".421","80.9","37.2","12.7","Vg","25788",".772",".742","-1","","","","","","","","Av/102","Av","Av","Normal",".343",".326",  
"SS","Fletcher, Art R  ","$7,251,000","22925",".258",".306",".358","64.2","77.7","22.9","Av","25116",".687",".651","-1","","","","","Vg/93","","","","&nbsp;","Av","Normal",".314",".302",  
"CF, LF","Lankford, Ray L  ","$7,251,000","14871",".252",".338",".419","86.4","33.3","8.72","Vg","17023",".652",".806","3","","","","","","Av/81","Av/81","","Av","Vg","Prone",".298",".355",  
"LF, 1B, CF, RF","Ward, Gary R  ","$7,244,000","20346",".263",".315",".387","68.6","47.3","14.2","Av","22122",".748",".679","-1","","Fr/120","","","","Vg/87","Av/87","Vg/87","Vg","Fr","Normal",".332",".307",  
"CF, LF","Pierre, Juan L  ","$7,243,000","40049",".280",".328",".324","68.0","1430.3","16.6","Ex","43843",".637",".659","0","","","","","","Av/65","Av/65","","Pr","Ex","Normal",".321",".332",  
"SS","Hollocher, Charlie L  ","$7,237,000","17430",".273",".347",".368","77.6","83.4","10.5","Av","19950",".652",".753","2","","","","","Av/81","","","","&nbsp;","Vg","Fragile",".328",".359",  
"1B, 2B","Kelly, George R  ","$7,228,000","21394",".267",".317",".425","78.4","32.0","15.1","Av","23413",".763",".730","-1","","Vg/72","Av/84","","","","","","&nbsp;","Fr","Prone",".323",".313",  
"3B","Lowell, Mike R  ","$7,221,000","25116",".267",".327",".420","79.8","35.6","12.2","Fr","27734",".772",".731","-1","","","","Av/58","","","","","&nbsp;","Fr","Prone",".339",".321",  
"CF","White, Devon S  ","$7,214,000","21885",".251",".304",".375","69.6","58.8","15.4","Ex","23931",".656",".688","0","","","","","","","Ex/70","","Fr","Vg","Prone",".299",".306",  
"C","Smith, Earl L  ","$7,213,000","13361",".261",".344",".393","81.6","36.4","9.00","Fr","15254",".590",".756","4","Fr/109","","","","","","","","&nbsp;","Fr","Normal",".298",".350",  
"1B","Daubert, Jake L  ","$7,212,000","21121",".281",".336",".389","77.4","60.5","13.5","Vg","23547",".699",".737","1","","Av/72","","","","","","","&nbsp;","Vg","Normal",".328",".340",  
"1B","Easter, Luke L  ","$7,211,000","39822",".266",".320",".452","83.4","21.1","15.6","Fr","43526",".726",".794","0","","Av/122","","","","","","","&nbsp;","Pr","Prone",".308",".326",  
"CF, LF, RF","Hisle, Larry R  ","$7,209,000","25181",".255",".331",".422","82.4","28.7","10.4","Vg","28405",".800",".726","-1","","","","","","Av/103","Av/103","Av/103","Av","Av","Prone",".350",".320",  
"RF, 1B, LF, CF","Swisher, Nick S  ","$7,207,000","31651",".244",".343",".410","86.5","28.3","7.71","Fr","36970",".798",".726","-1","","Fr/140","","","","Av/109","Fr/109","Av/109","Av","Pr","Prone",".359",".334",  
"C","Hiatt, Jack R  ","$7,203,000","25743",".256",".376",".380","90.1","45.8","6.26","Pr","31058",".817",".714","-1","Av/87","","","","","","","","&nbsp;","Pr","Prone",".395",".362",  
"1B","Davis, Harry R  ","$7,180,000","23545",".263",".322",".437","82.9","38.2","12.6","Av","26013",".799",".738","-1","","Vg/107","","","","","","","&nbsp;","Vg","Prone",".337",".313",  
"CF","Moore, Terry R  ","$7,173,000","23764",".255",".312",".373","70.0","52.3","13.5","Vg","26241",".688",".682","0","","","","","","","Ex/60","","Vg","Av","Prone",".315",".310",  
"C","Mackey, Biz S  ","$7,156,000","21533",".256",".324",".359","67.1","68.1","11.3","Pr","24046",".695",".676","-1","Vg/90","","","","","","","","&nbsp;","Av","Normal",".330",".321",  
"3B, 2B","Zimmerman, Heinie R  ","$7,153,000","27399",".279",".317",".411","75.5","55.6","19.8","Vg","29691",".742",".721","-1","","","Av/125","Av/118","","","","","&nbsp;","Av","Normal",".323",".314",  
"CF, LF","Inciarte, Ender L  ","$7,149,000","3521",".260",".312",".314","59.8","352.1","14.1","Vg","3847",".626",".640","1","","","","","","Ex/89","Ex/89","","Vg","Vg","Prone",".322",".315",  
"SS, 3B","Peralta, Jhonny R  ","$7,148,000","38054",".256",".322",".383","71.2","45.9","11.2","Fr","42342",".726",".693","-1","","","","Av/79","Av/71","","","","&nbsp;","Pr","Normal",".332",".316",  
"RF","Webb, Earl L  ","$7,134,000","23380",".269",".343",".435","88.1","31.0","9.93","Fr","26505",".739",".801","3","","","","","","","","Fr/131","Av","Pr","Normal",".328",".351",  
"1B","Hrbek, Kent L  ","$7,131,000","25715",".264",".339",".416","83.9","28.8","9.80","Fr","29064",".671",".800","2","","Av/74","","","","","","","&nbsp;","Fr","Prone",".310",".353",  
"1B, LF","Hargrove, Mike L  ","$7,129,000","21021",".267",".363",".352","80.9","88.3","7.93","Fr","24597",".650",".751","2","","Av/114","","","","Av/116","","","Av","Pr","Normal",".343",".374",  
"RF, LF","Aoki, Nori L  ","$7,124,000","37145",".275",".342",".341","73.0","299.6","12.0","Av","41721",".669",".691","0","","","","","","Av/58","","Vg/58","Vg","Vg","Prone",".340",".344",  
"1B","Fielder, Cecil R  ","$7,115,000","38155",".245",".329",".446","84.9","19.1","9.12","Pr","43549",".839",".727","-2","","Fr/113","","","","","","","&nbsp;","Pr","Normal",".356",".307",  
"3B, 1B","Gaetti, Gary R  ","$7,114,000","20291",".238",".285",".394","64.8","30.1","17.7","Av","21926",".684",".672","0","","Vg/133","","Ex/73","","","","","&nbsp;","Fr","Prone",".284",".284",  
"2B","Uggla, Dan R  ","$7,114,000","41583",".235",".324",".412","81.8","24.3","8.89","Vg","47718",".699",".760","1","","","Av/129","","","","","","&nbsp;","Pr","Normal",".313",".332",  
"LF, C, 1B, 3B, CF, RF","O'Rourke, Jim R  ","$7,110,000","19110",".274",".330",".377","73.9","93.7","13.4","Vg","21053",".751",".688","-1","Fr/92","Av/133","","Pr/126","","Fr/81","Pr/81","Fr/81","Pr","Av","Normal",".344",".325",  
"LF, RF","Shannon, Spike S  ","$7,109,000","18364",".264",".342",".340","73.9","68.8","9.63","Vg","21113",".690",".681","0","","","","","","Vg/60","","Vg/60","Av","Vg","Normal",".343",".342",  
"CF, LF, RF","Victorino, Shane S  ","$7,100,000","14835",".268",".329",".368","75.7","106.0","13.5","Vg","16492",".738",".675","-2","","","","","","Vg/40","Av/40","Vg/40","Vg","Vg","Fragile",".345",".320",  
"DH, 1B","Phelps, Ken L  ","$7,087,000","21206",".222",".353",".426","95.8","18.9","6.06","Fr","25829",".647",".823","4","","Pr/142","","","","","","","&nbsp;","Pr","Normal",".303",".370",  
"C, 1B, 2B, 3B, RF","Ewing, Buck R  ","$7,073,000","19043",".264",".316",".396","74.5","67.5","14.1","Vg","20753",".745",".696","-1","Ex/74","Av/114","Fr/148","Av/102","","","","Fr/89","Av","Ex","Prone",".325",".311",  
"1B","Mincher, Don L  ","$7,071,000","22282",".252",".341",".438","89.1","24.1","8.49","Pr","25689",".617",".828","4","","Av/104","","","","","","","&nbsp;","Fr","Normal",".287",".357",  
"C","Phelps, Babe L  ","$7,069,000","15452",".278",".332",".435","82.6","36.4","14.1","Fr","16914",".676",".790","2","Av/130","","","","","","","","&nbsp;","Fr","Normal",".305",".339",  
"2B","Rath, Morrie L  ","$7,069,000","11791",".238",".328",".312","65.2","59.9","8.73","Av","13706",".652",".639","-1","","","Ex/68","","","","","","&nbsp;","Vg","Normal",".336",".326",  
"LF","Davis, Khris R  ","$7,049,000","37514",".248",".322",".453","84.0","20.1","10.7","Fr","42161",".779",".772","0","","","","","","Av/121","","","Fr","Pr","Prone",".322",".322",  
"3B, LF, CF, RF","Lindstrom, Freddy R  ","$7,049,000","12601",".273",".317",".391","72.0","60.6","16.6","Av","13689",".751",".682","-2","","","","Vg/79","","Av/67","Av/67","Av/67","Av","Av","Prone",".331",".308",  
"LF, CF, RF","Baker, Dusty R  ","$7,034,000","25369",".261",".327",".408","79.4","32.1","11.6","Av","28265",".722",".741","0","","","","","","Av/62","Fr/62","Av/62","Av","Av","Normal",".324",".328",  
"3B","Kamm, Willie R  ","$7,033,000","10452",".250",".330",".353","71.9","82.3","9.71","Vg","12130",".690",".680","-2","","","","Vg/64","","","","","&nbsp;","Av","Normal",".329",".331",  
"1B","Weintraub, Phil L  ","$7,033,000","23911",".267",".366",".396","88.8","48.3","7.51","Fr","27966",".705",".793","0","","Av/113","","","","","","","&nbsp;","Pr","Normal",".346",".376",  
"C, 3B, LF","Schang, Wally S  ","$7,028,000","19033",".247",".345",".357","77.4","61.6","8.45","Vg","22369",".693",".710","1","Av/118","","","Fr/157","","Fr/148","","","Vg","Av","Normal",".340",".350",  
"1B","Blue, Lu S  ","$7,001,000","29818",".239",".346",".343","75.7","70.5","7.24","Vg","35305",".676",".697","2","","Vg/111","","","","","","","&nbsp;","Av","Prone",".344",".348",  
"1B","Barton, Daric L  ","$6,996,000","18683",".252",".356",".339","79.8","105.0","7.37","Vg","22162",".735",".678","-2","","Vg/120","","","","","","","&nbsp;","Pr","Prone",".368",".352",  
"SS, 3B, RF","Travis, Cecil L  ","$6,983,000","21241",".274",".316",".359","66.2","114.8","18.5","Av","23051",".638",".697","2","","","","Av/111","Av/92","","","Fr/163","Fr","Fr","Normal",".305",".324",  
"C","DeLancey, Bill L  ","$6,981,000","25917",".245",".348",".419","89.1","27.5","7.42","Fr","30351",".644",".793","5","Av/144","","","","","","","","&nbsp;","Pr","Prone",".311",".355",  
"C","Fisk, Carlton R  ","$6,981,000","23507",".252",".323",".409","79.3","31.4","11.7","Vg","26374",".736",".732","0","Vg/97","","","","","","","","&nbsp;","Fr","Prone",".323",".324",  
"2B","Hughes, Sammy R  ","$6,977,000","26962",".273",".326",".359","69.2","119.8","14.0","Ex","29565",".711",".670","-1","","","Vg/71","","","","","","&nbsp;","Av","Normal",".336",".320",  
"SS","Hardy, J.J. R  ","$6,967,000","25660",".257",".306",".370","65.3","52.0","15.0","Av","27893",".692",".664","-1","","","","","Vg/63","","","","&nbsp;","Pr","Prone",".310",".302",  
"C","Parrish, Lance R  ","$6,967,000","27083",".247",".303",".416","72.0","26.9","13.5","Fr","29656",".768",".688","-2","Av/71","","","","","","","","&nbsp;","Fr","Normal",".318",".293",  
"2B","Schoendienst, Red S  ","$6,960,000","29080",".271",".315",".350","64.9","232.6","16.8","Vg","31638",".677",".657","0","","","Vg/66","","","","","","&nbsp;","Fr","Normal",".321",".311",  
"3B, 2B, CF","Figgins, Chone S  ","$6,953,000","28203",".263",".341",".325","72.9","408.7","9.56","Ex","32294",".733",".627","1","","","Fr/157","Av/99","","","Av/84","","Av","Ex","Prone",".367",".325",  
"C","Romano, Johnny R  ","$6,952,000","14357",".244",".336",".403","81.3","27.9","8.58","Fr","16565",".783",".718","-1","Vg/87","","","","","","","","&nbsp;","Pr","Prone",".348",".331",  
"1B","Johnson, Nick L  ","$6,950,000","29288",".260",".374",".389","90.4","45.5","6.98","Av","35228",".780",".753","0","","Av/126","","","","","","","&nbsp;","Fr","Fragile",".384",".368",  
"SS","Marion, Marty R  ","$6,950,000","22288",".240",".293",".315","53.2","141.1","15.3","Av","24698",".612",".605","0","","","","","Ex/70","","","","&nbsp;","Fr","Normal",".297",".290",  
"SP, RF","Radbourn, Charley R  ","$6,937,000","1193",".206",".280",".244","38.5","198.8","11.5","Fr","1336",".555",".516","-1","","","","","","","","Pr/149","Fr","Fr","Normal",".291",".279",  
"LF, CF, RF","Cabrera, Melky S  ","$6,932,000","20056",".280",".331",".372","73.2","112.0","13.9","Fr","21934",".716",".695","0","","","","","","Fr/86","Av/86","Fr/86","Av","Fr","Normal",".333",".330",  
"SS","Chapman, Ray R  ","$6,932,000","16179",".246",".312",".362","67.1","55.4","11.8","Ex","18255",".678",".671","0","","","","","Vg/96","","","","&nbsp;","Vg","Prone",".316",".309",  
"LF, CF","Brantley, Michael L  ","$6,928,000","3971",".284",".342",".379","78.5","116.8","12.6","Av","4383",".680",".748","3","","","","","","Av/47","Fr/47","","Av","Fr","Fragile",".327",".353",  
"RF, LF","Lezcano, Sixto R  ","$6,924,000","20105",".256",".346",".423","88.2","29.0","8.35","Av","23200",".849",".723","-2","","","","","","Av/99","","Av/99","Vg","Fr","Prone",".378",".327",  
"SS","Chacon, Pelayo R  ","$6,916,000","22591",".249",".307",".309","56.1","358.6","13.7","Vg","25138",".598",".627","0","","","","","Ex/81","","","","&nbsp;","Fr","Normal",".299",".312",  
"1B","Davis, Ike L  ","$6,912,000","27725",".247",".338",".402","81.7","31.2","8.19","Av","31924",".649",".767","4","","Vg/112","","","","","","","&nbsp;","Pr","Prone",".304",".349",  
"1B","McCormick, Frank R  ","$6,909,000","19736",".272",".315",".392","71.0","47.4","17.6","Fr","21325",".723",".698","0","","Vg/53","","","","","","","&nbsp;","Fr","Normal",".324",".310",  
"3B, 2B, LF","Gilliam, Jim S  ","$6,906,000","31299",".249",".343",".311","70.7","295.3","8.14","Ex","36418",".656",".652","0","","","Av/74","Av/93","","Av/71","","","Fr","Av","Normal",".344",".342",  
"3B","Pendleton, Terry S  ","$6,906,000","19275",".264",".308",".372","65.0","64.5","16.9","Av","20770",".697",".673","0","","","","Ex/82","","","","","&nbsp;","Fr","Prone",".315",".304",  
"SS, 2B","Bartell, Dick R  ","$6,902,000","26623",".251",".319",".345","67.1","100.5","12.4","Av","30259",".679",".651","-1","","","Vg/91","","Vg/93","","","","&nbsp;","Fr","Normal",".327",".313",  
"1B","Epstein, Mike L  ","$6,888,000","18678",".250",".348",".430","91.1","23.1","8.43","Fr","21741",".662",".814","3","","Av/106","","","","","","","&nbsp;","Pr","Prone",".308",".361",  
"LF, RF","Parnell, Roy R  ","$6,879,000","22207",".258",".337",".395","79.7","43.5","9.48","Vg","25271",".734",".732","-1","","","","","","Vg/100","","Av/100","Av","Av","Normal",".339",".337",  
"2B, SS","Ritchey, Claude S  ","$6,878,000","29108",".250",".324",".348","68.5","62.9","10.6","Av","33423",".683",".667","0","","","Vg/76","","Pr/99","","","","&nbsp;","Av","Normal",".329",".322",  
"C","Meyers, Chief R  ","$6,877,000","17329",".277",".346",".375","78.5","73.1","12.3","Av","19526",".736",".712","-1","Vg/86","","","","","","","","&nbsp;","Fr","Normal",".354",".341",  
"LF, C, 1B, 3B, RF","Surhoff, B.J. L  ","$6,875,000","19591",".268",".315",".366","68.2","76.2","15.3","Av","21312",".692",".675","0","Av/109","Av/70","","Av/103","","Vg/66","","Vg/66","Ex","Av","Prone",".320",".312",  
"LF, CF, RF","Roenicke, Gary R  ","$6,859,000","37233",".240",".341",".400","83.4","28.4","7.98","Av","43668",".793",".712","-1","","","","","","Av/64","Av/64","Av/64","Av","Fr","Normal",".361",".330",  
"LF, CF","Gant, Ron R  ","$6,854,000","21015",".243",".322",".431","83.0","23.3","9.65","Vg","23741",".785",".734","-1","","","","","","Av/114","Fr/114","","Av","Vg","Prone",".329",".318",  
"SS","Furcal, Rafael S  ","$6,849,000","31307",".270",".334",".350","74.1","173.0","11.2","Ex","34944",".657",".699","-1","","","","","Vg/124","","","","&nbsp;","Vg","Prone",".328",".337",  
"CF, LF, RF","Span, Denard L  ","$6,849,000","15711",".274",".338",".366","76.8","136.6","11.6","Ex","17534",".654",".733","1","","","","","","Av/67","Av/67","Vg/67","Av","Av","Prone",".325",".346",  
"2B","Dunlap, Fred R  ","$6,847,000","15747",".253",".323",".354","69.2","82.9","11.0","Av","17658",".726",".649","-1","","","Vg/78","","","","","","&nbsp;","Av","Normal",".344",".312",  
"LF, RF","Ennis, Del R  ","$6,847,000","30028",".268",".319",".438","80.7","29.0","14.7","Fr","32744",".797",".738","-1","","","","","","Av/132","","Av/132","Av","Fr","Normal",".341",".307",  
"3B, 1B","Hebner, Richie L  ","$6,825,000","21904",".264",".335",".417","84.0","33.4","11.2","Av","24602",".685",".787","2","","Fr/78","","Fr/104","","","","","&nbsp;","Fr","Prone",".308",".349",  
"SS","Aparicio, Luis R  ","$6,815,000","19528",".252",".299",".317","57.2","295.9","16.3","Ex","21243",".705",".563","-2","","","","","Vg/72","","","","&nbsp;","Vg","Normal",".332",".279",  
"3B, 2B","Roberts, Ryan R  ","$6,812,000","3282",".252",".326",".357","73.1","61.9","10.3","Av","3700",".703",".672","-1","","","Vg/87","Av/96","","","","","&nbsp;","Av","Normal",".328",".328",  
"LF","McHenry, Austin R  ","$6,810,000","30212",".278",".332",".435","83.4","39.0","13.4","Av","33337",".774",".761","-1","","","","","","Av/111","","","Av","Av","Normal",".338",".328",  
"2B","Mazeroski, Bill R  ","$6,807,000","17741",".241",".277",".341","53.3","66.4","21.1","Av","18934",".600",".631","0","","","Ex/71","","","","","","&nbsp;","Pr","Normal",".271",".282",  
"RF, 1B","Freeman, Buck L  ","$6,796,000","31620",".269",".327",".449","86.1","34.8","13.6","Av","34926",".732",".799","1","","Fr/114","","","","","","Fr/97","Av","Av","Normal",".310",".336",  
"SS","Gregorius, Didi L  ","$6,792,000","8393",".254",".303",".360","64.7","66.1","16.6","Vg","9110",".618",".682","2","","","","","Av/87","","","","&nbsp;","Fr","Prone",".288",".309",  
"LF, CF, RF","Jackson, Bo R  ","$6,783,000","50694",".239",".296",".441","76.3","19.1","13.5","Vg","55406",".735",".739","0","","","","","","Av/193","Fr/193","Av/193","Ex","Vg","Prone",".295",".298",  
"RF, 1B, LF, CF","Griffey, Ken Sr L  ","$6,781,000","22898",".279",".347",".383","82.7","91.6","10.6","Vg","25652",".721",".733","1","","Av/175","","","","Av/102","Av/102","Av/102","Av","Av","Prone",".343",".349",  
"1B","Thornton, Andre R  ","$6,773,000","16632",".238",".343",".422","88.0","23.9","7.36","Av","19563",".867",".697","-2","","Av/86","","","","","","","&nbsp;","Fr","Prone",".381",".317",  
"RF","Buhner, Jay R  ","$6,769,000","31928",".243",".338",".453","91.4","19.4","8.06","Fr","36986",".834",".765","-1","","","","","","","","Pr/70","Av","Pr","Prone",".356",".328",  
"3B","Koskie, Corey L  ","$6,768,000","11459",".258",".340",".402","81.8","36.7","9.50","Av","13056",".631",".773","3","","","","Av/68","","","","","&nbsp;","Av","Fragile",".306",".349",  
"3B, 1B","Frazier, Todd R  ","$6,766,000","39578",".242",".319",".398","75.6","30.2","10.7","Av","44693",".740",".704","-1","","Fr/147","","Av/84","","","","","&nbsp;","Av","Normal",".331",".312",  
"SS, 2B, 3B","Young, Michael R  ","$6,766,000","31209",".280",".332",".381","74.1","78.8","13.7","Av","34147",".745",".696","-1","","","Fr/68","Fr/96","Fr/80","","","","&nbsp;","Fr","Normal",".346",".324",  
"DH, RF","Baines, Harold L  ","$6,757,000","14961",".273",".337",".413","80.6","34.9","11.2","Av","16629",".588",".810","3","","","","","","","","Fr/133","Fr","Pr","Prone",".280",".357",  
"C","Hargrave, Bubbles R  ","$6,756,000","18732",".261",".329",".402","78.8","47.8","11.8","Av","20998",".765",".713","-1","Fr/66","","","","","","","","&nbsp;","Fr","Normal",".340",".323",  
"CF","Kiermaier, Kevin L  ","$6,751,000","2415",".252",".307",".362","67.7","89.4","14.5","Vg","2636",".625",".690","1","","","","","","","Ex/87","","Vg","Vg","Fragile",".281",".319",  
"C","Hoiles, Chris R  ","$6,745,000","13308",".250",".343",".419","86.9","25.0","8.46","Fr","15402",".828",".730","-2","Av/59","","","","","","","","&nbsp;","Pr","Prone",".368",".331",  
"C","Robinson, Aaron L  ","$6,745,000","19664",".248",".343",".388","83.0","32.2","7.89","Pr","22796",".617",".764","0","Av/62","","","","","","","","&nbsp;","Pr","Normal",".308",".353",  
"LF, RF","Selbach, Kip R  ","$6,738,000","14608",".261",".346",".394","82.7","52.5","8.78","Vg","16744",".780",".717","-1","","","","","","Vg/94","","Vg/94","Fr","Vg","Normal",".366",".335",  
"LF, 1B, CF, RF","Moon, Wally L  ","$6,735,000","25973",".268",".345",".395","81.5","51.3","9.49","Vg","29528",".698",".765","3","","Av/167","","","","Av/99","Av/99","Av/99","Av","Av","Normal",".328",".355",  
"RF, 1B, LF, CF","Myers, Wil R  ","$6,726,000","842",".254",".313",".380","71.1","46.8","12.5","Vg","926",".707",".686","-1","","Vg/55","","","","Av/90","Fr/90","Av/90","Fr","Av","Fragile",".311",".314",  
"RF","Nixon, Trot L  ","$6,725,000","12911",".254",".347",".416","88.4","30.1","7.99","Fr","14970",".538",".818","5","","","","","","","","Av/109","Av","Fr","Prone",".272",".365",  
"LF, RF","McIntyre, Matty L  ","$6,724,000","10654",".259",".340",".381","78.4","51.5","9.30","Av","12156",".645",".754","1","","","","","","Vg/73","","Vg/73","Vg","Av","Prone",".312",".352",  
"CF, RF","Frederick, Johnny L  ","$6,722,000","21697",".269",".325",".422","80.4","35.2","14.0","Vg","23828",".717",".762","1","","","","","","","Av/99","Av/99","Av","Pr","Prone",".313",".331",  
"LF","Willingham, Josh R  ","$6,695,000","26372",".249",".353",".429","91.8","24.8","7.96","Fr","30996",".807",".767","-1","","","","","","Fr/101","","","Av","Pr","Fragile",".364",".347",  
"CF, LF","Anderson, Brady L  ","$6,693,000","14658",".248",".345",".390","85.4","45.5","8.83","Vg","17064",".686",".762","2","","","","","","Av/60","Av/60","","Av","Vg","Prone",".328",".354",  
"2B, 1B, 3B","Baerga, Carlos S  ","$6,690,000","30966",".275",".313",".377","67.5","62.4","22.0","Av","33281",".653",".712","1","","Av/168","Av/128","Av/128","","","","","&nbsp;","Fr","Normal",".300",".320",  
"1B, LF, RF","White, Bill L  ","$6,687,000","11451",".251",".315",".367","70.4","58.4","11.8","Vg","12737",".585",".725","3","","Vg/76","","","","Av/146","","Av/146","Fr","Av","Normal",".278",".332",  
"SP, LF","Brown, Ray S  ","$6,682,000","1134",".179",".209",".218","13.2","226.8","29.9","Pr","1196",".400",".440","0","","","","","","Fr/120","","","Av","Pr","Normal",".190",".218",  
"C, RF","Daulton, Darren L  ","$6,667,000","14896",".228",".333",".376","80.6","37.2","7.37","Fr","17497",".680",".730","1","Vg/96","","","","","","","Av/116","Fr","Fr","Prone",".328",".339",  
"DH, C, LF","Downing, Brian R  ","$6,663,000","19461",".249",".346",".387","83.1","38.0","8.32","Av","22624",".771",".713","-1","Fr/65","","","","","Av/23","","","Av","Pr","Prone",".357",".341",  
"SP, LF, RF","Caruthers, Bob L  ","$6,657,000","6329",".266",".367",".402","91.7","46.9","7.36","Pr","7473",".710",".792","1","","","","","","Fr/122","","Fr/122","Fr","Vg","Prone",".331",".381",  
"LF, RF","Horton, Willie R  ","$6,651,000","29987",".266",".320",".430","78.6","27.7","14.2","Fr","32815",".769",".740","-1","","","","","","Fr/135","","Fr/135","Av","Pr","Prone",".327",".317",  
"SS","Groat, Dick R  ","$6,642,000","38822",".264",".312",".331","60.0","252.1","16.2","Fr","42614",".657",".635","-1","","","","","Vg/102","","","","&nbsp;","Pr","Normal",".316",".309",  
"2B","Viox, Jim R  ","$6,635,000","18565",".266",".351",".389","83.3","49.8","8.74","Av","21377",".755",".734","-1","","","Fr/106","","","","","","&nbsp;","Av","Prone",".358",".348",  
"CF, RF","Heidrick, Emmet L  ","$6,622,000","20207",".272",".311",".386","70.9","62.8","18.1","Ex","21740",".675",".705","1","","","","","","","Vg/100","Vg/100","Vg","Ex","Normal",".304",".313",  
"2B, 3B, SS","Warfield, Frank R  ","$6,619,000","17561",".243",".307",".296","54.8","214.2","12.8","Ex","19883",".648",".575","-1","","","Ex/77","Vg/77","Vg/105","","","","&nbsp;","Vg","Normal",".323",".297",  
"CF","Jones, Adam R  ","$6,618,000","27645",".274",".320",".412","76.3","38.0","18.2","Vg","30015",".657",".771","1","","","","","","","Av/97","","Vg","Fr","Normal",".296",".333",  
"1B","Kluszewski, Ted L  ","$6,615,000","26326",".269",".311",".422","75.9","29.3","17.6","Fr","28366",".652",".774","2","","Fr/72","","","","","","","&nbsp;","Pr","Normal",".288",".323",  
"LF","Crawford, Carl L  ","$6,612,000","11852",".272",".318",".391","76.9","83.5","16.3","Vg","12767",".645",".734","2","","","","","","Vg/81","","","Av","Vg","Fragile",".294",".327",  
"CF","Mostil, Johnny R  ","$6,610,000","29454",".258",".335",".387","78.0","60.7","10.9","Ex","33400",".760",".702","-2","","","","","","","Vg/86","","Av","Vg","Prone",".348",".328",  
"3B","May, Pinky R  ","$6,603,000","8362",".264",".340",".346","71.1","94.0","10.1","Fr","9528",".702",".678","0","","","","Vg/70","","","","","&nbsp;","Pr","Normal",".350",".335",  
"CF, SP, RF","Seymour, Cy L  ","$6,597,000","18076",".275",".322",".392","74.1","53.8","15.5","Av","19769",".649",".747","1","","","","","","","Vg/111","Vg/111","Vg","Vg","Normal",".299",".333",  
"LF","Kadota, Hiromitsu L  ","$6,596,000","24829",".249",".335",".411","82.2","24.2","8.90","Pr","28321",".698",".773","1","","","","","","Fr/75","","","Av","Pr","Prone",".324",".341",  
"1B","Pena, Carlos L  ","$6,591,000","19599",".227",".333",".427","88.3","20.6","7.52","Av","23009",".675",".793","2","","Av/97","","","","","","","&nbsp;","Fr","Prone",".302",".345",  
"SS","Maranville, Rabbit R  ","$6,590,000","17640",".236",".301",".339","60.1","71.1","11.9","Vg","19765",".667",".629","-2","","","","","Ex/80","","","","&nbsp;","Vg","Normal",".312",".297",  
"CF","Jenkins, Fats L  ","$6,583,000","23003",".270",".330",".356","71.5","129.2","12.4","Vg","25363",".646",".709","1","","","","","","","Vg/74","","Fr","Vg","Normal",".318",".337",  
"CF","DiMaggio, Vince R  ","$6,572,000","22092",".225",".296",".390","67.8","27.4","11.2","Vg","24587",".704",".675","0","","","","","","","Vg/83","","Vg","Av","Normal",".304",".291",  
"2B, 3B","Williams, Jimmy R  ","$6,569,000","28191",".252",".316",".395","74.3","47.5","11.6","Av","31418",".757",".688","-1","","","Vg/87","Vg/110","","","","","&nbsp;","Av","Normal",".334",".307",  
"SS, 2B, 3B","Elberfeld, Kid R  ","$6,557,000","15581",".247",".333",".340","70.9","69.2","10.8","Av","17981",".693",".661","-1","","","Av/105","Av/93","Vg/106","","","","&nbsp;","Vg","Prone",".336",".331",  
"CF","Maddox, Garry R  ","$6,556,000","20546",".267",".302",".377","66.8","71.8","22.3","Av","21874",".732",".651","-1","","","","","","","Ex/82","","Av","Vg","Prone",".323",".290",  
"3B","Mueller, Bill S  ","$6,556,000","20300",".275",".351",".365","78.9","115.3","9.48","Fr","23062",".699",".719","0","","","","Av/90","","","","","&nbsp;","Pr","Fragile",".346",".353",  
"LF","Lee, Carlos R  ","$6,554,000","25765",".267",".322",".415","77.5","32.4","13.1","Fr","28274",".745",".732","0","","","","","","Av/94","","","Av","Av","Normal",".327",".319",  
"1B, LF, RF","Cunningham, Joe L  ","$6,542,000","26855",".264",".371",".351","85.3","108.7","7.28","Av","31817",".670",".749","1","","Av/75","","","","Fr/161","","Fr/161","Fr","Fr","Normal",".352",".381",  
"3B, 1B","McMullen, Ken R  ","$6,542,000","17134",".252",".313",".385","70.1","37.9","12.3","Fr","18926",".744",".674","-1","","Av/98","","Vg/84","","","","","&nbsp;","Pr","Normal",".328",".305",  
"LF, 2B, CF, RF","Mertes, Sam R  ","$6,523,000","14295",".252",".324",".389","76.8","48.3","10.4","Ex","16169",".737",".701","-1","","","Fr/104","","","Vg/113","Fr/113","Vg/113","Av","Ex","Normal",".332",".320",  
"RF, LF","Hahn, Ed L  ","$6,518,000","21681",".251",".348",".361","78.6","48.7","8.46","Av","25397",".693",".718","1","","","","","","Av/72","","Av/72","Vg","Av","Normal",".345",".349",  
"RF, 1B, LF, CF","Alou, Felipe R  ","$6,514,000","20236",".279",".327",".414","80.3","42.8","16.5","Vg","21944",".773",".722","-1","","Fr/83","","","","Av/85","Av/85","Av/85","Av","Av","Prone",".343",".318",  
"RF, 1B, LF","Gessler, Doc L  ","$6,502,000","20844",".274",".361",".413","90.3","44.4","9.67","Av","24030",".718",".804","1","","Fr/160","","","","Pr/112","","Pr/112","Av","Vg","Normal",".342",".371",  
"SS, 2B, 3B","Cabrera, Asdrubal S  ","$6,493,000","23305",".267",".328",".387","75.1","58.7","12.4","Av","25887",".676",".735","0","","","Fr/43","Av/87","Fr/94","","","","&nbsp;","Fr","Prone",".314",".335",  
"CF, LF","Bay, Harry L  ","$6,479,000","15754",".266",".329",".370","73.8","49.5","12.0","Vg","17638",".646",".719","1","","","","","","Vg/66","Vg/66","","Vg","Ex","Prone",".311",".336",  
"C","Varitek, Jason S  ","$6,479,000","37208",".246",".321",".385","73.3","37.2","10.3","Pr","41966",".727",".691","-1","Fr/82","","","","","","","","&nbsp;","Fr","Normal",".328",".316",  
"CF","Douthit, Taylor R  ","$6,474,000","18767",".241",".318",".313","60.3","104.3","10.4","Av","21283",".648",".622","-1","","","","","","","Ex/93","","Av","Fr","Normal",".321",".316",  
"C, 1B","Jaso, John L  ","$6,469,000","11790",".266",".361",".391","87.1","57.0","7.99","Fr","13725",".611",".776","5","Fr/77","Fr/88","","","","","","","&nbsp;","Pr","Prone",".315",".369",  
"C","McCann, Brian L  ","$6,468,000","23739",".257",".326",".404","77.3","31.9","10.9","Pr","26609",".672",".753","1","Vg/103","","","","","","","","&nbsp;","Pr","Prone",".307",".334",  
"1B","Bissonette, Del L  ","$6,465,000","21504",".269",".337",".431","85.4","34.2","10.9","Av","24017",".730",".787","1","","Fr/116","","","","","","","&nbsp;","Fr","Normal",".323",".344",  
"1B","Mayberry, John Sr L  ","$6,464,000","21872",".239",".339",".407","85.2","23.3","7.88","Fr","25475",".682",".775","2","","Fr/76","","","","","","","&nbsp;","Pr","Normal",".315",".349",  
"1B","Tenney, Fred L  ","$6,462,000","12782",".269",".346",".354","75.6","80.9","9.65","Av","14716",".660",".721","1","","Vg/89","","","","","","","&nbsp;","Av","Normal",".333",".353",  
"3B, 1B","Horner, Bob R  ","$6,459,000","24061",".258",".320",".454","83.6","21.5","12.0","Fr","26670",".798",".757","0","","Pr/70","","Pr/106","","","","","&nbsp;","Fr","Fragile",".327",".315",  
"3B, 1B","Rader, Doug R  ","$6,456,000","22627",".244",".314",".400","72.8","33.2","11.3","Av","25260",".730",".705","-1","","Av/350","","Vg/86","","","","","&nbsp;","Fr","Normal",".323",".309",  
"C","Kling, Johnny R  ","$6,437,000","20720",".259",".312",".375","69.3","57.7","14.0","Av","22827",".711",".675","-1","Av/89","","","","","","","","&nbsp;","Av","Normal",".323",".306",  
"3B","Foy, Joe R  ","$6,431,000","36638",".243",".342",".356","75.9","54.8","7.85","Ex","42696",".723",".683","-1","","","","Av/119","","","","","&nbsp;","Vg","Normal",".347",".339",  
"CF, LF, RF","Leiber, Hank R  ","$6,426,000","31643",".267",".332",".433","83.2","29.5","11.6","Av","35417",".795",".750","-1","","","","","","Av/101","Fr/101","Av/101","Fr","Pr","Prone",".347",".324",  
"1B","McInnis, Stuffy R  ","$6,415,000","21405",".293",".324",".392","74.0","67.1","23.7","Vg","23138",".737",".700","-1","","Av/55","","","","","","","&nbsp;","Av","Normal",".333",".317",  
"CF","Beaumont, Ginger L  ","$6,403,000","25362",".282",".333",".389","76.9","53.4","14.1","Vg","27873",".669",".754","1","","","","","","","Av/88","","Av","Vg","Prone",".313",".344",  
"DH, LF, RF","Cust, Jack L  ","$6,399,000","29520",".238",".363",".410","94.4","23.5","6.11","Pr","35637",".673",".812","2","","","","","","Fr/236","","Pr/236","Pr","Pr","Normal",".333",".374",  
"RF, 1B, LF","Wertz, Vic L  ","$6,394,000","15735",".261",".332",".440","87.2","23.9","10.5","Fr","17658",".637",".806","4","","Av/119","","","","Fr/112","","Fr/112","Av","Pr","Prone",".287",".343",  
"LF, RF","Meusel, Bob R  ","$6,392,000","19385",".268",".314",".433","77.9","34.1","16.1","Vg","21075",".787",".727","-3","","","","","","Av/123","","Av/123","Ex","Vg","Prone",".330",".306",  
"1B","Judge, Joe L  ","$6,387,000","12159",".261",".334",".392","79.3","48.4","10.4","Av","13794",".710",".735","1","","Av/51","","","","","","","&nbsp;","Av","Prone",".333",".334",  
"LF, CF, RF","Cree, Birdie R  ","$6,383,000","20501",".272",".343",".410","84.5","53.8","11.0","Vg","23052",".794",".729","-1","","","","","","Fr/74","Fr/74","Fr/74","Av","Vg","Prone",".359",".334",  
"CF, LF, RF","Bradley, Milton S  ","$6,374,000","18291",".265",".350",".401","84.3","40.5","8.85","Av","21007",".794",".726","-1","","","","","","Av/119","Av/119","Av/119","Av","Av","Prone",".370",".338",  
"SS, 2B, 3B","Joost, Eddie R  ","$6,374,000","36752",".218",".330",".350","75.0","38.0","7.09","Av","43606",".700",".667","-2","","","Av/161","Av/120","Av/103","","","","&nbsp;","Fr","Normal",".337",".325",  
"CF, LF, RF","Jacobson, Baby Doll R  ","$6,373,000","23298",".269",".310",".397","71.2","53.7","18.4","Av","25229",".747",".686","-1","","","","","","Vg/75","Vg/75","Vg/75","Fr","Av","Normal",".325",".302",  
"3B, 1B, RF","Blake, Casey R  ","$6,372,000","23958",".251",".324",".391","75.0","39.4","11.0","Av","26903",".771",".678","-2","","Av/147","","Av/97","","","","Av/149","Av","Fr","Normal",".345",".309",  
"RF, LF, CF","Gonzalez, Carlos L  ","$6,362,000","23386",".263",".317",".421","78.9","32.8","13.4","Vg","25620",".633",".790","3","","","","","","Av/88","Av/88","Av/88","Av","Av","Prone",".280",".336",  
"CF, LF, RF","Monday, Rick L  ","$6,347,000","12725",".249",".335",".415","85.3","29.5","8.78","Vg","14572",".610",".788","3","","","","","","Fr/92","Fr/92","Fr/92","Fr","Av","Prone",".294",".346",  
"3B, SS, LF, CF, RF","Johnson, Howard S  ","$6,345,000","27225",".239",".324",".429","85.8","23.1","9.06","Vg","31028",".726",".767","1","","","","Fr/137","Fr/141","Fr/114","Pr/114","Fr/114","Fr","Vg","Prone",".315",".328",  
"1B, 3B","Driessen, Dan L  ","$6,334,000","14623",".259",".339",".386","78.7","43.7","9.30","Vg","16640",".608",".764","3","","Av/61","","Fr/135","","","","","&nbsp;","Av","Normal",".299",".353",  
"2B, 3B, SS","Oquendo, Jose S  ","$6,332,000","26619",".242",".325",".292","59.5","251.1","9.09","Fr","30466",".633",".608","-1","","","Vg/45","Av/115","Av/104","","","","&nbsp;","Fr","Normal",".332",".322",  
"DH, LF, RF","Davis, Chili S  ","$6,331,000","25090",".257",".336",".409","81.1","30.0","9.32","Av","28402",".758",".741","0","","","","","","Av/193","","Av/193","Av","Fr","Prone",".334",".337",  
"RP, SP, 2B","Crandall, Doc R  ","$6,324,000","3761",".269",".345",".401","82.1","54.5","9.55","Fr","4270",".792",".701","-1","","","Pr/147","","","","","","&nbsp;","Fr","Normal",".363",".328",  
"LF, 1B, RF","Floyd, Cliff L  ","$6,322,000","27904",".264",".334",".425","86.1","30.3","11.3","Av","31222",".724",".777","1","","Fr/138","","","","Av/133","","Fr/133","Fr","Av","Fragile",".323",".340",  
"CF, SP, 1B, LF, RF","Cooney, Johnny R  ","$6,301,000","5244",".260",".310",".310","55.9","249.7","15.7","Av","5717",".642",".600","-1","","Av/79","","","","Av/46","Av/46","Av/46","Vg","Fr","Prone",".318",".303",  
"LF, 2B","Stephenson, Riggs R  ","$6,299,000","24384",".283",".357",".406","86.8","56.8","10.2","Fr","27546",".791",".747","-1","","","Fr/112","","","Fr/78","","","Fr","Fr","Prone",".368",".350",  
"RF, LF, CF","Green, Danny L  ","$6,296,000","15221",".273",".338",".397","79.6","45.8","11.6","Av","16999",".667",".765","1","","","","","","Av/110","Fr/110","Av/110","Ex","Vg","Normal",".315",".348",  
"2B, 3B","Myer, Buddy L  ","$6,293,000","14714",".261",".338",".356","73.9","89.2","9.89","Vg","16730",".646",".721","1","","","Av/83","Av/135","","","","","&nbsp;","Fr","Normal",".325",".346",  
"RF, CF","Rios, Alex R  ","$6,284,000","25473",".265",".312",".381","67.8","65.8","15.9","Vg","27546",".722",".674","-1","","","","","","","Av/100","Vg/100","Vg","Vg","Normal",".322",".305",  
"2B","Doran, Bill S  ","$6,277,000","24789",".254",".338",".347","73.6","79.5","9.05","Vg","28326",".647",".705","0","","","Av/87","","","","","","&nbsp;","Vg","Prone",".327",".343",  
"1B","Alexander, Dale R  ","$6,274,000","31847",".288",".348",".429","87.7","38.6","11.7","Fr","35406",".782",".772","-1","","Fr/124","","","","","","","&nbsp;","Fr","Prone",".355",".345",  
"LF, CF, RF","Cerv, Bob R  ","$6,270,000","24335",".268",".320",".440","80.1","28.7","14.7","Av","26609",".781",".749","1","","","","","","Av/119","Pr/119","Av/119","Av","Fr","Normal",".326",".317",  
"2B, SS","DeMoss, Bingo R  ","$6,266,000","19620",".258",".318",".300","59.6","1090.0","12.9","Vg","22328",".651",".598","-1","","","Ex/74","","Av/80","","","","&nbsp;","Fr","Normal",".327",".312",  
"RF, LF","Reddick, Josh L  ","$6,264,000","13600",".265",".322",".392","75.7","49.3","12.7","Vg","14957",".656",".743","1","","","","","","Av/139","","Vg/139","Vg","Fr","Prone",".303",".332",  
"2B, 1B, 3B, SS, LF, RF","Scales, George R  ","$6,263,000","20088",".261",".334",".388","77.5","45.3","10.5","Av","22615",".730",".719","-1","","Av/66","Av/92","Av/100","Fr/100","Av/100","","Av/100","Av","Fr","Normal",".336",".332",  
"LF, RF","Nieman, Bob R  ","$6,261,000","18602",".280",".355",".443","90.8","33.3","9.60","Fr","21033",".885",".748","-2","","","","","","Fr/125","","Fr/125","Fr","Fr","Prone",".383",".338",  
"1B","Torre, Frank L  ","$6,257,000","14217",".266",".337",".345","70.1","258.5","12.1","Av","16069",".652",".700","0","","Vg/69","","","","","","","&nbsp;","Fr","Normal",".328",".343",  
"LF","O'Neill, Tip R  ","$6,255,000","18840",".281",".335",".401","78.5","65.2","13.5","Vg","20719",".769",".719","-1","","","","","","Av/79","","","Pr","Av","Normal",".352",".326",  
"CF, LF, RF","Hall, Jimmie L  ","$6,248,000","15637",".265",".331",".429","84.2","29.6","10.9","Vg","17413",".529",".801","6","","","","","","Av/92","Av/92","Av/92","Av","Fr","Prone",".242",".347",  
"CF, LF","Jennings, Desmond R  ","$6,244,000","7175",".244",".326",".363","74.5","56.5","9.43","Ex","8186",".693",".686","-1","","","","","","Vg/37","Av/37","","Av","Vg","Prone",".330",".323",  
"RF, LF, CF","Ross, Cody R  ","$6,239,000","20140",".266",".331",".430","83.7","31.2","11.6","Av","22447",".850",".640","-3","","","","","","Av/76","Av/76","Av/76","Av","Fr","Fragile",".362",".288",  
"SS, 3B","Guillen, Carlos S  ","$6,231,000","25938",".269",".334",".382","75.5","75.8","11.1","Av","28893",".667",".746","1","","","","Av/129","Av/118","","","","&nbsp;","Fr","Prone",".316",".344",  
"3B","Cross, Lave R  ","$6,220,000","15841",".268",".303",".369","64.3","66.0","20.5","Av","16976",".708",".652","-1","","","","Vg/66","","","","","&nbsp;","Vg","Normal",".317",".293",  
"1B","Bonura, Zeke R  ","$6,204,000","22498",".272",".336",".430","84.3","31.4","11.7","Fr","25077",".768",".764","-1","","Av/80","","","","","","","&nbsp;","Pr","Prone",".340",".334",  
"1B, C","Sweeney, Mike R  ","$6,192,000","21300",".271",".336",".408","81.1","39.0","11.8","Fr","23753",".693",".773","1","Fr/124","Av/145","","","","","","","&nbsp;","Fr","Fragile",".316",".347",  
"C","Sims, Duke L  ","$6,180,000","22159",".237",".324",".384","75.0","29.5","9.33","Pr","25263",".690",".709","0","Vg/113","","","","","","","","&nbsp;","Pr","Normal",".325",".321",  
"SS","Bartlett, Jason R  ","$6,178,000","29879",".269",".337",".335","70.4","328.3","11.4","Vg","33545",".748",".622","-2","","","","","Vg/110","","","","&nbsp;","Vg","Prone",".369",".316",  
"3B, 1B, LF, RF","Ward, Pete L  ","$6,178,000","17462",".260",".336",".397","81.5","40.1","10.4","Fr","19699",".640",".763","3","","Av/72","","Av/118","","Fr/73","","Fr/73","Av","Fr","Normal",".300",".348",  
"DH","Horn, Sam L  ","$6,172,000","23819",".246",".330",".470","87.9","18.1","9.05","Fr","27103",".595",".830","5","","","","","","","","","&nbsp;","Pr","Normal",".259",".340",  
"SS, 2B","Sanchez, Rey R  ","$6,167,000","13582",".254",".289",".294","47.6","1234.7","22.9","Vg","14559",".617",".570","-1","","","Vg/70","","Ex/60","","","","&nbsp;","Fr","Prone",".305",".282",  
"LF, 1B","Carty, Rico R  ","$6,161,000","26280",".277",".347",".404","82.0","40.6","10.1","Fr","29521",".733",".765","0","","Fr/123","","","","Fr/123","","","Fr","Pr","Prone",".340",".353",  
"SS","Cardenas, Leo R  ","$6,160,000","18375",".244",".291",".340","56.6","84.7","16.3","Av","20023",".676",".603","-1","","","","","Vg/79","","","","&nbsp;","Fr","Normal",".308",".281",  
"1B, LF","Conine, Jeff R  ","$6,153,000","12408",".260",".328",".371","71.6","53.9","10.8","Av","13826",".778",".652","-2","","Vg/115","","","","Av/99","","","Vg","Fr","Normal",".355",".311",  
"CF, LF, RF","Nixon, Otis S  ","$6,140,000","24572",".251",".321",".281","59.7","1365.1","10.8","Ex","27755",".597",".606","0","","","","","","Vg/60","Vg/60","Vg/60","Fr","Ex","Prone",".318",".324",  
"2B","Grant, Frank R  ","$6,139,000","23788",".253",".315",".393","73.7","48.1","12.4","Vg","26359",".717",".701","0","","","Vg/117","","","","","","&nbsp;","Vg","Normal",".319",".313",  
"RF, 1B","Hart, Corey R  ","$6,137,000","22606",".270",".326",".440","83.4","30.3","13.6","Vg","24941",".787",".752","-1","","Fr/136","","","","","","Av/94","Av","Av","Prone",".331",".323",  
"2B","Kilduff, Pete R  ","$6,136,000","18623",".247",".325",".368","71.4","63.6","9.82","Av","21134",".727",".677","-1","","","Vg/97","","","","","","&nbsp;","Fr","Normal",".337",".319",  
"1B, LF, CF, RF","Cavarretta, Phil L  ","$6,131,000","18959",".271",".345",".388","82.1","68.2","10.2","Av","21526",".671",".769","3","","Av/94","","","","Av/101","Fr/101","Av/101","Av","Fr","Prone",".327",".356",  
"DH, 1B","Durazo, Erubiel L  ","$6,131,000","10844",".269",".360",".432","95.7","28.2","8.03","Fr","12555",".671",".834","2","","Fr/160","","","","","","","&nbsp;","Pr","Fragile",".319",".375",  
"3B, 2B","Alfonzo, Edgardo R  ","$6,128,000","17639",".266",".333",".366","74.8","64.6","10.9","Av","19742",".675",".712","0","","","Fr/77","Av/70","","","","","&nbsp;","Fr","Prone",".329",".335",  
"C","Johjima, Kenji R  ","$6,127,000","22695",".256",".302",".361","62.0","55.1","22.0","Pr","24464",".652",".671","0","Vg/72","","","","","","","","&nbsp;","Pr","Normal",".298",".303",  
"2B, 3B, LF, CF","Roberts, Bip S  ","$6,125,000","23624",".276",".336",".335","69.8","393.7","12.5","Vg","26079",".637",".690","1","","","Av/119","Av/90","","Vg/103","Av/103","","Av","Vg","Prone",".321",".344",  
"RF, LF, CF","Miller, Bing R  ","$6,120,000","14304",".266",".308",".388","69.9","58.6","20.5","Vg","15589",".725",".672","0","","","","","","Vg/88","Av/88","Vg/88","Av","Av","Normal",".324",".297",  
"1B, 3B, RF","Huff, Aubrey L  ","$6,115,000","19707",".266",".327",".418","80.4","31.6","12.1","Av","21802",".680",".774","1","","Fr/89","","Fr/108","","","","Av/118","Av","Fr","Normal",".304",".338",  
"LF, RF","Jenkins, Geoff L  ","$6,112,000","19172",".259",".317",".419","76.8","32.0","14.6","Fr","21075",".651",".773","3","","","","","","Vg/96","","Vg/96","Av","Fr","Prone",".293",".328",  
"2B","Veras, Quilvio S  ","$6,112,000","19884",".254",".345",".316","70.2","218.5","8.54","Vg","22891",".652",".669","0","","","Av/83","","","","","","&nbsp;","Vg","Fragile",".340",".349",  
"CF, LF, RF","Piersall, Jim R  ","$6,111,000","17961",".241",".292",".323","54.5","110.2","15.2","Vg","19655",".675",".578","-2","","","","","","Ex/48","Ex/48","Ex/48","Av","Av","Normal",".312",".279",  
"2B, 3B, SS","McAuliffe, Dick L  ","$6,107,000","16267",".240",".329",".372","77.6","45.3","8.55","Vg","18679",".567",".737","3","","","Av/101","Fr/115","Fr/116","","","","&nbsp;","Fr","Prone",".281",".342",  
"LF, RF","Kemp, Steve L  ","$6,106,000","15048",".257",".350",".383","81.3","43.1","8.15","Av","17378",".682",".754","2","","","","","","Av/94","","Av/94","Av","Fr","Normal",".327",".358",  
"3B, 1B, SS","Boone, Ray R  ","$6,104,000","23492",".258",".333",".380","75.2","44.8","10.0","Av","26598",".742",".698","-1","","Av/130","","Av/92","Av/136","","","","&nbsp;","Pr","Prone",".342",".328",  
"2B","Roberts, Brian S  ","$6,088,000","21421",".254",".330",".346","73.8","171.4","9.83","Vg","24171",".653",".686","1","","","Av/86","","","","","","&nbsp;","Vg","Prone",".321",".334",  
"3B, 2B","Madlock, Bill R  ","$6,082,000","30760",".288",".342",".409","81.7","53.5","14.2","Av","33845",".783",".734","-1","","","Fr/116","Pr/96","","","","","&nbsp;","Av","Prone",".351",".338",  
"2B, 1B","Johnson, Davey R  ","$6,079,000","22425",".254",".327",".387","75.2","43.0","10.8","Av","25187",".739",".699","-1","","Av/66","Av/92","","","","","","&nbsp;","Fr","Normal",".336",".322",  
"2B","Ellis, Mark R  ","$6,078,000","11870",".257",".324",".352","70.0","83.6","12.2","Av","13323",".705",".660","-1","","","Vg/55","","","","","","&nbsp;","Fr","Fragile",".342",".314",  
"3B, SS","Boyer, Clete R  ","$6,077,000","13454",".243",".294",".363","61.8","42.3","15.1","Av","14634",".761",".597","-3","","","","Ex/72","Av/82","","","","&nbsp;","Fr","Normal",".335",".270",  
"C","Martin, Russell R  ","$6,076,000","7123",".244",".329",".357","69.9","43.7","9.44","Av","8155",".710",".671","-1","Vg/94","","","","","","","","&nbsp;","Fr","Normal",".340",".323",  
"RF, CF","Moses, Wally L  ","$6,075,000","16948",".269",".326",".378","75.0","76.0","13.1","Vg","18644",".652",".735","2","","","","","","","Av/105","Vg/105","Av","Av","Normal",".310",".335",  
"2B, SS","Espinosa, Danny S  ","$6,074,000","14017",".223",".292",".363","64.5","36.2","13.6","Av","15620",".684",".639","-2","","","Vg/69","","Vg/125","","","","&nbsp;","Av","Normal",".306",".284",  
"2B","Pfeffer, Fred R  ","$6,062,000","19452",".226",".286",".353","59.0","43.1","13.0","Vg","21429",".671",".621","-1","","","Ex/94","","","","","","&nbsp;","Ex","Normal",".300",".279",  
"CF, LF, RF","Van Haltren, George L  ","$6,059,000","18932",".267",".328",".372","74.0","69.3","12.0","Vg","20947",".679",".713","1","","","","","","Av/118","Fr/118","Av/118","Vg","Ex","Iron",".322",".332",  
"2B","Cash, Dave R  ","$6,042,000","22037",".266",".318",".333","63.0","234.4","14.2","Av","24065",".676",".635","-1","","","Vg/71","","","","","","&nbsp;","Av","Normal",".330",".311",  
"RF, LF, CF","Roth, Braggo R  ","$6,039,000","14191",".262",".336",".418","82.2","43.7","10.4","Ex","16052",".762",".749","0","","","","","","Fr/145","Pr/145","Fr/145","Av","Ex","Prone",".341",".332",  
"3B","Lyons, Denny R  ","$6,035,000","13794",".261",".341",".387","79.8","48.1","9.71","Av","15737",".765",".708","-1","","","","Av/91","","","","","&nbsp;","Vg","Prone",".353",".334",  
"2B","Spivey, Junior R  ","$6,033,000","26711",".265",".355",".399","86.5","43.3","8.79","Vg","30804",".859",".612","-5","","","Av/126","","","","","","&nbsp;","Av","Fragile",".394",".301",  
"1B, LF, RF","Fairly, Ron L  ","$6,026,000","12294",".257",".342",".369","78.3","49.0","8.89","Av","14168",".604",".765","3","","Av/97","","","","Av/75","","Av/75","Av","Fr","Normal",".311",".357",  
"CF, LF, RF","Milner, Eddie L  ","$6,025,000","10469",".229",".310",".329","63.6","72.7","9.58","Ex","11861",".492",".685","3","","","","","","Ex/64","Vg/64","Ex/64","Vg","Ex","Prone",".257",".326",  
"3B, 1B","Magadan, Dave L  ","$6,022,000","17054",".269",".370",".341","81.6","134.3","7.19","Fr","20018",".626",".737","2","","Av/80","","Fr/95","","","","","&nbsp;","Pr","Prone",".342",".377",  
"3B, 1B","Freese, David R  ","$6,015,000","22576",".274",".347",".384","77.2","54.9","10.8","Fr","25420",".797",".693","-2","","Av/135","","Av/97","","","","","&nbsp;","Pr","Fragile",".378",".329",  
"3B, 1B","Lansford, Carney R  ","$6,014,000","23577",".274",".329",".382","74.6","63.5","14.0","Vg","25969",".704",".716","0","","Fr/79","","Fr/66","","","","","&nbsp;","Av","Normal",".326",".331",  
"RF","Lumley, Harry L  ","$6,012,000","17268",".278",".332",".446","85.8","38.0","13.1","Av","19087",".764",".786","1","","","","","","","","Av/125","Fr","Vg","Fragile",".328",".335",  
"3B, 1B, 2B, SS","McManus, Marty R  ","$6,010,000","11956",".245",".314",".362","67.4","55.9","11.0","Vg","13433",".712",".656","-1","","Fr/95","Vg/97","Vg/81","Fr/105","","","","&nbsp;","Av","Normal",".325",".308",  
"SS, 3B","Escobar, Yunel R  ","$6,005,000","21870",".273",".343",".344","69.8","170.9","10.8","Av","24609",".729",".661","-1","","","","Pr/126","Vg/89","","","","&nbsp;","Fr","Fragile",".359",".333",  
"C","Whitt, Ernie L  ","$6,002,000","13466",".241",".316",".364","68.3","41.2","9.98","Pr","15158",".524",".707","3","Av/72","","","","","","","","&nbsp;","Fr","Normal",".266",".325",  
"CF, LF, RF","Thomas, Gorman R  ","$5,992,000","35197",".210",".312",".430","81.5","17.9","7.92","Av","40822",".773",".725","-1","","","","","","Av/83","Av/83","Av/83","Av","Fr","Prone",".323",".306",  
"LF, RF","Litwhiler, Danny R  ","$5,983,000","21209",".265",".316",".423","77.6","29.4","15.3","Av","23119",".737",".739","-1","","","","","","Av/81","","Av/81","Av","Pr","Normal",".321",".313",  
"3B, SS","Fryman, Travis R  ","$5,980,000","20200",".251",".309",".371","67.4","50.2","13.2","Vg","22161",".697",".670","0","","","","Av/67","Av/121","","","","&nbsp;","Fr","Normal",".315",".306",  
"2B, LF, CF","Ackley, Dustin L  ","$5,976,000","15060",".250",".315",".346","66.8","87.1","11.6","Av","16712",".633",".677","1","","","Vg/69","","","Av/43","Fr/43","","Av","Av","Normal",".298",".323",  
"SS, 2B, 3B, LF","Hernandez, Jose R  ","$5,971,000","20960",".247",".301",".378","64.3","39.1","14.1","Vg","22856",".739",".642","-2","","","Av/129","Vg/85","Av/96","Av/39","","","Av","Fr","Normal",".327",".285",  
"DH, C, 1B, LF","Johnson, Cliff R  ","$5,970,000","19776",".247",".342",".437","90.2","21.9","8.54","Pr","22910",".841",".741","-2","Pr/165","Pr/85","","","","Pr/231","","","Fr","Pr","Prone",".363",".329",  
"2B, 3B, LF","Johnson, Kelly L  ","$5,962,000","22689",".249",".324",".380","75.0","44.1","9.94","Av","25607",".673",".718","0","","","Av/119","Fr/145","","Fr/107","","","Fr","Av","Normal",".315",".327",  
"2B","Hudson, Orlando S  ","$5,947,000","18284",".258",".323",".348","66.4","133.5","11.3","Vg","20319",".699",".655","1","","","Vg/78","","","","","","&nbsp;","Fr","Fragile",".332",".319",  
"SS, 1B, 2B, 3B","Aurilia, Rich R  ","$5,941,000","19139",".254",".304",".364","64.5","54.2","14.5","Av","20832",".682",".661","-1","","Vg/79","Av/101","Av/122","Av/85","","","","&nbsp;","Fr","Prone",".312",".300",  
"C","Lombardi, Ernie R  ","$5,934,000","15701",".277",".329",".419","77.8","29.8","15.1","Pr","17140",".784",".728","-2","Fr/109","","","","","","","","&nbsp;","Pr","Prone",".343",".321",  
"2B, C, 3B","Daly, Tom S  ","$5,929,000","14927",".242",".320",".355","68.8","60.7","9.81","Vg","16880",".675",".675","0","Vg/81","","Av/110","Fr/121","","","","","&nbsp;","Vg","Normal",".324",".318",  
"RF, LF","Crawford, Willie L  ","$5,928,000","15082",".264",".337",".401","82.0","43.3","10.0","Vg","16968",".564",".787","3","","","","","","Av/110","","Av/110","Av","Fr","Normal",".279",".353",  
"3B","Nagashima, Shigeo R  ","$5,909,000","16594",".251",".312",".364","65.0","58.4","12.4","Vg","18299",".711",".656","-1","","","","Vg/95","","","","","&nbsp;","Av","Normal",".328",".304",  
"DH, 1B, LF, RF","Baylor, Don R  ","$5,888,000","20370",".254",".330",".418","82.0","28.4","12.2","Vg","22982",".806",".710","-2","","Av/183","","","","Fr/120","","Fr/120","Pr","Vg","Normal",".355",".313",  
"C","Gattis, Evan R  ","$5,885,000","50642",".248",".305",".431","75.6","23.6","13.6","Pr","55570",".756",".725","-1","Av/128","","","","","","","","&nbsp;","Pr","Prone",".309",".303",  
"3B, 1B","Alvarez, Pedro L  ","$5,878,000","13517",".237",".313",".420","77.0","22.2","9.93","Fr","15203",".569",".772","3","","Fr/320","","Av/157","","","","","&nbsp;","Pr","Normal",".256",".325",  
"CF","Statz, Jigger R  ","$5,878,000","18341",".248",".305",".331","58.0","119.9","13.5","Vg","20147",".665",".621","-2","","","","","","","Ex/89","","Vg","Vg","Normal",".314",".301",  
"2B, 1B, 3B","Walker, Neil S  ","$5,878,000","20034",".263",".329",".382","75.2","53.4","11.5","Av","22301",".661",".744","2","","Av/69","Av/70","Fr/72","","","","","&nbsp;","Pr","Prone",".310",".340",  
"SS","Renteria, Edgar R  ","$5,873,000","27236",".275",".337",".356","71.2","123.2","11.5","Vg","30404",".773",".645","-3","","","","","Av/103","","","","&nbsp;","Vg","Prone",".368",".318",  
"3B","Gruber, Kelly R  ","$5,867,000","20389",".246",".297",".392","67.6","35.8","16.9","Av","22151",".686",".691","0","","","","Vg/89","","","","","&nbsp;","Av","Prone",".294",".298",  
"CF, 3B, LF","Thomson, Bobby R  ","$5,860,000","18321",".257",".313",".415","75.2","32.7","13.5","Av","20114",".811",".674","-1","","","","Av/137","","Vg/92","Vg/92","","Av","Fr","Prone",".343",".294",  
"3B, 2B, SS","Batista, Tony R  ","$5,854,000","22705",".235",".279",".383","61.0","30.7","18.1","Av","24385",".643",".672","1","","","Av/49","Av/92","Av/83","","","","&nbsp;","Fr","Normal",".272",".282",  
"CF, LF","Rivers, Mickey L  ","$5,854,000","12704",".278",".315",".366","70.6","135.1","20.9","Ex","13653",".627",".709","1","","","","","","Vg/92","Vg/92","","Fr","Vg","Prone",".299",".324",  
"CF, LF, RF","Jones, Mack L  ","$5,847,000","13641",".242",".338",".409","85.0","28.8","8.94","Vg","15803",".614",".784","4","","","","","","Av/95","Fr/95","Av/95","Fr","Av","Prone",".292",".351",  
"RF","Miller, Dusty L  ","$5,836,000","22452",".250",".302",".371","65.5","59.2","14.9","Vg","24646",".649",".683","1","","","","","","","","Vg/115","Vg","Vg","Normal",".295",".305",  
"2B, LF","Wiggins, Alan S  ","$5,834,000","18765",".255",".324",".300","63.9","721.7","11.1","Ex","21249",".657",".606","-1","","","Av/163","","","Vg/115","","","Vg","Ex","Normal",".337",".316",  
"2B, SS, CF","Strange-Gordon, Dee L  ","$5,830,000","8160",".283",".319",".326","64.0","1020.0","21.2","Ex","8725",".628",".650","1","","","Av/104","","Fr/182","","Av/284","","Pr","Ex","Prone",".315",".319",  
"CF","Tucker, Thurman L  ","$5,829,000","15524",".241",".314",".307","60.6","150.7","10.4","Vg","17349",".577",".643","1","","","","","","","Ex/55","","Vg","Vg","Normal",".297",".323",  
"RF, 1B, LF, CF","Hayes, Von L  ","$5,828,000","4968",".259",".335",".386","77.5","49.7","9.90","Vg","5612",".652",".751","2","","Av/112","","","","Vg/93","Av/93","Vg/93","Av","Vg","Prone",".315",".344",  
"C","Lopez, Javy R  ","$5,825,000","21368",".262",".309",".416","73.1","29.9","16.7","Pr","23212",".738",".712","0","Av/82","","","","","","","","&nbsp;","Pr","Prone",".310",".306",  
"SS","Andrus, Elvis R  ","$5,821,000","9015",".264",".321",".337","65.1","250.4","13.4","Vg","9903",".692",".633","-1","","","","","Av/93","","","","&nbsp;","Vg","Normal",".329",".314",  
"SS, 2B, 3B","Scutaro, Marco R  ","$5,812,000","25723",".267",".333",".347","70.4","120.8","11.1","Av","28811",".662",".691","0","","","Av/83","Vg/126","Av/92","","","","&nbsp;","Fr","Normal",".331",".335",  
"2B","McConnell, Amby L  ","$5,806,000","29386",".264",".325",".361","70.4","60.3","13.4","Av","32636",".666",".697","1","","","Vg/93","","","","","","&nbsp;","Vg","Prone",".322",".328",  
"RF, LF","Harris, Dave R  ","$5,805,000","10436",".244",".337",".422","85.1","28.8","8.25","Vg","12075",".816",".656","-3","","","","","","Fr/117","","Fr/117","Av","Av","Normal",".353",".305",  
"RF, 1B","Stairs, Matt L  ","$5,797,000","16689",".250",".332",".421","83.9","25.6","9.28","Fr","18992",".663",".785","2","","Fr/153","","","","","","Fr/99","Fr","Pr","Normal",".302",".342",  
"CF, LF, RF","Strunk, Amos L  ","$5,797,000","16060",".260",".326",".371","71.8","59.5","11.1","Vg","17967",".633",".723","3","","","","","","Vg/48","Vg/48","Vg/48","Av","Vg","Prone",".310",".333",  
"C","Sanguillen, Manny R  ","$5,795,000","20246",".275",".299",".365","60.9","96.0","31.8","Av","21238",".691",".648","-1","Av/109","","","","","","","","&nbsp;","Fr","Normal",".312",".292",  
"1B","Wesley, Edgar L  ","$5,795,000","6541",".257",".317",".413","77.3","27.8","13.0","Av","7246",".724",".732","1","","Av/100","","","","","","","&nbsp;","Av","Normal",".316",".317",  
"CF","Wells, Vernon R  ","$5,790,000","24772",".259",".312",".401","73.1","37.1","13.9","Vg","27065",".740",".697","-1","","","","","","","Av/46","","Av","Fr","Normal",".322",".307",  
"1B","Hosmer, Eric L  ","$5,779,000","7147",".276",".330",".389","75.3","52.9","13.1","Av","7849",".666",".742","2","","Av/91","","","","","","","&nbsp;","Fr","Normal",".314",".337",  
"RF, LF, CF","Burnitz, Jeromy L  ","$5,769,000","22813",".233",".312",".422","79.0","22.8","10.2","Av","25715",".672",".765","2","","","","","","Av/130","Fr/130","Av/130","Av","Fr","Normal",".291",".323",  
"RF, 1B, 3B","Cuddyer, Michael R  ","$5,762,000","23295",".264",".329",".411","78.8","39.8","11.3","Vg","25907",".822",".687","-2","","Av/101","","Av/126","","","","Fr/110","Vg","Fr","Prone",".359",".309",  
"C","Danning, Harry R  ","$5,757,000","18168",".269",".312",".376","66.3","76.7","17.6","Fr","19614",".724",".670","-2","Av/75","","","","","","","","&nbsp;","Fr","Normal",".331",".302",  
"RF, LF, CF","Walker, Dixie L  ","$5,755,000","14273",".269",".333",".395","79.8","60.2","11.5","Av","15964",".690",".743","2","","","","","","Av/112","Av/112","Av/112","Av","Fr","Prone",".317",".339",  
"1B","Kuhel, Joe L  ","$5,753,000","17518",".248",".323",".365","71.5","55.3","10.2","Vg","19798",".647",".707","1","","Vg/89","","","","","","","&nbsp;","Av","Normal",".312",".328",  
"RF, LF, CF","Valentine, Ellis R  ","$5,749,000","13290",".270",".318",".435","79.0","28.3","15.3","Av","14404",".847",".680","-3","","","","","","Av/134","Pr/134","Av/134","Ex","Av","Prone",".353",".291",  
"LF, CF","Bescher, Bob S  ","$5,746,000","19611",".246",".336",".369","77.7","54.2","8.64","Ex","22521",".666",".726","0","","","","","","Vg/100","Av/100","","Fr","Ex","Normal",".323",".342",  
"1B, 2B, 3B, RF","Hickman, Charlie R  ","$5,745,000","22115",".278",".320",".439","81.5","38.9","18.8","Fr","23906",".781",".747","-1","","Av/171","Fr/160","Av/149","","","","Fr/146","Av","Av","Normal",".329",".315",  
"1B","Pipp, Wally L  ","$5,745,000","13381",".257",".313",".380","69.7","55.1","13.3","Vg","14801",".647",".717","1","","Vg/78","","","","","","","&nbsp;","Av","Normal",".302",".318",  
"C","Bailey, Ed L  ","$5,742,000","17525",".247",".339",".384","80.3","34.6","8.33","Fr","20265",".623",".746","3","Av/103","","","","","","","","&nbsp;","Pr","Prone",".308",".346",  
"3B, SS","Lobert, Hans R  ","$5,742,000","23038",".263",".321",".374","73.4","60.2","13.1","Ex","25666",".729",".678","-1","","","","Fr/85","Fr/97","","","","&nbsp;","Ex","Prone",".338",".312",  
"1B","O'Neil, Buck R  ","$5,737,000","9818",".270",".304",".362","63.3","119.7","21.2","Av","10520",".685",".649","-1","","Ex/80","","","","","","","&nbsp;","Fr","Normal",".308",".298",  
"3B, 1B, 2B, LF","Prado, Martin R  ","$5,724,000","10102",".273",".325",".362","68.2","108.6","13.8","Vg","11029",".715",".673","-2","","Av/48","Av/118","Av/72","","Av/118","","","Vg","Fr","Prone",".344",".316",  
"RF, LF, CF","Northrup, Jim L  ","$5,721,000","17521",".267",".327",".407","77.2","44.9","12.6","Av","19334",".653",".767","2","","","","","","Av/99","Fr/99","Av/99","Av","Fr","Normal",".296",".339",  
"LF","Zernial, Gus R  ","$5,713,000","24988",".246",".301",".443","77.0","20.2","14.1","Fr","27276",".795",".716","-1","","","","","","Av/157","","","Fr","Pr","Normal",".321",".289",  
"1B","Thompson, Jason L  ","$5,712,000","16914",".243",".345",".396","83.8","28.0","7.44","Pr","19773",".608",".780","3","","Av/94","","","","","","","&nbsp;","Pr","Normal",".309",".355",  
"CF, LF","Rowand, Aaron R  ","$5,706,000","15104",".258",".315",".385","70.2","46.8","17.1","Vg","16687",".775",".653","-1","","","","","","Vg/70","Vg/70","","Av","Av","Normal",".346",".294",  
"LF, RF","Maxwell, Charlie L  ","$5,694,000","14211",".242",".325",".379","77.1","34.9","9.30","Av","16161",".688",".716","3","","","","","","Av/60","","Av/60","Fr","Pr","Normal",".315",".331",  
"CF, LF, RF","Landis, Jim R  ","$5,693,000","19281",".239",".328",".344","71.9","71.4","9.24","Vg","22237",".673",".672","-1","","","","","","Vg/53","Vg/53","Vg/53","Av","Av","Normal",".329",".328",  
"LF, CF, RF","Miller, Ward L  ","$5,693,000","16664",".256",".345",".349","74.7","70.6","8.83","Av","19247",".655",".718","1","","","","","","Av/103","Av/103","Av/103","Av","Av","Normal",".331",".354",  
"SS, 2B, 3B","Uribe, Juan R  ","$5,693,000","17456",".251",".298",".372","63.6","49.6","16.2","Vg","18939",".687",".660","0","","","Vg/54","Vg/69","Av/87","","","","&nbsp;","Fr","Prone",".303",".295",  
"LF, RF","Scott, Luke L  ","$5,689,000","14397",".255",".325",".426","83.3","30.3","10.8","Fr","16087",".698",".771","2","","","","","","Av/77","","Av/77","Fr","Pr","Fragile",".309",".331",  
"SS, 2B, 3B, LF, CF, RF","Held, Woodie R  ","$5,686,000","33101",".239",".318",".399","75.5","28.7","10.3","Av","37469",".759",".696","0","","","Fr/119","Fr/80","Fr/98","Fr/88","Fr/88","Fr/88","Av","Pr","Normal",".334",".309",  
"2B, 3B, SS, LF","Velarde, Randy R  ","$5,685,000","22856",".259",".330",".353","68.9","79.4","10.9","Av","25566",".706",".669","-1","","","Vg/100","Vg/132","Av/129","Av/225","","","Av","Fr","Prone",".340",".324",  
"C","Hershberger, Willard R  ","$5,684,000","16491",".294",".338",".368","72.2","123.1","19.5","Fr","17901",".608",".734","3","Av/104","","","","","","","","&nbsp;","Pr","Prone",".303",".348",  
"CF, LF","Lyons, Jimmie L  ","$5,681,000","11452",".266",".307",".341","63.2","249.0","18.1","Ex","12336",".636",".655","1","","","","","","Vg/90","Vg/90","","Av","Ex","Normal",".302",".309",  
"LF","Vaughn, Greg R  ","$5,680,000","17133",".234",".318",".440","84.3","19.9","9.23","Vg","19474",".787",".746","-1","","","","","","Av/75","","","Av","Av","Prone",".325",".315",  
"2B, 1B, 3B, SS","Gyorko, Jedd R  ","$5,677,000","11960",".243",".308",".389","69.0","30.0","11.6","Fr","13250",".788",".651","-2","","Av/91","Av/80","Vg/102","Av/151","","","","&nbsp;","Pr","Prone",".343",".290",  
"2B, 1B, SS","Runnels, Pete L  ","$5,676,000","22654",".257",".330",".328","65.9","184.2","10.3","Av","25518",".602",".686","2","","Av/55","Av/86","","Fr/121","","","","&nbsp;","Fr","Normal",".310",".341",  
"CF, LF, RF","Pearson, Albie L  ","$5,672,000","29256",".260",".352",".333","77.3","178.4","8.22","Vg","34050",".638",".708","1","","","","","","Av/98","Av/98","Av/98","Fr","Av","Normal",".338",".359",  
"1B","McQuinn, George L  ","$5,667,000","16057",".252",".322",".384","75.2","44.6","10.9","Av","18142",".664",".724","3","","Vg/76","","","","","","","&nbsp;","Fr","Normal",".306",".329",  
"3B","Jones, Willie R  ","$5,662,000","16620",".242",".320",".370","71.6","42.2","9.71","Fr","18896",".721",".674","-1","","","","Av/74","","","","","&nbsp;","Fr","Normal",".327",".317",  
"LF, CF","Taylor, Danny R  ","$5,661,000","17565",".264",".345",".404","83.2","46.0","9.19","Vg","20049",".757",".745","-1","","","","","","Av/81","Fr/81","","Fr","Av","Normal",".348",".344",  
"SS","Templeton, Garry S  ","$5,654,000","22057",".254",".281",".331","51.5","193.5","28.1","Ex","23170",".615",".611","0","","","","","Ex/110","","","","&nbsp;","Vg","Prone",".283",".281",  
"C","Collins, Pat R  ","$5,650,000","10715",".230",".343",".360","76.8","30.7","6.85","Fr","12702",".708",".698","1","Av/109","","","","","","","","&nbsp;","Pr","Normal",".344",".341",  
"RF, LF, CF","Puhl, Terry L  ","$5,647,000","10631",".272",".341",".387","81.0","62.9","11.0","Vg","11964",".536",".775","3","","","","","","Av/33","Av/33","Av/33","Av","Vg","Prone",".270",".358",  
"1B","Aikens, Willie L  ","$5,637,000","10671",".262",".343",".435","86.1","24.1","9.27","Pr","12159",".636",".808","4","","Fr/114","","","","","","","&nbsp;","Pr","Normal",".289",".355",  
"1B, LF","Lind, Adam L  ","$5,636,000","14630",".270",".326",".414","78.1","36.0","12.8","Fr","16064",".560",".794","5","","Fr/108","","","","Av/19","","","Fr","Pr","Normal",".252",".347",  
"LF, RF","Greer, Rusty L  ","$5,635,000","14785",".273",".351",".382","82.3","79.5","9.31","Av","16782",".667",".767","1","","","","","","Av/128","","Av/128","Av","Fr","Prone",".330",".362",  
"1B","Loney, James L  ","$5,633,000","13498",".282",".331",".366","70.5","115.4","14.4","Fr","14689",".597",".730","2","","Vg/97","","","","","","","&nbsp;","Pr","Normal",".292",".344",  
"C","Clarke, Tommy R  ","$5,624,000","15571",".256",".341",".377","78.8","53.5","8.87","Av","17902",".763",".696","-1","Av/84","","","","","","","","&nbsp;","Fr","Normal",".354",".334",  
"C","Trouppe, Quincy S  ","$5,621,000","20874",".235",".300",".377","64.4","29.1","12.0","Pr","23152",".717",".649","-1","Vg/100","","","","","","","","&nbsp;","Pr","Normal",".316",".288",  
"1B, 2B, LF","Power, Vic R  ","$5,611,000","11611",".273",".295",".377","63.7","88.6","32.4","Av","12231",".721",".641","-1","","Ex/60","Av/122","","","Av/90","","","Av","Fr","Normal",".312",".284",  
"C, RF","Ferguson, Joe R  ","$5,603,000","8496",".223",".337",".380","77.5","28.3","6.86","Av","10074",".747",".702","-1","Vg/89","","","","","","","Av/157","Av","Fr","Prone",".346",".332",  
"3B, C, 1B, LF","Nevin, Phil R  ","$5,603,000","29319",".265",".332",".430","82.6","26.7","10.9","Fr","32690",".829",".723","-2","Av/97","Av/120","","Av/127","","Pr/140","","","Vg","Pr","Fragile",".355",".319",  
"1B, 3B, LF, RF","Carr, Tank S  ","$5,596,000","28667",".257",".313",".414","73.9","37.9","13.4","Vg","31336",".736",".722","0","","Av/100","","Fr/130","","Fr/130","","Fr/130","Fr","Vg","Normal",".314",".311",  
"CF, LF","Morgan, Nyjer L  ","$5,584,000","10645",".281",".342",".335","73.9","1774.2","13.7","Vg","11879",".573",".699","3","","","","","","Vg/74","Vg/74","","Av","Vg","Fragile",".291",".353",  
"1B","Casey, Sean L  ","$5,580,000","18370",".284",".336",".382","74.9","78.5","14.4","Fr","20052",".663",".741","1","","Av/66","","","","","","","&nbsp;","Pr","Prone",".316",".345",  
"C","Pena, Tony F R  ","$5,575,000","15540",".256",".302",".352","59.8","80.5","16.8","Av","16835",".701",".619","-2","Ex/73","","","","","","","","&nbsp;","Fr","Normal",".319",".290",  
"LF, CF, RF","White, Chaney R  ","$5,573,000","20978",".274",".332",".385","74.9","59.6","13.4","Vg","23145",".735",".709","-1","","","","","","Vg/95","Av/95","Vg/95","Pr","Av","Normal",".340",".328",  
"1B","Joyner, Wally L  ","$5,564,000","15932",".275",".338",".396","80.1","53.5","11.6","Av","17716",".607",".784","3","","Av/67","","","","","","","&nbsp;","Fr","Prone",".292",".356",  
"1B, 2B","McGann, Dan S  ","$5,563,000","18075",".256",".334",".370","74.9","57.4","13.1","Vg","20595",".689",".711","0","","Av/58","Pr/145","","","","","","&nbsp;","Vg","Normal",".331",".336",  
"CF","Bruton, Bill L  ","$5,556,000","17681",".260",".311",".348","65.4","124.5","15.0","Ex","19291",".608",".690","3","","","","","","","Vg/85","","Vg","Vg","Normal",".297",".321",  
"3B, LF","Howell, Jack L  ","$5,553,000","28240",".239",".317",".411","78.7","29.7","9.76","Fr","31811",".502",".758","5","","","","Av/84","","Fr/94","","","Av","Fr","Fragile",".238",".327",  
"3B, C","Inge, Brandon R  ","$5,545,000","16345",".226",".294",".350","60.3","45.2","11.9","Av","18173",".691",".610","-2","Ex/54","","","Ex/88","","","","","&nbsp;","Fr","Prone",".317",".277",  
"C, 1B","Tabuchi, Kouichi R  ","$5,539,000","11567",".231",".319",".368","69.4","28.8","10.2","Pr","13222",".696",".682","-1","Vg/75","Av/125","","","","","","","&nbsp;","Pr","Prone",".321",".318",  
"LF, RF","Sauer, Hank R  ","$5,531,000","27844",".246",".317",".447","83.6","19.3","11.0","Fr","31177",".793",".745","-1","","","","","","Av/120","","Av/120","Av","Pr","Prone",".325",".312",  
"SS, 3B","Crosetti, Frankie R  ","$5,528,000","42726",".228",".313",".333","62.7","61.7","10.2","Av","48754",".669",".633","1","","","","Av/96","Vg/100","","","","&nbsp;","Av","Normal",".322",".308",  
"CF","Pike, Lip L  ","$5,528,000","21791",".264",".324",".403","77.1","57.2","12.7","Vg","24088",".666",".764","1","","","","","","","Av/95","","Av","Av","Normal",".301",".336",  
"2B, 3B","Hill, Aaron R  ","$5,524,000","11552",".253",".313",".360","66.5","66.0","12.8","Vg","12783",".684",".668","0","","","Vg/72","Av/79","","","","","&nbsp;","Fr","Prone",".318",".311",  
"1B","Konerko, Paul R  ","$5,519,000","31175",".259",".331",".417","79.8","28.1","10.6","Pr","34992",".822",".696","-1","","Fr/74","","","","","","","&nbsp;","Pr","Normal",".356",".313",  
"CF, 1B, LF, RF","Alou, Matty L  ","$5,504,000","31689",".283",".322",".346","66.5","204.4","19.4","Vg","34048",".633",".686","2","","Av/158","","","","Av/83","Fr/83","Av/83","Av","Av","Normal",".307",".330",  
"RF, LF","Kielty, Bobby S  ","$5,502,000","27957",".254",".352",".384","82.0","44.9","7.63","Av","32670",".807",".625","-3","","","","","","Av/88","","Av/88","Av","Fr","Normal",".377",".312",  
"CF, 1B, LF","Mazzilli, Lee S  ","$5,498,000","21008",".249",".343",".361","78.3","53.7","8.12","Vg","24266",".652",".731","1","","Av/184","","","","Av/69","Fr/69","","Fr","Vg","Normal",".325",".352",  
"C, 1B, LF","Howard, Elston R  ","$5,496,000","10760",".265",".303",".392","66.8","43.6","20.4","Fr","11507",".773",".652","-2","Vg/65","Av/106","","","","Fr/111","","","Av","Pr","Prone",".331",".286",  
"RF, LF, CF","Marshall, Willard L  ","$5,470,000","21225",".261",".322",".391","73.9","41.4","12.2","Av","23443",".645",".746","1","","","","","","Av/98","Fr/98","Av/98","Ex","Pr","Normal",".294",".337",  
"RF","Seybold, Socks R  ","$5,468,000","17952",".277",".337",".432","85.2","40.2","12.5","Av","19946",".785",".761","-1","","","","","","","","Fr/82","Av","Av","Prone",".343",".334",  
"CF","Pettis, Gary S  ","$5,467,000","16670",".221",".314",".266","55.1","1852.2","8.49","Ex","19212",".563",".589","0","","","","","","","Ex/76","","Av","Ex","Normal",".310",".316",  
"3B","Johnson, Billy R  ","$5,463,000","18853",".255",".311",".368","64.6","58.9","14.0","Av","20729",".704",".665","-1","","","","Vg/93","","","","","&nbsp;","Pr","Normal",".325",".304",  
"RF, LF","Robinson, Floyd L  ","$5,460,000","18845",".278",".353",".395","86.6","61.6","10.0","Vg","21365",".628",".787","2","","","","","","Fr/99","","Fr/99","Av","Fr","Normal",".313",".366",  
"SS, 2B","Alley, Gene R  ","$5,448,000","25923",".239",".293",".337","56.5","76.7","14.7","Av","28300",".639",".622","0","","","Vg/89","","Vg/85","","","","&nbsp;","Fr","Prone",".295",".291",  
"SS","Greene, Khalil R  ","$5,448,000","20202",".242",".299",".385","66.5","40.5","14.4","Av","22088",".696",".674","0","","","","","Vg/98","","","","&nbsp;","Fr","Fragile",".307",".293",  
"RF, LF, CF","Ethier, Andre L  ","$5,446,000","15536",".275",".343",".414","84.2","47.1","11.1","Av","17341",".632",".803","4","","","","","","Av/95","Fr/95","Av/95","Fr","Fr","Prone",".299",".358",  
"RF, 1B, LF, CF","Swartwood, Ed L  ","$5,445,000","13871",".265",".346",".354","76.1","121.7","9.79","Ex","15755",".657",".722","1","","Av/143","","","","Av/118","Fr/118","Av/118","Av","Av","Normal",".333",".352",  
"RF, 3B, LF, CF","Smith, Al E R  ","$5,437,000","15159",".255",".332",".382","76.3","51.0","10.5","Vg","17163",".731",".703","-1","","","","Fr/149","","Av/133","Fr/133","Av/133","Av","Fr","Normal",".335",".329",  
"1B","Clark, Tony S  ","$5,435,000","43380",".247",".319",".420","77.0","24.9","10.4","Pr","48514",".739",".738","0","","Av/101","","","","","","","&nbsp;","Pr","Prone",".315",".321",  
"SS, 2B","Eckstein, David R  ","$5,429,000","24585",".267",".332",".310","64.3","910.6","15.1","Av","27573",".635",".647","0","","","Av/23","","Av/84","","","","&nbsp;","Fr","Prone",".330",".334",  
"3B","Nash, Billy R  ","$5,429,000","12913",".233",".322",".340","67.3","61.5","8.66","Av","14853",".690",".646","-1","","","","Vg/80","","","","","&nbsp;","Vg","Normal",".335",".316",  
"C","Battey, Earl R  ","$5,428,000","12469",".257",".327",".365","69.9","63.3","11.2","Fr","14005",".679",".697","0","Vg/90","","","","","","","","&nbsp;","Pr","Prone",".328",".326",  
"CF, SS, LF, RF","Flagstead, Ira R  ","$5,428,000","10470",".246",".323",".359","69.7","58.5","10.7","Vg","11822",".719",".663","-1","","","","","Fr/171","Vg/79","Vg/79","Vg/79","Vg","Av","Prone",".337",".315",  
"C","Nomura, Katsuya R  ","$5,425,000","27499",".239",".312",".355","64.0","37.3","11.3","Fr","30764",".692",".650","-1","Vg/130","","","","","","","","&nbsp;","Fr","Iron",".317",".308",  
"SS, 2B","Ryan, Brendan R  ","$5,425,000","12313",".234",".295",".292","51.8","586.3","13.6","Vg","13628",".636",".556","-1","","","Vg/197","","Ex/84","","","","&nbsp;","Av","Prone",".314",".283",  
"CF, RF","Rice, Harry L  ","$5,424,000","18816",".264",".330",".360","71.2","72.4","11.5","Vg","21082",".672",".699","-1","","","","","","","Av/105","Vg/105","Vg","Av","Normal",".329",".331",  
"LF, 1B","Duncan, Chris L  ","$5,418,000","28183",".249",".337",".423","85.5","24.8","8.53","Fr","32290",".711",".781","4","","Av/113","","","","Fr/191","","","Av","Pr","Prone",".316",".346",  
"1B, LF, CF, RF","Durham, Leon L  ","$5,418,000","14469",".259",".326",".435","85.5","27.8","11.0","Av","16112",".627",".794","2","","Fr/79","","","","Av/147","Fr/147","Av/147","Av","Av","Prone",".276",".338",  
"2B, 3B","Serrell, Bonnie L  ","$5,396,000","19676",".259",".303",".341","60.4","99.9","18.4","Av","21451",".606",".663","1","","","Vg/83","Fr/87","","","","","&nbsp;","Av","Normal",".286",".311",  
"2B, 3B, SS","Louden, Baldy R  ","$5,394,000","15577",".232",".323",".326","68.0","52.6","8.99","Av","18121",".692",".625","-1","","","Vg/76","Vg/112","Av/97","","","","&nbsp;","Vg","Normal",".337",".315",  
"SS","Carrasquel, Chico R  ","$5,390,000","16158",".242",".304",".313","56.5","109.2","12.7","Av","17953",".624",".614","-1","","","","","Vg/81","","","","&nbsp;","Fr","Normal",".312",".300",  
"LF, CF","White, Rondell R  ","$5,382,000","10371",".273",".325",".408","76.3","43.8","16.0","Av","11314",".765",".714","-1","","","","","","Vg/71","Av/71","","Av","Av","Fragile",".340",".316",  
"C","Lollar, Sherm R  ","$5,372,000","10936",".246",".324",".361","69.6","46.9","11.4","Pr","12394",".695",".680","0","Vg/61","","","","","","","","&nbsp;","Pr","Prone",".330",".321",  
"3B","Castilla, Vinny R  ","$5,371,000","24511",".249",".291",".400","64.9","29.1","18.7","Av","26261",".738",".663","-1","","","","Av/73","","","","","&nbsp;","Fr","Normal",".308",".280",  
"SS","Wright, Glenn R  ","$5,369,000","23501",".250",".292",".391","65.1","37.0","17.7","Av","25306",".757",".639","-3","","","","","Vg/112","","","","&nbsp;","Fr","Normal",".317",".277",  
"CF, RF","Welsh, Jimmy L  ","$5,364,000","13899",".256",".310",".372","67.1","59.9","16.9","Vg","15274",".663",".691","1","","","","","","","Vg/93","Vg/93","Av","Fr","Normal",".304",".313",  
"3B, 1B, 2B, SS","Dykes, Jimmy R  ","$5,358,000","14514",".246",".319",".365","69.2","54.6","11.4","Av","16384",".740",".652","-1","","Av/108","Vg/99","Av/102","Fr/113","","","","&nbsp;","Fr","Normal",".338",".309",  
"1B","Solaita, Tony L  ","$5,349,000","17193",".242",".339",".406","85.0","25.6","7.79","Pr","19946",".711",".760","2","","Av/81","","","","","","","&nbsp;","Pr","Normal",".321",".347",  
"CF, LF, RF","Jones, Ruppert L  ","$5,338,000","5737",".236",".315",".358","69.1","51.7","9.93","Vg","6462",".578",".722","3","","","","","","Vg/66","Vg/66","Vg/66","Av","Vg","Prone",".277",".335",  
"SS, SP, 2B, CF, RF","Ward, Monte L  ","$5,338,000","10724",".254",".305",".320","58.3","129.2","15.1","Av","11671",".588",".644","1","","","Av/116","","Av/95","","Av/108","Av/108","Av","Ex","Iron",".292",".311",  
"CF, LF","Chapman, Sam R  ","$5,318,000","31927",".242",".302",".400","69.6","28.8","12.9","Av","35218",".723",".691","0","","","","","","Vg/112","Vg/112","","Vg","Fr","Normal",".311",".297",  
"CF, 3B, LF, RF","Estalella, Bobby R  ","$5,316,000","14420",".261",".347",".403","81.5","40.7","8.66","Av","16479",".819",".711","-2","","","","Fr/119","","Av/71","Fr/71","Av/71","Av","Fr","Normal",".368",".335",  
"CF, LF, RF","Becker, Rich S  ","$5,309,000","15976",".248",".347",".336","73.8","95.1","7.61","Av","18604",".494",".721","6","","","","","","Vg/104","Av/104","Vg/104","Av","Av","Normal",".268",".362",  
"2B, 3B, SS","Counsell, Craig L  ","$5,308,000","8968",".234",".308",".272","52.8","1793.6","10.7","Vg","10204",".560",".589","1","","","Vg/52","Vg/45","Av/70","","","","&nbsp;","Av","Prone",".299",".312",  
"SS, 2B, RF","Keister, Bill L  ","$5,306,000","22432",".268",".310",".403","73.5","57.2","21.6","Av","24157",".668",".734","1","","","Fr/107","","Fr/136","","","Fr/123","Av","Vg","Normal",".294",".317",  
"1B, LF","Katou, Hideji L  ","$5,305,000","11218",".260",".329",".384","77.3","48.4","11.5","Vg","12569",".648",".741","1","","Av/115","","","","Fr/115","","","Fr","Fr","Normal",".307",".338",  
"LF, CF","Jones, Charley R  ","$5,304,000","23486",".266",".329",".416","80.6","43.1","12.5","Ex","26122",".779",".727","-1","","","","","","Av/85","Av/85","","Fr","Pr","Normal",".347",".319",  
"CF, RF","Kotsay, Mark L  ","$5,304,000","9546",".275",".331",".371","72.8","103.8","12.7","Av","10549",".672",".713","1","","","","","","","Av/71","Vg/71","Av","Fr","Fragile",".316",".336",  
"1B","Stuart, Dick R  ","$5,304,000","28300",".245",".299",".442","75.1","20.6","14.1","Fr","30879",".793",".708","-1","","Fr/183","","","","","","","&nbsp;","Pr","Normal",".314",".291",  
"LF","Wakefield, Dick L  ","$5,304,000","14880",".263",".353",".395","84.1","42.8","8.29","Av","17112",".737",".754","3","","","","","","Av/176","","","Fr","Fr","Normal",".348",".355",  
"1B, LF, CF, RF","Hopp, Johnny L  ","$5,302,000","14215",".279",".335",".389","79.5","83.6","13.1","Vg","15680",".565",".771","2","","Av/140","","","","Av/66","Fr/66","Av/66","Pr","Av","Normal",".281",".350",  
"LF, CF, RF","Walker, Tilly R  ","$5,297,000","15610",".252",".305",".399","71.3","36.0","14.2","Vg","17122",".735",".686","-1","","","","","","Vg/125","Av/125","Vg/125","Vg","Av","Normal",".315",".300",  
"3B","Smith, Red R  ","$5,294,000","19803",".264",".343",".383","79.7","52.8","9.74","Av","22783",".753",".712","-1","","","","Av/113","","","","","&nbsp;","Av","Normal",".353",".338",  
"1B","Torgeson, Earl L  ","$5,292,000","25353",".250",".361",".384","87.8","42.3","6.84","Vg","30178",".667",".781","3","","Av/117","","","","","","","&nbsp;","Av","Prone",".335",".373",  
"2B, 3B, SS","Stirnweiss, Snuffy R  ","$5,287,000","9228",".240",".318",".332","65.0","106.1","9.93","Vg","10490",".688",".631","-2","","","Av/71","Av/60","Fr/138","","","","&nbsp;","Av","Normal",".336",".308",  
"2B","Wills, Bump S  ","$5,284,000","26841",".253",".323",".334","68.5","113.7","11.0","Ex","30374",".624",".675","0","","","Av/100","","","","","","&nbsp;","Ex","Normal",".311",".330",  
"LF, CF","Bradley, Phil R  ","$5,276,000","22102",".276",".354",".383","82.0","82.5","10.3","Vg","25076",".726",".745","-1","","","","","","Fr/63","Fr/63","","Av","Vg","Normal",".349",".357",  
"2B, 3B, LF","Ready, Randy R  ","$5,274,000","19174",".249",".348",".364","79.8","68.0","7.71","Av","22391",".764",".686","-1","","","Av/112","Av/115","","Fr/103","","","Av","Fr","Prone",".367",".339",  
"3B, 2B, SS, CF","Hall, Bill R  ","$5,270,000","18419",".245",".306",".387","68.4","42.2","12.4","Vg","20276",".723",".676","-1","","","Av/221","Vg/117","Av/131","","Av/181","","Av","Av","Normal",".316",".301",  
"SS","Scott, Everett R  ","$5,268,000","16484",".228",".257",".313","43.8","69.6","28.7","Av","17699",".612",".548","-1","","","","","Ex/58","","","","&nbsp;","Av","Iron",".273",".248",  
"RF, LF","Boone, Ike L  ","$5,261,000","26165",".271",".339",".422","84.7","32.0","10.6","Av","29195",".733",".775","1","","","","","","Fr/122","","Fr/122","Fr","Pr","Normal",".331",".343",  
"SS","Myers, Billy R  ","$5,260,000","19139",".239",".315",".363","70.2","41.0","10.2","Av","21629",".719",".656","-1","","","","","Av/105","","","","&nbsp;","Fr","Normal",".328",".308",  
"2B, 3B","Sanchez, Freddy R  ","$5,259,000","4809",".274",".311",".345","62.9","229.0","20.7","Av","5158",".691",".640","-3","","","Fr/62","Vg/45","","","","","&nbsp;","Pr","Fragile",".324",".305",  
"SS, 3B","Hansen, Ron R  ","$5,258,000","10746",".232",".311",".335","60.5","59.0","9.85","Av","12167",".679",".623","-1","","","","Av/125","Vg/86","","","","&nbsp;","Pr","Normal",".323",".303",  
"2B","Andrews, Mike R  ","$5,255,000","34979",".252",".344",".353","77.4","60.8","8.16","Av","40628",".690",".701","0","","","Av/126","","","","","","&nbsp;","Fr","Normal",".347",".343",  
"LF, RF","Matthews, Gary Sr R  ","$5,254,000","22124",".266",".345",".410","85.0","37.8","9.33","Av","25082",".807",".727","-2","","","","","","Fr/144","","Fr/144","Av","Av","Normal",".361",".336",  
"SS","McKean, Ed R  ","$5,247,000","26041",".262",".315",".370","68.2","80.4","13.8","Ex","28474",".719",".667","-1","","","","","Fr/97","","","","&nbsp;","Vg","Iron",".327",".309",  
"3B, 2B","Castino, John R  ","$5,240,000","7221",".263",".318",".357","67.6","98.9","13.7","Fr","7965",".710",".663","-1","","","Vg/46","Vg/69","","","","","&nbsp;","Fr","Fragile",".334",".313",  
"C","Roseboro, Johnny L  ","$5,233,000","10680",".244",".313",".362","69.2","55.1","11.4","Av","11936",".553",".714","3","Ex/85","","","","","","","","&nbsp;","Fr","Normal",".266",".328",  
"2B, 1B","Murphy, Daniel T L  ","$5,232,000","22029",".285",".328",".399","76.3","75.7","16.1","Av","23732",".653",".760","2","","Vg/145","Fr/134","","","","","","&nbsp;","Fr","Prone",".301",".340",  
"3B, SS","Werber, Billy R  ","$5,232,000","16996",".235",".318",".347","67.2","58.8","9.72","Ex","19393",".668",".663","0","","","","Vg/102","Fr/170","","","","&nbsp;","Vg","Prone",".320",".317",  
"2B, 3B","Garner, Phil R  ","$5,229,000","18109",".249",".313",".372","69.3","63.1","12.0","Vg","20123",".663",".695","0","","","Vg/117","Vg/102","","","","","&nbsp;","Vg","Normal",".306",".316",  
"LF, 1B, RF","Cromartie, Warren L  ","$5,224,000","11264",".263",".313",".364","65.4","96.3","15.4","Av","12242",".597",".702","2","","Av/109","","","","Vg/108","","Vg/108","Vg","Fr","Normal",".278",".323",  
"CF, LF, RF","Cramer, Doc L  ","$5,221,000","16745",".265",".298",".327","55.6","212.0","24.6","Vg","17999",".570",".654","3","","","","","","Vg/75","Vg/75","Vg/75","Vg","Fr","Normal",".276",".310",  
"CF, LF, RF","Shotton, Burt L  ","$5,219,000","9467",".255",".342",".349","73.2","66.2","8.51","Av","10829",".649",".713","1","","","","","","Vg/138","Av/138","Vg/138","Av","Vg","Normal",".326",".350",  
"CF","Tasby, Willie R  ","$5,216,000","38876",".252",".324",".359","68.8","50.0","10.9","Av","43547",".683",".683","0","","","","","","","Vg/102","","Av","Fr","Normal",".322",".325",  
"CF, LF, RF","Wilson, Mookie S  ","$5,213,000","14551",".258",".297",".353","63.5","111.9","19.9","Ex","15536",".660",".645","0","","","","","","Vg/92","Vg/92","Vg/92","Fr","Ex","Normal",".298",".296",  
"SS, 3B","Weaver, Buck S  ","$5,211,000","25988",".250",".280",".348","55.1","71.2","29.5","Vg","27855",".623",".632","0","","","","Vg/98","Vg/98","","","","&nbsp;","Vg","Normal",".284",".279",  
"3B, 1B, LF","Branyan, Russ L  ","$5,209,000","27978",".227",".313",".446","85.5","18.0","9.19","Fr","31816",".711",".781","2","","Av/143","","Fr/116","","Fr/215","","","Av","Pr","Fragile",".295",".322",  
"3B, 2B","Grabarkewitz, Billy R  ","$5,203,000","16336",".230",".335",".343","72.0","60.7","7.47","Vg","19172",".621",".707","1","","","Fr/153","Av/87","","","","","&nbsp;","Av","Prone",".313",".346",  
"1B","Robinson, Eddie L  ","$5,182,000","29839",".248",".314",".399","74.9","28.3","12.4","Fr","33156",".685",".727","1","","Av/97","","","","","","","&nbsp;","Pr","Normal",".311",".316",  
"1B","Chambliss, Chris L  ","$5,181,000","12493",".256",".307",".368","66.2","58.7","15.0","Av","13612",".613",".704","2","","Vg/81","","","","","","","&nbsp;","Fr","Normal",".280",".319",  
"2B, 1B, 3B, SS","Loretta, Mark R  ","$5,156,000","18834",".277",".341",".348","72.0","159.6","12.0","Av","21010",".669",".699","-1","","Av/94","Av/64","Fr/61","Pr/65","","","","&nbsp;","Fr","Prone",".335",".344",  
"2B, 3B, SS","Carroll, Jamey R  ","$5,151,000","10018",".254",".329",".293","61.5","2003.6","10.5","Vg","11436",".635",".614","-1","","","Av/62","Vg/107","Fr/47","","","","&nbsp;","Fr","Normal",".338",".323",  
"RF, CF","Eaton, Adam L  ","$5,146,000","10314",".272",".346",".347","77.9","245.6","11.0","Vg","11722",".641",".719","2","","","","","","","Av/120","Av/120","Vg","Av","Prone",".331",".354",  
"1B, LF, RF","Collins, Joe L  ","$5,133,000","11871",".243",".323",".395","76.9","32.6","9.47","Av","13482",".576",".762","4","","Av/92","","","","Av/110","","Av/110","Fr","Fr","Normal",".270",".339",  
"3B","Radcliff, Alec R  ","$5,129,000","16358",".276",".321",".397","74.3","58.4","16.3","Av","17841",".752",".698","-1","","","","Av/120","","","","","&nbsp;","Av","Normal",".331",".315",  
"2B","Vina, Fernando L  ","$5,121,000","17981",".260",".324",".316","63.7","580.0","17.4","Vg","19975",".597",".662","1","","","Vg/89","","","","","","&nbsp;","Av","Prone",".306",".333",  
"CF, LF, RF","Roenicke, Ron S  ","$5,117,000","36191",".238",".351",".344","78.6","63.2","6.84","Av","42997",".753",".636","-2","","","","","","Av/56","Av/56","Av/56","Fr","Fr","Normal",".371",".331",  
"2B","Vidro, Jose S  ","$5,111,000","27474",".273",".333",".369","73.9","79.9","12.1","Av","30384",".717",".693","0","","","Fr/87","","","","","","&nbsp;","Pr","Prone",".342",".329",  
"LF, RF","Blades, Ray R  ","$5,098,000","21795",".249",".345",".397","84.0","39.8","8.70","Av","25411",".771",".728","0","","","","","","Av/113","","Av/113","Fr","Fr","Normal",".358",".338",  
"CF, LF, RF","Clark, Brady R  ","$5,091,000","27805",".268",".345",".328","70.4","197.2","11.4","Av","31868",".667",".677","0","","","","","","Av/87","Av/87","Av/87","Av","Av","Normal",".340",".348",  
"LF, RF","Higginson, Bobby L  ","$5,091,000","10607",".259",".342",".392","83.3","44.4","9.02","Av","12128",".617",".770","2","","","","","","Av/146","","Av/146","Vg","Av","Prone",".307",".353",  
"LF, RF","Covington, Wes L  ","$5,090,000","15070",".269",".323",".434","81.3","28.3","14.1","Fr","16484",".608",".796","5","","","","","","Pr/172","","Pr/172","Fr","Pr","Prone",".269",".337",  
"DH, LF","Page, Mitchell L  ","$5,082,000","10714",".256",".331",".416","82.3","31.0","10.2","Vg","12077",".682",".776","1","","","","","","Av/173","","","Fr","Vg","Normal",".311",".340",  
"CF","Hahn, Don R  ","$5,079,000","19231",".249",".333",".338","68.4","92.5","9.02","Vg","22018",".751",".564","-2","","","","","","","Vg/69","","Vg","Fr","Normal",".361",".295",  
"2B, SS","Reed, Jody R  ","$5,074,000","13523",".251",".327",".306","61.9","901.5","10.2","Av","15321",".617",".641","0","","","Vg/67","","Av/121","","","","&nbsp;","Fr","Normal",".320",".330",  
"3B, SS, LF, CF","Mora, Melvin R  ","$5,072,000","8138",".256",".328",".368","72.0","49.6","11.9","Vg","9176",".711",".685","0","","","","Av/95","Av/147","Vg/72","Av/72","","Fr","Av","Fragile",".337",".324",  
"RF, LF, CF","Jordan, Brian R  ","$5,070,000","6921",".253",".307",".384","68.7","41.4","15.2","Ex","7571",".766",".638","-3","","","","","","Vg/61","Av/61","Vg/61","Av","Av","Fragile",".336",".287",  
"2B","Perconte, Jack L  ","$5,062,000","29161",".260",".331",".309","67.7","857.7","10.9","Ex","33086",".619",".653","0","","","Av/96","","","","","","&nbsp;","Vg","Normal",".322",".337",  
"CF, LF, RF","Byrd, Sammy R  ","$5,059,000","24784",".257",".332",".386","77.7","40.5","10.00","Av","28049",".722",".717","0","","","","","","Av/80","Av/80","Av/80","Av","Fr","Normal",".329",".334",  
"1B, RF","Morgan, Ed R  ","$5,059,000","15407",".267",".347",".402","83.9","46.1","9.22","Fr","17650",".787",".728","1","","Av/144","","","","","","Pr/203","Fr","Fr","Normal",".357",".341",  
"LF, RF","Oglivie, Ben L  ","$5,059,000","11582",".252",".315",".398","73.5","33.0","12.3","Vg","12826",".637",".753","2","","","","","","Av/116","","Av/116","Av","Av","Normal",".287",".329",  
"1B","Sanchez, Gaby R  ","$5,053,000","10330",".261",".340",".422","86.1","33.5","9.28","Av","11773",".834",".682","-3","","Av/81","","","","","","","&nbsp;","Pr","Normal",".365",".313",  
"2B","Hernandez, Cesar S  ","$5,046,000","14377",".270",".336",".326","67.8","463.8","11.2","Av","16060",".694",".647","0","","","Av/105","","","","","","&nbsp;","Av","Normal",".348",".332",  
"C","Cooper, Walker R  ","$5,045,000","17039",".263",".302",".424","72.3","29.9","20.0","Pr","18259",".732",".722","0","Av/128","","","","","","","","&nbsp;","Pr","Prone",".307",".299",  
"1B","Galarraga, Andres R  ","$5,044,000","21624",".258",".309",".436","78.4","24.4","18.3","Av","23505",".786",".724","-1","","Av/114","","","","","","","&nbsp;","Av","Prone",".327",".299",  
"CF, 1B, LF, RF","Repoz, Roger L  ","$5,043,000","12512",".229",".310",".394","75.4","28.9","9.61","Av","14151",".563",".735","3","","Av/96","","","","Av/53","Av/53","Av/53","Av","Fr","Normal",".266",".319",  
"2B, SS","Clarke, Horace S  ","$5,039,000","20460",".263",".311",".311","58.2","365.4","15.3","Vg","22092",".632",".620","-1","","","Vg/81","","Pr/107","","","","&nbsp;","Av","Normal",".316",".309",  
"CF, LF, RF","Gonzalez, Tony L  ","$5,029,000","10987",".270",".333",".379","75.6","76.8","12.5","Vg","12153",".562",".758","4","","","","","","Av/57","Av/57","Av/57","Av","Fr","Prone",".276",".350",  
"CF, LF, RF","Thompson, Milt L  ","$5,025,000","16391",".260",".316",".343","65.8","100.6","13.6","Vg","17902",".493",".708","4","","","","","","Vg/87","Vg/87","Vg/87","Av","Vg","Normal",".258",".333",  
"C, 1B","McCarver, Tim L  ","$5,014,000","10475",".262",".323",".367","72.4","87.3","12.3","Av","11616",".653",".704","1","Vg/82","Fr/173","","","","","","","&nbsp;","Fr","Prone",".313",".328",  
"DH, LF, RF","Velez, Otto R  ","$5,010,000","20746",".231",".345",".405","86.1","26.4","6.80","Av","24665",".751",".750","-1","","","","","","Fr/135","","Fr/135","Av","Pr","Normal",".351",".342",  
"C, 1B, LF, CF, RF","Carroll, Fred R  ","$5,008,000","11646",".251",".333",".361","72.9","74.2","9.99","Vg","13243",".680",".702","-1","Fr/95","Fr/162","","","","Av/126","Fr/126","Av/126","Fr","Vg","Normal",".329",".335",  
"LF, RF","Smith, Seth L  ","$5,006,000","8028",".254",".333",".397","79.1","43.2","9.50","Av","9102",".558",".775","4","","","","","","Av/71","","Av/71","Fr","Fr","Normal",".272",".349",  
"1B","Snow, J.T. S  ","$4,998,000","11441",".252",".336",".370","74.6","50.2","9.15","Fr","13065",".583",".753","3","","Av/62","","","","","","","&nbsp;","Pr","Normal",".293",".352",  
"RF, LF, CF","Abrams, Cal L  ","$4,997,000","19311",".244",".349",".346","78.2","63.5","7.30","Av","22694",".656",".711","1","","","","","","Av/115","Fr/115","Av/115","Av","Fr","Normal",".338",".353",  
"2B, 3B","Bellhorn, Mark S  ","$4,997,000","49427",".226",".335",".359","76.9","42.0","7.14","Av","58077",".727",".671","-2","","","Av/114","Av/112","","","","","&nbsp;","Fr","Normal",".350",".324",  
"1B","Choi, Hee Seop L  ","$4,981,000","12703",".242",".342",".403","84.4","31.4","7.73","Av","14910",".608",".770","5","","Av/109","","","","","","","&nbsp;","Pr","Normal",".299",".350",  
"SS","Buddin, Don R  ","$4,980,000","31252",".216",".324",".303","61.5","112.8","7.48","Av","36797",".633",".622","-1","","","","","Vg/116","","","","&nbsp;","Pr","Normal",".326",".322",  
"LF, CF, RF","Daniels, Bert R  ","$4,976,000","9237",".238",".328",".363","74.6","53.1","10.8","Vg","10668",".740",".659","-1","","","","","","Vg/98","Av/98","Av/98","Av","Ex","Normal",".342",".319",  
"2B, SS","Yamazaki, Hiroyuki R  ","$4,962,000","18921",".242",".314",".339","65.3","74.5","10.8","Av","21647",".663",".651","-1","","","Vg/70","","Av/125","","","","&nbsp;","Av","Normal",".321",".311",  
"RF, LF, CF","Valentine, Fred S  ","$4,958,000","22070",".258",".338",".371","76.4","55.3","10.2","Av","25108",".727",".698","-1","","","","","","Av/88","Fr/88","Av/88","Av","Av","Normal",".347",".333",  
"C","Easterly, Ted L  ","$4,954,000","13242",".276",".313",".388","70.1","67.9","19.1","Pr","14241",".670",".715","1","Fr/116","","","","","","","","&nbsp;","Pr","Normal",".300",".319",  
"LF, RF","Bell, George R  ","$4,953,000","14992",".270",".307",".432","76.4","30.5","20.9","Vg","16005",".761",".729","-1","","","","","","Fr/189","","Fr/189","Av","Fr","Normal",".316",".303",  
"CF, LF, RF","Rosenthal, Larry L  ","$4,950,000","8980",".241",".338",".369","77.7","49.9","7.92","Vg","10464",".701",".708","0","","","","","","Vg/69","Av/69","Av/69","Av","Fr","Prone",".336",".338",  
"2B, 3B","Backman, Wally S  ","$4,949,000","26419",".271",".346",".333","71.9","290.3","9.76","Av","30009",".537",".713","5","","","Av/102","Fr/179","","","","","&nbsp;","Av","Prone",".285",".361",  
"CF","Herrera, Odubel L  ","$4,948,000","7175",".272",".323",".361","69.9","98.3","14.6","Av","7826",".658",".700","1","","","","","","","Vg/91","","Av","Av","Prone",".317",".327",  
"1B, 3B","Davis, Chris L  ","$4,943,000","18309",".230",".310",".415","78.0","22.1","9.96","Fr","20618",".652",".760","2","","Av/81","","Pr/204","","","","","&nbsp;","Pr","Prone",".284",".322",  
"LF, CF, RF","Mota, Manny R  ","$4,939,000","14261",".283",".334",".351","70.0","279.6","14.4","Av","15743",".663",".698","0","","","","","","Av/86","Fr/86","Av/86","Fr","Fr","Prone",".324",".340",  
"SS, 2B, 3B","Rogell, Billy S  ","$4,934,000","10114",".227",".299",".307","55.4","104.3","11.2","Vg","11471",".595",".617","0","","","Av/147","Av/99","Vg/84","","","","&nbsp;","Fr","Normal",".296",".303",  
"1B","Chase, Hal R  ","$4,932,000","14714",".267",".298",".393","68.1","53.3","24.6","Vg","15672",".736",".660","-1","","Vg/132","","","","","","","&nbsp;","Vg","Normal",".315",".286",  
"RF, LF, CF","Whiten, Mark S  ","$4,932,000","18456",".243",".318",".364","67.7","44.2","10.2","Av","20716",".655",".696","0","","","","","","Vg/157","Av/157","Vg/157","Ex","Av","Prone",".309",".323",  
"C","Soto, Geovany R  ","$4,927,000","10553",".251",".339",".419","84.2","28.0","8.50","Pr","12134",".815",".690","-2","Av/107","","","","","","","","&nbsp;","Pr","Fragile",".359",".315",  
"CF, LF","LeFlore, Ron R  ","$4,917,000","15197",".267",".322",".351","69.4","144.7","13.7","Ex","16627",".682",".669","-1","","","","","","Av/163","Av/163","","Fr","Ex","Normal",".324",".321",  
"3B, 1B","Zeile, Todd R  ","$4,917,000","17783",".261",".337",".404","80.3","35.8","9.81","Fr","20106",".759",".730","-1","","Vg/142","","Fr/111","","","","","&nbsp;","Fr","Normal",".343",".333",  
"1B","Leslie, Sam L  ","$4,914,000","16807",".271",".341",".369","74.8","73.7","11.0","Av","18826",".678",".724","0","","Av/106","","","","","","","&nbsp;","Fr","Normal",".332",".345",  
"DH, C","LeCroy, Matt R  ","$4,912,000","76229",".264",".337",".421","82.6","28.0","10.2","Pr","85780",".815",".643","-3","Fr/221","","","","","","","","&nbsp;","Pr","Prone",".358",".294",  
"3B, 1B, 2B, LF","Money, Don R  ","$4,911,000","11790",".247",".312",".377","70.7","44.5","12.2","Av","13185",".693",".685","0","","Fr/82","Av/88","Av/63","","Fr/110","","","Fr","Fr","Prone",".314",".311",  
"CF, LF, RF","Bates, Johnny L  ","$4,908,000","13896",".266",".346",".389","81.7","52.2","9.28","Av","15876",".699",".753","1","","","","","","Av/110","Av/110","Av/110","Av","Vg","Normal",".328",".355",  
"CF, RF","Stubbs, Drew R  ","$4,908,000","27425",".247",".322",".364","73.9","47.4","10.0","Ex","30877",".737",".623","-2","","","","","","","Av/111","Av/111","Vg","Vg","Normal",".341",".299",  
"3B, C","Sudakis, Bill S  ","$4,907,000","17972",".229",".307",".391","71.4","26.4","10.1","Fr","20264",".738",".676","-1","Fr/100","","","Vg/108","","","","","&nbsp;","Pr","Fragile",".323",".298",  
"SS","McMillan, Roy R  ","$4,904,000","20312",".224",".297",".272","47.7","495.4","11.5","Av","22943",".593",".555","-1","","","","","Ex/72","","","","&nbsp;","Fr","Normal",".304",".292",  
"3B, 1B","Blalock, Hank L  ","$4,903,000","21751",".261",".323",".406","76.7","33.9","12.0","Fr","24005",".574",".757","3","","Fr/141","","Fr/90","","","","","&nbsp;","Pr","Prone",".269",".332",  
"LF, 1B","Rudi, Joe R  ","$4,898,000","14005",".257",".299",".409","70.3","36.1","19.2","Av","15045",".701",".712","0","","Av/106","","","","Av/48","","","Av","Pr","Prone",".295",".301",  
"CF","Oliver, Tom R  ","$4,897,000","14622",".257",".297",".324","55.1","146.2","19.4","Vg","15605",".585",".642","0","","","","","","","Ex/48","","Vg","Fr","Normal",".284",".304",  
"RF","Sierra, Ruben S  ","$4,892,000","23803",".259",".306",".410","72.8","35.4","15.5","Av","25764",".743",".701","-1","","","","","","","","Fr/157","Av","Av","Normal",".317",".299",  
"RF, LF","Kearns, Austin R  ","$4,887,000","10493",".245",".334",".364","72.9","47.5","9.09","Av","12017",".701",".697","0","","","","","","Vg/86","","Vg/86","Vg","Fr","Fragile",".336",".333",  
"SS","Everett, Adam R  ","$4,884,000","18102",".228",".275",".282","46.3","517.2","18.3","Vg","19804",".572",".543","-1","","","","","Ex/88","","","","&nbsp;","Av","Prone",".280",".269",  
"LF, RF","Jolley, Smead L  ","$4,883,000","24957",".271",".306",".422","74.6","34.0","22.4","Pr","26555",".691",".745","1","","","","","","Pr/170","","Pr/170","Fr","Pr","Normal",".293",".312",  
"C","Lieberthal, Mike R  ","$4,878,000","13785",".265",".327",".392","75.8","45.6","13.3","Pr","15312",".795",".644","-2","Fr/97","","","","","","","","&nbsp;","Pr","Prone",".357",".297",  
"SS, 3B","Smalley, Roy Jr S  ","$4,875,000","17388",".236",".320",".342","67.4","49.7","9.20","Fr","20002",".612",".687","1","","","","Vg/127","Av/92","","","","&nbsp;","Fr","Normal",".300",".330",  
"2B, SS","Jimenez, D'Angelo S  ","$4,874,000","29668",".257",".340",".336","70.5","141.3","8.91","Fr","33816",".602",".711","2","","","Av/93","","Av/160","","","","&nbsp;","Fr","Prone",".311",".354",  
"1B","Boyd, Bob L  ","$4,867,000","14410",".279",".327",".369","72.0","134.7","15.0","Av","15755",".594",".725","3","","Av/94","","","","","","","&nbsp;","Fr","Normal",".291",".337",  
"3B","Majeski, Hank R  ","$4,851,000","15879",".253",".300",".358","60.6","73.5","17.7","Fr","17161",".666",".655","-1","","","","Vg/70","","","","","&nbsp;","Pr","Normal",".310",".296",  
"SS, 2B, 3B","Thon, Dickie R  ","$4,847,000","13476",".247",".296",".348","60.0","67.4","15.3","Vg","14665",".690",".610","-1","","","Av/216","Av/119","Vg/103","","","","&nbsp;","Vg","Prone",".312",".285",  
"CF, LF","Crisp, Coco S  ","$4,837,000","9936",".259",".325",".370","73.8","65.8","11.2","Vg","11134",".672",".710","1","","","","","","Vg/64","Vg/64","","Pr","Vg","Fragile",".317",".331",  
"1B","Skowron, Bill R  ","$4,835,000","20415",".271",".314",".428","75.5","32.4","18.5","Fr","22054",".776",".720","-1","","Av/82","","","","","","","&nbsp;","Pr","Prone",".327",".306",  
"3B","Hoak, Don R  ","$4,828,000","14520",".243",".320",".337","64.6","91.3","10.0","Vg","16436",".677",".645","-2","","","","Vg/83","","","","","&nbsp;","Fr","Prone",".327",".316",  
"RF, LF","Conigliaro, Tony R  ","$4,827,000","19934",".248",".311",".426","77.8","25.6","12.6","Av","22006",".789",".707","-2","","","","","","Av/105","","Av/105","Av","Fr","Prone",".331",".299",  
"RF","Dixon, Rap R  ","$4,823,000","16326",".262",".303",".422","73.6","28.6","17.6","Vg","17543",".738",".721","-1","","","","","","","","Av/134","Ex","Av","Normal",".304",".304",  
"LF","Burrell, Pat R  ","$4,822,000","18167",".239",".347",".412","87.0","25.4","6.98","Fr","21448",".827",".723","-1","","","","","","Pr/151","","","Vg","Pr","Normal",".375",".332",  
"1B, LF","Colbert, Nate R  ","$4,821,000","22942",".231",".301",".424","73.9","22.2","11.2","Av","25527",".699",".742","0","","Av/105","","","","Fr/118","","","Av","Av","Normal",".293",".307",  
"DH, 1B, LF","Kittle, Ron R  ","$4,820,000","40809",".232",".296",".442","76.7","17.2","13.1","Fr","45013",".753",".729","-1","","Fr/210","","","","Pr/143","","","Fr","Fr","Prone",".301",".293",  
"LF, RF","Quentin, Carlos R  ","$4,820,000","17896",".249",".341",".435","88.4","25.0","10.5","Fr","20713",".782",".771","0","","","","","","Fr/141","","Fr/141","Fr","Pr","Fragile",".336",".343",  
"1B","Segui, David S  ","$4,817,000","19648",".273",".339",".380","76.9","62.4","10.8","Fr","21934",".644",".759","1","","Av/63","","","","","","","&nbsp;","Pr","Prone",".315",".352",  
"SS","Bowa, Larry S  ","$4,815,000","21977",".255",".299",".305","56.2","467.6","17.4","Vg","24185",".625",".592","-1","","","","","Av/58","","","","&nbsp;","Vg","Normal",".311",".292",  
"LF, 1B, 3B","Davis, Tommy R  ","$4,815,000","22651",".282",".319",".380","68.5","64.7","20.6","Av","24150",".736",".677","-1","","Fr/214","","Pr/182","","Av/134","","","Fr","Av","Normal",".335",".310",  
"LF","Harris, Vic L  ","$4,815,000","18541",".262",".326",".349","68.8","86.6","11.8","Vg","20728",".647",".691","1","","","","","","Vg/87","","","Av","Vg","Normal",".319",".331",  
"C","Clements, Jack L  ","$4,814,000","14525",".252",".307",".376","67.5","48.6","14.2","Av","15935",".612",".698","1","Av/81","","","","","","","","&nbsp;","Fr","Normal",".281",".311",  
"LF, 2B, 3B, CF, RF","Harper, Tommy R  ","$4,814,000","23366",".244",".324",".356","74.0","55.4","9.77","Ex","26768",".667",".687","0","","","Fr/181","Fr/119","","Av/64","Av/64","Av/64","Fr","Ex","Prone",".319",".326",  
"C, 1B","Lucroy, Jonathan R  ","$4,812,000","12812",".267",".329",".360","69.5","89.6","12.1","Fr","14174",".693",".682","-1","Av/107","Pr/152","","","","","","","&nbsp;","Pr","Prone",".337",".323",  
"SS, 2B, 3B","Lowrie, Jed S  ","$4,808,000","3622",".257",".319",".368","70.2","67.1","11.8","Fr","4012",".652",".700","0","","","Av/73","Av/76","Fr/98","","","","&nbsp;","Pr","Fragile",".305",".322",  
"CF, LF, RF","Miller, Rick L  ","$4,805,000","8581",".264",".341",".340","71.5","130.0","9.72","Vg","9714",".568",".708","3","","","","","","Vg/75","Av/75","Vg/75","Av","Av","Normal",".294",".352",  
"CF, RF","Crabtree, Estel L  ","$4,802,000","16318",".254",".315",".358","65.4","64.2","13.1","Av","17984",".579",".705","3","","","","","","","Vg/98","Vg/98","Av","Fr","Normal",".284",".325",  
"C","Paulino, Ronny R  ","$4,802,000","40890",".279",".337",".373","71.1","63.0","12.1","Pr","45057",".758",".590","-3","Av/117","","","","","","","","&nbsp;","Pr","Normal",".356",".290",  
"RF, LF","Wright, Taffy L  ","$4,801,000","15500",".282",".335",".375","73.9","93.4","15.0","Av","16920",".632",".743","3","","","","","","Av/106","","Av/106","Av","Fr","Normal",".313",".344",  
"LF, CF, RF","Seerey, Pat R  ","$4,800,000","33384",".221",".307",".437","78.1","17.2","9.10","Fr","37989",".757",".736","-1","","","","","","Fr/98","Fr/98","Fr/98","Fr","Pr","Normal",".309",".306",  
"3B, C, 1B, RF","White, Deacon L  ","$4,798,000","13444",".266",".321",".335","64.2","131.8","15.0","Av","14771",".615",".673","1","Av/91","Fr/114","","Fr/106","","","","Pr/160","Av","Fr","Iron",".307",".326",  
"C","Crandall, Del R  ","$4,796,000","11926",".244",".291",".366","59.9","36.5","16.5","Fr","12932",".670",".647","-1","Ex/77","","","","","","","","&nbsp;","Fr","Prone",".295",".288",  
"2B, 3B","Hodapp, Johnny R  ","$4,794,000","15722",".263",".302",".363","63.0","71.8","19.4","Av","16809",".699",".646","-1","","","Vg/103","Av/118","","","","","&nbsp;","Fr","Normal",".315",".295",  
"LF, 1B, CF, RF","Briggs, Johnny L  ","$4,791,000","16463",".238",".343",".390","84.7","33.4","7.31","Vg","19290",".682",".752","2","","Av/122","","","","Av/123","Fr/123","Av/123","Fr","Fr","Prone",".329",".348",  
"1B","Burns, George H R  ","$4,790,000","12827",".280",".317",".414","76.5","48.6","23.7","Av","13855",".744",".717","-1","","Vg/117","","","","","","","&nbsp;","Av","Prone",".326",".310",  
"CF, LF","Torres, Andres S  ","$4,786,000","7409",".244",".316",".361","67.0","91.5","10.6","Vg","8300",".703",".663","-1","","","","","","Vg/75","Vg/75","","Av","Vg","Fragile",".325",".311",  
"CF, 2B, 3B, RF","Freel, Ryan R  ","$4,784,000","16355",".253",".337",".302","66.9","564.0","9.84","Ex","18641",".613",".658","0","","","Av/118","Vg/136","","","Vg/71","Vg/71","Vg","Ex","Fragile",".325",".346",  
"3B, 2B, SS","Pecota, Bill R  ","$4,783,000","10338",".247",".316",".347","66.0","69.4","11.0","Av","11631",".725",".616","-2","","","Av/78","Vg/66","Av/72","","","","&nbsp;","Vg","Normal",".342",".296",  
"1B, LF, RF","Hegan, Mike L  ","$4,782,000","8367",".247",".331",".362","75.2","51.6","8.93","Av","9569",".616",".712","1","","Av/62","","","","Fr/122","","Fr/122","Fr","Fr","Normal",".311",".336",  
"RF, LF, CF","Mitchell, Mike R  ","$4,772,000","12503",".267",".323",".396","76.0","51.2","12.9","Vg","13770",".739",".703","-1","","","","","","Av/100","Fr/100","Av/100","Av","Vg","Normal",".332",".316",  
"CF, LF","Bumbry, Al L  ","$4,771,000","5836",".260",".322",".342","67.6","149.6","12.3","Vg","6434",".595",".694","2","","","","","","Vg/74","Av/74","","Fr","Vg","Normal",".296",".333",  
"RF, LF","Evans, Steve L  ","$4,770,000","5903",".254",".331",".390","78.4","48.0","12.5","Vg","6701",".697",".730","1","","","","","","Fr/109","","Fr/109","Vg","Av","Normal",".321",".334",  
"C, 1B, 3B","Grady, Mike R  ","$4,770,000","12130",".250",".328",".388","75.8","52.3","10.8","Av","13697",".746",".695","-1","Pr/115","Pr/145","","Pr/169","","","","","&nbsp;","Vg","Normal",".339",".320",  
"C","Scioscia, Mike L  ","$4,765,000","7879",".253",".331",".351","71.9","75.8","9.69","Fr","8975",".578",".700","2","Ex/93","","","","","","","","&nbsp;","Fr","Prone",".293",".337",  
"LF, CF, RF","Jones, Davy L  ","$4,755,000","9146",".252",".338",".352","73.6","49.4","8.71","Vg","10530",".639",".709","1","","","","","","Vg/78","Av/78","Vg/78","Fr","Vg","Prone",".317",".345",  
"CF, LF, RF","Bodie, Ping R  ","$4,751,000","10576",".254",".306",".386","68.2","50.8","14.5","Fr","11605",".720",".672","-2","","","","","","Vg/84","Av/84","Vg/84","Vg","Av","Normal",".319",".297",  
"RF, 1B","Wilson, Craig R  ","$4,751,000","13031",".249",".335",".416","82.9","27.7","11.0","Fr","14873",".834",".686","-2","","Av/103","","","","","","Fr/112","Fr","Pr","Normal",".361",".315",  
"2B","DeShields, Delino L  ","$4,750,000","18492",".252",".333",".333","70.9","155.4","9.29","Ex","21010",".664",".667","0","","","Av/126","","","","","","&nbsp;","Ex","Prone",".336",".331",  
"C","Davis, Spud R  ","$4,747,000","11516",".250",".313",".357","64.6","46.2","12.3","Pr","12785",".701",".646","-1","Av/79","","","","","","","","&nbsp;","Pr","Normal",".325",".305",  
"CF, LF, RF","Mumphrey, Jerry S  ","$4,745,000","15572",".266",".324",".353","68.1","101.8","12.5","Av","17105",".643",".696","2","","","","","","Vg/95","Av/95","Vg/95","Fr","Vg","Normal",".312",".329",  
"CF","Kimbro, Jumbo L  ","$4,742,000","16705",".246",".306",".366","68.0","55.9","13.7","Vg","18437",".643",".688","0","","","","","","","Vg/90","","Av","Vg","Normal",".301",".309",  
"2B, 1B, LF","Kendrick, Howie R  ","$4,740,000","17831",".280",".326",".383","71.7","88.3","16.7","Vg","19340",".723",".702","-1","","Av/100","Av/95","","","Av/74","","","Av","Av","Fragile",".330",".324",  
"1B, LF, RF","Craig, Allen R  ","$4,739,000","3617",".253",".319",".368","67.9","47.6","12.1","Fr","4010",".810",".630","-1","","Av/37","","","","Fr/0","","Fr/0","Fr","Pr","Fragile",".365",".296",  
"3B, 1B, 2B","Valbuena, Luis L  ","$4,739,000","12412",".223",".310",".349","65.8","41.5","9.01","Fr","14167",".612",".679","1","","Av/27","Av/70","Av/82","","","","","&nbsp;","Fr","Normal",".291",".318",  
"CF, LF","Adams, Buster R  ","$4,738,000","8474",".247",".317",".386","73.5","35.5","11.1","Vg","9551",".750",".684","-1","","","","","","Av/92","Av/92","","Av","Pr","Normal",".341",".306",  
"2B, 3B, SS","Herzog, Buck R  ","$4,737,000","11684",".246",".310",".347","64.7","63.2","14.2","Ex","13133",".706",".630","-1","","","Av/109","Vg/101","Av/88","","","","&nbsp;","Ex","Prone",".325",".301",  
"3B, 1B","Sandoval, Pablo S  ","$4,736,000","17582",".264",".311",".385","68.6","45.3","15.2","Fr","19086",".617",".734","3","","Fr/138","","Av/99","","","","","&nbsp;","Pr","Prone",".277",".327",  
"CF, LF, RF","Slagle, Jimmy L  ","$4,735,000","11111",".243",".329",".329","66.4","61.4","8.79","Vg","12802",".589",".679","1","","","","","","Vg/95","Vg/95","Vg/95","Vg","Vg","Normal",".305",".336",  
"LF, SP, 1B, RF","Bressler, Rube R  ","$4,734,000","11528",".266",".348",".382","82.5","59.1","9.34","Av","13316",".767",".701","-1","","Fr/133","","","","Av/93","","Av/93","Av","Fr","Prone",".359",".340",  
"2B, 1B, 3B, LF","Delahanty, Jim R  ","$4,733,000","17732",".271",".342",".396","81.3","52.8","11.9","Av","20074",".763",".723","-1","","Fr/114","Fr/106","Fr/135","","Fr/116","","","Fr","Vg","Prone",".352",".335",  
"2B, 1B, SS","Offerman, Jose S  ","$4,733,000","14130",".261",".338",".334","71.5","176.6","9.45","Vg","16138",".632",".695","0","","Vg/97","Fr/113","","Fr/175","","","","&nbsp;","Av","Normal",".321",".348",  
"1B, LF, RF","Aldrete, Mike L  ","$4,732,000","11046",".259",".343",".355","76.1","85.6","8.84","Av","12662",".598",".719","2","","Av/55","","","","Av/91","","Av/91","Fr","Fr","Normal",".314",".349",  
"RF, LF, CF","Walker, Curt L  ","$4,723,000","11685",".261",".335",".383","76.9","59.9","10.00","Vg","13239",".664",".740","3","","","","","","Av/114","Fr/114","Av/114","Vg","Av","Normal",".315",".343",  
"RF, LF, CF","Armas, Tony Sr R  ","$4,721,000","16179",".235",".271",".408","61.4","24.8","21.4","Av","17181",".684",".678","0","","","","","","Vg/97","Av/97","Vg/97","Vg","Fr","Prone",".269",".272",  
"SS","Clayton, Royce R  ","$4,721,000","22793",".246",".298",".322","54.0","137.3","14.7","Vg","25041",".649",".605","-1","","","","","Vg/89","","","","&nbsp;","Vg","Normal",".309",".292",  
"RF","Dye, Jermaine R  ","$4,718,000","31288",".255",".317",".410","74.7","31.3","12.3","Pr","34578",".735",".722","-1","","","","","","","","Av/129","Av","Fr","Normal",".324",".313",  
"LF, RF","Meusel, Irish R  ","$4,715,000","16021",".266",".316",".413","76.8","40.6","14.9","Av","17487",".755",".714","-1","","","","","","Fr/114","","Fr/114","Av","Av","Normal",".329",".308",  
"C, 1B","Gowdy, Hank R  ","$4,714,000","9231",".238",".319",".340","66.4","58.4","9.92","Fr","10564",".698",".642","0","Ex/92","Pr/177","","","","","","","&nbsp;","Av","Normal",".343",".309",  
"CF, 3B, LF, RF","Maddox, Elliott R  ","$4,709,000","8378",".245",".344",".314","69.0","178.3","8.11","Vg","9750",".647",".663","-1","","","","Av/105","","Vg/58","Av/58","Vg/58","Vg","Av","Fragile",".345",".343",  
"LF, RF","Easler, Mike L  ","$4,706,000","14005",".269",".329",".404","77.3","41.8","12.4","Av","15415",".559",".767","4","","","","","","Fr/130","","Fr/130","Av","Fr","Normal",".261",".341",  
"C, 1B","Lopata, Stan R  ","$4,702,000","8963",".231",".324",".388","73.6","30.2","8.25","Av","10306",".760",".672","-2","Vg/97","Pr/122","","","","","","","&nbsp;","Fr","Prone",".343",".308",  
"C","Shoppach, Kelly R  ","$4,698,000","13151",".231",".310",".413","76.5","25.8","11.5","Pr","14871",".803",".627","-3","Av/130","","","","","","","","&nbsp;","Pr","Normal",".333",".283",  
"LF, CF","McReynolds, Kevin R  ","$4,694,000","14137",".254",".317",".426","79.9","28.4","12.1","Vg","15642",".772",".727","-1","","","","","","Av/71","Fr/71","","Fr","Fr","Prone",".326",".311",  
"C","Porter, Darrell L  ","$4,693,000","15292",".231",".330",".382","78.4","31.7","7.92","Av","17780",".676",".724","1","Fr/107","","","","","","","","&nbsp;","Fr","Prone",".316",".336",  
"1B, RF","Bond, Walt L  ","$4,690,000","10602",".257",".321",".417","80.1","29.9","12.7","Vg","11759",".667",".758","2","","Av/135","","","","","","Av/102","Fr","Pr","Normal",".297",".328",  
"RF","Hawpe, Brad L  ","$4,686,000","13312",".258",".342",".420","86.1","31.8","8.80","Av","15195",".685",".789","2","","","","","","","","Fr/145","Av","Fr","Fragile",".312",".352",  
"SS, 1B, 3B","Fujita, Taira L  ","$4,683,000","19748",".253",".303",".338","62.0","89.8","15.9","Av","21674",".612",".658","1","","Av/75","","Av/105","Vg/95","","","","&nbsp;","Fr","Normal",".289",".311",  
"C","Wilkins, Rick L  ","$4,675,000","13945",".229",".312",".367","68.9","33.8","9.32","Fr","15774",".496",".708","4","Av/75","","","","","","","","&nbsp;","Fr","Normal",".256",".321",  
"3B, 2B","Lawrie, Brett R  ","$4,672,000","8105",".250",".306",".363","66.6","51.6","14.8","Vg","8907",".699",".649","0","","","Av/152","Vg/99","","","","","&nbsp;","Av","Fragile",".318",".298",  
"RF, 1B, LF","Shamsky, Art L  ","$4,672,000","11066",".251",".322",".411","79.7","29.0","10.7","Fr","12406",".593",".752","3","","Fr/109","","","","Av/51","","Av/51","Av","Pr","Normal",".269",".329",  
"2B","Kipnis, Jason L  ","$4,666,000","10168",".251",".328",".362","73.2","65.2","10.0","Av","11501",".633",".712","2","","","Av/95","","","","","","&nbsp;","Av","Prone",".309",".336",  
"2B, SS, LF, CF","Allen, Newt R  ","$4,661,000","15617",".249",".304",".307","54.9","289.2","14.6","Vg","17315",".617",".605","-1","","","Ex/85","","Av/100","Vg/100","Av/100","","Fr","Fr","Normal",".305",".301",  
"CF, 1B, LF, RF","Noren, Irv L  ","$4,660,000","10025",".252",".312",".368","69.1","59.0","12.9","Av","11013",".609",".710","3","","Av/218","","","","Vg/79","Vg/79","Vg/79","Vg","Fr","Prone",".290",".322",  
"LF, 1B, CF, RF","Redus, Gary R  ","$4,660,000","13321",".241",".328",".381","79.5","47.2","8.81","Ex","15222",".738",".691","-1","","Av/126","","","","Av/131","Fr/131","Av/131","Fr","Ex","Prone",".336",".324",  
"LF, RF","Wagner, Leon L  ","$4,659,000","17108",".262",".320",".419","80.7","26.9","13.5","Fr","18773",".647",".766","2","","","","","","Fr/176","","Fr/176","Fr","Fr","Normal",".297",".328",  
"1B, LF","Bergman, Dave L  ","$4,655,000","11424",".254",".347",".356","76.4","67.6","8.11","Av","13196",".549",".724","4","","Vg/103","","","","Av/177","","","Fr","Fr","Normal",".300",".353",  
"C","Schalk, Ray R  ","$4,655,000","11575",".221",".299",".298","54.3","79.8","10.7","Vg","13274",".621",".580","0","Ex/64","","","","","","","","&nbsp;","Av","Normal",".304",".293",  
"2B","Temple, Johnny R  ","$4,654,000","48320",".261",".342",".305","68.8","1305.9","9.31","Vg","55499",".672",".630","-2","","","Av/109","","","","","","&nbsp;","Av","Normal",".356",".332",  
"C, 1B, LF, RF","Wockenfuss, John R  ","$4,652,000","12075",".254",".339",".406","82.5","29.7","8.79","Fr","13823",".804",".707","-2","Av/177","Fr/144","","","","Pr/98","","Pr/98","Av","Pr","Normal",".361",".325",  
"CF, LF, RF","Young, Chris B R  ","$4,652,000","2939",".224",".311",".373","71.8","38.7","9.05","Ex","3341",".733",".576","-2","","","","","","Vg/70","Av/70","Vg/70","Av","Vg","Prone",".328",".274",  
"CF, LF","Metzler, Alex L  ","$4,649,000","7784",".239",".327",".330","67.3","84.6","9.21","Vg","9031",".620",".673","0","","","","","","Vg/108","Vg/108","","Vg","Av","Prone",".312",".334",  
"2B","Thompson, Robby R  ","$4,644,000","20054",".255",".326",".381","75.3","51.3","11.4","Vg","22736",".792",".655","-2","","","Av/91","","","","","","&nbsp;","Av","Prone",".357",".306",  
"RF, LF, CF","Edwards, Hank L  ","$4,639,000","15951",".264",".315",".416","78.2","43.6","14.1","Av","17370",".605",".761","4","","","","","","Fr/85","Fr/85","Fr/85","Fr","Fr","Prone",".270",".326",  
"CF, RF","Fowler, Dexter S  ","$4,638,000","8715",".251",".349",".366","81.7","81.4","7.73","Ex","10144",".704",".721","0","","","","","","","Fr/115","Fr/115","Fr","Av","Fragile",".344",".352",  
"SS, 1B, 2B, 3B, LF, RF","Gonzalez, Marwin S  ","$4,638,000","2780",".236",".304",".317","56.6","84.2","11.8","Av","3113",".618",".630","0","","Av/131","Av/113","Av/71","Av/111","Av/94","","Av/94","Av","Fr","Normal",".305",".305",  
"1B","Davis, Alvin L  ","$4,635,000","13253",".257",".347",".384","81.4","39.8","8.37","Pr","15262",".688",".747","1","","Fr/95","","","","","","","&nbsp;","Pr","Prone",".334",".351",  
"SS","Kerr, Buddy R  ","$4,634,000","15028",".233",".290",".300","50.3","190.2","14.1","Av","16513",".596",".590","-1","","","","","Ex/78","","","","&nbsp;","Fr","Normal",".294",".289",  
"C","Bennett, Charlie R  ","$4,626,000","11815",".228",".322",".357","69.9","47.6","8.33","Fr","13645",".704",".664","-1","Ex/63","","","","","","","","&nbsp;","Fr","Normal",".336",".313",  
"C, RF","Blanchard, Johnny L  ","$4,622,000","22555",".240",".304",".425","76.0","20.6","12.3","Pr","25006",".675",".744","1","Fr/140","","","","","","","Pr/80","Fr","Pr","Normal",".287",".309",  
"LF, CF, RF","Amoros, Sandy L  ","$4,619,000","18608",".246",".339",".373","78.9","57.4","8.31","Ex","21492",".680",".726","1","","","","","","Fr/105","Pr/105","Fr/105","Av","Fr","Normal",".331",".343",  
"3B, 2B","Buechele, Steve R  ","$4,618,000","13242",".231",".298",".364","62.7","37.2","12.3","Fr","14734",".718",".624","-2","","","Fr/83","Vg/63","","","","","&nbsp;","Fr","Prone",".322",".281",  
"C","Burgess, Smoky L  ","$4,614,000","11719",".262",".321",".371","70.3","58.0","12.4","Pr","12953",".557",".725","2","Av/89","","","","","","","","&nbsp;","Pr","Prone",".272",".333",  
"CF, LF","Singleton, Chris L  ","$4,610,000","8695",".263",".304",".363","65.8","131.7","18.1","Ex","9414",".673",".663","0","","","","","","Vg/83","Vg/83","","Fr","Vg","Normal",".306",".302",  
"RF, 1B, 3B, LF, CF","Hickman, Jim R  ","$4,602,000","16217",".246",".335",".414","82.4","28.3","8.51","Fr","18627",".799",".681","-2","","Av/98","","Av/153","","Av/98","Fr/98","Av/98","Vg","Fr","Prone",".354",".309",  
"2B, 1B, 3B, LF, RF","Goodman, Billy L  ","$4,598,000","19639",".271",".330",".333","67.6","370.5","12.9","Av","21794",".636",".679","2","","Av/91","Av/123","Fr/106","","Fr/114","","Fr/114","Fr","Fr","Normal",".323",".335",  
"RF, LF","Joyce, Matt L  ","$4,598,000","5017",".251",".343",".413","87.4","30.2","8.10","Av","5841",".632",".788","4","","","","","","Av/123","","Av/123","Fr","Fr","Prone",".288",".356",  
"C","Tipton, Joe R  ","$4,598,000","10933",".230",".324",".353","71.3","36.8","8.40","Fr","12618",".725",".640","-1","Fr/102","","","","","","","","&nbsp;","Pr","Prone",".347",".305",  
"CF, LF","Upton, Melvin R  ","$4,595,000","12854",".240",".320",".371","73.5","47.6","9.65","Ex","14586",".716",".672","-1","","","","","","Av/91","Av/91","","Av","Vg","Prone",".331",".312",  
"CF, LF, RF","Cardenal, Jose R  ","$4,592,000","8476",".259",".318",".369","70.3","73.1","12.8","Vg","9313",".679",".691","0","","","","","","Vg/107","Av/107","Vg/107","Av","Vg","Normal",".317",".317",  
"3B, 2B, SS","Naehring, Tim R  ","$4,588,000","6764",".255",".326",".351","68.4","66.3","10.7","Av","7630",".668",".681","0","","","Vg/104","Vg/81","Av/130","","","","&nbsp;","Pr","Fragile",".322",".327",  
"3B, RF","Melton, Bill R  ","$4,584,000","17924",".235",".315",".382","71.7","30.9","10.1","Fr","20299",".739",".675","-1","","","","Av/109","","","","Fr/82","Vg","Fr","Normal",".333",".305",  
"1B","Coleman, Gordy L  ","$4,581,000","18257",".255",".310",".408","74.4","29.1","13.8","Fr","19949",".515",".755","4","","Av/92","","","","","","","&nbsp;","Pr","Normal",".229",".325",  
"C","Pierzynski, A.J. L  ","$4,580,000","13709",".271",".312",".377","67.1","62.6","21.4","Pr","14752",".596",".711","2","Fr/61","","","","","","","","&nbsp;","Pr","Normal",".280",".320",  
"2B","Giles, Marcus R  ","$4,567,000","15618",".260",".335",".364","74.9","84.0","10.2","Vg","17673",".708",".694","0","","","Av/103","","","","","","&nbsp;","Av","Fragile",".337",".333",  
"RF, LF","Davis, Cherokee R  ","$4,566,000","50342",".248",".313",".421","76.7","25.8","11.8","Pr","55714",".762",".714","-1","","","","","","Av/125","","Av/125","Av","Fr","Prone",".322",".306",  
"2B","Iguchi, Tadahito R  ","$4,566,000","19941",".256",".329",".343","69.8","103.3","10.2","Av","22595",".676",".669","0","","","Av/82","","","","","","&nbsp;","Av","Normal",".328",".329",  
"1B, LF, CF","Larkin, Henry R  ","$4,564,000","19886",".273",".337",".405","80.4","59.7","12.6","Vg","22155",".779",".719","-1","","Fr/116","","","","Av/103","Fr/103","","Fr","Av","Normal",".351",".328",  
"DH, 1B","Maas, Kevin L  ","$4,564,000","15698",".244",".334",".435","89.2","21.3","8.51","Av","18022",".637",".798","2","","Av/252","","","","","","","&nbsp;","Fr","Normal",".289",".343",  
"RF, LF, CF","Harper, George L  ","$4,563,000","10423",".250",".332",".383","75.9","35.6","9.65","Av","11884",".640",".750","4","","","","","","Fr/90","Fr/90","Fr/90","Av","Av","Normal",".307",".343",  
"CF, LF, RF","Javier, Stan S  ","$4,561,000","8436",".249",".319",".306","62.0","496.2","10.7","Vg","9451",".617",".622","0","","","","","","Vg/62","Av/62","Vg/62","Av","Vg","Prone",".313",".319",  
"1B","Suhr, Gus L  ","$4,559,000","13226",".239",".335",".399","82.2","35.8","8.00","Av","15344",".689",".752","1","","Av/84","","","","","","","&nbsp;","Fr","Normal",".321",".340",  
"LF, C, 1B, RF","Blefary, Curt L  ","$4,557,000","10301",".238",".334",".386","80.2","33.1","8.24","Av","11934",".596",".742","3","Fr/168","Av/136","","","","Av/141","","Av/141","Fr","Fr","Normal",".295",".340",  
"3B, RF","Lewis, Buddy L  ","$4,557,000","11645",".262",".325",".377","73.8","56.0","12.3","Vg","12969",".685",".710","0","","","","Av/129","","","","Av/124","Vg","Fr","Normal",".324",".325",  
"1B","Young, Babe L  ","$4,555,000","15093",".264",".332",".404","80.8","39.4","11.2","Av","16844",".693",".755","1","","Av/109","","","","","","","&nbsp;","Pr","Normal",".315",".340",  
"RF, LF, CF","Brunansky, Tom R  ","$4,554,000","23934",".233",".317",".403","76.0","25.5","9.38","Av","27192",".764",".693","-1","","","","","","Av/88","Fr/88","Av/88","Vg","Fr","Normal",".330",".309",  
"3B","Bradley, Bill R  ","$4,553,000","7631",".250",".298",".371","64.6","68.1","17.6","Vg","8393",".724",".639","-1","","","","Vg/80","","","","","&nbsp;","Vg","Prone",".314",".290",  
"CF, LF, RF","Revere, Ben L  ","$4,549,000","18165",".276",".315",".316","61.3","1068.5","18.6","Ex","19506",".624",".635","0","","","","","","Av/74","Av/74","Av/74","Fr","Ex","Normal",".312",".317",  
"C","Avila, Alex L  ","$4,541,000","14334",".235",".342",".372","78.1","38.1","7.11","Pr","16878",".584",".733","3","Av/76","","","","","","","","&nbsp;","Pr","Fragile",".297",".349",  
"1B","Phelps, Josh R  ","$4,539,000","20714",".262",".333",".428","81.8","26.3","12.1","Pr","23178",".833",".715","-2","","Fr/224","","","","","","","&nbsp;","Pr","Normal",".358",".319",  
"RF, CF","Venable, Will L  ","$4,538,000","8012",".246",".310",".365","69.3","54.1","12.0","Av","8904",".554",".713","3","","","","","","","Av/87","Vg/87","Av","Vg","Normal",".270",".323",  
"LF, CF","Dallessandro, Dom L  ","$4,536,000","23471",".252",".345",".378","79.1","51.4","8.09","Av","27112",".592",".757","0","","","","","","Av/87","Av/87","","Fr","Fr","Normal",".311",".353",  
"CF, LF, RF","Gallagher, Dave R  ","$4,531,000","15705",".265",".325",".334","64.4","189.2","12.5","Av","17474",".642",".668","0","","","","","","Vg/34","Av/34","Vg/34","Av","Fr","Normal",".317",".329",  
"2B","Ray, Johnny S  ","$4,529,000","15940",".262",".305",".335","59.7","207.0","17.4","Av","17254",".585",".670","2","","","Vg/92","","","","","","&nbsp;","Fr","Normal",".288",".315",  
"LF, 1B, CF, RF","West, Max L  ","$4,528,000","16809",".240",".320",".401","77.5","29.5","9.72","Av","19035",".667",".747","3","","Av/106","","","","Av/107","Fr/107","Av/107","Av","Fr","Normal",".303",".328",  
"2B, 1B, LF, CF","Magee, Lee S  ","$4,524,000","15330",".260",".308",".353","64.2","76.3","15.2","Av","16890",".631",".677","0","","Vg/71","Vg/113","","","Vg/78","Av/78","","Vg","Vg","Normal",".299",".313",  
"1B","Etten, Nick L  ","$4,517,000","14231",".253",".337",".394","80.0","35.1","9.04","Av","16244",".662",".767","3","","Fr/120","","","","","","","&nbsp;","Fr","Normal",".319",".347",  
"2B, 3B, SS","Gallego, Mike R  ","$4,516,000","8301",".233",".309",".319","59.6","96.5","10.9","Av","9424",".677",".595","-2","","","Ex/78","Vg/103","Av/112","","","","&nbsp;","Fr","Prone",".323",".300",  
"RF, LF","Trammell, Bubba R  ","$4,516,000","18935",".255",".332",".412","82.5","31.6","9.60","Pr","21406",".793",".718","-1","","","","","","Fr/79","","Fr/79","Av","Fr","Normal",".358",".318",  
"C, 1B, LF, RF","Nilsson, Dave L  ","$4,513,000","12014",".264",".327",".395","76.8","40.9","11.6","Pr","13294",".590",".744","4","Fr/120","Fr/159","","","","Fr/148","","Fr/148","Av","Fr","Fragile",".278",".335",  
"SS, 3B, LF, RF","Kubek, Tony L  ","$4,510,000","17641",".254",".286",".320","53.6","187.7","24.3","Vg","18959",".572",".623","2","","","","Av/124","Vg/85","Fr/177","","Fr/177","Fr","Fr","Normal",".273",".293",  
"RF, LF","Bauer, Hank R  ","$4,509,000","21641",".270",".327",".416","81.4","36.9","13.4","Av","23828",".759",".733","-1","","","","","","Fr/90","","Fr/90","Vg","Fr","Prone",".331",".324",  
"CF, LF, RF","Everett, Carl S  ","$4,509,000","10763",".262",".329",".408","80.0","35.9","12.2","Av","12008",".578",".788","3","","","","","","Av/131","Fr/131","Av/131","Av","Av","Prone",".275",".346",  
"LF, 1B, RF","Ibanez, Raul L  ","$4,508,000","11846",".270",".332",".419","82.1","35.9","11.7","Fr","13112",".622",".781","2","","Pr/122","","","","Fr/99","","Fr/99","Av","Fr","Normal",".283",".343",  
"CF, LF, RF","Cangelosi, John S  ","$4,507,000","54598",".238",".352",".284","68.4","429.9","7.06","Vg","65368",".625",".643","0","","","","","","Av/140","Fr/140","Av/140","Av","Ex","Normal",".350",".354",  
"2B, 3B, SS, LF, RF","Holt, Brock L  ","$4,498,000","6669",".253",".327",".310","63.0","247.0","10.2","Av","7487",".638",".638","0","","","Av/87","Av/92","Fr/60","Av/63","","Av/63","Fr","Fr","Prone",".326",".328",  
"LF, CF","Russell, Jim S  ","$4,497,000","14488",".231",".312",".352","65.8","54.3","9.60","Vg","16402",".639",".677","1","","","","","","Vg/85","Av/85","","Av","Av","Normal",".301",".318",  
"1B","Sanders, Ray L  ","$4,491,000","11506",".252",".337",".382","79.7","44.4","8.89","Av","13206",".694",".729","3","","Fr/94","","","","","","","&nbsp;","Pr","Normal",".324",".343",  
"C, 1B","Stanley, Mike R  ","$4,491,000","13110",".242",".331",".388","77.2","31.5","8.81","Pr","15082",".774",".684","-2","Fr/116","Fr/117","","","","","","","&nbsp;","Pr","Prone",".354",".316",  
"RF, LF","Ludwick, Ryan R  ","$4,489,000","10089",".262",".332",".417","83.4","31.9","11.0","Av","11309",".769",".743","0","","","","","","Av/49","","Av/49","Av","Fr","Fragile",".332",".334",  
"LF, CF, RF","Mann, Les R  ","$4,486,000","12390",".268",".328",".416","79.3","42.6","12.4","Vg","13703",".804",".620","-2","","","","","","Av/92","Av/92","Av/92","Av","Av","Normal",".351",".279",  
"CF, RF","McGee, Willie S  ","$4,482,000","17186",".280",".321",".367","68.3","144.4","18.0","Ex","18439",".663",".702","0","","","","","","","Av/120","Av/120","Av","Vg","Prone",".316",".323",  
"1B","Gandil, Chick R  ","$4,481,000","5723",".263",".307",".372","66.4","77.3","17.7","Av","6228",".721",".649","-1","","Vg/59","","","","","","","&nbsp;","Vg","Normal",".322",".297",  
"LF, RF","Garr, Ralph L  ","$4,477,000","12528",".287",".316",".375","70.2","113.9","26.5","Vg","13284",".646",".711","1","","","","","","Fr/150","","Fr/150","Fr","Vg","Normal",".300",".324",  
"CF, LF, RF","Walker, Harry L  ","$4,477,000","9130",".262",".317",".338","65.3","194.3","13.9","Vg","10067",".599",".682","2","","","","","","Vg/142","Av/142","Vg/142","Vg","Fr","Normal",".290",".329",  
"3B, 1B, LF, RF","Walling, Denny L  ","$4,477,000","11824",".259",".330",".376","75.3","54.7","10.4","Av","13231",".614",".718","2","","Av/113","","Av/101","","Fr/90","","Fr/90","Av","Fr","Prone",".293",".335",  
"C","Wilson, Art R  ","$4,475,000","9674",".230",".328",".334","68.7","56.2","8.02","Av","11291",".684",".652","-1","Av/103","","","","","","","","&nbsp;","Av","Normal",".339",".322",  
"1B, LF, RF","Harrelson, Ken R  ","$4,473,000","26628",".245",".326",".404","75.6","26.8","9.32","Av","30178",".718",".736","0","","Av/109","","","","Av/66","","Av/66","Av","Av","Normal",".323",".327",  
"SS","Dark, Alvin R  ","$4,456,000","13177",".274",".307",".360","64.2","134.5","24.2","Av","14112",".685",".656","-1","","","","","Av/99","","","","&nbsp;","Fr","Normal",".314",".302",  
"RF, LF","Valo, Elmer L  ","$4,454,000","13267",".259",".360",".353","81.6","107.0","7.46","Vg","15587",".612",".745","0","","","","","","Fr/106","","Fr/106","Av","Av","Prone",".327",".370",  
"LF, 1B, RF","Morse, Michael R  ","$4,447,000","19588",".271",".326",".422","77.5","31.0","14.7","Pr","21457",".756",".744","0","","Av/77","","","","Fr/55","","Av/55","Av","Pr","Fragile",".328",".325",  
"1B, LF, RF","Millar, Kevin R  ","$4,442,000","13164",".257",".341",".380","78.9","52.0","9.24","Pr","15048",".702",".730","0","","Av/88","","","","Av/93","","Av/93","Av","Pr","Prone",".333",".344",  
"RF","Northey, Ron L  ","$4,442,000","14706",".255",".324",".419","81.6","29.6","11.1","Fr","16414",".662",".767","3","","","","","","","","Fr/133","Vg","Pr","Normal",".302",".331",  
"C","Suzuki, Kurt R  ","$4,442,000","4554",".248",".311",".333","60.2","89.3","14.2","Fr","5054",".634",".632","-1","Av/89","","","","","","","","&nbsp;","Pr","Normal",".304",".311",  
"CF, LF","Pagan, Angel S  ","$4,429,000","4718",".269",".327",".363","73.6","115.1","12.4","Vg","5224",".658",".702","1","","","","","","Vg/117","Av/117","","Av","Vg","Fragile",".310",".333",  
"C","Petway, Bruce S  ","$4,428,000","10172",".248",".298",".322","55.6","181.6","14.9","Vg","11167",".626",".611","-1","Ex/89","","","","","","","","&nbsp;","Av","Prone",".297",".297",  
"CF, LF, RF","Moseby, Lloyd L  ","$4,425,000","9598",".241",".316",".358","69.3","54.8","10.7","Vg","10833",".593",".699","2","","","","","","Av/78","Av/78","Av/78","Fr","Vg","Normal",".286",".325",  
"2B, 3B","Belliard, Ron R  ","$4,423,000","18939",".258",".321",".360","68.0","88.5","11.6","Vg","21016",".727",".651","-1","","","Av/110","Fr/156","","","","","&nbsp;","Fr","Normal",".339",".310",  
"1B","Moreland, Mitch L  ","$4,423,000","7379",".248",".308",".391","70.3","33.8","12.7","Pr","8147",".656",".722","2","","Vg/64","","","","","","","&nbsp;","Pr","Prone",".297",".314",  
"SS, 3B","English, Woody R  ","$4,422,000","11024",".237",".325",".317","63.8","95.9","9.07","Av","12696",".658",".631","-1","","","","Av/61","Av/87","","","","&nbsp;","Fr","Normal",".332",".320",  
"SS, 2B","Harrelson, Bud S  ","$4,422,000","15426",".231",".320",".280","58.4","405.9","8.90","Av","17740",".608",".597","0","","","Vg/119","","Vg/86","","","","&nbsp;","Av","Prone",".325",".319",  
"2B, LF","Young, Eric Sr R  ","$4,417,000","14071",".262",".331",".326","65.8","485.2","11.8","Vg","15880",".716",".603","-2","","","Av/123","","","Av/93","","","Fr","Ex","Prone",".350",".313",  
"2B, 3B","Gantner, Jim L  ","$4,416,000","17506",".266",".310",".328","60.3","253.7","18.0","Av","19168",".599",".653","1","","","Vg/83","Fr/87","","","","","&nbsp;","Av","Normal",".291",".318",  
"C","Lapp, Jack L  ","$4,411,000","9515",".249",".321",".359","69.6","62.6","10.2","Fr","10746",".627",".698","1","Av/90","","","","","","","","&nbsp;","Pr","Normal",".305",".327",  
"2B","Farrell, John R  ","$4,409,000","16071",".248",".318",".356","67.7","63.0","10.7","Av","18037",".697",".659","-1","","","Vg/114","","","","","","&nbsp;","Av","Normal",".326",".313",  
"RF, LF","Smith, Elmer L  ","$4,403,000","13400",".251",".319",".439","82.3","26.3","11.1","Av","14996",".684",".783","3","","","","","","Av/114","","Av/114","Av","Fr","Normal",".295",".326",  
"2B, 3B","Lefebvre, Jim S  ","$4,398,000","20485",".244",".312",".366","68.1","45.6","11.1","Fr","22954",".670",".683","-1","","","Av/90","Av/87","","","","","&nbsp;","Pr","Normal",".311",".313",  
"1B","Karros, Eric R  ","$4,397,000","26862",".253",".311",".418","75.0","27.4","12.8","Fr","29488",".769",".701","-1","","Av/101","","","","","","","&nbsp;","Fr","Normal",".325",".301",  
"CF, LF, RF","Grubb, Johnny L  ","$4,381,000","5245",".265",".354",".377","81.8","59.6","8.47","Av","6034",".620",".760","3","","","","","","Av/91","Fr/91","Fr/91","Av","Fr","Fragile",".317",".363",  
"2B, 3B","Cuccinello, Tony R  ","$4,377,000","17323",".251",".317",".373","69.5","46.8","11.6","Av","19360",".708",".682","-1","","","Av/79","Av/103","","","","","&nbsp;","Fr","Normal",".324",".313",  
"1B","Bilko, Steve R  ","$4,375,000","11854",".241",".329",".408","78.4","30.1","8.61","Fr","13555",".763",".675","-1","","Av/83","","","","","","","&nbsp;","Pr","Normal",".337",".309",  
"RF, LF, CF","Coluccio, Bob R  ","$4,371,000","5463",".208",".289",".337","58.3","47.9","9.96","Vg","6204",".657",".592","-1","","","","","","Vg/49","Av/49","Vg/49","Vg","Vg","Normal",".296",".281",  
"LF, 1B, CF","Richards, Gene L  ","$4,370,000","16852",".278",".343",".370","77.0","135.9","11.6","Vg","18673",".678",".730","1","","Av/333","","","","Av/136","Fr/136","","Vg","Ex","Normal",".335",".347",  
"1B","Kusick, Craig R  ","$4,369,000","22907",".243",".353",".417","88.8","24.9","7.03","Fr","27168",".847",".664","-1","","Av/138","","","","","","","&nbsp;","Pr","Normal",".381",".314",  
"LF, 3B, RF","Lowenstein, John L  ","$4,364,000","17085",".250",".334",".402","82.5","33.0","8.86","Av","19536",".524",".758","5","","","","Fr/123","","Fr/81","","Fr/81","Fr","Vg","Prone",".259",".342",  
"1B","Hudspeth, Highpockets L  ","$4,360,000","20565",".237",".314",".415","77.2","24.2","10.3","Fr","23244",".684",".751","1","","Av/114","","","","","","","&nbsp;","Fr","Prone",".298",".321",  
"RF, LF","Burroughs, Jeff R  ","$4,355,000","14368",".248",".344",".410","84.8","28.6","7.80","Pr","16703",".791",".730","-1","","","","","","Pr/122","","Pr/122","Fr","Pr","Normal",".358",".335",  
"LF","Greenwell, Mike L  ","$4,353,000","11617",".272",".327",".396","75.9","49.2","14.0","Av","12713",".702",".731","2","","","","","","Fr/101","","","Av","Fr","Prone",".320",".330",  
"SS, 2B","Theriot, Ryan R  ","$4,353,000","22896",".273",".333",".315","63.2","789.5","12.5","Vg","25624",".689",".625","-2","","","Av/101","","Av/105","","","","&nbsp;","Vg","Normal",".350",".323",  
"C","Hundley, Todd S  ","$4,348,000","16046",".219",".295",".393","69.2","23.5","10.4","Av","18000",".568",".724","3","Av/127","","","","","","","","&nbsp;","Pr","Fragile",".254",".308",  
"3B, 2B","Garrett, Wayne L  ","$4,338,000","14717",".231",".336",".336","72.7","53.7","7.37","Av","17258",".612",".683","2","","","Av/80","Av/84","","","","","&nbsp;","Fr","Prone",".309",".342",  
"SS","Butts, Pee Wee R  ","$4,337,000","15854",".239",".292",".343","58.0","60.5","15.3","Av","17444",".670",".615","-1","","","","","Vg/85","","","","&nbsp;","Fr","Normal",".302",".285",  
"1B, 2B, 3B, LF","Jefferies, Gregg S  ","$4,336,000","16721",".269",".320",".372","69.8","69.4","14.4","Av","18202",".671",".703","0","","Fr/76","Fr/121","Fr/116","","Av/32","","","Av","Av","Prone",".316",".322",  
"1B","Jordan, Ricky R  ","$4,336,000","13174",".269",".298",".390","65.6","49.7","28.0","Av","13963",".734",".654","-2","","Vg/92","","","","","","","&nbsp;","Fr","Normal",".316",".285",  
"SS, 2B","Santiago, Ramon S  ","$4,334,000","17802",".243",".316",".291","58.7","291.8","12.5","Vg","20679",".603",".609","0","","","Vg/67","","Av/90","","","","&nbsp;","Fr","Normal",".318",".315",  
"RF, 1B, LF","Vander Wal, John L  ","$4,334,000","20525",".256",".342",".401","83.2","39.2","8.55","Fr","23513",".491",".773","6","","Av/106","","","","Av/101","","Av/101","Fr","Fr","Normal",".254",".352",  
"LF, 3B","Braun, Steve L  ","$4,333,000","19531",".264",".361",".356","82.2","84.9","7.66","Av","22776",".635",".738","2","","","","Fr/125","","Fr/130","","","Fr","Fr","Prone",".332",".369",  
"1B","Bour, Justin L  ","$4,329,000","217",".249",".326",".396","69.6","36.2","9.42","Pr","245",".760",".719","4","","Fr/65","","","","","","","&nbsp;","Pr","Prone",".360",".323",  
"C","Iannetta, Chris R  ","$4,328,000","9111",".221",".337",".360","76.1","34.6","6.96","Pr","10844",".766",".597","-2","Av/77","","","","","","","","&nbsp;","Pr","Normal",".360",".301",  
"RF, 3B, SS, LF","Burns, Oyster R  ","$4,327,000","22152",".265",".323",".398","76.6","58.3","12.6","Av","24352",".728",".716","-1","","","","Fr/118","Fr/118","Fr/88","","Fr/88","Av","Vg","Normal",".327",".321",  
"SS, 2B","Howser, Dick R  ","$4,320,000","22003",".241",".335",".291","64.3","666.8","8.22","Ex","25594",".621",".627","0","","","Av/87","","Av/97","","","","&nbsp;","Av","Normal",".329",".337",  
"CF, 1B, 3B, LF, RF","Demeter, Don R  ","$4,319,000","13644",".249",".291",".401","67.6","29.4","20.3","Av","14667",".693",".691","0","","Av/164","","Fr/122","","Av/44","Fr/44","Av/44","Av","Fr","Normal",".288",".293",  
"1B, LF, RF","Thames, Eric L  ","$4,318,000","1655",".238",".303",".417","75.7","25.5","12.3","Av","1827",".600",".762","3","","Av/105","","","","Av/140","","Av/140","Fr","Fr","Normal",".259",".318",  
"CF, LF, RF","DeJesus, David L  ","$4,306,000","8646",".257",".336",".366","75.7","76.5","10.5","Vg","9804",".602",".723","2","","","","","","Av/58","Av/58","Av/58","Av","Fr","Prone",".308",".342",  
"LF, RF","Rizzo, Johnny R  ","$4,306,000","15908",".251",".323",".428","80.2","24.9","10.6","Av","17857",".832",".699","-2","","","","","","Av/151","","Av/151","Av","Pr","Normal",".352",".304",  
"CF, LF, RF","Gomez, Carlos R  ","$4,305,000","8717",".248",".308",".352","65.3","67.1","14.9","Vg","9637",".639",".662","0","","","","","","Vg/115","Vg/115","Vg/115","Vg","Vg","Prone",".302",".307",  
"1B, RF","Jones, Garrett L  ","$4,304,000","5951",".254",".325",".422","82.2","28.7","10.4","Av","6654",".619",".795","4","","Fr/141","","","","","","Av/127","Av","Fr","Normal",".276",".343",  
"LF, RF","Young, Mike S  ","$4,303,000","31078",".248",".333",".390","78.3","35.1","9.20","Fr","35555",".719",".725","0","","","","","","Av/164","","Av/164","Av","Fr","Normal",".333",".334",  
"3B, SS","Bluege, Ossie R  ","$4,301,000","12289",".232",".303",".319","58.1","69.0","12.0","Vg","13987",".658",".601","-1","","","","Vg/84","Fr/101","","","","&nbsp;","Av","Normal",".314",".296",  
"3B, 2B","Baker, Floyd L  ","$4,297,000","15862",".239",".329",".285","61.3","214.4","8.55","Av","18219",".546",".638","2","","","Fr/60","Vg/68","","","","","&nbsp;","Fr","Normal",".304",".337",  
"3B, LF, CF, RF","Garms, Debs L  ","$4,296,000","21028",".274",".335",".365","75.5","85.8","12.2","Av","23495",".594",".724","2","","","","Fr/99","","Av/123","Fr/123","Av/123","Fr","Fr","Normal",".299",".344",  
"C","Hogan, Shanty R  ","$4,289,000","12270",".258",".318",".355","65.5","50.9","13.9","Pr","13543",".687",".665","-1","Av/69","","","","","","","","&nbsp;","Pr","Normal",".325",".314",  
"SS, 2B","Bordick, Mike R  ","$4,283,000","13033",".244",".305",".309","54.6","232.7","13.2","Av","14408",".612",".613","-1","","","Vg/84","","Vg/62","","","","&nbsp;","Fr","Prone",".306",".303",  
"CF, LF, RF","Young, Gerald S  ","$4,280,000","8243",".239",".324",".289","59.7","634.1","9.06","Vg","9385",".624",".606","-1","","","","","","Vg/52","Av/52","Vg/52","Vg","Ex","Normal",".330",".319",  
"CF, LF","Roberts, Dave R L  ","$4,274,000","9006",".256",".326",".321","71.2","1000.7","10.7","Ex","10120",".598",".661","2","","","","","","Av/54","Fr/54","","Av","Ex","Fragile",".303",".333",  
"SS, 2B, 3B, LF, CF, RF","Bankhead, Sam R  ","$4,271,000","11168",".250",".304",".349","62.2","68.9","14.6","Vg","12341",".669",".643","-1","","","Av/100","Av/100","Av/98","Av/69","Fr/69","Av/69","Ex","Vg","Normal",".309",".302",  
"2B, SS","Grudzielanek, Mark R  ","$4,261,000","16550",".268",".309",".333","59.0","344.8","20.5","Vg","17804",".653",".645","0","","","Vg/79","","Fr/135","","","","&nbsp;","Fr","Prone",".312",".312",  
"LF, CF, RF","Devore, Josh L  ","$4,257,000","15950",".266",".338",".373","76.3","53.2","10.8","Vg","18044",".691",".720","1","","","","","","Fr/182","Fr/182","Fr/182","Av","Vg","Normal",".333",".340",  
"RF, LF","Grieve, Ben L  ","$4,255,000","12015",".258",".350",".386","81.2","42.9","8.42","Pr","13861",".636",".751","2","","","","","","Fr/88","","Fr/88","Fr","Pr","Prone",".318",".355",  
"1B","Griggs, Art R  ","$4,255,000","9488",".275",".327",".405","77.7","57.2","13.7","Av","10400",".751",".713","-1","","Av/109","","","","","","","&nbsp;","Fr","Prone",".329",".324",  
"SS, 2B","Ramirez, Alexei R  ","$4,255,000","12810",".262",".302",".339","58.5","149.0","18.8","Vg","13780",".672",".620","-2","","","Av/145","","Av/95","","","","&nbsp;","Vg","Normal",".316",".293",  
"LF, CF","Podsednik, Scott L  ","$4,253,000","12147",".269",".330",".323","68.9","934.4","12.3","Vg","13476",".639",".663","1","","","","","","Vg/108","Av/108","","Fr","Ex","Prone",".326",".334",  
"LF, CF, RF","Cruise, Walton L  ","$4,251,000","12542",".247",".328",".380","74.8","41.8","9.35","Av","14250",".593",".746","4","","","","","","Av/102","Fr/102","Av/102","Fr","Av","Normal",".279",".344",  
"LF, RF","Gilkey, Bernard R  ","$4,247,000","12781",".254",".333",".388","75.9","43.3","9.94","Vg","14430",".764",".697","-1","","","","","","Av/87","","Av/87","Vg","Av","Prone",".347",".326",  
"CF, LF, RF","Rosen, Goody L  ","$4,246,000","6787",".261",".326",".357","71.6","87.0","11.5","Vg","7536",".601",".712","2","","","","","","Av/49","Fr/49","Av/49","Av","Fr","Normal",".294",".337",  
"1B, LF","Bochte, Bruce L  ","$4,245,000","18735",".266",".339",".356","73.2","83.3","10.2","Av","21100",".673",".705","1","","Av/98","","","","Fr/83","","","Av","Fr","Normal",".328",".344",  
"1B, LF, RF","Young, Dmitri S  ","$4,240,000","21252",".271",".324",".406","74.8","44.6","14.0","Pr","23177",".676",".753","1","","Av/175","","","","Av/179","","Av/179","Fr","Fr","Fragile",".304",".333",  
"1B","Thomas, Showboat L  ","$4,235,000","8949",".240",".301",".329","57.9","79.9","13.0","Fr","9911",".571",".654","1","","Ex/70","","","","","","","&nbsp;","Fr","Normal",".279",".309",  
"C","Westrum, Wes R  ","$4,235,000","19705",".207",".334",".320","67.5","38.0","6.39","Pr","23663",".683",".632","-2","Av/95","","","","","","","","&nbsp;","Pr","Normal",".346",".325",  
"1B, LF","Upshaw, Willie L  ","$4,234,000","13217",".253",".320",".375","72.6","51.8","11.3","Av","14702",".621",".712","1","","Vg/119","","","","Pr/233","","","Fr","Av","Normal",".298",".325",  
"RF, LF, CF","Sweeney, Ryan L  ","$4,233,000","1650",".261",".322",".337","62.8","235.7","12.3","Av","1804",".589",".681","2","","","","","","Vg/44","Av/44","Vg/44","Vg","Pr","Fragile",".307",".326",  
"CF, 2B, 3B, SS, LF, RF","Tovar, Cesar R  ","$4,232,000","10626",".266",".323",".346","69.5","189.8","15.3","Vg","11778",".699",".648","-1","","","Fr/129","Fr/142","Fr/152","Vg/102","Av/102","Vg/102","Fr","Vg","Normal",".333",".316",  
"RF, LF","Hermanski, Gene L  ","$4,231,000","6138",".247",".336",".363","74.8","52.5","9.20","Vg","7065",".618",".715","5","","","","","","Av/108","","Av/108","Av","Av","Normal",".322",".338",  
"SS","Cabrera, Orlando R  ","$4,226,000","17446",".255",".304",".340","60.7","145.4","15.1","Vg","18993",".615",".655","0","","","","","Av/73","","","","&nbsp;","Av","Normal",".291",".309",  
"RF, LF","Yamauchi, Kazuhiro R  ","$4,226,000","7692",".240",".308",".349","62.2","61.5","11.1","Vg","8570",".670",".647","-1","","","","","","Vg/75","","Vg/75","Vg","Fr","Normal",".314",".301",  
"LF, 1B, 2B, RF","Catalanotto, Frank L  ","$4,225,000","9900",".274",".340",".382","79.6","98.0","12.6","Av","11083",".646",".737","3","","Av/75","Fr/147","","","Fr/56","","Fr/56","Fr","Fr","Normal",".317",".344",  
"C","O'Farrell, Bob R  ","$4,225,000","5827",".233",".325",".342","67.6","62.7","8.54","Fr","6749",".666",".667","0","Vg/94","","","","","","","","&nbsp;","Fr","Normal",".326",".324",  
"C","Montero, Miguel L  ","$4,224,000","31275",".252",".330",".369","72.6","42.6","9.94","Pr","35432",".595",".714","2","Av/138","","","","","","","","&nbsp;","Pr","Prone",".298",".335",  
"LF, RF","Diaz, Matt R  ","$4,221,000","25100",".288",".342",".409","80.1","54.8","15.3","Fr","27607",".800",".639","-2","","","","","","Av/136","","Av/136","Av","Av","Prone",".361",".298",  
"3B, SS","Mulliniks, Rance L  ","$4,219,000","15353",".263",".346",".364","76.2","84.8","8.84","Fr","17511",".593",".733","3","","","","Av/81","Fr/106","","","","&nbsp;","Pr","Prone",".298",".355",  
"C","Santiago, Benito R  ","$4,209,000","15456",".245",".291",".365","59.0","45.7","16.6","Fr","16688",".714",".610","-2","Vg/118","","","","","","","","&nbsp;","Fr","Prone",".314",".273",  
"1B","Adams, Matt L  ","$4,206,000","9660",".266",".315",".429","78.4","29.1","14.7","Pr","10488",".525",".762","4","","Av/120","","","","","","","&nbsp;","Pr","Fragile",".226",".321",  
"RF, CF","Stengel, Casey L  ","$4,204,000","7865",".262",".335",".397","79.6","41.6","10.5","Vg","8848",".597",".775","4","","","","","","","Fr/96","Av/96","Av","Av","Normal",".282",".351",  
"RF, LF, CF","Demaree, Frank R  ","$4,195,000","15717",".265",".324",".375","70.8","55.3","12.8","Av","17426",".730",".681","-2","","","","","","Av/89","Av/89","Av/89","Vg","Fr","Normal",".335",".317",  
"RF, CF","Wilson, Chief L  ","$4,194,000","11688",".249",".284",".384","62.4","47.7","22.3","Vg","12458",".629",".686","1","","","","","","","Av/79","Vg/79","Vg","Av","Normal",".273",".289",  
"SS, 1B, 2B, 3B","Menke, Denis R  ","$4,193,000","11589",".244",".330",".358","72.8","57.1","9.04","Av","13266",".681",".691","0","","Av/45","Fr/82","Fr/85","Fr/106","","","","&nbsp;","Fr","Normal",".327",".332",  
"CF, LF, RF","Holliday, Bug R  ","$4,190,000","7321",".266",".320",".386","73.4","52.7","13.5","Vg","7966",".722",".695","-1","","","","","","Av/76","Av/76","Av/76","Av","Ex","Prone",".323",".316",  
"CF, LF, RF","Jay, Jon L  ","$4,188,000","6175",".276",".340",".339","70.0","268.5","15.0","Vg","6910",".612",".699","1","","","","","","Av/30","Av/30","Av/30","Fr","Fr","Prone",".312",".349",  
"3B, SS","Williamson, Ned R  ","$4,188,000","3839",".224",".308",".353","64.0","51.9","9.50","Av","4351",".686",".647","-1","","","","Vg/88","Pr/107","","","","&nbsp;","Fr","Prone",".325",".299",  
"SS, 2B","Drew, Stephen L  ","$4,186,000","12878",".239",".305",".375","69.6","49.7","11.4","Fr","14301",".623",".699","2","","","Av/128","","Av/81","","","","&nbsp;","Fr","Fragile",".289",".311",  
"2B, 3B","Priddy, Jerry R  ","$4,186,000","24932",".244",".316",".349","65.2","74.6","10.9","Av","28020",".674",".661","-1","","","Vg/107","Av/112","","","","","&nbsp;","Fr","Normal",".322",".312",  
"3B","Charles, Ed R  ","$4,185,000","19833",".255",".318",".351","65.9","78.7","12.3","Av","21943",".691",".655","-1","","","","Av/90","","","","","&nbsp;","Av","Normal",".327",".313",  
"RF, 1B, LF","Merced, Orlando S  ","$4,185,000","22721",".262",".337",".379","76.5","57.4","9.66","Av","25626",".590",".744","2","","Av/125","","","","Av/111","","Av/111","Vg","Fr","Prone",".299",".346",  
"SP, 1B, LF, RF","Mathis, Verdell L  ","$4,184,000","2744",".258",".283",".312","51.5","228.7","30.0","Av","2877",".498",".624","1","","Fr/175","","","","Fr/120","","Fr/120","Av","Fr","Prone",".240",".296",  
"C, 1B, 3B","Brenly, Bob R  ","$4,183,000","13374",".238",".316",".378","72.1","36.7","10.1","Fr","15129",".660",".716","0","Av/111","Pr/199","","Pr/197","","","","","&nbsp;","Av","Normal",".308",".322",  
"RF, CF","Gerut, Jody L  ","$4,183,000","14193",".263",".323",".407","78.4","39.6","12.3","Av","15699",".553",".750","2","","","","","","","Av/75","Av/75","Av","Av","Fragile",".262",".330",  
"LF, CF","Stewart, Shannon R  ","$4,182,000","10718",".283",".345",".372","78.4","110.5","12.2","Av","11928",".738",".704","0","","","","","","Av/109","Fr/109","","Vg","Av","Fragile",".349",".342",  
"CF, LF, RF","Johnson, Lance L  ","$4,175,000","5617",".269",".306",".330","59.9","936.2","19.3","Ex","5990",".585",".661","1","","","","","","Vg/90","Av/90","Vg/90","Fr","Ex","Prone",".287",".315",  
"LF, CF, RF","Stone, John L  ","$4,168,000","14291",".271",".328",".408","79.2","53.5","13.0","Vg","15687",".672",".762","3","","","","","","Av/105","Fr/105","Av/105","Av","Fr","Normal",".305",".337",  
"LF, 1B, RF","Pasqua, Dan L  ","$4,166,000","16249",".233",".319",".422","82.0","22.8","9.01","Fr","18542",".577",".771","4","","Av/142","","","","Av/89","","Av/89","Av","Pr","Prone",".259",".329",  
"RF, 1B, LF, CF","Carter, Joe R  ","$4,159,000","15751",".238",".280",".398","65.7","29.4","20.5","Vg","16894",".680",".674","0","","Fr/191","","","","Av/112","Fr/112","Av/112","Av","Vg","Normal",".280",".279",  
"DH, 1B","Hamelin, Bob L  ","$4,157,000","13089",".235",".334",".423","84.8","22.9","7.88","Fr","15230",".657",".775","2","","Fr/135","","","","","","","&nbsp;","Fr","Normal",".301",".340",  
"RF, LF, CF","Mullin, Pat L  ","$4,149,000","20256",".252",".320",".409","79.5","34.0","11.0","Av","22626",".613",".756","1","","","","","","Av/131","Fr/131","Av/131","Av","Fr","Normal",".288",".328",  
"2B","Weeks, Rickie R  ","$4,149,000","14452",".241",".335",".377","79.4","37.5","9.18","Vg","16728",".779",".666","-2","","","Av/179","","","","","","&nbsp;","Av","Fragile",".360",".317",  
"CF, RF","Dernier, Bob R  ","$4,145,000","5937",".239",".303",".293","54.4","197.9","12.0","Ex","6556",".644",".557","-2","","","","","","","Vg/89","Ex/89","Av","Ex","Prone",".321",".288",  
"1B","LaRoche, Adam L  ","$4,144,000","8588",".243",".320",".412","77.7","26.4","9.78","Fr","9676",".673",".744","2","","Av/79","","","","","","","&nbsp;","Pr","Prone",".302",".323",  
"SP, 1B","Hecker, Guy R  ","$4,143,000","2788",".236",".284",".325","53.1","87.1","17.7","Fr","3030",".620",".601","-1","","Fr/131","","","","","","","&nbsp;","Vg","Prone",".289",".280",  
"1B","Squires, Mike L  ","$4,137,000","8837",".260",".325",".310","62.9","304.7","11.4","Av","9918",".558",".654","3","","Vg/67","","","","","","","&nbsp;","Av","Normal",".286",".335",  
"RF","Murphy, Eddie L  ","$4,131,000","13879",".270",".342",".360","75.2","71.9","10.8","Av","15580",".671",".717","1","","","","","","","","Pr/134","Fr","Vg","Normal",".337",".344",  
"C","Wingo, Ivey L  ","$4,128,000","14230",".241",".298",".359","63.4","53.3","13.3","Av","15801",".544",".676","3","Vg/137","","","","","","","","&nbsp;","Av","Normal",".253",".306",  
"CF, LF, RF","Hamilton, Darryl L  ","$4,122,000","10670",".261",".327",".315","64.5","561.6","11.5","Av","11940",".591",".663","2","","","","","","Vg/28","Av/28","Vg/28","Pr","Av","Prone",".313",".333",  
"SP, 1B, RF","Lush, Johnny L  ","$4,117,000","3514",".254",".311",".355","65.7","79.9","13.3","Fr","3859",".615",".682","1","","Fr/286","","","","","","Fr/198","Fr","Av","Normal",".295",".315",  
"1B","Mientkiewicz, Doug L  ","$4,113,000","11842",".257",".340",".347","72.8","113.9","9.16","Pr","13488",".694",".684","0","","Vg/55","","","","","","","&nbsp;","Pr","Fragile",".340",".340",  
"LF, CF","Coghlan, Chris L  ","$4,109,000","12073",".271",".348",".399","86.9","53.9","9.57","Vg","13738",".607",".758","3","","","","","","Fr/63","Fr/63","","Fr","Fr","Fragile",".298",".352",  
"2B, 3B, SS","Whitehead, Burgess R  ","$4,105,000","19426",".245",".288",".290","46.5","404.7","20.3","Av","20949",".600",".563","-1","","","Ex/76","Av/98","Fr/115","","","","&nbsp;","Av","Normal",".293",".283",  
"RF, LF, CF","Jones, Jacque L  ","$4,101,000","13632",".259",".305",".377","65.1","45.1","16.5","Av","14674",".615",".711","3","","","","","","Vg/97","Vg/97","Vg/97","Av","Av","Normal",".276",".316",  
"C","Ruiz, Carlos R  ","$4,100,000","5444",".266",".341",".367","75.5","97.2","11.2","Fr","6165",".785",".663","-2","Vg/84","","","","","","","","&nbsp;","Pr","Fragile",".379",".319",  
"RF, LF, CF","Church, Ryan L  ","$4,096,000","13146",".255",".320",".387","72.6","49.6","11.8","Av","14691",".574",".733","2","","","","","","Av/45","Fr/45","Av/45","Vg","Fr","Prone",".276",".329",  
"1B, LF","Carter, Chris R  ","$4,093,000","15767",".218",".317",".417","79.8","19.6","8.03","Pr","18284",".733",".735","0","","Fr/138","","","","Pr/346","","","Fr","Pr","Normal",".316",".318",  
"LF","York, Tom L  ","$4,091,000","15361",".243",".318",".360","67.4","94.8","10.4","Fr","17241",".660",".686","1","","","","","","Vg/81","","","Av","Fr","Normal",".311",".321",  
"CF, LF","Wilson, Preston R  ","$4,085,000","24814",".244",".304",".400","68.2","29.1","13.2","Av","27266",".701",".701","0","","","","","","Av/103","Av/103","","Av","Vg","Prone",".302",".304",  
"LF, 1B","Anderson, Harry L  ","$4,080,000","12282",".260",".325",".423","81.9","31.3","11.8","Fr","13696",".592",".775","4","","Fr/179","","","","Av/84","","","Av","Pr","Normal",".279",".332",  
"2B, SS","Blasingame, Don L  ","$4,078,000","13168",".240",".309",".287","55.4","940.6","11.0","Ex","14747",".571",".607","0","","","Vg/90","","Fr/146","","","","&nbsp;","Av","Normal",".299",".314",  
"LF, CF, RF","Ford, Lew R  ","$4,074,000","694",".238",".313",".311","60.7","231.3","12.2","Vg","793",".687",".591","0","","","","","","Vg/140","Av/140","Vg/140","Av","Av","Prone",".343",".297",  
"C","Castro, Jason L  ","$4,073,000","343",".239",".318",".338","65.3","85.8","9.68","Pr","387",".351",".687","4","Av/68","","","","","","","","&nbsp;","Pr","Prone",".194",".330",  
"3B","Sabo, Chris R  ","$4,071,000","14481",".252",".314",".408","75.2","37.5","12.7","Vg","16077",".789",".653","-2","","","","Fr/71","","","","","&nbsp;","Vg","Prone",".337",".290",  
"2B","Sax, Steve R  ","$4,061,000","25190",".271",".326",".348","68.2","157.4","13.6","Vg","27727",".705",".656","-1","","","Av/108","","","","","","&nbsp;","Ex","Normal",".334",".322",  
"RF, LF","Post, Wally R  ","$4,060,000","22050",".243",".299",".415","71.3","26.3","13.7","Av","24102",".722",".704","-1","","","","","","Av/131","","Av/131","Vg","Fr","Normal",".302",".296",  
"CF, LF, RF","Geronimo, Cesar L  ","$4,057,000","8100",".243",".296",".335","58.1","102.5","15.2","Vg","8820",".543",".672","3","","","","","","Vg/55","Vg/55","Vg/55","Vg","Av","Prone",".263",".311",  
"3B, 1B","Blowers, Mike R  ","$4,056,000","23787",".264",".342",".414","81.1","33.5","9.41","Av","26874",".792",".624","-3","","Fr/105","","Pr/121","","","","","&nbsp;","Pr","Normal",".353",".299",  
"LF, RF","Gomes, Jonny R  ","$4,056,000","19985",".243",".334",".409","84.2","25.8","9.02","Av","23002",".802",".695","-2","","","","","","Fr/126","","Fr/126","Av","Fr","Normal",".353",".319",  
"1B","Robertson, Bob R  ","$4,055,000","17451",".235",".317",".418","79.3","21.8","9.38","Pr","19779",".736",".739","0","","Av/72","","","","","","","&nbsp;","Pr","Normal",".320",".317",  
"SS","Escobar, Alcides R  ","$4,051,000","3914",".261",".300",".313","55.9","1304.7","20.8","Ex","4237",".648",".603","-1","","","","","Av/91","","","","&nbsp;","Av","Normal",".313",".298",  
"C","Seminick, Andy R  ","$4,048,000","13159",".222",".312",".383","69.5","27.0","9.19","Fr","15079",".725",".670","-2","Vg/128","","","","","","","","&nbsp;","Fr","Prone",".317",".308",  
"CF","McRae, Brian S  ","$4,045,000","22094",".248",".314",".350","66.2","82.7","11.7","Vg","24581",".688",".650","-1","","","","","","","Vg/56","","Pr","Vg","Normal",".326",".307",  
"1B, SP, LF, RF","Foutz, Dave R  ","$4,044,000","4459",".247",".286",".342","58.2","103.7","18.7","Av","4779",".651",".610","-1","","Av/91","","","","Fr/108","","Fr/108","Av","Ex","Normal",".299",".275",  
"DH, 1B","Fullmer, Brad L  ","$4,040,000","5751",".261",".315",".400","73.8","47.5","14.9","Av","6296",".608",".735","4","","Fr/159","","","","","","","&nbsp;","Fr","Prone",".271",".323",  
"RF, LF","Kokos, Dick L  ","$4,031,000","6005",".231",".310",".387","73.7","30.3","9.74","Av","6798",".619",".716","1","","","","","","Av/136","","Av/136","Vg","Fr","Normal",".294",".314",  
"C","Redmond, Mike R  ","$4,028,000","13689",".277",".329",".326","61.9","855.6","17.6","Pr","14955",".710",".609","-2","Fr/47","","","","","","","","&nbsp;","Pr","Normal",".354",".308",  
"LF, CF","Koy, Ernie R  ","$4,027,000","12056",".262",".313",".404","74.1","45.3","15.1","Vg","13092",".793",".648","-3","","","","","","Av/98","Av/98","","Fr","Av","Normal",".344",".284",  
"2B, LF","Collins, Hub R  ","$4,026,000","30582",".249",".320",".327","66.1","114.5","10.7","Vg","34310",".675",".633","-1","","","Av/92","","","Av/115","","","Fr","Ex","Normal",".331",".314",  
"SS","Dent, Bucky R  ","$4,020,000","14152",".237",".291",".313","54.1","116.0","14.6","Fr","15654",".623",".591","-1","","","","","Vg/66","","","","&nbsp;","Fr","Prone",".305",".282",  
"RF, 1B, LF","Marshall, Mike A R  ","$4,020,000","49008",".257",".308",".424","75.7","27.3","15.9","Pr","53308",".735",".731","0","","Fr/100","","","","Fr/110","","Fr/110","Fr","Fr","Prone",".305",".310",  
"LF, 1B, CF, RF","Wilkerson, Brad L  ","$4,020,000","10985",".238",".331",".379","78.5","40.1","8.32","Av","12670",".693",".719","0","","Av/72","","","","Av/109","Fr/109","Av/109","Av","Av","Prone",".321",".336",  
"SS, 2B, 3B","Bressoud, Eddie R  ","$4,013,000","19595",".245",".308",".358","65.6","70.5","12.0","Av","21660",".594",".700","1","","","Av/136","Av/179","Av/101","","","","&nbsp;","Pr","Normal",".282",".320",  
"2B","Richardson, Bobby R  ","$4,011,000","24663",".268",".299",".327","57.8","312.2","23.3","Vg","26494",".657",".609","-1","","","Vg/98","","","","","","&nbsp;","Fr","Normal",".313",".291",  
"CF, LF, RF","Blanco, Gregor L  ","$4,010,000","9401",".250",".329",".319","67.1","204.4","9.68","Vg","10763",".619",".656","1","","","","","","Av/77","Av/77","Av/77","Av","Vg","Normal",".319",".332",  
"1B","Hauser, Joe L  ","$4,009,000","13866",".241",".322",".428","81.5","23.0","9.75","Av","15780",".694",".765","-1","","Fr/101","","","","","","","&nbsp;","Fr","Prone",".306",".326",  
"CF, LF, RF","Hoffman, Danny L  ","$4,006,000","6520",".260",".328",".390","75.4","42.9","11.3","Vg","7291",".538",".747","3","","","","","","Vg/109","Av/109","Vg/109","Av","Ex","Prone",".267",".339",  
"1B","Overbay, Lyle L  ","$4,005,000","10771",".261",".338",".384","77.2","56.1","9.47","Fr","12170",".611",".742","2","","Av/85","","","","","","","&nbsp;","Pr","Normal",".305",".344",  
"3B","Boeckel, Tony R  ","$4,004,000","22082",".259",".324",".377","72.4","50.9","11.4","Av","24669",".710",".697","0","","","","Av/108","","","","","&nbsp;","Vg","Normal",".326",".323",  
"C, 1B","Steinbach, Terry R  ","$4,001,000","8834",".257",".307",".371","64.5","51.1","15.3","Fr","9600",".719",".639","-2","Fr/110","Fr/277","","","","","","","&nbsp;","Fr","Prone",".322",".292",  
"C","Hassey, Ron L  ","$4,000,000","8899",".255",".328",".361","70.0","66.9","10.4","Pr","9994",".567",".703","2","Fr/59","","","","","","","","&nbsp;","Pr","Normal",".290",".332",  
"2B, 3B","Iwamura, Akinori L  ","$4,000,000","13358",".248",".331",".319","68.0","238.5","9.11","Vg","15165",".644",".653","-1","","","Av/99","Fr/60","","","","","&nbsp;","Av","Prone",".330",".331",  
"DH, 1B","Morales, Kendrys S  ","$3,994,000","36043",".256",".315",".392","69.5","35.4","12.9","Pr","39644",".688",".716","0","","Fr/97","","","","","","","&nbsp;","Pr","Normal",".309",".318",  
"1B, LF, RF","Sweeney, Mark L  ","$3,993,000","13352",".255",".343",".362","76.6","65.5","8.48","Fr","15377",".527",".724","4","","Av/136","","","","Av/113","","Av/113","Vg","Fr","Prone",".277",".350",  
"C","Wieters, Matt S  ","$3,987,000","14986",".244",".305",".361","64.0","42.8","12.3","Pr","16528",".670",".667","-1","Vg/99","","","","","","","","&nbsp;","Pr","Prone",".309",".304",  
"CF, LF, RF","Geiger, Gary L  ","$3,986,000","7694",".241",".329",".363","74.7","47.8","8.66","Vg","8817",".483",".720","4","","","","","","Av/65","Av/65","Av/65","Vg","Av","Prone",".250",".339",  
"CF, LF","McLouth, Nate L  ","$3,977,000","5066",".240",".320",".374","75.8","44.4","10.1","Vg","5759",".546",".710","2","","","","","","Av/64","Av/64","","Av","Av","Fragile",".265",".326",  
"CF","Diering, Chuck R  ","$3,965,000","16583",".235",".320",".326","63.9","102.4","9.15","Vg","18865",".653",".642","-1","","","","","","","Vg/65","","Av","Fr","Normal",".324",".317",  
"CF, 1B, LF, RF","Tolan, Bobby L  ","$3,963,000","13793",".251",".299",".371","64.3","48.2","18.5","Vg","15011",".613",".690","1","","Fr/74","","","","Vg/103","Vg/103","Vg/103","Fr","Vg","Normal",".278",".306",  
"2B, SS","Abbaticchio, Ed R  ","$3,955,000","16726",".243",".315",".357","67.0","52.3","10.8","Av","18768",".706",".655","-1","","","Av/95","","Av/111","","","","&nbsp;","Vg","Normal",".335",".303",  
"SS","Gagne, Greg R  ","$3,954,000","20561",".242",".289",".338","56.1","80.9","16.9","Vg","22304",".662",".607","-1","","","","","Vg/93","","","","&nbsp;","Av","Prone",".299",".284",  
"CF, C, LF, RF","Maloney, Billy L  ","$3,952,000","10270",".235",".296",".340","61.1","62.6","13.5","Av","11376",".612",".646","1","Vg/114","","","","","Vg/105","Vg/105","Vg/105","Vg","Ex","Normal",".283",".301",  
"LF","Dougherty, Patsy L  ","$3,950,000","11132",".274",".338",".390","78.2","50.4","11.9","Vg","12488",".704",".737","1","","","","","","Fr/137","","","Fr","Vg","Normal",".326",".342",  
"CF, LF","Martin, Hersh S  ","$3,946,000","10349",".257",".329",".376","75.9","65.5","10.4","Vg","11670",".666",".724","2","","","","","","Av/106","Av/106","","Av","Fr","Prone",".317",".335",  
"1B, 2B, LF","Fonseca, Lew R  ","$3,945,000","14029",".268",".311",".375","67.7","67.4","17.7","Vg","15206",".705",".661","-2","","Av/66","Fr/90","","","Fr/103","","","Pr","Av","Prone",".317",".303",  
"1B, LF, RF","Buckner, Bill L  ","$3,941,000","11516",".280",".309",".382","67.7","84.7","25.4","Av","12164",".653",".706","1","","Av/93","","","","Av/76","","Av/76","Av","Av","Prone",".299",".313",  
"C","Johnson, Charles R  ","$3,930,000","9537",".228",".310",".377","67.9","30.3","9.47","Pr","10807",".722",".665","-1","Av/74","","","","","","","","&nbsp;","Pr","Prone",".323",".303",  
"2B, 3B","Trillo, Manny R  ","$3,927,000","15451",".237",".291",".296","49.1","249.2","14.9","Av","16918",".597",".581","-1","","","Ex/85","Av/118","","","","","&nbsp;","Fr","Prone",".296",".287",  
"RF, LF, CF","Becker, Beals L  ","$3,926,000","9142",".263",".322",".396","75.7","41.9","12.4","Av","10131",".542",".747","3","","","","","","Av/110","Fr/110","Av/110","Vg","Vg","Normal",".259",".332",  
"RF, CF","Fogarty, Jim R  ","$3,921,000","2980",".238",".324",".340","68.8","90.3","9.18","Vg","3425",".668",".660","-1","","","","","","","Av/55","Vg/55","Vg","Ex","Normal",".325",".324",  
"3B, 2B","Steinfeldt, Harry R  ","$3,921,000","11634",".244",".305",".370","66.3","52.9","13.0","Av","13016",".714",".655","-1","","","Vg/103","Av/87","","","","","&nbsp;","Vg","Prone",".324",".295",  
"1B, 3B, LF, RF","Hendrick, Harvey L  ","$3,918,000","10088",".269",".329",".409","79.1","43.9","12.6","Vg","11216",".663",".763","1","","Av/134","","Fr/178","","Fr/121","","Fr/121","Fr","Av","Normal",".309",".336",  
"C, 1B","Milligan, Jocko R  ","$3,914,000","8123",".247",".291",".376","63.6","51.4","17.6","Av","8789",".664",".669","-1","Av/83","Fr/89","","","","","","","&nbsp;","Fr","Normal",".290",".293",  
"1B, LF","Milner, John L  ","$3,914,000","8283",".241",".332",".394","78.4","29.7","8.29","Vg","9545",".635",".740","2","","Fr/104","","","","Av/113","","","Av","Fr","Prone",".283",".339",  
"LF, 1B","Martinez, Carmelo R  ","$3,913,000","21087",".242",".331",".382","75.8","34.0","8.54","Pr","24208",".724",".703","-1","","Pr/111","","","","Av/99","","","Av","Pr","Normal",".340",".323",  
"1B","Jaha, John R  ","$3,902,000","17168",".249",".346",".419","87.1","25.3","8.24","Pr","19975",".783",".746","-1","","Fr/91","","","","","","","&nbsp;","Fr","Fragile",".351",".340",  
"SS, 3B","Lary, Lyn R  ","$3,902,000","14186",".231",".322",".307","60.9","115.3","8.74","Vg","16379",".643",".621","-2","","","","Av/143","Av/86","","","","&nbsp;","Av","Normal",".324",".321",  
"3B, 2B","Hatton, Grady L  ","$3,901,000","7469",".230",".319",".332","66.8","59.8","8.74","Av","8542",".632",".658","2","","","Av/58","Av/85","","","","","&nbsp;","Fr","Prone",".314",".321",  
"SS, 2B, 3B","Blauser, Jeff R  ","$3,898,000","20698",".242",".334",".352","73.0","55.3","9.14","Vg","23886",".746",".649","-2","","","Fr/166","Fr/138","Fr/111","","","","&nbsp;","Fr","Prone",".358",".319",  
"RF, CF","Fukudome, Kosuke L  ","$3,897,000","17072",".251",".349",".349","77.1","89.4","7.70","Av","20002",".644",".720","1","","","","","","","Fr/76","Av/76","Av","Av","Normal",".329",".357",  
"SS","Smith, Germany R  ","$3,895,000","17315",".205",".240",".288","34.2","84.1","22.5","Vg","18304",".552",".524","-1","","","","","Ex/84","","","","&nbsp;","Vg","Normal",".255",".235",  
"3B, 2B, LF, CF, RF","Malarcher, Dave S  ","$3,893,000","12384",".250",".310",".320","59.8","190.5","12.8","Vg","13813",".633",".631","0","","","Av/138","Vg/97","","Av/99","Fr/99","Av/99","Av","Vg","Prone",".309",".311",  
"2B","Gennett, Scooter L  ","$3,891,000","3795",".259",".296",".363","60.1","61.2","20.0","Av","4049",".557",".689","3","","","Av/108","","","","","","&nbsp;","Fr","Prone",".264",".306",  
"C","Ramos, Wilson R  ","$3,891,000","6914",".264",".309",".384","65.5","40.7","16.2","Pr","7440",".743",".647","-2","Av/83","","","","","","","","&nbsp;","Pr","Fragile",".326",".292",  
"CF, RF","Bourjos, Peter R  ","$3,881,000","13805",".243",".295",".354","60.5","90.8","16.2","Ex","15068",".652",".639","0","","","","","","","Vg/52","Vg/52","Av","Vg","Prone",".295",".292",  
"CF, 1B, LF, RF","Thomasson, Gary L  ","$3,881,000","5068",".235",".312",".373","71.7","45.7","9.95","Vg","5700",".510",".708","3","","Av/209","","","","Vg/141","Av/141","Vg/141","Av","Av","Normal",".257",".319",  
"SS, 1B, 2B, 3B, RF","Kress, Red R  ","$3,880,000","26326",".244",".304",".358","62.8","53.9","12.8","Av","29086",".696",".641","-2","","Av/201","Av/100","Av/144","Av/99","","","Av/150","Fr","Fr","Normal",".318",".295",  
"3B, 2B","Whitney, Pinky R  ","$3,880,000","6954",".235",".292",".332","56.0","71.0","14.1","Av","7661",".611",".623","-1","","","Fr/80","Vg/73","","","","","&nbsp;","Fr","Normal",".293",".288",  
"3B, SS","Austin, Jimmy S  ","$3,874,000","8999",".235",".309",".328","60.6","68.7","10.2","Vg","10099",".618",".649","0","","","","Vg/102","Fr/115","","","","&nbsp;","Vg","Normal",".307",".311",  
"LF, CF, RF","Johnson, Roy L  ","$3,874,000","9855",".257",".319",".381","71.9","55.1","12.2","Vg","10850",".659",".721","2","","","","","","Av/197","Av/197","Av/197","Vg","Vg","Normal",".306",".325",  
"1B","Clendenon, Donn R  ","$3,859,000","9698",".255",".317",".417","75.7","30.8","12.1","Vg","10697",".804",".640","-2","","Av/131","","","","","","","&nbsp;","Av","Normal",".338",".289",  
"LF, CF, RF","Maye, Lee L  ","$3,859,000","12484",".269",".325",".390","76.8","57.5","13.6","Vg","13640",".602",".739","4","","","","","","Av/124","Fr/124","Av/124","Fr","Fr","Prone",".282",".333",  
"3B","Carey, Andy R  ","$3,853,000","10535",".252",".310",".365","65.7","65.4","13.9","Av","11597",".706",".656","-1","","","","Vg/87","","","","","&nbsp;","Fr","Prone",".316",".307",  
"1B, LF, RF","Daubach, Brian L  ","$3,851,000","16793",".244",".322",".427","82.8","26.7","9.90","Pr","19001",".612",".778","3","","Fr/141","","","","Pr/50","","Pr/50","Av","Pr","Normal",".282",".330",  
"3B, 2B","Vitt, Ossie R  ","$3,850,000","4724",".212",".288",".284","49.0","100.5","10.6","Av","5374",".602",".555","0","","","Av/92","Vg/67","","","","","&nbsp;","Av","Normal",".298",".282",  
"C","LaValliere, Mike L  ","$3,831,000","13830",".257",".328",".310","61.4","189.5","10.7","Pr","15598",".616",".642","1","Av/62","","","","","","","","&nbsp;","Pr","Normal",".325",".328",  
"3B","Kouzmanoff, Kevin R  ","$3,829,000","11008",".261",".307",".393","68.5","42.3","19.9","Fr","11916",".719",".686","-1","","","","Av/87","","","","","&nbsp;","Pr","Prone",".317",".300",  
"C","O'Dea, Ken L  ","$3,827,000","6844",".238",".322",".361","70.0","45.6","9.00","Fr","7843",".649",".689","1","Vg/81","","","","","","","","&nbsp;","Pr","Prone",".305",".326",  
"C","Stearns, John R  ","$3,825,000","7776",".242",".321",".357","68.4","55.1","10.0","Av","8817",".722",".651","-1","Vg/97","","","","","","","","&nbsp;","Vg","Prone",".340",".309",  
"LF","Duncan, Pat R  ","$3,823,000","20350",".266",".322",".399","74.1","48.0","13.3","Av","22348",".742",".707","-1","","","","","","Av/82","","","Fr","Vg","Normal",".331",".316",  
"LF, RF","Fothergill, Bob R  ","$3,819,000","10407",".279",".319",".397","72.8","63.1","18.9","Av","11235",".767",".682","-1","","","","","","Fr/119","","Fr/119","Pr","Av","Normal",".342",".303",  
"C, 1B, LF, RF","Kirkpatrick, Ed L  ","$3,819,000","13802",".231",".312",".364","69.1","38.7","9.85","Fr","15628",".578",".691","3","Av/141","Fr/95","","","","Fr/54","","Fr/54","Fr","Fr","Prone",".290",".316",  
"CF, LF, RF","Maybin, Cameron R  ","$3,819,000","6035",".257",".317",".347","64.9","107.8","12.5","Vg","6672",".616",".684","1","","","","","","Vg/86","Vg/86","Vg/86","Fr","Vg","Prone",".305",".323",  
"1B, LF, CF, RF","Anderson, John S  ","$3,817,000","5199",".251",".297",".367","63.4","64.2","16.4","Vg","5611",".672",".659","0","","Av/84","","","","Av/98","Fr/98","Av/98","Av","Vg","Normal",".305",".292",  
"2B, 3B, SS","Sweeney, Bill R  ","$3,816,000","15419",".246",".316",".332","63.0","80.7","10.6","Av","17364",".664",".640","-1","","","Vg/107","Vg/121","Fr/125","","","","&nbsp;","Vg","Normal",".325",".312",  
"1B, 3B, RF","Perez, Eduardo R  ","$3,809,000","13840",".250",".334",".418","82.1","28.0","8.94","Av","15884",".797",".602","-2","","Fr/92","","Fr/145","","","","Fr/135","Fr","Fr","Normal",".350",".281",  
"1B, 3B","Saenz, Olmedo R  ","$3,804,000","15586",".254",".328",".417","79.3","31.1","12.5","Fr","17518",".792",".706","-1","","Fr/90","","Pr/137","","","","","&nbsp;","Pr","Normal",".349",".311",  
"CF, 1B, LF, RF","Unser, Del L  ","$3,802,000","6201",".243",".299",".335","60.6","62.0","13.3","Av","6821",".503",".683","3","","Av/95","","","","Vg/77","Vg/77","Vg/77","Vg","Fr","Normal",".253",".316",  
"RF, LF, CF","Southworth, Billy L  ","$3,800,000","8293",".256",".323",".375","72.1","53.9","11.2","Vg","9297",".657",".715","2","","","","","","Av/98","Fr/98","Av/98","Vg","Vg","Prone",".304",".331",  
"C","Ruel, Muddy R  ","$3,792,000","12991",".233",".319",".297","59.1","94.1","9.30","Fr","15031",".647",".613","0","Vg/73","","","","","","","","&nbsp;","Fr","Normal",".334",".316",  
"DH, RF","Giambi, Jeremy L  ","$3,783,000","11165",".253",".357",".380","84.0","40.6","7.29","Fr","13145",".669",".765","1","","","","","","","","Pr/235","Pr","Pr","Fragile",".334",".366",  
"LF","Jamieson, Charlie L  ","$3,781,000","15478",".268",".335",".359","73.0","80.2","11.1","Vg","17366",".632",".713","1","","","","","","Av/87","","","Av","Av","Normal",".309",".343",  
"C","Sundberg, Jim R  ","$3,779,000","8311",".229",".306",".316","57.2","94.4","10.2","Fr","9461",".624",".621","-1","Av/52","","","","","","","","&nbsp;","Fr","Normal",".306",".306",  
"1B","Grimm, Charlie L  ","$3,776,000","4757",".242",".306",".332","60.8","84.9","11.9","Av","5297",".523",".684","2","","Vg/70","","","","","","","&nbsp;","Fr","Normal",".261",".324",  
"3B, LF, CF, RF","Martin, Pepper R  ","$3,776,000","12605",".250",".312",".377","70.8","60.9","12.3","Ex","13937",".707",".680","-2","","","","Fr/133","","Av/104","Av/104","Av/104","Av","Vg","Prone",".321",".307",  
"3B, 1B, LF","Bailey, Bob R  ","$3,774,000","16732",".251",".337",".395","77.6","34.0","8.63","Av","19211",".798",".660","-2","","Fr/126","","Fr/99","","Pr/145","","","Av","Fr","Prone",".360",".312",  
"SS, RF","Russell, Bill R  ","$3,774,000","22427",".255",".296",".333","56.7","164.9","19.2","Vg","24389",".645",".625","-1","","","","","Vg/112","","","Av/83","Av","Av","Normal",".302",".295",  
"LF","Agbayani, Benny R  ","$3,771,000","14473",".268",".343",".395","79.5","45.9","10.1","Av","16300",".749",".729","-1","","","","","","Fr/143","","","Av","Fr","Prone",".346",".340",  
"1B","Saier, Vic L  ","$3,770,000","8347",".243",".326",".395","78.5","41.3","9.14","Av","9576",".632",".748","1","","Av/116","","","","","","","&nbsp;","Vg","Prone",".299",".334",  
"LF, CF, RF","Laabs, Chet R  ","$3,767,000","15054",".229",".299",".396","69.3","28.4","10.9","Vg","16789",".723",".672","0","","","","","","Av/89","Fr/89","Av/89","Av","Fr","Normal",".313",".289",  
"LF, RF","Lynch, Jerry L  ","$3,764,000","10419",".262",".318",".424","79.3","31.5","13.0","Fr","11442",".656",".754","4","","","","","","Pr/156","","Pr/156","Fr","Fr","Normal",".291",".323",  
"CF","Smoot, Homer L  ","$3,764,000","12485",".267",".320",".383","71.5","52.2","14.8","Fr","13745",".660",".723","1","","","","","","","Av/93","","Fr","Av","Normal",".307",".326",  
"3B, LF","Tatis, Fernando Sr R  ","$3,753,000","15760",".252",".325",".382","72.1","46.1","11.2","Fr","17708",".722",".701","0","","","","Fr/109","","Pr/115","","","Fr","Fr","Prone",".336",".320",  
"RF, 1B, LF, CF","Philley, Dave S  ","$3,749,000","13429",".255",".308",".341","60.8","94.6","14.7","Vg","14724",".646",".649","0","","Av/136","","","","Vg/92","Av/92","Vg/92","Vg","Fr","Normal",".309",".307",  
"RF, LF, CF","Lawton, Matt L  ","$3,744,000","8472",".245",".343",".347","74.7","65.7","8.48","Av","9851",".615",".707","2","","","","","","Av/98","Fr/98","Av/98","Av","Av","Prone",".306",".350",  
"LF, RF","Nicholson, Dave R  ","$3,743,000","41099",".221",".327",".399","81.4","23.4","7.40","Fr","47983",".764",".679","-1","","","","","","Fr/124","","Fr/124","Vg","Fr","Normal",".341",".311",  
"1B, 3B","Ivie, Mike R  ","$3,736,000","22010",".267",".322",".422","78.8","32.9","13.8","Fr","24113",".787",".696","-2","","Fr/76","","Fr/166","","","","","&nbsp;","Fr","Normal",".335",".307",  
"2B, SS","Witek, Mickey R  ","$3,736,000","15103",".262",".303",".319","54.0","191.2","18.2","Av","16242",".650",".604","1","","","Vg/96","","Vg/96","","","","&nbsp;","Pr","Normal",".314",".297",  
"CF, LF, RF","Stroud, Ed L  ","$3,726,000","10114",".256",".319",".359","68.9","119.0","12.0","Ex","11157",".588",".695","1","","","","","","Av/60","Av/60","Av/60","Av","Ex","Normal",".297",".323",  
"C, 1B","LoDuca, Paul R  ","$3,725,000","11611",".263",".312",".342","61.5","133.5","16.4","Fr","12663",".694",".621","-2","Vg/117","Fr/169","","","","","","","&nbsp;","Pr","Normal",".324",".301",  
"LF","Lewis, Fred L  ","$3,724,000","706",".255",".318",".351","69.5","176.5","11.9","Vg","785",".541",".674","3","","","","","","Av/149","","","Av","Vg","Prone",".281",".319",  
"2B, SS","Reese, Pokey R  ","$3,722,000","9192",".234",".286",".297","51.0","208.9","15.1","Ex","9983",".585",".584","0","","","Ex/85","","Vg/112","","","","&nbsp;","Vg","Fragile",".292",".283",  
"1B, 3B","Jordan, Buck L  ","$3,720,000","16306",".275",".322",".384","72.8","70.6","15.9","Av","17803",".663",".725","2","","Av/100","","Fr/92","","","","","&nbsp;","Fr","Normal",".310",".327",  
"RF, LF, CF","Denorfia, Chris R  ","$3,715,000","6081",".274",".332",".369","72.4","98.1","12.6","Av","6717",".703",".697","-1","","","","","","Av/86","Av/86","Av/86","Vg","Av","Prone",".334",".329",  
"DH, 1B","Jefferson, Reggie L  ","$3,715,000","13457",".274",".315",".411","73.4","41.9","17.9","Pr","14445",".544",".760","5","","Fr/178","","","","","","","&nbsp;","Pr","Fragile",".250",".327",  
"2B","Stennett, Rennie R  ","$3,711,000","12341",".260",".293",".333","55.2","176.3","22.3","Vg","13096",".663",".598","-1","","","Vg/98","","","","","","&nbsp;","Av","Normal",".305",".284",  
"LF, RF","Murphy, David L  ","$3,709,000","10925",".272",".328",".384","75.1","63.2","12.8","Av","11998",".644",".742","3","","","","","","Av/71","","Av/71","Av","Av","Normal",".305",".338",  
"CF, RF","Brodie, Steve L  ","$3,706,000","10277",".249",".303",".333","58.9","78.5","17.1","Av","11187",".622",".643","1","","","","","","","Vg/54","Vg/54","Av","Vg","Normal",".300",".305",  
"3B","Cirillo, Jeff R  ","$3,704,000","9341",".261",".329",".349","68.6","128.0","11.6","Av","10444",".713",".658","-1","","","","Av/71","","","","","&nbsp;","Fr","Prone",".343",".319",  
"SS, 3B","Jurges, Billy R  ","$3,704,000","10253",".233",".301",".305","52.7","116.5","12.0","Av","11506",".641",".587","-1","","","","Vg/72","Vg/72","","","","&nbsp;","Fr","Prone",".318",".292",  
"SS, 3B","Cozart, Zack R  ","$3,703,000","5263",".237",".290",".329","55.3","109.6","14.8","Av","5739",".662",".598","-1","","","","Fr/103","Vg/77","","","","&nbsp;","Pr","Fragile",".300",".286",  
"CF, LF","Rasmus, Colby L  ","$3,698,000","10328",".245",".312",".406","76.4","28.7","11.3","Vg","11475",".649",".743","2","","","","","","Av/109","Av/109","","Vg","Fr","Fragile",".288",".320",  
"C","Duncan, Frank R  ","$3,696,000","23285",".218",".273",".288","44.4","106.8","14.7","Fr","25722",".583",".548","-1","Ex/84","","","","","","","","&nbsp;","Fr","Normal",".282",".267",  
"3B, 2B","Callaspo, Alberto S  ","$3,694,000","16623",".265",".332",".336","67.1","137.4","10.6","Av","18567",".682",".655","-1","","","Fr/147","Av/87","","","","","&nbsp;","Fr","Prone",".339",".326",  
"RF, 2B, LF, CF","Lacy, Lee R  ","$3,694,000","11343",".269",".323",".375","72.2","70.5","13.8","Vg","12415",".704",".690","-1","","","Fr/165","","","Av/84","Fr/84","Av/84","Av","Vg","Prone",".325",".321",  
"2B","Bernazard, Tony S  ","$3,693,000","27565",".248",".319",".351","68.4","71.2","10.7","Vg","31075",".635",".688","0","","","Av/117","","","","","","&nbsp;","Av","Normal",".307",".325",  
"SS, 2B","Perez, Neifi S  ","$3,689,000","20081",".239",".268",".293","43.6","743.7","25.7","Vg","21343",".578",".552","-1","","","Vg/74","","Vg/78","","","","&nbsp;","Fr","Normal",".275",".264",  
"C, 1B","Vogt, Stephen L  ","$3,684,000","2416",".231",".296",".342","62.1","54.9","11.6","Fr","2669",".596",".638","2","Fr/94","Fr/91","","","","","","","&nbsp;","Pr","Prone",".265",".299",  
"LF, CF, RF","Evers, Hoot R  ","$3,680,000","8298",".257",".313",".382","70.1","49.1","13.9","Av","9154",".711",".689","-1","","","","","","Vg/77","Av/77","Vg/77","Av","Fr","Prone",".316",".312",  
"SS","Metzger, Roger S  ","$3,677,000","14862",".225",".282",".284","46.3","337.8","13.7","Vg","16334",".573",".563","1","","","","","Vg/69","","","","&nbsp;","Av","Normal",".285",".280",  
"3B, 1B","Hollins, Dave S  ","$3,675,000","14676",".246",".345",".378","80.8","38.1","8.13","Ex","17098",".795",".658","-3","","Av/151","","Fr/136","","","","","&nbsp;","Fr","Fragile",".371",".321",  
"C","Pagliaroni, Jim R  ","$3,672,000","8062",".235",".320",".370","70.9","34.6","9.19","Fr","9189",".778",".642","-1","Av/78","","","","","","","","&nbsp;","Pr","Prone",".350",".304",  
"2B, 1B, 3B, SS","Keppinger, Jeff R  ","$3,668,000","13907",".273",".323",".349","65.7","118.9","14.7","Fr","15201",".749",".605","-3","","Fr/87","Fr/63","Fr/81","Pr/63","","","","&nbsp;","Pr","Prone",".353",".297",  
"RF","Sebring, Jimmy L  ","$3,668,000","16257",".248",".300",".372","64.9","54.0","14.2","Ex","17720",".633",".686","1","","","","","","","","Av/106","Ex","Fr","Prone",".289",".304",  
"3B","Gomez, Leo R  ","$3,665,000","16317",".230",".319",".380","73.1","32.1","9.16","Pr","18687",".722",".685","-1","","","","Fr/76","","","","","&nbsp;","Pr","Prone",".327",".314",  
"LF, 1B, CF, RF","James, Dion L  ","$3,664,000","6022",".273",".347",".357","76.2","150.6","9.79","Av","6796",".662",".716","1","","Fr/113","","","","Fr/79","Fr/79","Fr/79","Av","Fr","Normal",".330",".352",  
"LF, 1B, CF, RF","Gross, Greg L  ","$3,662,000","24128",".273",".353",".331","74.1","389.2","9.09","Av","27520",".642",".703","2","","Fr/111","","","","Fr/86","Fr/86","Fr/86","Av","Fr","Normal",".338",".360",  
"2B","Herr, Tom S  ","$3,660,000","13526",".259",".338",".328","69.1","201.9","9.58","Vg","15416",".631",".681","0","","","Fr/57","","","","","","&nbsp;","Av","Prone",".326",".343",  
"CF, 1B, 2B, SS, LF, RF","Hofman, Solly R  ","$3,658,000","8103",".244",".313",".355","66.8","55.9","11.1","Av","9063",".651",".673","-1","","Av/134","Fr/95","","Pr/118","Vg/84","Vg/84","Vg/84","Av","Vg","Prone",".313",".314",  
"C","Mirabelli, Doug R  ","$3,658,000","13882",".229",".320",".383","73.8","31.3","8.72","Pr","15928",".777",".595","-3","Av/87","","","","","","","","&nbsp;","Pr","Normal",".348",".280",  
"DH, 1B","Butler, Billy R  ","$3,656,000","11039",".280",".342",".389","76.5","59.0","11.7","Pr","12194",".729",".729","-2","","Pr/137","","","","","","","&nbsp;","Pr","Normal",".346",".338",  
"LF","Reimer, Kevin L  ","$3,652,000","14625",".259",".316",".414","76.3","34.1","14.3","Fr","16040",".643",".747","3","","","","","","Fr/305","","","Pr","Pr","Normal",".280",".322",  
"LF, 2B, 3B, CF, RF","Santangelo, F.P. S  ","$3,650,000","36780",".227",".335",".290","65.4","266.5","9.15","Av","43447",".615",".633","-1","","","Av/99","Av/112","","Vg/59","Av/59","Vg/59","Fr","Fr","Normal",".332",".338",  
"3B, 1B","Hannahan, Jack L  ","$3,646,000","4014",".228",".311",".306","58.4","148.7","9.42","Fr","4558",".621",".622","0","","Av/184","","Vg/76","","","","","&nbsp;","Pr","Normal",".310",".314",  
"1B","Brogna, Rico L  ","$3,644,000","10005",".243",".292",".376","62.9","42.4","15.3","Fr","10830",".507",".699","3","","Vg/66","","","","","","","&nbsp;","Fr","Normal",".233",".303",  
"SS, 2B, 3B","Fletcher, Scott R  ","$3,642,000","9727",".246",".314",".304","59.1","748.2","11.8","Av","10894",".632",".606","-1","","","Vg/57","Fr/124","Av/90","","","","&nbsp;","Av","Prone",".323",".307",  
"CF, 1B, SS, LF, RF","Stanley, Mickey R  ","$3,630,000","10966",".243",".294",".354","60.9","62.7","14.6","Vg","11934",".698",".604","-2","","Av/98","","","Fr/114","Vg/46","Vg/46","Vg/46","Av","Fr","Prone",".312",".278",  
"3B","Riggs, Lew L  ","$3,622,000","11871",".237",".297",".365","64.5","47.5","13.4","Av","13090",".614",".677","1","","","","Vg/103","","","","","&nbsp;","Fr","Normal",".282",".302",  
"C","Hendricks, Ellie L  ","$3,621,000","14727",".226",".302",".380","69.8","30.5","10.5","Pr","16499",".484",".707","5","Av/77","","","","","","","","&nbsp;","Pr","Prone",".236",".310",  
"2B, 3B","Green, Dick R  ","$3,618,000","16754",".239",".296",".333","57.2","75.1","14.3","Av","18463",".634",".620","0","","","Vg/77","Av/125","","","","","&nbsp;","Fr","Prone",".298",".293",  
"CF","Kreevich, Mike R  ","$3,616,000","8475",".254",".310",".346","63.4","92.1","13.8","Vg","9412",".706",".624","-1","","","","","","","Vg/65","","Av","Av","Prone",".321",".303",  
"LF","Lewis, Duffy R  ","$3,612,000","8175",".263",".309",".390","68.9","48.7","16.6","Av","8872",".723",".679","-1","","","","","","Av/95","","","Vg","Av","Normal",".315",".304",  
"3B, LF, CF, RF","Brosius, Scott R  ","$3,603,000","10613",".237",".300",".358","62.9","44.2","12.8","Av","11718",".692",".637","-1","","","","Vg/87","","Fr/101","Pr/101","Fr/101","Fr","Fr","Fragile",".311",".294",  
"LF, CF, RF","Byrnes, Eric R  ","$3,598,000","13713",".258",".320",".400","77.7","42.2","12.1","Vg","15196",".741",".662","-2","","","","","","Av/89","Fr/89","Av/89","Av","Av","Prone",".326",".303",  
"SS, 2B","Russell, Addison R  ","$3,594,000","13862",".240",".308",".337","62.4","73.7","11.7","Av","15413",".644",".646","0","","","Vg/101","","Vg/114","","","","&nbsp;","Fr","Fragile",".307",".309",  
"LF, CF, RF","Hall, Mel L  ","$3,588,000","8851",".262",".305",".399","71.7","39.7","17.1","Av","9509",".525",".733","4","","","","","","Av/94","Fr/94","Av/94","Av","Fr","Prone",".240",".315",  
"C","Salas, Mark L  ","$3,583,000","20192",".247",".298",".365","64.1","45.3","15.7","Fr","21995",".570",".676","1","Fr/112","","","","","","","","&nbsp;","Pr","Normal",".273",".302",  
"RF, 1B, LF, CF","McCreery, Tom S  ","$3,582,000","22120",".255",".327",".396","76.9","45.3","10.2","Fr","24959",".702",".743","0","","Fr/112","","","","Av/153","Fr/153","Av/153","Fr","Vg","Normal",".323",".333",  
"LF, 1B","Smith, Willie L  ","$3,582,000","14961",".258",".305",".408","72.6","37.4","15.6","Ex","16217",".478",".729","6","","Fr/72","","","","Fr/117","","","Av","Av","Normal",".232",".310",  
"1B, LF, RF","Pearce, Steve R  ","$3,580,000","5025",".261",".335",".401","80.3","38.1","10.2","Fr","5676",".773",".701","-2","","Av/108","","","","Av/101","","Fr/101","Av","Fr","Fragile",".350",".320",  
"2B, 3B, SS, LF, CF","Lowe, Bobby R  ","$3,578,000","9457",".247",".297",".347","60.3","49.5","15.3","Av","10367",".665",".628","-1","","","Vg/81","Av/83","Fr/103","Av/79","Fr/79","","Fr","Vg","Normal",".310",".290",  
"2B, 3B, SS","O'Connell, Danny R  ","$3,576,000","17020",".248",".317",".311","60.6","218.2","11.2","Av","19090",".637",".622","-1","","","Vg/83","Vg/89","Av/91","","","","&nbsp;","Fr","Normal",".320",".316",  
"1B, LF","Morris, Hal L  ","$3,575,000","8099",".281",".335",".366","72.1","135.0","13.2","Av","8885",".548",".730","4","","Av/84","","","","Fr/116","","","Fr","Fr","Fragile",".271",".347",  
"1B, LF","Sorrento, Paul L  ","$3,570,000","28523",".247",".322",".422","79.8","25.4","10.1","Pr","32044",".551",".762","3","","Fr/85","","","","Fr/199","","","Av","Pr","Normal",".267",".327",  
"3B, 1B","Gross, Wayne L  ","$3,563,000","12984",".236",".331",".388","80.9","30.5","8.22","Fr","15020",".564",".746","3","","Av/131","","Fr/126","","","","","&nbsp;","Fr","Normal",".279",".340",  
"LF","Charboneau, Joe R  ","$3,560,000","12457",".252",".326",".427","77.8","26.6","10.4","Fr","14027",".804",".686","-2","","","","","","Pr/195","","","Av","Fr","Normal",".345",".301",  
"SS, 2B","Miller, Eddie R  ","$3,559,000","10060",".220",".269",".341","51.2","44.9","17.6","Av","10932",".607",".613","0","","","Av/84","","Vg/62","","","","&nbsp;","Av","Prone",".266",".272",  
"C","McFarland, Ed R  ","$3,558,000","12465",".252",".317",".373","70.3","59.6","11.4","Av","13923",".699",".684","-1","Av/83","","","","","","","","&nbsp;","Av","Normal",".320",".316",  
"RF, CF","Wolter, Harry L  ","$3,553,000","13219",".245",".337",".375","78.4","47.6","8.27","Av","15332",".699",".719","1","","","","","","","Fr/130","Fr/130","Av","Vg","Prone",".331",".340",  
"CF, LF, RF","Lindell, Johnny R  ","$3,551,000","12482",".251",".312",".403","71.0","37.7","12.8","Av","13772",".733",".699","-2","","","","","","Av/89","Av/89","Av/89","Av","Fr","Normal",".316",".308",  
"CF, LF, RF","Haas, Mule L  ","$3,549,000","11906",".253",".311",".334","62.3","100.9","13.4","Av","13312",".619",".655","1","","","","","","Vg/51","Vg/51","Vg/51","Fr","Pr","Prone",".305",".313",  
"RF, LF","Roberts, Leon R  ","$3,549,000","18288",".253",".319",".373","70.4","53.5","12.0","Av","20329",".739",".663","-1","","","","","","Av/91","","Av/91","Vg","Fr","Normal",".332",".311",  
"SS","Guillen, Ozzie L  ","$3,540,000","17824",".251",".269",".297","44.8","1048.5","40.0","Vg","18731",".532",".585","2","","","","","Vg/88","","","","&nbsp;","Vg","Normal",".250",".279",  
"2B, SS","Green, Pumpsie S  ","$3,537,000","52748",".229",".337",".330","71.3","83.2","7.20","Vg","62032",".732",".606","-2","","","Av/111","","Fr/143","","","","&nbsp;","Fr","Normal",".358",".317",  
"RF, 1B, SS, LF","Hinchman, Bill R  ","$3,532,000","4058",".256",".331",".413","81.3","39.0","10.2","Av","4595",".736",".761","-1","","Fr/188","","","Pr/150","Av/110","","Av/110","Fr","Av","Prone",".327",".340",  
"2B, 3B, SS","Fuentes, Tito S  ","$3,530,000","22803",".259",".299",".327","57.6","165.2","19.5","Vg","24747",".632",".624","-1","","","Vg/115","Av/124","Fr/130","","","","&nbsp;","Fr","Normal",".301",".298",  
"SS, 1B, LF, CF","Desmond, Ian R  ","$3,529,000","17723",".249",".307",".369","66.1","47.5","13.4","Vg","19466",".731",".639","-2","","Fr/78","","","Av/139","Fr/205","Fr/205","","Vg","Vg","Normal",".329",".292",  
"2B, 3B","Ward, Aaron R  ","$3,528,000","9156",".225",".286",".326","54.0","56.9","13.5","Av","10190",".644",".591","-1","","","Av/79","Vg/61","","","","","&nbsp;","Fr","Normal",".302",".276",  
"1B","Virtue, Jake S  ","$3,527,000","7842",".245",".334",".349","71.4","88.1","8.40","Av","9018",".678",".686","0","","Av/98","","","","","","","&nbsp;","Av","Normal",".330",".336",  
"C, 1B","Schreckengost, Ossee R  ","$3,523,000","12365",".252",".292",".350","58.5","68.3","18.7","Av","13233",".671",".622","-1","Ex/81","Fr/120","","","","","","","&nbsp;","Av","Normal",".302",".285",  
"CF, LF, RF","Cotto, Henry R  ","$3,520,000","7807",".248",".285",".330","56.3","81.3","21.2","Vg","8333",".608",".619","-1","","","","","","Vg/57","Vg/57","Vg/57","Av","Ex","Normal",".287",".284",  
"LF, 1B, RF","Rodriguez, Henry L  ","$3,520,000","33284",".236",".297",".415","72.5","24.4","12.5","Pr","36597",".594",".731","2","","Fr/105","","","","Fr/101","","Fr/101","Av","Fr","Prone",".257",".303",  
"CF, RF","Lagares, Juan R  ","$3,517,000","4101",".257",".301",".332","57.7","195.3","17.5","Vg","4407",".660",".598","-1","","","","","","","Vg/92","Vg/92","Vg","Av","Prone",".315",".290",  
"2B, SS","Matsui, Kazuo S  ","$3,513,000","9152",".247",".300",".315","59.7","228.8","14.4","Vg","10092",".593",".626","0","","","Vg/89","","Av/163","","","","&nbsp;","Vg","Fragile",".291",".304",  
"C","Pratt, Todd R  ","$3,511,000","10254",".249",".339",".375","77.3","45.4","8.69","Pr","11798",".791",".621","-3","Av/76","","","","","","","","&nbsp;","Pr","Normal",".364",".309",  
"C","Zunino, Mike R  ","$3,510,000","4171",".219",".289",".384","64.3","27.1","12.3","Fr","4631",".662",".665","-1","Av/75","","","","","","","","&nbsp;","Pr","Prone",".286",".288",  
"RF","Demmitt, Ray L  ","$3,509,000","2163",".258",".329",".401","77.3","49.2","11.0","Av","2435",".741",".729","1","","","","","","","","Fr/151","Av","Av","Normal",".323",".329",  
"2B","Barney, Darwin R  ","$3,506,000","17114",".244",".294",".306","51.2","234.4","15.9","Vg","18659",".623",".585","-1","","","Vg/72","","","","","","&nbsp;","Fr","Normal",".302",".290",  
"3B, 2B, SS","Cox, Billy R  ","$3,505,000","9475",".252",".298",".347","60.0","89.4","16.5","Av","10301",".665",".635","1","","","Av/103","Vg/71","Av/115","","","","&nbsp;","Fr","Normal",".309",".292",  
"2B, 1B, 3B, LF","Dietrich, Derek L  ","$3,496,000","1576",".220",".294",".346","61.7","40.4","15.1","Av","1763",".529",".717","2","","Av/175","Fr/103","Pr/121","","Pr/85","","","Pr","Pr","Prone",".246",".326",  
"RF, LF, CF","Swanson, Evar R  ","$3,495,000","13566",".269",".345",".350","75.5","105.2","9.99","Ex","15527",".719",".646","-4","","","","","","Av/96","Av/96","Av/96","Fr","Vg","Prone",".354",".326",  
"C, 1B, 3B","Leyritz, Jim R  ","$3,484,000","11438",".245",".335",".373","75.5","38.8","9.65","Pr","13155",".712",".706","-1","Fr/53","Fr/118","","Fr/172","","","","","&nbsp;","Pr","Normal",".337",".334",  
"1B, 3B, LF","Esasky, Nick R  ","$3,482,000","14560",".233",".311",".408","75.4","26.1","10.1","Fr","16392",".769",".677","-1","","Av/80","","Fr/136","","Fr/70","","","Fr","Fr","Prone",".326",".298",  
"CF, LF, RF","Leibold, Nemo L  ","$3,482,000","20868",".244",".332",".342","69.6","58.0","8.66","Av","24012",".533",".700","2","","","","","","Av/98","Av/98","Av/98","Ex","Av","Normal",".292",".339",  
"1B","O'Brien, Pete L  ","$3,477,000","10806",".252",".321",".381","73.0","41.7","10.8","Pr","12061",".614",".723","2","","Vg/76","","","","","","","&nbsp;","Fr","Normal",".289",".328",  
"SS, 2B, 3B","Lanier, Hal R  ","$3,474,000","25024",".216",".248",".253","28.7","1390.2","25.2","Av","26527",".539",".477","-1","","","Ex/69","Av/101","Ex/81","","","","&nbsp;","Pr","Normal",".265",".238",  
"3B, 2B","Randa, Joe R  ","$3,470,000","11720",".264",".318",".357","66.9","106.5","14.2","Fr","12863",".657",".684","0","","","Fr/51","Av/76","","","","","&nbsp;","Fr","Prone",".315",".319",  
"CF, LF, RF","Bell, Gus L  ","$3,468,000","8043",".243",".291",".356","60.5","51.2","16.3","Av","8729",".572",".694","3","","","","","","Av/68","Av/68","Av/68","Vg","Fr","Normal",".262",".309",  
"2B","Stringer, Lou R  ","$3,468,000","15909",".242",".308",".367","66.8","43.2","11.7","Vg","17751",".602",".707","2","","","Vg/126","","","","","","&nbsp;","Pr","Prone",".285",".318",  
"SP, 3B, LF, RF","Callahan, Nixey R  ","$3,467,000","4538",".262",".306",".361","66.2","63.9","16.2","Fr","4915",".695",".640","-1","","","","Fr/136","","Av/122","","Av/122","Fr","Vg","Normal",".315",".296",  
"LF","Moore, Jo-Jo L  ","$3,462,000","15759",".282",".334",".371","76.1","129.2","14.6","Av","17306",".645",".719","1","","","","","","Fr/99","","","Av","Fr","Normal",".311",".340",  
"1B","Brock, Greg L  ","$3,457,000","8008",".251",".329",".399","79.4","34.1","9.62","Fr","9054",".602",".746","2","","Av/79","","","","","","","&nbsp;","Fr","Prone",".283",".336",  
"RF, LF","Dellucci, Dave L  ","$3,454,000","19187",".246",".330",".383","76.8","40.5","9.29","Av","21876",".458",".737","5","","","","","","Av/78","","Av/78","Fr","Fr","Prone",".238",".339",  
"2B, 3B","Ryan, Connie R  ","$3,454,000","3364",".225",".306",".312","57.5","96.1","9.71","Vg","3807",".615",".620","-1","","","Av/110","Av/79","","","","","&nbsp;","Fr","Normal",".305",".307",  
"LF, 1B, CF, RF","Francona, Tito L  ","$3,453,000","8493",".268",".334",".384","77.2","58.2","11.2","Av","9493",".557",".741","2","","Av/113","","","","Fr/75","Pr/75","Fr/75","Fr","Fr","Normal",".270",".343",  
"SS, 2B, 3B","Benjamin, Mike R  ","$3,452,000","13696",".217",".256",".290","39.7","195.7","23.1","Av","14747",".574",".533","-2","","","Ex/25","Ex/77","Ex/61","","","","&nbsp;","Av","Prone",".267",".250",  
"3B, 2B, SS, RF","DeRosa, Mark R  ","$3,451,000","16592",".258",".335",".370","73.8","57.6","10.1","Av","18782",".767",".616","-2","","","Av/108","Av/107","Fr/92","","","Fr/32","Av","Fr","Fragile",".358",".302",  
"RF, LF","Lahoud, Joe L  ","$3,447,000","9839",".222",".322",".386","77.1","27.6","7.82","Fr","11447",".663",".714","3","","","","","","Fr/110","","Fr/110","Fr","Fr","Normal",".296",".326",  
"C","Castillo, Welington R  ","$3,443,000","13208",".256",".316",".385","69.6","36.7","13.3","Pr","14533",".760",".650","-2","Av/133","","","","","","","","&nbsp;","Pr","Prone",".338",".297",  
"1B","Alonso, Yonder L  ","$3,442,000","11505",".264",".340",".382","78.4","47.9","9.49","Fr","13012",".640",".738","2","","Av/101","","","","","","","&nbsp;","Pr","Prone",".314",".345",  
"1B","Crowe, George L  ","$3,440,000","9984",".251",".316",".412","77.5","27.7","11.7","Pr","11058",".601",".752","3","","Fr/107","","","","","","","&nbsp;","Pr","Normal",".269",".325",  
"2B, 3B, SS","Grebeck, Craig R  ","$3,437,000","15698",".247",".317",".311","60.1","334.0","11.1","Av","17720",".622",".631","0","","","Vg/96","Vg/102","Av/96","","","","&nbsp;","Pr","Prone",".314",".319",  
"2B, 3B, SS, LF, CF","Mantilla, Felix R  ","$3,437,000","24611",".248",".317",".365","67.9","43.1","11.7","Av","27360",".723",".651","-1","","","Fr/98","Av/122","Fr/130","Fr/112","Pr/112","","Fr","Fr","Normal",".332",".305",  
"CF, LF","Green, Lenny L  ","$3,430,000","8375",".258",".335",".343","72.8","123.2","10.1","Vg","9480",".647",".690","0","","","","","","Av/77","Av/77","","Fr","Av","Normal",".326",".338",  
"SP, 1B","Mitchell, Clarence L  ","$3,428,000","1451",".225",".266",".284","38.7","85.4","19.0","Fr","1558",".485",".576","3","","Fr/111","","","","","","","&nbsp;","Fr","Normal",".240",".278",  
"2B, LF, RF","Orta, Jorge L  ","$3,423,000","9212",".261",".320",".380","71.6","50.6","12.7","Av","10167",".560",".732","3","","","Pr/114","","","Av/99","","Av/99","Fr","Fr","Normal",".272",".331",  
"C","Carrigan, Bill R  ","$3,422,000","9053",".246",".318",".344","65.0","54.2","10.8","Av","10137",".687",".643","-1","Av/87","","","","","","","","&nbsp;","Av","Normal",".325",".312",  
"2B, 3B","Kennedy, Adam L  ","$3,419,000","8497",".261",".312",".338","64.1","166.6","15.6","Av","9273",".585",".665","2","","","Vg/101","Av/115","","","","","&nbsp;","Av","Prone",".284",".319",  
"3B, 1B","Reynolds, Mark R  ","$3,419,000","6190",".223",".309",".389","71.6","24.6","9.16","Av","7038",".700",".703","0","","Fr/114","","Fr/158","","","","","&nbsp;","Fr","Normal",".309",".313",  
"SS, 2B","Maxvill, Dal R  ","$3,418,000","19571",".206",".280",".249","39.2","391.4","10.9","Fr","21985",".540",".522","-1","","","Vg/88","","Ex/76","","","","&nbsp;","Pr","Prone",".286",".276",  
"LF, 1B, 2B, 3B, CF, RF","Whitted, Possum R  ","$3,412,000","8253",".246",".294",".354","59.8","61.6","16.1","Vg","9000",".655",".642","-1","","Fr/136","Av/121","Av/93","","Vg/70","Av/70","Vg/70","Fr","Vg","Normal",".297",".290",  
"RF, LF, CF","Washington, Claudell L  ","$3,411,000","6483",".256",".307",".377","65.9","52.7","15.3","Vg","7022",".567",".704","2","","","","","","Av/143","Fr/143","Av/143","Av","Vg","Prone",".266",".314",  
"1B","Hoblitzel, Dick L  ","$3,408,000","10553",".267",".321",".387","73.0","55.3","13.9","Av","11593",".627",".726","1","","Av/98","","","","","","","&nbsp;","Vg","Normal",".298",".326",  
"1B","Merkle, Fred R  ","$3,407,000","10761",".268",".319",".397","74.6","48.5","14.8","Vg","11800",".734",".705","-1","","Av/115","","","","","","","&nbsp;","Vg","Normal",".327",".314",  
"LF, RF","Falk, Bibb L  ","$3,403,000","13054",".265",".315",".389","72.0","47.8","14.3","Av","14309",".678",".715","3","","","","","","Fr/98","","Fr/98","Av","Fr","Normal",".298",".322",  
"SS, 2B","Wagner, Heinie R  ","$3,399,000","21751",".238",".305",".347","62.4","58.3","11.7","Av","24274",".679",".633","-1","","","Av/142","","Av/99","","","","&nbsp;","Vg","Normal",".316",".297",  
"SP, CF, RF","Whitney, Jim L  ","$3,398,000","1862",".245",".319",".357","68.4","64.2","10.4","Pr","2094",".550",".711","1","","","","","","","Pr/126","Fr/126","Fr","Fr","Normal",".281",".329",  
"C","Ellis, A.J. R  ","$3,397,000","5110",".234",".327",".317","62.0","98.3","8.63","Pr","5917",".673",".618","-1","Av/42","","","","","","","","&nbsp;","Pr","Prone",".333",".321",  
"RF, LF","Bichette, Dante R  ","$3,392,000","32166",".260",".299",".396","67.1","41.5","19.1","Fr","34390",".751",".659","-1","","","","","","Av/137","","Av/137","Av","Av","Normal",".318",".287",  
"1B","Jacobs, Mike L  ","$3,391,000","21124",".243",".303",".423","73.9","23.3","12.6","Pr","23201",".492",".752","3","","Fr/148","","","","","","","&nbsp;","Pr","Normal",".226",".311",  
"DH, 1B, LF, RF","Crowley, Terry L  ","$3,389,000","8720",".245",".336",".369","74.7","38.2","8.38","Fr","10036",".480",".733","5","","Fr/123","","","","Fr/114","","Fr/114","Fr","Pr","Normal",".252",".346",  
"2B, SS","Seay, Dick R  ","$3,382,000","22988",".228",".278",".276","42.0","294.7","16.5","Av","25204",".590",".528","-1","","","Ex/74","","Vg/125","","","","&nbsp;","Fr","Normal",".288",".270",  
"3B, 1B, LF, RF","Hinske, Eric L  ","$3,381,000","13902",".238",".317",".374","70.5","43.6","9.66","Av","15669",".614",".712","2","","Av/131","","Fr/98","","Fr/49","","Fr/49","Av","Fr","Normal",".292",".324",  
"RF, 1B, LF, CF","Dwyer, Jim L  ","$3,380,000","8825",".256",".339",".385","80.5","43.0","9.11","Av","10069",".653",".739","2","","Fr/187","","","","Fr/108","Fr/108","Fr/108","Fr","Fr","Normal",".317",".344",  
"SS, 2B","Kessinger, Don S  ","$3,380,000","17353",".237",".296",".287","51.4","1156.9","13.2","Vg","19328",".559",".598","1","","","Av/143","","Vg/90","","","","&nbsp;","Fr","Normal",".285",".303",  
"RF, CF","Pilarcik, Al L  ","$3,378,000","10714",".257",".328",".344","70.1","82.4","11.0","Vg","12065",".600",".682","2","","","","","","","Av/69","Av/69","Av","Av","Normal",".300",".332",  
"3B, RF","Chisenhall, Lonnie L  ","$3,375,000","2844",".259",".312",".375","69.5","76.9","14.0","Av","3102",".637",".730","1","","","","Av/131","","","","Vg/81","Fr","Fr","Prone",".295",".325",  
"2B","Reynolds, Harold S  ","$3,373,000","30354",".242",".310",".298","57.2","843.2","11.5","Vg","34171",".614",".607","0","","","Vg/113","","","","","","&nbsp;","Ex","Normal",".316",".308",  
"CF, LF, RF","Dyson, Jarrod L  ","$3,370,000","5680",".249",".313",".298","62.8","1420.0","12.0","Ex","6326",".602",".617","1","","","","","","Vg/116","Vg/116","Vg/116","Av","Ex","Prone",".308",".316",  
"3B, 1B","Feliz, Pedro R  ","$3,370,000","12745",".239",".276",".361","55.4","41.8","20.3","Fr","13568",".676",".612","-1","","Av/154","","Vg/80","","","","","&nbsp;","Pr","Normal",".293",".265",  
"C","Rodriguez, Ellie R  ","$3,369,000","14482",".246",".340",".313","66.5","160.9","9.26","Fr","16808",".688",".631","-1","Av/77","","","","","","","","&nbsp;","Fr","Prone",".353",".332",  
"SS, 2B","Galvis, Freddy S  ","$3,366,000","2911",".234",".281",".308","49.3","132.3","16.3","Av","3161",".555",".609","0","","","Vg/44","","Av/60","","","","&nbsp;","Fr","Prone",".271",".287",  
"3B, 1B, 2B","King, Jeff R  ","$3,365,000","6492",".231",".296",".365","63.3","38.2","11.9","Av","7185",".681",".649","-1","","Vg/60","Fr/102","Av/89","","","","","&nbsp;","Av","Prone",".299",".294",  
"RF, 1B, LF, CF","Johnstone, Jay L  ","$3,361,000","16486",".260",".318",".387","73.7","49.1","13.0","Av","18169",".550",".724","3","","Fr/227","","","","Av/104","Fr/104","Av/104","Av","Fr","Normal",".266",".324",  
"C","Dempsey, Rick R  ","$3,359,000","12475",".226",".311",".322","60.0","75.6","9.22","Fr","14268",".672",".609","-1","Vg/87","","","","","","","","&nbsp;","Pr","Normal",".331",".299",  
"3B, 1B, 2B","Howe, Art R  ","$3,357,000","10342",".251",".312",".370","67.5","60.5","12.4","Fr","11425",".697",".671","-1","","Av/148","Av/72","Av/67","","","","","&nbsp;","Pr","Prone",".316",".308",  
"C","Kennedy, Terry L  ","$3,356,000","14497",".255",".303",".365","63.2","58.0","15.9","Pr","15694",".597",".680","1","Av/101","","","","","","","","&nbsp;","Pr","Normal",".275",".307",  
"C","Virgil, Ozzie R  ","$3,355,000","9955",".224",".300",".377","63.5","26.3","11.0","Fr","11165",".643",".692","0","Vg/91","","","","","","","","&nbsp;","Pr","Normal",".295",".302",  
"2B, 3B","Flannery, Tim L  ","$3,350,000","16446",".247",".322",".304","60.9","335.6","10.9","Av","18634",".484",".651","5","","","Av/91","Av/88","","","","","&nbsp;","Fr","Prone",".260",".333",  
"LF","Henderson, Steve R  ","$3,346,000","13580",".268",".337",".379","73.9","67.9","10.7","Vg","15155",".755",".694","-1","","","","","","Av/159","","","Fr","Av","Normal",".350",".329",  
"RF, C, 1B, 3B, LF","Moreland, Keith R  ","$3,341,000","19319",".265",".327",".376","70.7","54.7","12.1","Pr","21383",".758",".626","-2","Fr/132","Av/116","","Fr/157","","Fr/102","","Fr/102","Av","Fr","Normal",".345",".300",  
"1B","Hopkins, Gail L  ","$3,334,000","17887",".265",".341",".377","78.1","55.7","9.90","Fr","20229",".553",".737","5","","Av/107","","","","","","","&nbsp;","Pr","Normal",".292",".347",  
"3B, 1B, RF","Valencia, Danny R  ","$3,333,000","10463",".270",".327",".394","74.3","49.6","12.6","Fr","11539",".783",".664","-3","","Av/167","","Fr/93","","","","Fr/42","Fr","Pr","Normal",".351",".303",  
"3B","Palmer, Dean R  ","$3,330,000","24126",".230",".300",".412","73.0","22.4","11.4","Av","26876",".763",".683","-2","","","","Fr/132","","","","","&nbsp;","Fr","Prone",".316",".290",  
"RF, LF","Kelly, Pat H L  ","$3,328,000","7909",".256",".338",".367","76.3","67.0","9.30","Vg","8990",".583",".718","2","","","","","","Fr/112","","Fr/112","Av","Vg","Prone",".308",".341",  
"3B, SS","Brain, Dave R  ","$3,323,000","11079",".244",".288",".382","63.7","44.9","16.9","Vg","11976",".671",".667","-1","","","","Vg/115","Fr/104","","","","&nbsp;","Vg","Prone",".294",".284",  
"LF","Reimold, Nolan R  ","$3,321,000","3677",".238",".320",".367","70.7","42.3","9.51","Av","4176",".629",".711","1","","","","","","Fr/178","","","Fr","Fr","Prone",".299",".329",  
"RF, 1B, LF, CF","Eisenreich, Jim L  ","$3,320,000","10671",".271",".325",".361","70.2","138.6","13.4","Av","11663",".616",".703","2","","Fr/165","","","","Av/62","Fr/62","Av/62","Fr","Av","Prone",".300",".331",  
"LF, CF, RF","Johnson, Reed R  ","$3,319,000","3541",".254",".311",".330","60.2","168.6","19.4","Av","3887",".675",".639","-2","","","","","","Vg/73","Av/73","Vg/73","Av","Fr","Prone",".322",".312",  
"C","Garagiola, Joe L  ","$3,310,000","6366",".231",".322",".347","68.3","53.0","8.78","Fr","7308",".591",".687","1","Av/82","","","","","","","","&nbsp;","Pr","Prone",".289",".329",  
"C","Saltalamacchia, Jarrod S  ","$3,310,000","26748",".231",".307",".375","69.0","33.5","10.0","Fr","30024",".613",".697","3","Fr/144","","","","","","","","&nbsp;","Pr","Prone",".278",".314",  
"3B","Dillinger, Bob R  ","$3,305,000","19360",".276",".320",".352","65.2","172.9","17.5","Vg","20886",".706",".651","-1","","","","Av/119","","","","","&nbsp;","Vg","Normal",".332",".313",  
"3B, 1B, 2B","Cubbage, Mike L  ","$3,301,000","25741",".248",".321",".356","69.9","63.9","10.5","Fr","29006",".509",".704","4","","Av/88","Fr/158","Av/104","","","","","&nbsp;","Fr","Normal",".264",".330",  
"RF, LF, CF","Davis, Mike L  ","$3,297,000","9024",".257",".305",".398","71.0","40.1","15.8","Vg","9789",".698",".705","0","","","","","","Av/170","Av/170","Av/170","Vg","Vg","Prone",".296",".308",  
"CF","Cole, Alex L  ","$3,294,000","16500",".266",".344",".327","70.6","257.8","9.61","Ex","18661",".623",".687","1","","","","","","","Av/159","","Fr","Ex","Prone",".333",".348",  
"C","Hargrave, Pinky S  ","$3,292,000","18957",".237",".302",".369","65.0","38.1","12.1","Pr","20981",".707",".654","-1","Av/111","","","","","","","","&nbsp;","Fr","Normal",".314",".295",  
"CF, LF, RF","Sanders, Deion L  ","$3,291,000","8805",".246",".303",".345","64.3","106.1","13.9","Vg","9661",".502",".678","2","","","","","","Vg/95","Av/95","Vg/95","Fr","Ex","Prone",".247",".315",  
"LF, CF, RF","Smith, Dwight L  ","$3,290,000","3059",".271",".327",".393","76.1","55.6","13.1","Av","3350",".689",".724","2","","","","","","Av/189","Fr/189","Av/189","Av","Vg","Normal",".333",".325",  
"C","Slaught, Don R  ","$3,289,000","10488",".262",".318",".367","68.2","72.8","14.1","Fr","11565",".705",".670","-1","Fr/111","","","","","","","","&nbsp;","Pr","Fragile",".327",".312",  
"LF, CF, RF","Polonia, Luis L  ","$3,286,000","6641",".278",".329",".348","66.8","390.6","14.2","Vg","7249",".586",".694","3","","","","","","Av/95","Fr/95","Av/95","Fr","Ex","Normal",".291",".336",  
"RF, 1B, LF","Bush, Randy L  ","$3,285,000","22600",".246",".329",".398","79.0","35.2","9.81","Av","25743",".466",".751","6","","Fr/138","","","","Fr/84","","Fr/84","Fr","Fr","Normal",".240",".337",  
"RF, LF","Moore, Gene L  ","$3,285,000","6364",".252",".310",".381","70.2","50.1","12.9","Vg","6998",".605",".713","1","","","","","","Av/102","","Av/102","Vg","Fr","Normal",".286",".317",  
"3B, 1B","Hansen, Dave L  ","$3,284,000","15503",".256",".347",".353","75.8","73.5","8.13","Pr","17868",".551",".724","3","","Av/127","","Fr/104","","","","","&nbsp;","Pr","Prone",".302",".355",  
"RF, LF","Summers, Champ L  ","$3,284,000","5995",".232",".326",".358","70.5","37.0","8.74","Fr","6919",".554",".713","3","","","","","","Pr/199","","Pr/199","Av","Fr","Normal",".288",".335",  
"LF, RF","Mench, Kevin R  ","$3,278,000","14483",".263",".329",".412","82.6","35.8","11.3","Av","16173",".793",".623","-3","","","","","","Fr/70","","Fr/70","Av","Fr","Normal",".348",".284",  
"RF, LF, CF","Hammonds, Jeffrey R  ","$3,272,000","7075",".248",".317",".361","67.7","60.5","11.3","Vg","7896",".689",".664","-1","","","","","","Av/87","Av/87","Av/87","Av","Av","Fragile",".324",".308",  
"1B","Bouchee, Ed L  ","$3,269,000","6174",".244",".346",".370","79.3","54.2","7.78","Av","7224",".627",".731","1","","Av/117","","","","","","","&nbsp;","Pr","Normal",".318",".351",  
"1B, C","Hatteberg, Scott L  ","$3,265,000","14361",".248",".334",".345","70.4","74.0","8.89","Pr","16427",".596",".700","2","Av/124","Av/102","","","","","","","&nbsp;","Pr","Prone",".297",".343",  
"1B","Larker, Norm L  ","$3,265,000","7987",".262",".336",".374","75.7","58.3","10.5","Fr","9031",".593",".726","3","","Av/84","","","","","","","&nbsp;","Pr","Normal",".297",".341",  
"RF, LF","King, Jim L  ","$3,263,000","6024",".233",".313",".382","72.1","31.9","10.1","Av","6797",".609",".722","1","","","","","","Av/79","","Av/79","Vg","Fr","Prone",".292",".319",  
"CF, LF, RF","Kelly, Roberto R  ","$3,260,000","5245",".259",".307",".371","65.5","54.6","16.2","Av","5676",".710",".637","-2","","","","","","Av/81","Fr/81","Av/81","Fr","Vg","Fragile",".318",".293",  
"1B, LF","Jackson, Conor R  ","$3,254,000","10034",".267",".344",".372","77.7","67.8","9.61","Av","11367",".739",".650","-1","","Fr/148","","","","Av/111","","","Av","Fr","Normal",".351",".323",  
"1B, 2B, 3B, LF, RF","Spiezio, Scott S  ","$3,248,000","17676",".241",".309",".364","67.8","51.4","11.3","Av","19748",".625",".692","1","","Av/59","Av/81","Av/116","","Fr/127","","Fr/127","Av","Fr","Prone",".294",".315",  
"1B, LF, CF, RF","Pepitone, Joe L  ","$3,242,000","12309",".247",".283",".386","62.4","32.9","20.7","Av","13126",".621",".685","2","","Av/80","","","","Av/110","Fr/110","Av/110","Fr","Fr","Prone",".264",".290",  
"CF, RF","Bourn, Michael L  ","$3,241,000","25384",".256",".319",".304","61.4","818.8","12.1","Vg","28246",".594",".631","1","","","","","","","Av/71","Av/71","Av","Vg","Normal",".307",".322",  
"LF, CF","Gladden, Dan R  ","$3,241,000","8737",".249",".307",".342","62.0","88.3","13.9","Vg","9600",".658",".636","-1","","","","","","Vg/84","Av/84","","Av","Vg","Prone",".310",".303",  
"RF, LF","Schulte, Frank L  ","$3,241,000","994",".226",".282",".358","56.3","52.3","14.3","Vg","1100",".520",".661","1","","","","","","Fr/80","","Fr/80","Av","Vg","Normal",".231",".291",  
"2B","Walker, Todd L  ","$3,240,000","16351",".261",".320",".362","69.2","79.8","12.4","Av","17952",".588",".718","2","","","Fr/101","","","","","","&nbsp;","Fr","Normal",".290",".331",  
"C","Lampkin, Tom L  ","$3,237,000","17968",".230",".308",".346","64.1","46.8","11.0","Fr","20251",".440",".678","5","Av/115","","","","","","","","&nbsp;","Fr","Prone",".234",".316",  
"LF, 1B","May, Carlos L  ","$3,236,000","7907",".253",".328",".361","71.1","53.8","10.3","Av","8908",".629",".705","2","","Av/159","","","","Fr/80","","","Av","Av","Normal",".310",".332",  
"C","Chirinos, Robinson R  ","$3,234,000","0","0","0","0","0","0","0","Pr","0","0","0","-2","Av/88","","","","","","","","&nbsp;","Pr","Prone","0","0",  
"LF, RF","Nava, Daniel S  ","$3,231,000","5781",".251",".343",".322","70.2","131.4","9.54","Av","6677",".574",".692","3","","","","","","Av/83","","Av/83","Av","Pr","Prone",".305",".355",  
"CF","Welch, Curt R  ","$3,231,000","10779",".228",".302",".303","55.0","154.0","14.0","Vg","12076",".650",".577","-1","","","","","","","Vg/65","","Vg","Ex","Normal",".321",".290",  
"RF, LF","Robertson, Dave L  ","$3,228,000","6403",".274",".310",".416","73.3","37.7","21.3","Av","6865",".645",".747","1","","","","","","Fr/122","","Fr/122","Av","Vg","Normal",".291",".315",  
"SS, 2B, 3B","Toporcer, Specs L  ","$3,228,000","6948",".237",".311",".326","61.4","96.5","11.2","Fr","7912",".630",".638","1","","","Fr/128","Fr/58","Fr/96","","","","&nbsp;","Fr","Normal",".310",".311",  
"CF, LF, RF","Walton, Jerome R  ","$3,224,000","8760",".259",".335",".343","70.2","97.3","10.5","Fr","9874",".710",".638","-1","","","","","","Vg/89","Av/89","Vg/89","Av","Vg","Fragile",".345",".323",  
"CF, LF, RF","Crutchfield, Jimmy L  ","$3,223,000","9001",".249",".308",".326","59.7","113.9","12.8","Vg","10017",".564",".651","1","","","","","","Vg/77","Vg/77","Vg/77","Av","Vg","Normal",".282",".314",  
"1B","Start, Joe L  ","$3,222,000","5723",".267",".322",".332","63.3","114.5","13.9","Av","6294",".603",".669","1","","Av/79","","","","","","","&nbsp;","Pr","Normal",".293",".332",  
"SS, 2B","Burleson, Rick R  ","$3,221,000","17052",".238",".294",".298","51.3","270.7","14.1","Vg","18907",".595",".593","0","","","Vg/108","","Vg/81","","","","&nbsp;","Fr","Prone",".299",".294",  
"C","Lau, Charlie L  ","$3,220,000","11367",".262",".320",".357","67.5","133.7","12.9","Fr","12507",".476",".708","5","Fr/107","","","","","","","","&nbsp;","Pr","Prone",".240",".332",  
"1B, LF","Sisler, Dick L  ","$3,218,000","5687",".250",".304",".363","66.2","57.4","14.2","Av","6273",".584",".694","3","","Av/156","","","","Av/111","","","Fr","Pr","Normal",".279",".312",  
"2B, 3B, SS","Scott, Rodney S  ","$3,217,000","12670",".227",".317",".278","58.6","207.7","8.86","Vg","14695",".657",".543","-2","","","Vg/105","Av/143","Fr/152","","","","&nbsp;","Ex","Normal",".339",".299",  
"2B, 1B, 3B","Taylor, Tony R  ","$3,217,000","4477",".239",".303",".306","55.8","194.7","13.1","Ex","4981",".559",".633","0","","Fr/98","Av/86","Av/59","","","","","&nbsp;","Av","Normal",".286",".311",  
"RF, LF, CF","Heathcote, Cliff L  ","$3,210,000","5996",".247",".310",".347","62.4","67.4","12.5","Vg","6679",".630",".675","0","","","","","","Vg/82","Av/82","Vg/82","Av","Vg","Normal",".305",".316",  
"RF, LF, CF","Tobin, Jack L  ","$3,208,000","2883",".276",".326",".373","72.9","65.5","14.7","Vg","3164",".670",".710","1","","","","","","Fr/117","Pr/117","Fr/117","Av","Av","Normal",".312",".331",  
"CF","Baldelli, Rocco R  ","$3,205,000","8621",".276",".323",".407","78.5","42.7","17.2","Vg","9363",".779",".671","-2","","","","","","","Av/127","","Av","Av","Fragile",".341",".302",  
"LF, 3B","Hodgin, Ralph L  ","$3,203,000","4583",".262",".299",".352","59.2","147.8","25.1","Av","4925",".618",".662","1","","","","Av/121","","Vg/61","","","Fr","Pr","Normal",".292",".301",  
"CF, LF, RF","Lewis, Darren R  ","$3,195,000","19551",".224",".296",".263","47.6","698.2","11.3","Av","21998",".549",".567","0","","","","","","Vg/33","Vg/33","Vg/33","Av","Ex","Normal",".291",".300",  
"C","Ferrell, Rick R  ","$3,194,000","7791",".237",".319",".307","59.8","114.6","9.45","Fr","8907",".628",".625","0","Av/82","","","","","","","","&nbsp;","Pr","Prone",".318",".319",  
"1B","Bream, Sid L  ","$3,192,000","8777",".244",".314",".378","69.8","44.1","10.6","Fr","9838",".546",".717","2","","Vg/103","","","","","","","&nbsp;","Av","Prone",".274",".321",  
"1B","Lee, Travis L  ","$3,189,000","9427",".252",".328",".360","70.8","57.1","9.70","Av","10637",".649",".701","1","","Av/46","","","","","","","&nbsp;","Fr","Fragile",".307",".335",  
"SS","Mercer, Jordy R  ","$3,189,000","7296",".253",".303",".346","61.2","89.0","15.4","Av","7928",".699",".621","-3","","","","","Av/76","","","","&nbsp;","Pr","Prone",".326",".290",  
"SS","Wilson, Jack R  ","$3,189,000","11071",".256",".296",".327","57.1","187.6","19.1","Vg","11969",".673",".595","-1","","","","","Vg/83","","","","&nbsp;","Fr","Fragile",".311",".288",  
"1B, LF, CF, RF","Lockman, Whitey L  ","$3,183,000","8469",".274",".324",".342","68.6","188.2","14.6","Av","9273",".660",".668","1","","Av/112","","","","Vg/107","Av/107","Vg/107","Fr","Fr","Normal",".325",".323",  
"CF","Bosetti, Rick R  ","$3,182,000","7171",".224",".269",".291","43.1","143.4","18.3","Ex","7746",".500",".595","1","","","","","","","Ex/88","","Av","Vg","Normal",".247",".282",  
"2B, LF","Hudler, Rex R  ","$3,179,000","14837",".249",".284",".381","62.1","42.9","23.6","Vg","15753",".689",".651","-1","","","Vg/133","","","Av/120","","","Vg","Ex","Prone",".291",".280",  
"2B","Cruz, Julio S  ","$3,176,000","12562",".229",".311",".267","57.3","1395.8","9.47","Vg","14276",".593",".570","-1","","","Vg/89","","","","","","&nbsp;","Ex","Prone",".323",".305",  
"1B","Sheely, Earl R  ","$3,169,000","7968",".259",".333",".360","71.8","57.7","10.5","Fr","9032",".711",".680","0","","Fr/85","","","","","","","&nbsp;","Fr","Normal",".341",".328",  
"SS, 2B, 3B","Bridwell, Al L  ","$3,165,000","10280",".237",".322",".304","59.3","81.6","9.16","Av","11693",".593",".640","1","","","Av/118","Av/106","Av/87","","","","&nbsp;","Av","Prone",".312",".326",  
"CF, LF, RF","Neis, Bernie S  ","$3,164,000","1248",".235",".322",".346","66.2","41.6","8.77","Ex","1429",".720",".639","-1","","","","","","Av/144","Av/144","Av/144","Av","Av","Normal",".332",".316",  
"CF, LF","McDowell, Oddibe L  ","$3,162,000","6421",".240",".312",".352","68.3","58.9","10.5","Vg","7237",".561",".691","2","","","","","","Av/66","Av/66","","Av","Ex","Normal",".274",".322",  
"3B, RF","Parrish, Larry R  ","$3,161,000","18380",".242",".298",".402","67.7","28.5","14.3","Av","20068",".722",".684","-1","","","","Fr/116","","","","Pr/159","Av","Fr","Prone",".306",".292",  
"RF, LF, CF","Tucker, Michael L  ","$3,160,000","8254",".238",".313",".359","68.7","50.3","10.4","Av","9269",".580",".684","2","","","","","","Av/84","Av/84","Av/84","Av","Av","Normal",".284",".317",  
"1B","Broussard, Ben L  ","$3,159,000","10354",".257",".313",".417","77.9","30.2","13.7","Av","11374",".604",".758","2","","Av/132","","","","","","","&nbsp;","Fr","Normal",".274",".322",  
"RF, LF, CF","Herzog, Whitey L  ","$3,153,000","23309",".250",".341",".341","74.5","100.9","8.27","Av","26852",".544",".695","4","","","","","","Av/89","Fr/89","Av/89","Fr","Fr","Prone",".294",".346",  
"3B, SP","Yeager, Joe R  ","$3,153,000","8113",".253",".315",".377","69.8","58.0","15.3","Av","9021",".714",".676","-1","","","","Av/90","","","","","&nbsp;","Av","Normal",".319",".312",  
"CF, LF, RF","Curtis, Chad R  ","$3,148,000","14337",".249",".329",".348","69.6","65.5","9.46","Vg","16287",".712",".579","-2","","","","","","Av/111","Av/111","Av/111","Av","Vg","Normal",".340",".299",  
"RF, LF","Ochoa, Alex R  ","$3,143,000","8710",".257",".317",".351","66.1","97.9","12.6","Av","9588",".704",".637","-1","","","","","","Vg/106","","Vg/106","Vg","Av","Normal",".327",".307",  
"RF, LF, CF","Swoboda, Ron R  ","$3,142,000","7307",".242",".321",".366","67.7","46.0","9.86","Av","8250",".702",".661","-1","","","","","","Av/119","Fr/119","Av/119","Vg","Fr","Prone",".328",".310",  
"C","Cervelli, Francisco R  ","$3,141,000","6802",".249",".336",".317","65.0","147.9","9.56","Av","7789",".684",".636","-1","Av/133","","","","","","","","&nbsp;","Pr","Fragile",".347",".331",  
"SS","Uribe, Jose S  ","$3,139,000","14691",".240",".282",".302","49.6","272.1","18.3","Vg","15862",".625",".569","-1","","","","","Vg/90","","","","&nbsp;","Av","Prone",".297",".276",  
"C","Nokes, Matt L  ","$3,138,000","17836",".240",".289",".394","65.1","27.2","16.4","Pr","19302",".597",".699","1","Fr/95","","","","","","","","&nbsp;","Pr","Prone",".262",".293",  
"1B","Garko, Ryan R  ","$3,135,000","13740",".262",".337",".387","78.6","42.4","12.7","Pr","15496",".774",".675","-2","","Fr/101","","","","","","","&nbsp;","Pr","Normal",".356",".318",  
"CF, RF","Powell, Ray L  ","$3,134,000","11088",".241",".321",".376","72.3","42.6","9.59","Av","12586",".670",".704","2","","","","","","","Av/113","Av/113","Av","Av","Normal",".319",".322",  
"CF, LF, RF","Webster, Mitch S  ","$3,133,000","7623",".239",".305",".349","64.9","76.2","12.0","Av","8509",".685",".637","-1","","","","","","Vg/106","Av/106","Vg/106","Av","Vg","Normal",".316",".299",  
"RF, LF","Gross, Gabe L  ","$3,129,000","16494",".240",".327",".361","74.3","50.1","8.64","Vg","18861",".491",".707","4","","","","","","Av/90","","Av/90","Av","Fr","Normal",".263",".333",  
"SP, 1B","Bentley, Jack L  ","$3,127,000","3231",".258",".293",".349","58.8","82.8","21.2","Av","3450",".600",".655","3","","Pr/96","","","","","","","&nbsp;","Pr","Normal",".278",".298",  
"CF, LF, RF","Henderson, Ken S  ","$3,124,000","4815",".238",".317",".351","67.2","50.7","9.85","Av","5417",".629",".681","1","","","","","","Av/102","Av/102","Av/102","Av","Av","Prone",".292",".325",  
"RF","Polanco, Gregory L  ","$3,124,000","6103",".250",".318",".391","75.8","40.4","10.9","Vg","6829",".536",".741","3","","","","","","","","Av/132","Vg","Vg","Fragile",".264",".329",  
"2B","Knabe, Otto R  ","$3,122,000","8922",".227",".304",".310","56.7","83.4","10.3","Av","10112",".605",".619","-1","","","Vg/89","","","","","","&nbsp;","Av","Normal",".299",".307",  
"CF","Martin, Leonys L  ","$3,121,000","3449",".237",".291",".305","54.4","123.2","14.8","Vg","3785",".545",".617","2","","","","","","","Vg/78","","Ex","Vg","Prone",".263",".302",  
"3B, 2B, SS","Davenport, Jim R  ","$3,115,000","10208",".249",".312",".335","62.2","104.2","12.2","Av","11330",".678",".633","-2","","","Fr/142","Av/70","Fr/96","","","","&nbsp;","Pr","Normal",".324",".307",  
"C","Alexander, Gary R  ","$3,108,000","28516",".223",".313",".401","72.7","25.2","8.77","Pr","32543",".753",".667","-1","Av/187","","","","","","","","&nbsp;","Pr","Normal",".328",".295",  
"LF, RF","Seery, Emmett L  ","$3,108,000","6689",".226",".319",".321","62.3","98.4","8.58","Vg","7735",".590",".660","1","","","","","","Av/94","","Av/94","Av","Av","Normal",".299",".327",  
"2B, 1B, 3B, SS, LF","Rodriguez, Sean R  ","$3,105,000","1404",".219",".302",".348","63.9","48.4","11.1","Vg","1608",".710",".596","-2","","Av/36","Av/80","Av/123","Av/183","Fr/32","","","Av","Av","Prone",".314",".291",  
"2B, LF","Rowell, Bama L  ","$3,105,000","5323",".259",".300",".375","66.9","61.2","19.0","Vg","5745",".572",".693","2","","","Av/153","","","Fr/220","","","Fr","Av","Normal",".263",".306",  
"3B, 2B","Solarte, Yangervis S  ","$3,101,000","8420",".261",".315",".376","69.2","51.3","13.7","Av","9213",".601",".703","1","","","Fr/84","Fr/97","","","","","&nbsp;","Pr","Prone",".287",".321",  
"SS, 3B","Owen, Spike S  ","$3,100,000","16605",".240",".311",".309","58.5","259.5","10.7","Av","18669",".667",".592","-2","","","","Av/106","Av/71","","","","&nbsp;","Av","Prone",".327",".302",  
"LF, RF","Plantier, Phil L  ","$3,098,000","11712",".230",".311",".396","73.8","25.9","9.87","Fr","13252",".545",".735","3","","","","","","Av/108","","Av/108","Fr","Fr","Prone",".262",".319",  
"RF, CF","Barrett, Johnny L  ","$3,094,000","959",".196",".290",".321","60.2","48.0","8.67","Ex","1110",".703",".540","-1","","","","","","","Fr/116","Av/116","Av","Av","Normal",".331",".258",  
"SS, 2B, 3B","Tejada, Ruben R  ","$3,092,000","12064",".256",".328",".308","62.9","446.8","11.2","Av","13602",".668",".594","-2","","","Av/117","Av/129","Av/92","","","","&nbsp;","Fr","Prone",".341",".310",  
"CF, LF, RF","White, Jerry S  ","$3,089,000","5196",".238",".326",".338","70.4","66.6","8.94","Av","5964",".617",".678","2","","","","","","Av/125","Av/125","Av/125","Av","Vg","Normal",".314",".330",  
"1B","Horton, Tony R  ","$3,084,000","17540",".264",".306",".403","69.3","44.1","18.0","Fr","18839",".710",".711","0","","Av/117","","","","","","","&nbsp;","Fr","Normal",".306",".307",  
"CF, LF, RF","Mueller, Heinie L  ","$3,084,000","5512",".251",".315",".367","69.5","58.6","12.5","Av","6150",".506",".719","4","","","","","","Vg/117","Av/117","Vg/117","Av","Av","Normal",".257",".327",  
"1B","Whitfield, Fred L  ","$3,082,000","26147",".256",".294",".423","72.2","26.6","20.9","Pr","27853",".651",".734","1","","Av/111","","","","","","","&nbsp;","Fr","Prone",".276",".299",  
"1B","Jones, Tom R  ","$3,081,000","6585",".262",".314",".363","66.7","61.0","15.2","Vg","7209",".693",".658","-1","","Vg/89","","","","","","","&nbsp;","Vg","Normal",".323",".305",  
"CF, LF, RF","Payton, Jay R  ","$3,075,000","3159",".250",".302",".337","58.8","85.4","14.7","Av","3446",".643",".636","-1","","","","","","Vg/81","Av/81","Vg/81","Vg","Fr","Prone",".309",".297",  
"LF, RF","Savage, Ted R  ","$3,075,000","61533",".238",".336",".359","74.1","48.0","7.97","Av","72004",".749",".657","-1","","","","","","Fr/130","","Fr/130","Fr","Vg","Normal",".355",".322",  
"RF, LF","McCarthy, Tommy R  ","$3,073,000","12103",".247",".309",".332","60.9","67.2","12.4","Av","13369",".653",".634","-1","","","","","","Vg/114","","Vg/114","Ex","Ex","Normal",".317",".304",  
"CF, LF, RF","May, Dave L  ","$3,071,000","6465",".245",".306",".361","64.2","46.8","12.9","Vg","7113",".632",".668","2","","","","","","Vg/109","Av/109","Vg/109","Av","Av","Normal",".289",".308",  
"CF, LF, RF","Brandt, Jackie R  ","$3,067,000","5018",".248",".308",".363","67.2","57.7","12.5","Vg","5540",".617",".716","0","","","","","","Av/94","Av/94","Av/94","Vg","Fr","Normal",".287",".326",  
"RF, LF","Calderon, Ivan R  ","$3,062,000","7481",".254",".319",".396","71.8","39.4","11.4","Av","8303",".765",".639","-2","","","","","","Av/126","","Av/126","Vg","Av","Prone",".336",".292",  
"2B","Barberie, Bret S  ","$3,060,000","23871",".254",".335",".324","67.8","145.6","10.8","Av","27291",".606",".685","1","","","Av/104","","","","","","&nbsp;","Fr","Prone",".317",".344",  
"SS","Doolan, Mickey R  ","$3,058,000","19544",".227",".262",".330","49.2","72.4","23.0","Av","21026",".606",".578","-1","","","","","Vg/86","","","","&nbsp;","Vg","Normal",".265",".259",  
"RF, LF, CF","Ward, Turner S  ","$3,057,000","2420",".227",".308",".328","60.5","65.4","9.99","Av","2747",".529",".667","1","","","","","","Vg/68","Av/68","Vg/68","Av","Av","Prone",".274",".318",  
"3B, 2B","Adams, Bobby R  ","$3,054,000","11057",".243",".308",".313","58.2","235.3","12.1","Vg","12272",".594",".636","0","","","Av/114","Vg/93","","","","","&nbsp;","Av","Normal",".297",".313",  
"CF, LF","Hanlon, Ned L  ","$3,053,000","6806",".224",".296",".302","53.6","82.0","10.9","Vg","7617",".575",".603","1","","","","","","Vg/95","Vg/95","","Av","Vg","Prone",".289",".298",  
"CF","Schulte, Fred R  ","$3,047,000","12543",".249",".317",".346","64.9","66.7","11.1","Av","14037",".678",".648","-2","","","","","","","Vg/77","","Av","Fr","Normal",".326",".310",  
"RF, LF, CF","Orsulak, Joe L  ","$3,046,000","7812",".256",".302",".338","60.8","137.1","16.3","Av","8456",".513",".669","3","","","","","","Vg/88","Av/88","Vg/88","Av","Av","Normal",".257",".312",  
"LF, RF","Menosky, Mike L  ","$3,044,000","3875",".231",".316",".326","63.3","71.8","9.65","Av","4430",".632",".645","1","","","","","","Av/88","","Av/88","Av","Vg","Normal",".311",".317",  
"RF, LF, CF","Moore, Johnny L  ","$3,043,000","17024",".259",".307",".373","67.6","44.8","16.0","Vg","18575",".649",".696","1","","","","","","Av/115","Fr/115","Av/115","Vg","Fr","Normal",".296",".314",  
"CF, LF, RF","Davalillo, Vic L  ","$3,040,000","4723",".272",".311",".341","64.3","248.6","18.3","Vg","5060",".530",".683","2","","","","","","Av/69","Av/69","Av/69","Av","Vg","Prone",".264",".323",  
"1B, 2B, SS","Miller, Dots R  ","$3,040,000","3641",".243",".303",".363","64.2","50.6","12.9","Vg","4078",".664",".671","-1","","Vg/94","Av/100","","Fr/105","","","","&nbsp;","Vg","Normal",".306",".303",  
"C","Olivo, Miguel R  ","$3,039,000","36419",".238",".275",".383","59.2","34.2","20.7","Fr","38799",".720",".576","-2","Av/147","","","","","","","","&nbsp;","Av","Normal",".298",".245",  
"2B","Harris, Bucky R  ","$3,037,000","15907",".227",".296",".308","54.3","89.9","13.9","Vg","18057",".634",".586","-1","","","Vg/95","","","","","","&nbsp;","Vg","Prone",".313",".286",  
"CF, LF","Tartabull, Jose L  ","$3,037,000","5256",".252",".301",".297","55.6","1314.0","15.0","Ex","5725",".621",".592","0","","","","","","Vg/72","Av/72","","Av","Vg","Normal",".311",".299",  
"RF, LF, CF","Watkins, George L  ","$3,033,000","7168",".248",".315",".385","72.5","40.7","12.4","Av","7986",".624",".715","3","","","","","","Fr/173","Fr/173","Av/173","Av","Av","Normal",".293",".319",  
"2B, 3B, SS","Punto, Nick S  ","$3,031,000","5061",".244",".320",".299","60.9","460.1","9.87","Vg","5732",".622",".617","0","","","Av/112","Av/67","Av/85","","","","&nbsp;","Av","Fragile",".322",".320",  
"1B","Rossman, Claude L  ","$3,029,000","4023",".276",".327",".399","77.3","61.0","14.1","Av","4440",".617",".747","1","","Fr/107","","","","","","","&nbsp;","Av","Normal",".283",".335",  
"RF, LF, CF","Neale, Greasy L  ","$3,028,000","7323",".230",".306",".326","58.7","70.4","11.1","Vg","8266",".613",".637","1","","","","","","Vg/79","Av/79","Vg/79","Av","Vg","Normal",".302",".307",  
"1B","Long, Dale L  ","$3,027,000","3934",".236",".309",".384","70.5","33.3","10.5","Av","4402",".575",".706","3","","Fr/113","","","","","","","&nbsp;","Pr","Normal",".289",".311",  
"RF, LF, CF","Murray, Red R  ","$3,022,000","1643",".250",".303",".377","66.2","51.3","14.7","Vg","1798",".710",".641","-1","","","","","","Av/125","Fr/125","Av/125","Av","Ex","Normal",".317",".286",  
"CF","Dwight, Eddie R  ","$3,020,000","20462",".242",".293",".298","54.6","269.2","15.2","Vg","22574",".614",".578","-1","","","","","","","Ex/90","","Fr","Ex","Prone",".302",".288",  
"1B, LF, RF","Moss, Brandon L  ","$3,019,000","10667",".236",".312",".418","78.0","24.4","10.4","Fr","11979",".645",".752","1","","Fr/157","","","","Fr/92","","Fr/92","Av","Pr","Normal",".288",".318",  
"RF, LF, CF","Wilson, Glenn R  ","$3,019,000","7523",".243",".285",".352","54.5","51.5","18.3","Av","8069",".652",".627","0","","","","","","Vg/117","Av/117","Vg/117","Ex","Fr","Prone",".293",".279",  
"LF, CF, RF","Spangler, Al L  ","$3,017,000","4521",".254",".337",".338","73.8","125.6","9.00","Vg","5156",".527",".695","2","","","","","","Fr/105","Fr/105","Fr/105","Fr","Fr","Prone",".287",".344",  
"C","Ross, David R  ","$3,015,000","11045",".226",".309",".371","67.8","32.0","9.35","Fr","12542",".705",".660","-1","Av/126","","","","","","","","&nbsp;","Pr","Prone",".320",".301",  
"SS, 2B, 3B","Turner, Terry R  ","$3,014,000","5486",".238",".299",".346","60.3","59.0","12.8","Vg","6062",".694",".618","-1","","","Av/60","Av/60","Av/70","","","","&nbsp;","Vg","Prone",".319",".288",  
"LF, RF","Kubel, Jason L  ","$3,012,000","8978",".256",".322",".410","77.2","34.0","11.3","Fr","9980",".623",".755","2","","","","","","Fr/112","","Fr/112","Fr","Pr","Normal",".282",".331",  
"SS","Izturis, Cesar S  ","$3,008,000","10170",".246",".285",".291","47.4","726.4","19.7","Vg","10901",".565",".581","0","","","","","Vg/73","","","","&nbsp;","Av","Prone",".282",".286",  
"C","Pytlak, Frankie R  ","$3,008,000","3670",".229",".287",".291","47.9","262.1","15.2","Vg","4034",".593",".564","0","Vg/47","","","","","","","","&nbsp;","Av","Prone",".293",".282",  
"1B","Reilly, John R  ","$3,007,000","7388",".261",".294",".403","68.1","54.3","28.1","Av","7874",".722",".667","-1","","Av/87","","","","","","","&nbsp;","Vg","Normal",".301",".286",  
"CF, LF, RF","Smith, Jack L  ","$3,002,000","4201",".263",".320",".383","73.0","53.2","12.8","Vg","4648",".471",".721","5","","","","","","Av/112","Fr/112","Av/112","Av","Vg","Normal",".226",".327",  
"C","Grace, Earl L  ","$3,001,000","7733",".230",".311",".344","64.1","39.5","9.60","Pr","8745",".512",".667","0","Av/75","","","","","","","","&nbsp;","Pr","Normal",".259",".315",  
"SS, 2B, 3B","Castro, Starlin R  ","$3,000,000","12379",".265",".307",".354","61.4","108.6","17.7","Av","13254",".683",".645","-1","","","Av/132","Av/121","Av/128","","","","&nbsp;","Fr","Normal",".317",".301",  
"SS","Aybar, Erick S  ","$2,999,000","15327",".263",".307",".330","60.9","326.1","17.6","Ex","16616",".611",".652","0","","","","","Av/100","","","","&nbsp;","Vg","Prone",".296",".313",  
"LF, CF, RF","Reichardt, Rick R  ","$2,999,000","11510",".257",".317",".388","70.9","41.4","14.5","Av","12701",".701",".708","0","","","","","","Av/92","Fr/92","Av/92","Fr","Fr","Prone",".314",".320",  
"C, 1B","McGuire, Deacon R  ","$2,998,000","11555",".250",".307",".353","63.2","72.7","13.5","Fr","12671",".703",".616","-1","Av/108","Pr/125","","","","","","","&nbsp;","Av","Normal",".324",".289",  
"CF, LF, RF","Davis, Rajai R  ","$2,995,000","6503",".260",".311",".338","63.6","271.0","15.0","Ex","7094",".661",".643","-2","","","","","","Av/101","Av/101","Av/101","Av","Ex","Normal",".311",".312",  
"LF, CF, RF","Palmeiro, Orlando L  ","$2,994,000","11620",".259",".331",".308","64.9","830.0","10.7","Av","13119",".591",".656","2","","","","","","Av/47","Fr/47","Av/47","Av","Fr","Normal",".310",".339",  
"RF, LF, CF","Altman, George L  ","$2,993,000","15621",".255",".313",".387","72.6","42.7","13.3","Av","17161",".641",".716","1","","","","","","Av/92","Fr/92","Av/92","Av","Fr","Normal",".295",".318",  
"1B, LF","Stahl, Jake R  ","$2,993,000","3398",".248",".312",".390","73.3","53.1","14.3","Vg","3804",".735",".658","-1","","Av/97","","","","Av/141","","","Fr","Vg","Prone",".320",".300",  
"2B, 1B, 3B, SS","Schaefer, Germany R  ","$2,992,000","15631",".243",".310",".349","65.7","51.9","11.3","Av","17567",".664",".657","-1","","Av/96","Av/97","Av/130","Fr/114","","","","&nbsp;","Vg","Prone",".315",".307",  
"SS","Duffy, Frank R  ","$2,987,000","15282",".226",".273",".296","44.0","191.0","17.2","Av","16646",".589",".559","-1","","","","","Vg/63","","","","&nbsp;","Av","Normal",".283",".268",  
"C","Norris, Derek R  ","$2,987,000","6924",".238",".311",".367","67.7","44.4","10.6","Fr","7765",".737",".608","-3","Av/118","","","","","","","","&nbsp;","Fr","Normal",".333",".283",  
"SS, 2B","Wright, George R  ","$2,987,000","14572",".214",".271",".288","42.9","123.5","14.5","Av","15980",".575",".540","-1","","","Vg/105","","Vg/67","","","","&nbsp;","Pr","Normal",".279",".262",  
"LF, 2B, CF","Harris, Willie L  ","$2,986,000","5641",".223",".305",".283","55.3","182.0","9.83","Vg","6408",".481",".609","1","","","Av/78","","","Vg/86","Av/86","","Fr","Vg","Normal",".258",".314",  
"CF, LF","McAleer, Jimmy R  ","$2,986,000","14241",".209",".270",".269","40.6","104.7","13.4","Av","15652",".593",".502","-1","","","","","","Ex/67","Ex/67","","Vg","Ex","Prone",".289",".258",  
"CF, LF, RF","Benard, Marvin L  ","$2,984,000","4951",".257",".322",".359","71.3","76.2","11.7","Vg","5475",".560",".700","2","","","","","","Av/75","Fr/75","Av/75","Av","Vg","Normal",".276",".329",  
"1B","Revering, Dave L  ","$2,984,000","5084",".262",".315",".423","78.2","32.6","13.9","Av","5545",".627",".754","2","","Av/141","","","","","","","&nbsp;","Pr","Normal",".272",".321",  
"LF, 1B, 2B, 3B, CF, RF","Hinton, Chuck R  ","$2,981,000","6210",".253",".318",".369","70.4","57.0","11.3","Vg","6898",".669",".698","0","","Fr/98","Fr/204","Fr/197","","Av/102","Fr/102","Av/102","Fr","Av","Normal",".314",".320",  
"LF, CF, RF","Bosley, Thad L  ","$2,973,000","5537",".265",".323",".333","63.5","115.4","12.5","Av","6090",".499",".673","4","","","","","","Vg/138","Av/138","Vg/138","Av","Av","Prone",".262",".330",  
"C, 1B","Triandos, Gus R  ","$2,972,000","11998",".236",".301",".390","67.9","25.9","12.0","Pr","13316",".680",".701","1","Av/114","Fr/129","","","","","","","&nbsp;","Pr","Prone",".298",".304",  
"C","Eusebio, Tony R  ","$2,971,000","6787",".263",".338",".329","66.0","138.5","10.1","Pr","7635",".694",".623","-2","Av/90","","","","","","","","&nbsp;","Pr","Prone",".349",".319",  
"RF, LF","Mieske, Matt R  ","$2,968,000","12938",".257",".316",".409","73.9","34.3","12.5","Av","14239",".763",".580","-4","","","","","","Av/113","","Av/113","Vg","Fr","Prone",".329",".266",  
"C","Fosse, Ray R  ","$2,967,000","13128",".250",".294",".335","55.7","99.5","18.0","Av","14147",".622",".640","0","Vg/102","","","","","","","","&nbsp;","Fr","Normal",".294",".296",  
"2B, 1B, 3B","Teufel, Tim R  ","$2,962,000","22405",".244",".328",".381","74.3","43.4","9.11","Fr","25546",".730",".692","-1","","Fr/173","Fr/105","Av/119","","","","","&nbsp;","Fr","Prone",".336",".321",  
"C","Sawatski, Carl L  ","$2,961,000","14855",".227",".306",".354","64.8","31.5","9.84","Pr","16739",".520",".678","5","Fr/91","","","","","","","","&nbsp;","Pr","Normal",".253",".312",  
"RF, LF","Jose, Felix S  ","$2,959,000","12047",".257",".308",".361","63.4","65.5","14.8","Av","13069",".682",".660","-1","","","","","","Av/112","","Av/112","Av","Vg","Normal",".309",".307",  
"CF, LF","Law, Rudy L  ","$2,958,000","1769",".256",".320",".346","71.6","117.9","12.1","Vg","1971",".548",".694","1","","","","","","Vg/77","Av/77","","Fr","Ex","Normal",".291",".327",  
"3B","Jackson, Randy R  ","$2,955,000","17625",".244",".298",".374","62.3","42.8","14.2","Av","19284",".622",".696","1","","","","Vg/94","","","","","&nbsp;","Fr","Prone",".282",".305",  
"1B","Waitkus, Eddie L  ","$2,955,000","4648",".263",".314",".336","61.8","145.2","14.9","Av","5064",".547",".675","2","","Vg/74","","","","","","","&nbsp;","Fr","Prone",".281",".322",  
"2B, 1B, 3B","Flowers, Jake R  ","$2,950,000","1773",".235",".321",".344","67.0","50.7","9.38","Av","2036",".647",".682","0","","Fr/350","Fr/98","Fr/52","","","","","&nbsp;","Av","Normal",".324",".319",  
"RF, 1B, LF, CF","Simpson, Harry L  ","$2,944,000","5654",".254",".305",".367","65.0","53.8","14.8","Av","6137",".577",".698","4","","Fr/87","","","","Fr/131","Fr/131","Fr/131","Fr","Fr","Normal",".273",".314",  
"CF","Fultz, Dave R  ","$2,939,000","16254",".253",".326",".341","68.8","64.5","10.6","Vg","18590",".700",".635","-1","","","","","","","Av/88","","Av","Ex","Prone",".340",".312",  
"SS, 2B","Magoon, George R  ","$2,938,000","13813",".221",".309",".311","58.5","63.1","9.45","Av","15813",".640",".608","-1","","","Av/103","","Vg/100","","","","&nbsp;","Av","Normal",".311",".308",  
"RF, LF, CF","Reynolds, Carl R  ","$2,936,000","6045",".260",".300",".393","68.3","56.0","20.7","Vg","6505",".709",".677","-1","","","","","","Av/98","Av/98","Av/98","Av","Av","Prone",".306",".295",  
"CF","Virdon, Bill L  ","$2,936,000","13268",".244",".295",".323","56.5","132.7","14.8","Vg","14425",".540",".653","1","","","","","","","Vg/77","","Vg","Fr","Normal",".266",".307",  
"2B, 3B, SS","Easley, Damion R  ","$2,932,000","9055",".241",".315",".352","66.8","54.5","12.1","Av","10195",".693",".644","-1","","","Av/83","Fr/99","Fr/103","","","","&nbsp;","Av","Fragile",".328",".305",  
"1B, LF","Morrison, Logan L  ","$2,928,000","835",".216",".307",".335","64.0","38.0","8.84","Fr","955",".612",".661","1","","Fr/81","","","","Fr/188","","","Av","Pr","Prone",".287",".319",  
"LF, RF","Piniella, Lou R  ","$2,928,000","11872",".279",".318",".395","70.3","61.2","19.1","Av","12688",".754",".658","-2","","","","","","Av/97","","Av/97","Fr","Fr","Prone",".333",".296",  
"2B, SS","DeMontreville, Gene R  ","$2,926,000","16750",".257",".296",".342","59.1","75.5","19.1","Av","18013",".644",".635","-1","","","Av/91","","Av/115","","","","&nbsp;","Ex","Normal",".299",".294",  
"C","Mueller, Ray R  ","$2,926,000","9250",".232",".290",".355","59.2","44.0","13.8","Fr","10202",".669",".632","-1","Av/60","","","","","","","","&nbsp;","Fr","Prone",".306",".282",  
"LF","Ellis, Rube L  ","$2,915,000","4016",".244",".314",".358","65.9","52.2","11.0","Av","4499",".631",".692","1","","","","","","Vg/128","","","Av","Av","Normal",".301",".320",  
"3B, 2B, SS, LF, RF","Friberg, Bernie R  ","$2,914,000","9522",".227",".313",".295","56.6","123.7","9.29","Av","10976",".645",".584","-1","","","Av/99","Vg/92","Fr/161","Fr/84","","Fr/84","Av","Fr","Normal",".326",".304",  
"2B, 3B","Crooks, Jack R  ","$2,912,000","10054",".196",".322",".283","59.7","67.5","6.52","Av","12072",".634",".578","-1","","","Av/77","Vg/88","","","","","&nbsp;","Vg","Prone",".333",".312",  
"1B","Quintana, Carlos R  ","$2,911,000","30653",".274",".352",".358","74.5","71.6","9.26","Fr","34918",".751",".605","-2","","Av/132","","","","","","","&nbsp;","Pr","Normal",".367",".312",  
"CF, LF, RF","Byrd, Marlon R  ","$2,910,000","3327",".255",".309",".363","64.9","59.4","15.5","Av","3622",".664",".684","-1","","","","","","Av/90","Fr/90","Av/90","Av","Fr","Prone",".309",".309",  
"1B","Ganzel, John R  ","$2,910,000","4515",".245",".302",".380","67.0","47.0","14.4","Av","4984",".691",".672","-1","","Vg/69","","","","","","","&nbsp;","Av","Normal",".308",".297",  
"C","Sasser, Mackey L  ","$2,910,000","9517",".266",".295",".363","60.3","101.2","24.7","Fr","10047",".506",".676","4","Av/129","","","","","","","","&nbsp;","Pr","Prone",".229",".303",  
"C","Karkovice, Ron R  ","$2,909,000","12789",".204",".269",".342","54.0","34.8","13.3","Fr","14190",".593",".621","0","Ex/80","","","","","","","","&nbsp;","Fr","Prone",".261",".272",  
"3B","Mowrey, Mike R  ","$2,909,000","5004",".243",".315",".353","68.0","56.2","10.6","Av","5650",".701",".612","-1","","","","Av/85","","","","","&nbsp;","Vg","Prone",".329",".291",  
"LF, CF, RF","Sample, Bill R  ","$2,908,000","7065",".257",".319",".365","71.1","60.9","13.5","Vg","7819",".708",".665","-1","","","","","","Av/68","Fr/68","Av/68","Fr","Vg","Normal",".324",".314",  
"3B, 1B, 2B, SS","Law, Vance R  ","$2,906,000","16191",".243",".318",".347","66.0","71.3","10.1","Av","18275",".682",".653","-1","","Av/119","Av/88","Fr/87","Fr/123","","","","&nbsp;","Fr","Normal",".331",".309",  
"C","Mancuso, Gus R  ","$2,904,000","18929",".240",".310",".317","57.9","89.3","11.2","Pr","21321",".631",".622","0","Vg/114","","","","","","","","&nbsp;","Pr","Normal",".310",".309",  
"C","Macfarlane, Mike R  ","$2,903,000","13667",".233",".300",".375","66.3","38.7","14.2","Pr","15179",".660",".687","0","Fr/85","","","","","","","","&nbsp;","Pr","Prone",".297",".304",  
"C","Greene, Joe R  ","$2,902,000","14724",".234",".293",".375","61.8","31.8","12.9","Pr","16133",".677",".662","0","Av/90","","","","","","","","&nbsp;","Pr","Normal",".296",".292",  
"LF, CF","Martin, Al L  ","$2,902,000","4026",".264",".325",".382","74.7","54.4","12.1","Av","4453",".548",".731","4","","","","","","Fr/159","Pr/159","","Av","Vg","Prone",".251",".336",  
"C","McCarty, Lew R  ","$2,896,000","9451",".267",".322",".366","70.0","66.6","13.8","Av","10404",".739",".654","-1","Fr/91","","","","","","","","&nbsp;","Fr","Normal",".338",".311",  
"LF, 1B, RF","Skinner, Bob L  ","$2,894,000","4549",".249",".321",".372","71.6","52.9","10.6","Vg","5089",".654",".705","3","","Fr/150","","","","Fr/134","","Fr/134","Av","Fr","Normal",".306",".326",  
"SP, 3B, LF, CF, RF","Mullane, Tony S  ","$2,890,000","1528",".234",".296",".313","54.9","76.4","12.7","Av","1701",".631",".604","0","","","","Fr/162","","Av/91","Fr/91","Av/91","Fr","Vg","Normal",".306",".291",  
"3B, 2B, SS, LF, RF","Hartzell, Roy L  ","$2,888,000","27724",".250",".320",".345","65.7","56.8","11.1","Av","31075",".600",".682","1","","","Av/116","Av/113","Fr/111","Av/89","","Av/89","Vg","Vg","Normal",".304",".324",  
"RF","Griffith, Tommy L  ","$2,886,000","2335",".246",".313",".354","66.3","54.3","11.1","Vg","2602",".534",".690","3","","","","","","","","Fr/120","Vg","Av","Normal",".263",".322",  
"1B","Hurst, Don L  ","$2,882,000","10062",".236",".319",".383","74.2","29.9","9.31","Av","11508",".686",".709","0","","Av/124","","","","","","","&nbsp;","Fr","Normal",".311",".323",  
"C","Atwell, Toby L  ","$2,876,000","25561",".246",".336",".316","64.5","109.7","8.56","Fr","29434",".480",".675","5","Fr/129","","","","","","","","&nbsp;","Pr","Normal",".261",".346",  
"CF, LF, RF","Allen, Ethan R  ","$2,875,000","1620",".237",".283",".325","51.5","85.3","17.3","Vg","1752",".650",".581","0","","","","","","Vg/70","Av/70","Vg/70","Av","Av","Normal",".294",".276",  
"CF, LF","Goodwin, Tom L  ","$2,875,000","6213",".255",".316",".295","58.9","776.6","12.2","Ex","6857",".630",".607","0","","","","","","Vg/54","Av/54","","Fr","Ex","Prone",".328",".313",  
"C","Clarke, Jay L  ","$2,874,000","13917",".239",".309",".352","64.4","57.0","10.9","Av","15584",".623",".664","1","Av/124","","","","","","","","&nbsp;","Fr","Prone",".291",".310",  
"2B, 3B","Ferris, Hobe R  ","$2,874,000","6825",".233",".269",".356","54.9","51.3","20.8","Av","7308",".654",".609","-1","","","Vg/88","Vg/80","","","","","&nbsp;","Av","Normal",".278",".265",  
"2B","Remy, Jerry L  ","$2,874,000","21225",".268",".323",".317","62.5","408.2","13.6","Vg","23523",".574",".655","2","","","Av/92","","","","","","&nbsp;","Vg","Prone",".296",".329",  
"3B, 2B, SS","Izturis, Maicer S  ","$2,872,000","13820",".261",".322",".331","66.3","230.3","12.4","Vg","15302",".629",".662","0","","","Av/79","Av/119","Av/110","","","","&nbsp;","Av","Fragile",".313",".325",  
"3B","Betemit, Wilson S  ","$2,869,000","14651",".259",".328",".396","76.5","38.8","10.5","Fr","16359",".579",".753","3","","","","Fr/138","","","","","&nbsp;","Pr","Prone",".273",".339",  
"2B, SS, LF, CF","Jackson, Damian R  ","$2,869,000","13591",".232",".305",".307","57.7","209.1","10.8","Ex","15218",".643",".594","0","","","Av/99","","Av/185","Av/131","Fr/131","","Av","Ex","Normal",".312",".301",  
"SS, 1B, 3B","Amaro, Ruben Sr R  ","$2,868,000","17088",".235",".305",".286","51.5","551.2","11.2","Av","19191",".615",".574","-1","","Av/94","","Av/121","Vg/87","","","","&nbsp;","Fr","Normal",".316",".297",  
"SS, CF","Parent, Freddy R  ","$2,868,000","10636",".247",".306",".349","63.2","64.9","13.5","Vg","11865",".695",".635","-1","","","","","Av/98","","Av/69","","Av","Vg","Prone",".319",".299",  
"C","Dalrymple, Clay L  ","$2,865,000","10407",".221",".302",".304","55.7","88.2","9.92","Pr","11834",".506",".622","4","Vg/96","","","","","","","","&nbsp;","Pr","Prone",".262",".309",  
"C","Edwards, Johnny L  ","$2,861,000","6908",".222",".282",".320","53.1","79.4","13.3","Fr","7602",".581",".606","1","Ex/68","","","","","","","","&nbsp;","Pr","Prone",".276",".283",  
"1B","Luderus, Fred L  ","$2,861,000","12623",".257",".317",".390","73.3","40.3","12.5","Fr","13935",".671",".718","1","","Av/111","","","","","","","&nbsp;","Fr","Normal",".312",".319",  
"LF, CF","Coleman, Vince S  ","$2,859,000","36045",".249",".310",".309","65.3","321.8","12.5","Vg","39645",".642",".605","0","","","","","","Av/137","Fr/137","","Av","Ex","Prone",".320",".303",  
"1B","Walker, Greg L  ","$2,858,000","9330",".248",".312",".405","74.6","33.2","11.9","Fr","10323",".549",".741","3","","Fr/88","","","","","","","&nbsp;","Fr","Prone",".245",".321",  
"SP, RF","Sanders, Ben R  ","$2,853,000","1104",".229",".265",".308","45.7","110.4","21.6","Fr","1189",".608",".544","-1","","","","","","","","Fr/98","Av","Fr","Normal",".275",".257",  
"2B","Cutshaw, George R  ","$2,851,000","14621",".242",".290",".343","56.6","59.4","15.8","Av","15832",".666",".616","-1","","","Vg/83","","","","","","&nbsp;","Ex","Normal",".306",".282",  
"RF, LF, CF","Westlake, Wally R  ","$2,851,000","14207",".247",".304",".391","68.2","31.2","14.6","Av","15577",".671",".708","0","","","","","","Av/80","Fr/80","Av/80","Av","Fr","Normal",".297",".308",  
"2B, 3B, SS","Reboulet, Jeff R  ","$2,850,000","8955",".214",".300",".252","46.3","1492.5","9.34","Av","10330",".535",".562","-1","","","Vg/85","Vg/73","Av/95","","","","&nbsp;","Fr","Normal",".292",".305",  
"2B, 1B, 3B, RF","Baker, Jeff R  ","$2,849,000","6976",".243",".302",".368","63.0","43.9","12.6","Fr","7654",".723",".627","-3","","Fr/129","Av/73","Av/135","","","","Fr/63","Fr","Pr","Prone",".321",".287",  
"1B, LF, RF","Trumbo, Mark R  ","$2,849,000","12415",".244",".301",".407","70.7","26.5","13.1","Fr","13575",".681",".725","0","","Av/113","","","","Fr/172","","Fr/172","Av","Fr","Prone",".292",".306",  
"CF, RF","Campbell, Vin L  ","$2,848,000","843",".276",".318",".387","72.1","52.7","17.2","Av","910",".550",".730","1","","","","","","","Fr/161","Fr/161","Av","Av","Normal",".289",".323",  
"LF, 2B, CF, RF","Hairston, Scott R  ","$2,845,000","9645",".236",".295",".391","68.1","34.3","13.1","Av","10622",".746",".642","-2","","","Av/171","","","Av/123","Av/123","Av/123","Av","Fr","Fragile",".308",".281",  
"LF, CF, RF","Jones, Cleon R  ","$2,844,000","6879",".264",".315",".360","65.4","76.4","15.7","Av","7473",".623",".700","0","","","","","","Av/95","Fr/95","Av/95","Fr","Av","Prone",".300",".322",  
"LF","Dalrymple, Abner L  ","$2,842,000","6817",".265",".317",".384","70.9","54.1","14.4","Ex","7457",".700",".703","1","","","","","","Av/100","","","Fr","Fr","Normal",".318",".317",  
"SS, 2B, 3B","Versalles, Zoilo R  ","$2,839,000","18639",".236",".285",".332","54.4","127.7","17.0","Vg","20197",".646",".601","-1","","","Av/116","Av/147","Vg/119","","","","&nbsp;","Av","Normal",".294",".280",  
"2B, 1B, SS, LF, RF","Hummel, John R  ","$2,835,000","3192",".248",".309",".374","68.5","49.1","12.0","Vg","3534",".727",".652","-1","","Av/93","Av/74","","Fr/121","Fr/60","","Fr/60","Fr","Av","Prone",".321",".301",  
"CF, 2B, SS, LF, RF","Witt, Whitey L  ","$2,835,000","21887",".253",".327",".336","66.0","76.5","10.1","Av","24679",".637",".673","2","","","Av/123","","Av/130","Av/82","Av/82","Av/82","Fr","Av","Prone",".318",".330",  
"LF, RF","Hairston, Jerry Sr S  ","$2,828,000","12236",".242",".338",".333","71.5","111.2","7.95","Fr","14198",".666",".679","1","","","","","","Av/188","","Av/188","Fr","Pr","Normal",".337",".341",  
"C","Snyder, Chris R  ","$2,828,000","4364",".218",".306",".342","61.5","35.5","8.99","Pr","4989",".696",".555","-2","Av/30","","","","","","","","&nbsp;","Pr","Normal",".322",".273",  
"3B, SS","Christman, Mark R  ","$2,823,000","10507",".226",".269",".285","40.2","145.9","19.7","Fr","11356",".569",".544","0","","","","Vg/51","Av/74","","","","&nbsp;","Fr","Normal",".273",".266",  
"3B, 1B, 2B","Cantu, Jorge R  ","$2,814,000","10148",".259",".308",".383","66.7","48.6","16.3","Av","11007",".706",".681","0","","Pr/84","Pr/184","Pr/167","","","","","&nbsp;","Pr","Normal",".311",".306",  
"CF, LF, RF","Chavez, Endy L  ","$2,814,000","4683",".254",".295",".299","52.7","936.6","18.5","Vg","5136",".537",".615","1","","","","","","Vg/68","Av/68","Vg/68","Av","Vg","Normal",".266",".306",  
"LF, 1B, CF, RF","Cooley, Duff L  ","$2,814,000","2284",".246",".292",".352","59.2","71.4","16.2","Vg","2476",".588",".654","1","","Av/97","","","","Vg/86","Av/86","Vg/86","Fr","Vg","Prone",".249",".299",  
"CF, LF, RF","Orsatti, Ernie L  ","$2,813,000","2950",".258",".319",".357","66.5","81.9","12.4","Ex","3278",".541",".692","3","","","","","","Av/81","Fr/81","Av/81","Av","Av","Prone",".295",".322",  
"LF, RF","Foster, Roy R  ","$2,812,000","9367",".248",".323",".398","75.2","36.7","10.9","Av","10555",".755",".636","-1","","","","","","Fr/177","","Fr/177","Pr","Fr","Fragile",".335",".293",  
"2B, 3B, LF, RF","McLemore, Mark S  ","$2,798,000","17791",".241",".329",".284","59.3","593.0","8.66","Vg","20428",".550",".639","2","","","Av/91","Av/173","","Av/98","","Av/98","Fr","Vg","Prone",".300",".340",  
"C","Berberet, Lou L  ","$2,795,000","10099",".217",".314",".321","60.4","52.3","8.12","Pr","11635",".495",".649","3","Av/67","","","","","","","","&nbsp;","Pr","Normal",".272",".319",  
"RF, LF","Lemon, Jim R  ","$2,793,000","9996",".248",".311",".403","73.5","30.8","12.3","Av","11036",".704",".721","0","","","","","","Av/192","","Av/192","Fr","Fr","Normal",".308",".312",  
"C","Schneider, Brian L  ","$2,786,000","9121",".235",".299",".320","54.9","94.0","12.1","Fr","10104",".477",".638","2","Av/73","","","","","","","","&nbsp;","Pr","Prone",".247",".306",  
"SS, C, LF, RF","Rowe, Jack L  ","$2,783,000","8114",".254",".303",".346","61.0","85.4","15.7","Av","8854",".631",".654","1","Fr/77","","","","Pr/97","Fr/137","","Fr/137","Fr","Fr","Normal",".297",".305",  
"LF, CF, RF","Graney, Jack L  ","$2,781,000","9967",".228",".325",".358","71.6","47.9","8.01","Vg","11597",".616",".702","1","","","","","","Av/111","Fr/111","Av/111","Fr","Av","Normal",".306",".331",  
"1B","Unglaub, Bob R  ","$2,780,000","2871",".257",".302",".359","62.3","84.4","16.4","Av","3103",".696",".619","-1","","Av/85","","","","","","","&nbsp;","Av","Normal",".315",".287",  
"3B","Malzone, Frank R  ","$2,778,000","10958",".245",".285",".335","53.4","69.8","19.0","Av","11747",".610",".626","0","","","","Vg/93","","","","","&nbsp;","Pr","Normal",".278",".289",  
"C","Severeid, Hank R  ","$2,778,000","7518",".245",".298",".314","54.1","112.2","14.8","Av","8275",".612",".613","0","Av/79","","","","","","","","&nbsp;","Fr","Normal",".298",".299",  
"1B, 3B, LF","Cater, Danny R  ","$2,777,000","6329",".267",".304",".364","61.5","80.1","20.5","Av","6749",".660",".678","0","","Av/73","","Fr/143","","Fr/97","","","Fr","Fr","Normal",".297",".312",  
"RF, LF, CF","Baumholtz, Frank L  ","$2,776,000","8824",".262",".311",".340","62.4","267.4","15.7","Vg","9628",".542",".675","3","","","","","","Av/97","Fr/97","Av/97","Fr","Fr","Normal",".264",".321",  
"SS, 2B","Lugo, Julio R  ","$2,776,000","23182",".256",".322",".337","66.9","117.1","11.4","Av","25873",".630",".676","0","","","Fr/95","","Av/122","","","","&nbsp;","Vg","Prone",".310",".329",  
"LF, RF","Whitfield, Terry L  ","$2,776,000","10597",".266",".318",".366","68.5","71.1","14.2","Av","11650",".536",".700","4","","","","","","Fr/113","","Fr/113","Av","Fr","Normal",".265",".323",  
"CF, LF, RF","Landreaux, Ken L  ","$2,774,000","4864",".249",".299",".369","65.0","59.3","15.4","Vg","5298",".639",".677","2","","","","","","Av/93","Fr/93","Av/93","Fr","Vg","Normal",".287",".303",  
"LF, CF, RF","Ledee, Ricky L  ","$2,774,000","9684",".235",".312",".353","67.0","56.6","9.83","Av","10912",".567",".677","2","","","","","","Av/132","Fr/132","Av/132","Vg","Fr","Prone",".273",".317",  
"2B, 3B, SS","Sogard, Eric L  ","$2,774,000","1825",".232",".294",".275","48.3","1825.0","12.2","Av","2019",".546",".577","0","","","Vg/83","Av/96","Av/104","","","","&nbsp;","Av","Prone",".283",".294",  
"CF, 1B, LF, RF","Martinez, Dave L  ","$2,773,000","4371",".249",".307",".319","60.1","141.0","12.9","Vg","4816",".549",".652","2","","Av/198","","","","Av/79","Av/79","Av/79","Av","Av","Normal",".277",".317",  
"RF, LF","Mohr, Dustan R  ","$2,772,000","7850",".232",".304",".353","64.2","44.4","10.6","Av","8793",".669",".645","-1","","","","","","Vg/93","","Vg/93","Av","Fr","Normal",".312",".297",  
"LF, 1B, RF","Rivera, Juan R  ","$2,770,000","13222",".262",".317",".396","71.0","36.5","13.0","Fr","14478",".734",".694","-1","","Fr/175","","","","Av/114","","Av/114","Vg","Fr","Prone",".327",".309",  
"RF, LF, CF","Walsh, Jimmy R  ","$2,770,000","9233",".229",".316",".344","66.2","59.6","9.05","Av","10746",".673",".638","-1","","","","","","Av/88","Fr/88","Av/88","Av","Ex","Normal",".319",".311",  
"SS","Speier, Chris R  ","$2,767,000","7475",".237",".312",".326","60.8","77.9","10.4","Av","8416",".614",".651","0","","","","","Av/81","","","","&nbsp;","Fr","Prone",".304",".316",  
"SS, 2B, 3B","Vizcaino, Jose S  ","$2,765,000","24413",".259",".304",".308","55.2","393.8","16.3","Fr","26468",".614",".609","0","","","Av/65","Av/98","Av/89","","","","&nbsp;","Fr","Prone",".308",".301",  
"RF, LF, CF","Encarnacion, Juan R  ","$2,764,000","1101",".243",".286",".368","58.8","42.3","18.8","Av","1185",".662",".645","0","","","","","","Vg/121","Av/121","Vg/121","Av","Av","Prone",".300",".272",  
"SS","Allen, Bob Gilman R  ","$2,762,000","8297",".218",".295",".325","56.4","70.9","10.1","Av","9344",".655",".597","-1","","","","","Vg/82","","","","&nbsp;","Av","Prone",".313",".283",  
"2B","Bolling, Frank R  ","$2,760,000","9792",".244",".300",".326","58.2","106.4","14.1","Av","10875",".622",".630","0","","","Vg/76","","","","","","&nbsp;","Fr","Prone",".298",".302",  
"3B, SS","Tannehill, Lee R  ","$2,760,000","7166",".225",".262",".318","45.5","60.2","21.3","Av","7663",".644",".543","-1","","","","Ex/84","Vg/84","","","","&nbsp;","Av","Prone",".290",".246",  
"LF, CF, RF","Stewart, Bud L  ","$2,753,000","4095",".241",".300",".347","63.9","70.6","13.0","Vg","4522",".591",".662","3","","","","","","Av/80","Fr/80","Av/80","Av","Fr","Normal",".286",".304",  
"C","Grote, Jerry R  ","$2,751,000","12272",".238",".299",".301","51.5","170.4","13.1","Fr","13526",".596",".603","0","Vg/72","","","","","","","","&nbsp;","Pr","Prone",".294",".302",  
"C","Taubensee, Eddie L  ","$2,751,000","18811",".250",".306",".360","65.3","52.4","13.1","Fr","20605",".647",".674","1","Av/121","","","","","","","","&nbsp;","Pr","Normal",".303",".308",  
"CF","Dobbs, John L  ","$2,749,000","6460",".247",".320",".365","69.1","47.5","10.5","Av","7278",".629",".704","1","","","","","","","Av/89","","Av","Vg","Normal",".301",".325",  
"LF","Arnovich, Morrie R  ","$2,748,000","4573",".256",".317",".345","62.7","78.8","12.5","Av","5045",".669",".658","0","","","","","","Vg/76","","","Av","Fr","Normal",".318",".317",  
"1B, LF, CF, RF","Jorgensen, Mike L  ","$2,741,000","4719",".229",".322",".360","70.8","37.5","8.53","Fr","5436",".657",".687","1","","Av/73","","","","Av/97","Fr/97","Av/97","Fr","Av","Prone",".320",".322",  
"CF, LF, RF","Devereaux, Mike R  ","$2,729,000","6754",".250",".307",".370","66.5","53.6","12.9","Av","7424",".692",".657","-1","","","","","","Vg/66","Av/66","Vg/66","Av","Av","Prone",".317",".295",  
"1B, CF, RF","Montanez, Willie L  ","$2,729,000","18406",".260",".310",".372","65.7","54.6","15.1","Fr","19951",".623",".693","2","","Av/94","","","","","Fr/98","Av/98","Av","Fr","Normal",".293",".313",  
"SS, 2B, 3B","Riles, Ernest L  ","$2,729,000","15791",".251",".316",".348","65.4","65.5","11.5","Av","17517",".511",".691","3","","","Av/107","Av/97","Fr/106","","","","&nbsp;","Fr","Normal",".258",".326",  
"3B, 2B, LF","Stynes, Chris R  ","$2,727,000","3600",".252",".307",".317","58.9","163.6","14.2","Vg","3952",".656",".602","0","","","Fr/76","Av/76","","Av/84","","","Av","Av","Normal",".314",".302",  
"CF","Jackson, Austin R  ","$2,720,000","1656",".235",".300",".307","54.3","184.0","11.8","Vg","1834",".616",".602","0","","","","","","","Av/83","","Av","Av","Prone",".301",".300",  
"RF, LF, CF","Bragg, Darren L  ","$2,716,000","14801",".239",".318",".318","61.3","133.3","9.95","Av","16704",".609",".640","2","","","","","","Av/71","Av/71","Av/71","Av","Av","Normal",".303",".320",  
"2B","Millan, Felix R  ","$2,715,000","15637",".264",".308",".320","58.9","390.9","19.9","Vg","17107",".636",".621","0","","","Av/85","","","","","","&nbsp;","Fr","Normal",".309",".307",  
"1B, LF, RF","Kranepool, Ed L  ","$2,714,000","10519",".259",".316",".362","66.9","61.5","13.0","Fr","11524",".540",".694","4","","Av/69","","","","Pr/108","","Pr/108","Fr","Fr","Prone",".268",".321",  
"3B, SS, LF, CF","Conroy, Wid R  ","$2,711,000","10929",".230",".292",".343","59.0","50.6","12.6","Av","12034",".662",".620","-1","","","","Av/91","Av/84","Av/93","Av/93","","Fr","Vg","Normal",".303",".285",  
"2B, CF","Samuel, Juan R  ","$2,708,000","12463",".250",".302",".388","68.3","46.5","16.3","Vg","13553",".672",".701","0","","","Av/138","","","","Fr/151","","Av","Ex","Prone",".297",".305",  
"2B, 3B, LF, CF, RF","Browne, Jerry S  ","$2,706,000","4628",".253",".327",".317","63.5","308.5","10.1","Av","5236",".681",".625","0","","","Fr/123","Av/141","","Vg/119","Av/119","Vg/119","Fr","Av","Prone",".345",".318",  
"2B","Knoop, Bobby R  ","$2,706,000","18653",".235",".287",".321","51.8","95.7","14.9","Av","20296",".602",".610","0","","","Vg/92","","","","","","&nbsp;","Fr","Normal",".290",".285",  
"C","Zimmer, Chief R  ","$2,697,000","5008",".234",".292",".336","55.7","83.5","15.2","Av","5488",".652",".599","-1","Av/74","","","","","","","","&nbsp;","Vg","Normal",".304",".279",  
"1B, 2B, LF, RF","Isbell, Frank L  ","$2,696,000","2256",".230",".283",".326","54.2","64.5","15.7","Av","2468",".494",".650","1","","Vg/69","Av/112","","","Av/119","","Av/119","Fr","Ex","Prone",".245",".296",  
"3B","Andrews, Shane R  ","$2,693,000","28172",".214",".284",".384","63.3","24.5","11.1","Fr","31292",".703",".639","-1","","","","Vg/112","","","","","&nbsp;","Fr","Fragile",".294",".277",  
"RF, LF, CF","Hill, Glenallen R  ","$2,691,000","14548",".251",".304",".424","73.2","25.3","14.4","Fr","15817",".772",".687","-1","","","","","","Fr/189","Pr/189","Fr/189","Fr","Av","Prone",".317",".292",  
"CF, LF, RF","McCormick, Mike W R  ","$2,688,000","7023",".261",".308",".341","59.8","167.2","16.2","Av","7702",".628",".666","-1","","","","","","Vg/87","Av/87","Vg/87","Av","Fr","Normal",".300",".315",  
"C","Wynegar, Butch S  ","$2,688,000","8024",".234",".322",".304","60.3","111.4","8.83","Fr","9240",".650",".611","0","Fr/74","","","","","","","","&nbsp;","Pr","Prone",".338",".314",  
"C, RF","Doumit, Ryan S  ","$2,683,000","15698",".248",".304",".366","62.9","48.8","14.6","Fr","17168",".645",".676","1","Fr/172","","","","","","","Av/231","Fr","Pr","Fragile",".292",".307",  
"C","Nunamaker, Les R  ","$2,683,000","6823",".251",".307",".347","62.2","84.2","13.7","Av","7516",".666",".645","-1","Av/88","","","","","","","","&nbsp;","Av","Normal",".313",".302",  
"CF","Myers, Hy R  ","$2,674,000","3912",".246",".287",".356","58.3","56.7","19.5","Vg","4242",".649",".632","0","","","","","","","Vg/75","","Av","Av","Prone",".282",".290",  
"SS","Fennelly, Frank R  ","$2,671,000","5379",".217",".299",".322","57.1","74.7","9.84","Av","6078",".624",".618","-1","","","","","Av/104","","","","&nbsp;","Vg","Normal",".298",".299",  
"RF, LF","Brown, Ollie R  ","$2,670,000","5285",".249",".311",".364","65.4","41.3","12.7","Av","5812",".693",".646","-1","","","","","","Av/97","","Av/97","Vg","Fr","Normal",".322",".294",  
"3B, 2B","Oberkfell, Ken L  ","$2,666,000","7265",".249",".320",".310","60.5","220.2","11.0","Av","8144",".558",".649","2","","","Av/79","Fr/68","","","","","&nbsp;","Fr","Prone",".295",".326",  
"C","May, Milt L  ","$2,661,000","8756",".241",".288",".325","53.4","76.8","16.3","Pr","9471",".588",".615","1","Av/93","","","","","","","","&nbsp;","Pr","Prone",".280",".288",  
"LF, CF","Leach, Freddy L  ","$2,658,000","2318",".249",".291",".373","63.2","51.5","19.4","Vg","2497",".539",".692","3","","","","","","Av/82","Fr/82","","Av","Fr","Normal",".231",".304",  
"CF","Busby, Jim R  ","$2,657,000","15166",".239",".282",".324","52.0","86.7","18.6","Vg","16352",".610",".603","0","","","","","","","Vg/61","","Vg","Av","Normal",".284",".280",  
"3B","Crede, Joe R  ","$2,655,000","10328",".243",".296",".382","66.0","34.3","15.6","Fr","11257",".647",".696","1","","","","Av/78","","","","","&nbsp;","Pr","Fragile",".282",".304",  
"RF, LF, CF","Bass, Kevin S  ","$2,652,000","16797",".255",".303",".376","65.3","54.9","16.3","Av","18193",".659",".690","-1","","","","","","Av/93","Fr/93","Av/93","Vg","Vg","Prone",".297",".307",  
"RF, LF, CF","Ganley, Bob L  ","$2,651,000","9980",".259",".322",".347","67.9","68.8","11.9","Av","11242",".635",".685","1","","","","","","Av/88","Fr/88","Av/88","Av","Vg","Normal",".313",".327",  
"CF, LF, RF","Manning, Rick L  ","$2,649,000","3311",".259",".325",".339","68.3","127.3","11.2","Vg","3684",".580",".688","2","","","","","","Vg/77","Av/77","Vg/77","Av","Vg","Prone",".299",".333",  
"LF","Thames, Marcus R  ","$2,645,000","23970",".228",".295",".421","74.2","20.5","11.7","Av","26548",".751",".694","-1","","","","","","Fr/164","","","Av","Pr","Prone",".308",".286",  
"LF, RF","Francisco, Ben R  ","$2,644,000","1337",".239",".306",".341","61.4","63.7","12.0","Av","1491",".568",".716","1","","","","","","Av/92","","Av/92","Av","Av","Normal",".275",".332",  
"C, 1B","Gharrity, Patsy R  ","$2,635,000","10248",".232",".295",".352","60.2","48.8","12.5","Av","11452",".679",".627","-5","Vg/97","Fr/205","","","","","","","&nbsp;","Av","Normal",".306",".289",  
"CF, LF, RF","De Aza, Alejandro L  ","$2,630,000","780",".238",".315",".336","67.2","130.0","10.6","Vg","882",".528",".699","2","","","","","","Av/108","Av/108","Av/108","Av","Vg","Normal",".268",".333",  
"SS, 3B","Gelbert, Charlie R  ","$2,630,000","4604",".236",".303",".333","59.6","100.1","11.5","Vg","5168",".638",".635","-2","","","","Av/75","Av/99","","","","&nbsp;","Fr","Normal",".306",".301",  
"LF, CF","Benson, Gene L  ","$2,627,000","21056",".258",".290",".365","59.8","74.4","23.0","Vg","22309",".687",".636","-1","","","","","","Vg/115","Vg/115","","Fr","Vg","Normal",".302",".283",  
"2B","Panik, Joe L  ","$2,626,000","3340",".253",".308",".321","59.4","159.0","13.3","Av","3697",".604",".629","1","","","Av/69","","","","","","&nbsp;","Fr","Fragile",".304",".307",  
"2B","Barrett, Marty R  ","$2,617,000","17067",".264",".324",".315","63.1","487.6","13.0","Av","19269",".670",".605","-1","","","Av/74","","","","","","&nbsp;","Fr","Prone",".334",".313",  
"3B, LF, RF","Greene, Willie L  ","$2,617,000","13035",".223",".312",".371","70.3","29.5","8.75","Av","14891",".504",".700","3","","","","Av/114","","Av/118","","Av/118","Fr","Fr","Prone",".252",".318",  
"3B, 2B","Hatfield, Fred L  ","$2,612,000","7050",".221",".291",".296","50.6","97.9","12.7","Fr","7868",".543",".599","3","","","Av/115","Av/79","","","","","&nbsp;","Fr","Normal",".293",".292",  
"LF, RF","Vosmik, Joe R  ","$2,609,000","4088",".256",".305",".365","65.5","80.2","15.6","Av","4460",".697",".650","-2","","","","","","Av/70","","Av/70","Av","Fr","Normal",".316",".296",  
"CF, 1B, LF, RF","Keough, Marty L  ","$2,606,000","3381",".227",".286",".363","62.1","43.3","13.6","Ex","3714",".583",".657","2","","Av/100","","","","Av/71","Fr/71","Av/71","Av","Av","Normal",".255",".289",  
"RF","Porter, Dick L  ","$2,606,000","3636",".243",".306",".325","59.0","110.2","12.3","Av","4041",".581",".641","2","","","","","","","","Fr/82","Av","Fr","Normal",".290",".308",  
"3B","Worthington, Craig R  ","$2,604,000","18634",".231",".327",".350","69.3","43.3","8.12","Pr","21655",".719",".612","-1","","","","Av/92","","","","","&nbsp;","Pr","Prone",".342",".305",  
"3B, 2B","Stock, Milt R  ","$2,602,000","11122",".260",".316",".340","63.8","101.1","13.3","Fr","12306",".646",".662","0","","","Av/75","Av/105","","","","","&nbsp;","Av","Normal",".313",".319",  
"2B, 3B, SS","Graffanino, Tony R  ","$2,597,000","13422",".257",".327",".350","68.3","90.7","10.9","Av","14943",".697",".659","-1","","","Av/103","Av/102","Av/130","","","","&nbsp;","Av","Prone",".336",".319",  
"LF, CF, RF","Hollandsworth, Todd L  ","$2,596,000","6615",".255",".306",".376","67.9","58.5","14.4","Vg","7181",".576",".711","2","","","","","","Av/107","Fr/107","Av/107","Av","Av","Fragile",".262",".318",  
"3B","Latham, Arlie R  ","$2,592,000","7591",".229",".285",".285","48.5","165.0","14.3","Vg","8305",".609",".548","-1","","","","Vg/100","","","","","&nbsp;","Ex","Normal",".300",".277",  
"C","Molina, Ben R  ","$2,591,000","11110",".259",".300",".375","64.2","43.4","19.1","Pr","11954",".718",".605","-2","Fr/70","","","","","","","","&nbsp;","Pr","Prone",".316",".272",  
"3B, 1B","Tracy, Chad L  ","$2,586,000","8982",".264",".321",".373","71.7","56.5","12.8","Av","9900",".553",".722","3","","Av/91","","Av/128","","","","","&nbsp;","Pr","Fragile",".266",".332",  
"LF, 2B, RF","Raburn, Ryan R  ","$2,583,000","19384",".258",".328",".416","80.6","34.5","10.7","Av","21713",".789",".674","-2","","","Fr/262","","","Fr/223","","Fr/223","Av","Pr","Normal",".346",".301",  
"RF, LF, CF","Kirkland, Willie L  ","$2,582,000","6258",".234",".295",".390","69.6","34.0","12.7","Av","6881",".572",".707","3","","","","","","Av/122","Fr/122","Av/122","Vg","Fr","Normal",".263",".301",  
"3B","Brown, Bobby L  ","$2,580,000","6458",".278",".341",".362","75.2","91.0","11.8","Av","7161",".588",".720","2","","","","Fr/120","","","","","&nbsp;","Fr","Normal",".293",".349",  
"3B, 1B, 2B, SS","Grimes, Oscar R  ","$2,580,000","25031",".225",".326",".325","68.4","68.6","7.95","Vg","29382",".679",".628","-2","","Fr/88","Fr/123","Av/119","Fr/188","","","","&nbsp;","Fr","Normal",".334",".319",  
"3B","Boros, Steve R  ","$2,579,000","14381",".249",".341",".356","75.6","68.5","8.31","Av","16615",".726",".609","-2","","","","Fr/102","","","","","&nbsp;","Fr","Normal",".351",".311",  
"3B","Dressen, Chuck R  ","$2,575,000","2859",".222",".286",".312","50.7","110.0","12.6","Av","3161",".640",".560","-1","","","","Av/91","","","","","&nbsp;","Fr","Normal",".300",".273",  
"2B","Melillo, Ski R  ","$2,569,000","24204",".207",".249",".260","33.1","192.1","19.5","Av","26042",".536",".495","-2","","","Ex/81","","","","","","&nbsp;","Av","Normal",".258",".245",  
"3B, SS","Clingman, Billy S  ","$2,568,000","5857",".206",".286",".275","45.9","84.9","10.0","Av","6649",".560",".562","0","","","","Vg/73","Av/94","","","","&nbsp;","Av","Normal",".285",".286",  
"LF","Gillespie, Pete L  ","$2,567,000","2793",".261",".303",".339","60.0","90.1","18.6","Av","3017",".666",".640","1","","","","","","Vg/71","","","Av","Av","Normal",".308",".304",  
"CF","Craft, Harry R  ","$2,566,000","20987",".234",".276",".358","56.6","42.3","19.3","Av","22555",".658",".619","-1","","","","","","","Vg/59","","Vg","Fr","Normal",".286",".270",  
"C","Olson, Greg R  ","$2,565,000","5749",".250",".329",".344","67.0","91.3","9.70","Fr","6525",".716",".590","-2","Vg/64","","","","","","","","&nbsp;","Pr","Prone",".344",".298",  
"RF, 1B, LF","Hurdle, Clint L  ","$2,564,000","5397",".237",".321",".360","70.7","46.1","9.23","Fr","6132",".674",".682","1","","Fr/129","","","","Fr/168","","Fr/168","Av","Pr","Normal",".321",".321",  
"CF, LF, RF","Nix, Laynce L  ","$2,564,000","10074",".233",".282",".366","60.7","44.8","15.2","Vg","10914",".499",".668","4","","","","","","Vg/98","Av/98","Av/98","Av","Pr","Fragile",".214",".291",  
"C, 3B","Petralli, Geno L  ","$2,547,000","9010",".254",".328",".335","64.2","109.9","10.1","Fr","10122",".562",".672","5","Fr/123","","","Pr/288","","","","","&nbsp;","Pr","Prone",".295",".331",  
"3B","Schaal, Paul R  ","$2,547,000","25718",".247",".336",".347","72.7","67.9","8.46","Av","29533",".657",".700","0","","","","Av/123","","","","","&nbsp;","Fr","Prone",".331",".340",  
"LF, CF, RF","Herndon, Larry R  ","$2,544,000","10532",".264",".318",".382","69.8","59.2","13.8","Av","11516",".731",".662","-2","","","","","","Av/144","Fr/144","Av/144","Av","Av","Normal",".328",".305",  
"3B","Wolverton, Harry L  ","$2,544,000","17731",".258",".309",".368","67.2","62.4","16.2","Av","19388",".635",".686","1","","","","Av/96","","","","","&nbsp;","Av","Prone",".303",".311",  
"C","Early, Jake L  ","$2,543,000","16289",".232",".305",".350","65.1","47.2","10.8","Pr","18223",".535",".675","2","Av/137","","","","","","","","&nbsp;","Pr","Normal",".265",".312",  
"SS, LF, CF, RF","Dunston, Shawon R  ","$2,539,000","8943",".252",".278",".365","57.1","59.6","31.2","Vg","9375",".675",".627","-1","","","","","Av/98","Av/111","Fr/111","Av/111","Av","Vg","Prone",".295",".270",  
"2B, SS","Oester, Ron S  ","$2,539,000","21264",".245",".294",".319","52.1","122.9","15.6","Av","23157",".551",".633","2","","","Vg/99","","Fr/106","","","","&nbsp;","Fr","Normal",".271",".301",  
"C","Valle, Dave R  ","$2,539,000","9229",".235",".308",".342","60.5","57.0","12.5","Pr","10349",".690",".598","-2","Vg/78","","","","","","","","&nbsp;","Pr","Prone",".329",".281",  
"CF, LF, RF","Scott, Tony S  ","$2,536,000","26704",".233",".284",".308","49.8","115.6","15.7","Vg","29008",".635",".559","-1","","","","","","Vg/68","Vg/68","Vg/68","Av","Ex","Normal",".302",".271",  
"C","Stinson, Bob S  ","$2,532,000","16722",".242",".328",".335","67.0","67.7","9.32","Pr","19201",".504",".690","4","Fr/105","","","","","","","","&nbsp;","Fr","Normal",".267",".338",  
"SS, 2B, 3B","Lopez, Felipe S  ","$2,520,000","23088",".254",".319",".344","66.4","87.8","11.3","Av","25728",".651",".669","0","","","Av/129","Av/134","Av/153","","","","&nbsp;","Av","Normal",".315",".321",  
"2B, SS, LF, CF, RF","Richardson, Danny R  ","$2,517,000","16404",".226",".272",".301","45.8","85.0","17.0","Av","17730",".598",".553","-1","","","Vg/77","","Vg/78","Av/80","Fr/80","Av/80","Fr","Vg","Normal",".282",".264",  
"LF, 1B, 3B, CF, RF","Thomas, Frank J R  ","$2,515,000","13880",".238",".296",".394","66.3","28.2","13.8","Fr","15243",".722",".666","-1","","Fr/164","","Fr/150","","Av/105","Fr/105","Av/105","Av","Pr","Normal",".306",".288",  
"RF, LF, CF","Rivera, Jim L  ","$2,513,000","3877",".251",".303",".393","71.1","44.1","14.7","Vg","4220",".622",".714","2","","","","","","Av/116","Av/116","Av/116","Vg","Vg","Normal",".290",".306",  
"C, 1B","Snyder, Frank R  ","$2,512,000","8367",".244",".300",".347","60.6","59.3","13.4","Fr","9223",".684",".630","-2","Av/73","Fr/117","","","","","","","&nbsp;","Fr","Normal",".315",".293",  
"RF, 3B, SS","Brooks, Hubie R  ","$2,507,000","27455",".262",".310",".387","68.8","47.7","16.1","Av","29714",".751",".633","-2","","","","Av/122","Fr/124","","","Av/184","Av","Fr","Prone",".330",".286",  
"2B, 3B, SS, LF","McEwing, Joe R  ","$2,504,000","2939",".236",".279",".287","47.0","489.8","19.5","Ex","3182",".542",".582","0","","","Vg/84","Vg/113","Av/141","Vg/16","","","Av","Av","Prone",".269",".286",  
"SS","McBride, George R  ","$2,498,000","11242",".215",".265",".302","44.0","62.8","17.3","Av","12223",".590",".552","-1","","","","","Vg/74","","","","&nbsp;","Av","Iron",".271",".261",  
"2B","Hubbard, Glenn R  ","$2,495,000","3722",".220",".297",".297","52.9","132.9","10.6","Av","4189",".579",".601","0","","","Vg/86","","","","","","&nbsp;","Fr","Prone",".294",".298",  
"SS, 2B, RF","Shoch, George R  ","$2,484,000","11145",".236",".318",".323","62.6","65.9","10.5","Av","12642",".641",".641","-1","","","Av/104","","Av/102","","","Av/93","Av","Av","Normal",".320",".317",  
"C","Brown, Larry S  ","$2,481,000","15751",".231",".281",".300","46.2","201.9","16.0","Fr","17061",".591",".576","0","Vg/109","","","","","","","","&nbsp;","Fr","Normal",".283",".280",  
"C","Boone, Bob R  ","$2,478,000","16550",".230",".286",".300","49.5","129.3","14.1","Fr","18265",".601",".577","0","Vg/104","","","","","","","","&nbsp;","Fr","Normal",".288",".285",  
"SS","Janish, Paul R  ","$2,476,000","20521",".208",".274",".251","38.4","1710.1","13.3","Av","22821",".546",".513","-1","","","","","Vg/61","","","","&nbsp;","Fr","Normal",".285",".268",  
"C","Flowers, Tyler R  ","$2,468,000","12543",".236",".310",".354","64.7","43.3","12.3","Pr","14068",".664",".664","0","Av/78","","","","","","","","&nbsp;","Pr","Prone",".307",".311",  
"RF, LF","Scheinblum, Richie S  ","$2,466,000","6789",".244",".322",".336","63.7","102.9","9.72","Fr","7661",".537",".689","2","","","","","","Fr/186","","Fr/186","Av","Pr","Normal",".283",".332",  
"C","Gibbs, Jake L  ","$2,463,000","9263",".253",".304",".331","58.3","109.0","15.2","Av","10065",".506",".647","3","Av/90","","","","","","","","&nbsp;","Av","Fragile",".250",".309",  
"C, 1B, 3B, LF","Farrell, Duke S  ","$2,455,000","11397",".237",".292",".340","57.7","75.0","14.2","Av","12442",".665",".611","0","Vg/99","Av/113","","Fr/95","","Av/119","","","Fr","Av","Prone",".304",".284",  
"2B, 3B","Piet, Tony R  ","$2,455,000","8345",".232",".309",".323","60.4","73.8","11.2","Vg","9453",".641",".621","-1","","","Av/106","Av/112","","","","","&nbsp;","Av","Normal",".310",".307",  
"2B, 3B","Mayo, Eddie L  ","$2,454,000","9378",".228",".279",".297","47.4","103.1","15.9","Av","10330",".503",".591","5","","","Av/79","Av/56","","","","","&nbsp;","Fr","Normal",".251",".285",  
"2B","Morandini, Mickey L  ","$2,447,000","10659",".251",".313",".304","57.4","507.6","13.0","Av","11809",".589",".624","3","","","Av/62","","","","","","&nbsp;","Av","Normal",".298",".317",  
"3B","Burroughs, Sean L  ","$2,446,000","9575",".279",".331",".331","65.3","342.0","15.1","Vg","10481",".580",".672","2","","","","Av/91","","","","","&nbsp;","Fr","Fragile",".300",".335",  
"3B, 2B","Lavagetto, Cookie R  ","$2,446,000","10511",".232",".323",".332","65.8","69.2","8.58","Av","12111",".682",".613","0","","","Av/121","Av/120","","","","","&nbsp;","Av","Prone",".334",".307",  
"RF, LF","Christopher, Joe R  ","$2,439,000","1754",".235",".305",".310","54.9","125.3","11.8","Vg","1954",".595",".627","0","","","","","","Fr/80","","Fr/80","Av","Av","Normal",".298",".310",  
"RF, LF","Mazara, Nomar L  ","$2,435,000","3021",".254",".315",".360","67.8","50.3","12.2","Fr","3331",".662",".697","2","","","","","","Av/89","","Av/89","Vg","Pr","Prone",".305",".326",  
"2B, SS","Smith, Pop R  ","$2,433,000","16786",".203",".269",".298","44.7","74.6","13.3","Av","18588",".607",".540","-1","","","Vg/102","","Vg/85","","","","&nbsp;","Av","Normal",".286",".258",  
"C","Laudner, Tim R  ","$2,432,000","37830",".223",".299",".378","65.8","28.9","10.4","Fr","42436",".718",".573","-3","Fr/128","","","","","","","","&nbsp;","Pr","Normal",".313",".261",  
"SS, 2B, 3B","Strickland, George R  ","$2,432,000","7768",".207",".285",".269","45.5","180.7","10.5","Av","8753",".580",".535","-2","","","Vg/113","Av/67","Vg/93","","","","&nbsp;","Fr","Normal",".295",".278",  
"C, LF, RF","Heath, Mike R  ","$2,428,000","11123",".252",".302",".353","61.5","74.7","15.6","Av","12100",".709",".598","-2","Vg/153","","","","","Fr/97","","Fr/97","Av","Fr","Prone",".321",".281",  
"C","Courtney, Clint L  ","$2,415,000","9692",".253",".311",".348","63.8","76.3","15.7","Pr","10635",".560",".670","2","Av/100","","","","","","","","&nbsp;","Pr","Prone",".273",".315",  
"C","Lopez, Al R  ","$2,414,000","8300",".240",".301",".319","55.8","79.0","12.4","Fr","9261",".661",".588","-1","Vg/82","","","","","","","","&nbsp;","Fr","Prone",".320",".287",  
"3B, 2B, SS","Chalk, Dave R  ","$2,413,000","10965",".253",".327",".324","63.3","166.1","10.8","Av","12413",".696",".583","-2","","","Av/120","Av/84","Fr/135","","","","&nbsp;","Fr","Normal",".344",".300",  
"SP, LF, RF","Stivetts, Jack R  ","$2,400,000","2474",".268",".306",".418","74.3","39.9","18.7","Fr","2655",".767",".660","-1","","","","","","Fr/143","","Fr/143","Fr","Av","Normal",".323",".281",  
"SS","Griffin, Alfredo S  ","$2,396,000","24112",".242",".276",".294","46.4","688.9","23.5","Vg","25931",".567",".571","0","","","","","Vg/113","","","","&nbsp;","Vg","Normal",".276",".276",  
"2B, SS","Padden, Dick R  ","$2,388,000","6983",".218",".292",".310","53.0","73.5","13.3","Av","7851",".658",".562","-1","","","Vg/89","","Av/109","","","","&nbsp;","Vg","Prone",".316",".275",  
"2B, 3B, SS","Infante, Omar R  ","$2,386,000","3204",".244",".285",".322","54.5","106.8","18.4","Vg","3472",".648",".577","0","","","Vg/120","Av/126","Av/146","","","","&nbsp;","Fr","Prone",".296",".276",  
"3B, 2B, SS, LF, CF, RF","Johnston, Jimmy R  ","$2,382,000","14958",".264",".326",".355","69.4","80.0","11.8","Av","16620",".702",".668","-1","","","Av/125","Av/133","Fr/105","Av/135","Fr/135","Av/135","Av","Vg","Prone",".333",".322",  
"RF, LF","Nordhagen, Wayne R  ","$2,381,000","13441",".275",".311",".416","72.2","43.4","20.2","Fr","14327",".760",".678","-1","","","","","","Fr/192","","Fr/192","Av","Pr","Normal",".324",".292",  
"RF, LF","Mueller, Don L  ","$2,379,000","31038",".281",".304",".331","57.3","365.2","32.4","Fr","32418",".576",".655","2","","","","","","Fr/86","","Fr/86","Fr","Pr","Normal",".277",".312",  
"C","Ausmus, Brad R  ","$2,367,000","14302",".235",".298",".287","49.3","376.4","12.8","Fr","15929",".623",".568","-1","Vg/63","","","","","","","","&nbsp;","Fr","Normal",".313",".293",  
"RF, 2B, 3B, LF, CF","Youngblood, Joel R  ","$2,363,000","2776",".252",".319",".366","69.4","56.7","11.9","Av","3090",".663",".702","0","","","Av/209","Fr/192","","Av/94","Fr/94","Av/94","Vg","Av","Normal",".312",".325",  
"2B, 1B, 3B, SS","Descalso, Daniel L  ","$2,362,000","1481",".226",".303",".308","57.8","134.6","10.3","Vg","1678",".577",".624","0","","Av/218","Av/131","Av/93","Av/168","","","","&nbsp;","Fr","Normal",".287",".309",  
"2B, SS","Sizemore, Ted R  ","$2,362,000","15633",".256",".311",".312","57.8","274.3","13.8","Av","17236",".656",".600","-1","","","Vg/92","","Av/135","","","","&nbsp;","Fr","Prone",".321",".304",  
"SS, 2B","Barry, Jack R  ","$2,361,000","9949",".240",".310",".341","64.0","57.8","12.5","Av","11221",".675",".637","-1","","","Av/84","","Av/90","","","","&nbsp;","Vg","Normal",".320",".303",  
"2B, 3B, SS","Neal, Charlie R  ","$2,360,000","5533",".227",".295",".306","51.9","145.6","11.7","Vg","6173",".569",".617","0","","","Av/88","Av/93","Av/133","","","","&nbsp;","Fr","Normal",".286",".299",  
"RF, SS","Wolf, Jimmy R  ","$2,358,000","6895",".241",".279",".320","51.0","164.2","20.8","Av","7402",".629",".583","-1","","","","","Fr/131","","","Vg/72","Vg","Vg","Iron",".293",".271",  
"CF, LF, RF","Hemphill, Charlie L  ","$2,357,000","8774",".251",".329",".349","69.7","53.2","9.51","Av","9958",".645",".692","1","","","","","","Av/116","Fr/116","Av/116","Av","Vg","Prone",".318",".335",  
"SS","Tavener, Jackie L  ","$2,357,000","14125",".208",".265",".310","46.2","66.3","14.6","Vg","15537",".528",".597","2","","","","","Vg/84","","","","&nbsp;","Av","Prone",".257",".268",  
"C, 1B, 3B","Williams, Earl R  ","$2,348,000","16656",".237",".305",".399","69.2","25.6","12.0","Pr","18503",".711",".704","0","Fr/118","Fr/96","","Fr/204","","","","","&nbsp;","Pr","Normal",".306",".304",  
"SS, 1B, 2B, 3B","Wise, Sam L  ","$2,346,000","12737",".234",".294",".356","61.0","55.6","13.4","Av","14006",".595",".670","1","","Fr/142","Av/117","Fr/185","Av/109","","","","&nbsp;","Vg","Normal",".281",".299",  
"3B, 1B","Moriarty, George R  ","$2,345,000","6101",".235",".288",".323","55.0","71.8","15.7","Av","6710",".658",".569","-1","","Vg/105","","Vg/96","","","","","&nbsp;","Ex","Normal",".307",".271",  
"SS","Cabrera, Everth S  ","$2,343,000","9837",".250",".319",".320","64.6","185.6","11.3","Vg","11133",".630",".647","0","","","","","Av/121","","","","&nbsp;","Ex","Fragile",".311",".325",  
"C, 1B, 3B, LF, RF","Sullivan, Billy Jr L  ","$2,342,000","14222",".248",".299",".333","58.2","92.4","15.5","Av","15593",".549",".648","3","Av/153","Av/94","","Av/146","","Av/179","","Av/179","Av","Fr","Normal",".266",".305",  
"LF, 1B, CF, RF","Collins, Dave S  ","$2,337,000","15064",".265",".326",".328","65.8","239.1","12.6","Vg","16761",".620",".670","1","","Fr/155","","","","Av/74","Av/74","Av/74","Fr","Ex","Prone",".321",".329",  
"2B","Kampouris, Alex R  ","$2,333,000","19634",".227",".308",".370","67.4","32.2","10.1","Av","22254",".723",".647","1","","","Av/99","","","","","","&nbsp;","Fr","Normal",".322",".298",  
"C","Kreuter, Chad S  ","$2,332,000","7207",".228",".319",".322","61.4","78.3","8.62","Fr","8277",".688",".605","-1","Av/105","","","","","","","","&nbsp;","Pr","Prone",".333",".308",  
"3B, 1B, LF, RF","Cabell, Enos R  ","$2,331,000","7435",".269",".303",".359","62.1","94.1","22.8","Vg","7874",".672",".649","-1","","Av/90","","Fr/113","","Fr/107","","Fr/107","Fr","Vg","Normal",".306",".298",  
"SS, 2B, 3B, LF","Aviles, Mike R  ","$2,322,000","8378",".251",".290",".326","53.2","114.8","19.2","Vg","9005",".623",".613","-1","","","Av/116","Av/167","Av/100","Fr/101","","","Fr","Vg","Normal",".290",".291",  
"C","Moran, Pat R  ","$2,314,000","7056",".232",".280",".345","54.8","49.3","17.6","Av","7674",".628",".622","-1","Vg/75","","","","","","","","&nbsp;","Av","Normal",".285",".276",  
"RP, SP, LF, RF","Hoskins, Dave L  ","$2,309,000","828",".221",".259",".295","41.6","82.8","23.8","Av","879",".534",".560","0","","","","","","Fr/100","","Fr/100","Av","Pr","Prone",".256",".260",  
"C, LF, RF","Moore, Charlie R  ","$2,308,000","12862",".246",".308",".327","59.5","151.3","12.4","Av","14283",".632",".637","0","Av/138","","","","","Av/100","","Av/100","Vg","Av","Normal",".308",".308",  
"C","Hayes, Frankie R  ","$2,305,000","6919",".229",".302",".357","62.5","35.3","10.9","Fr","7764",".700",".617","-1","Fr/122","","","","","","","","&nbsp;","Fr","Normal",".315",".288",  
"RF, 1B, 3B, LF","Huskey, Butch R  ","$2,305,000","19292",".253",".309",".396","69.1","32.3","13.3","Av","21115",".741",".613","-2","","Fr/202","","Fr/173","","Av/120","","Av/120","Av","Fr","Normal",".321",".277",  
"C","Naragon, Hal L  ","$2,304,000","18704",".260",".304",".312","55.3","359.7","17.4","Pr","20166",".577",".625","0","Av/77","","","","","","","","&nbsp;","Pr","Normal",".294",".306",  
"C","Hernandez, Ramon J. R  ","$2,303,000","4656",".249",".313",".353","64.3","61.3","12.9","Pr","5159",".677",".657","-1","Av/118","","","","","","","","&nbsp;","Pr","Fragile",".317",".310",  
"2B, 3B, SS","Villar, Jonathan S  ","$2,297,000","366",".249",".317",".317","62.9","122.0","11.1","Vg","412",".664",".618","0","","","Av/164","Fr/224","Av/165","","","","&nbsp;","Ex","Prone",".352",".298",  
"C","O'Neill, Steve R  ","$2,296,000","7600",".222",".298",".315","54.9","62.3","10.8","Fr","8630",".653",".582","-1","Av/95","","","","","","","","&nbsp;","Fr","Normal",".310",".289",  
"C, 1B, LF","Oliver, Gene R  ","$2,292,000","28036",".229",".300",".380","66.0","31.0","10.9","Fr","31340",".732",".646","-2","Av/127","Fr/152","","","","Fr/198","","","Fr","Fr","Prone",".328",".282",  
"C","Essian, Jim R  ","$2,290,000","3381",".234",".311",".326","60.8","70.4","10.2","Pr","3828",".627",".642","0","Vg/102","","","","","","","","&nbsp;","Fr","Prone",".299",".316",  
"3B, 1B","Stripp, Joe R  ","$2,285,000","6818",".251",".309",".327","59.2","108.2","13.2","Av","7538",".668",".614","0","","Av/73","","Av/73","","","","","&nbsp;","Fr","Normal",".318",".302",  
"C","Herrmann, Ed L  ","$2,284,000","13991",".230",".289",".348","57.5","41.4","13.6","Pr","15378",".499",".650","2","Av/89","","","","","","","","&nbsp;","Pr","Normal",".239",".294",  
"SS","Foli, Tim R  ","$2,283,000","21238",".238",".271",".287","42.7","337.1","25.7","Av","22753",".544",".567","0","","","","","Vg/75","","","","&nbsp;","Av","Prone",".263",".276",  
"3B","Deal, Charlie R  ","$2,282,000","1431",".247",".287",".359","59.3","68.1","19.4","Av","1536",".611",".659","1","","","","Vg/72","","","","","&nbsp;","Av","Normal",".276",".290",  
"2B, 1B, 3B","Forsythe, Logan R  ","$2,281,000","1347",".265",".341",".356","72.0","192.4","10.2","Av","1514",".741",".655","-2","","Fr/124","Av/109","Av/109","","","","","&nbsp;","Fr","Fragile",".342",".338",  
"RF, 1B, LF","Bell, Beau R  ","$2,279,000","5518",".247",".306",".361","64.2","55.7","12.8","Av","6078",".689",".632","2","","Fr/231","","","","Av/80","","Av/80","Av","Pr","Normal",".311",".299",  
"LF, CF, RF","Leonard, Jeffrey R  ","$2,276,000","11654",".255",".309",".390","66.6","42.5","14.0","Av","12699",".734",".646","-2","","","","","","Fr/128","Fr/128","Fr/128","Fr","Vg","Normal",".324",".287",  
"C","Miller, Damian R  ","$2,275,000","7050",".246",".305",".356","60.8","65.3","12.9","Pr","7758",".669",".656","0","Av/54","","","","","","","","&nbsp;","Pr","Normal",".311",".302",  
"CF, 3B, RF","Tuttle, Bill R  ","$2,273,000","13858",".243",".307",".312","54.8","195.2","12.1","Vg","15364",".616",".621","0","","","","Av/118","","","Vg/85","Vg/85","Vg","Fr","Normal",".305",".308",  
"SS, 2B, 3B","Tracewski, Dick R  ","$2,269,000","7008",".234",".317",".303","60.1","134.8","9.24","Ex","7970",".661",".575","-2","","","Av/126","Av/89","Av/111","","","","&nbsp;","Fr","Normal",".330",".304",  
"C","Hodges, Ron L  ","$2,254,000","19410",".230",".323",".307","61.2","88.6","8.34","Pr","22378",".659",".620","-1","Vg/148","","","","","","","","&nbsp;","Fr","Normal",".331",".321",  
"C, 1B, 2B, 3B","Peitz, Heinie R  ","$2,253,000","6266",".230",".301",".346","61.8","55.5","10.9","Fr","7007",".680",".609","-1","Vg/81","Fr/98","Fr/121","Fr/98","","","","","&nbsp;","Av","Normal",".311",".290",  
"C","Hanigan, Ryan R  ","$2,250,000","8106",".242",".327",".294","60.0","158.9","9.56","Pr","9266",".660",".581","-2","Av/56","","","","","","","","&nbsp;","Pr","Fragile",".341",".314",  
"C","Azcue, Joe R  ","$2,248,000","13028",".252",".297",".322","53.7","125.3","16.6","Fr","14043",".677",".574","-2","Vg/66","","","","","","","","&nbsp;","Pr","Prone",".322",".279",  
"3B, 2B, SS","Nunez, Abraham S  ","$2,247,000","38267",".232",".293",".268","46.0","869.7","12.6","Fr","42357",".519",".583","1","","","Vg/84","Vg/91","Vg/112","","","","&nbsp;","Fr","Normal",".276",".302",  
"3B","Reitz, Ken R  ","$2,242,000","30104",".239",".269",".323","45.6","93.8","28.4","Pr","31797",".618",".579","-1","","","","Av/60","","","","","&nbsp;","Pr","Normal",".278",".264",  
"SS, 2B","Hamner, Granny R  ","$2,238,000","17487",".245",".285",".343","54.7","92.0","19.1","Av","18812",".683",".590","-2","","","Vg/121","","Vg/129","","","","&nbsp;","Fr","Normal",".305",".271",  
"SS, 3B","Bogar, Tim R  ","$2,234,000","9830",".210",".268",".276","39.2","129.3","14.5","Vg","10736",".601",".512","-2","","","","Vg/74","Vg/67","","","","&nbsp;","Fr","Prone",".287",".257",  
"CF, LF, RF","Pickering, Ollie L  ","$2,234,000","6255",".250",".321",".343","66.7","61.9","10.7","Av","7056",".595",".695","1","","","","","","Av/95","Av/95","Av/95","Vg","Vg","Normal",".306",".328",  
"3B, 1B","Jacoby, Brook R  ","$2,224,000","21869",".251",".315",".363","66.1","53.2","11.7","Av","24220",".694",".668","0","","Fr/81","","Fr/83","","","","","&nbsp;","Fr","Normal",".321",".311",  
"C","Rosar, Buddy R  ","$2,223,000","9561",".249",".305",".314","55.7","138.6","13.6","Pr","10527",".616",".621","-1","Vg/46","","","","","","","","&nbsp;","Fr","Prone",".310",".302",  
"2B, 3B","Treadway, Jeff L  ","$2,223,000","9698",".266",".315",".344","63.4","124.3","15.6","Av","10542",".521",".682","3","","","Av/135","Av/137","","","","","&nbsp;","Fr","Prone",".261",".324",  
"LF, CF, RF","Case, George R  ","$2,221,000","5795",".264",".313",".340","65.8","128.8","15.8","Ex","6291",".659",".645","1","","","","","","Av/114","Av/114","Av/114","Av","Ex","Prone",".319",".305",  
"C","Webster, Lenny R  ","$2,218,000","5872",".253",".319",".346","62.9","72.5","11.6","Fr","6521",".696",".576","-2","Fr/54","","","","","","","","&nbsp;","Pr","Normal",".328",".291",  
"LF, CF, RF","Clines, Gene R  ","$2,211,000","19618",".268",".318",".326","60.4","332.5","15.3","Vg","21509",".657",".630","-1","","","","","","Av/98","Av/98","Av/98","Av","Av","Normal",".319",".319",  
"C, LF, RF","Harper, Brian R  ","$2,206,000","16188",".271",".305",".375","63.8","66.6","27.0","Pr","17196",".685",".676","0","Fr/145","","","","","Pr/121","","Pr/121","Av","Fr","Normal",".303",".306",  
"SS","Hechavarria, Adeiny R  ","$2,206,000","1821",".253",".297",".323","55.7","260.1","16.8","Vg","1967",".638",".605","-1","","","","","Av/76","","","","&nbsp;","Fr","Prone",".294",".300",  
"3B, SS","Denny, Jerry R  ","$2,200,000","8788",".225",".258",".336","47.6","57.4","24.2","Av","9296",".582",".600","-1","","","","Vg/88","Av/80","","","","&nbsp;","Vg","Normal",".257",".258",  
"RF","Campbell, Bruce L  ","$2,199,000","4823",".249",".308",".373","69.1","56.7","13.2","Av","5312",".592",".709","3","","","","","","","","Fr/145","Vg","Fr","Prone",".277",".318",  
"LF, RF","Young, Delmon R  ","$2,199,000","13595",".280",".317",".392","69.6","55.5","20.1","Av","14505",".752",".649","-1","","","","","","Fr/184","","Fr/184","Av","Fr","Normal",".331",".297",  
"LF, RF","Rhodes, Dusty L  ","$2,198,000","9196",".231",".293",".361","61.1","40.7","12.5","Fr","10113",".605",".670","-1","","","","","","Fr/182","","Fr/182","Fr","Pr","Normal",".273",".300",  
"3B, 1B, SS, LF, RF","Wrightstone, Russ L  ","$2,196,000","15732",".246",".306",".367","65.9","45.6","13.2","Av","17317",".533",".695","3","","Fr/137","","Av/113","Fr/92","Fr/191","","Fr/191","Fr","Fr","Normal",".259",".313",  
"2B","Morgan, Ray R  ","$2,187,000","6899",".240",".330",".341","69.1","65.7","8.91","Av","7974",".690",".650","-1","","","Fr/105","","","","","","&nbsp;","Av","Prone",".336",".323",  
"SS, 2B, 3B","Pennington, Cliff S  ","$2,187,000","5320",".250",".317",".319","63.2","177.3","11.1","Vg","5969",".560",".663","1","","","Av/82","Fr/107","Av/120","","","","&nbsp;","Av","Prone",".294",".325",  
"3B, 1B, 2B, SS","Gonzales, Rene R  ","$2,185,000","10692",".238",".310",".314","56.3","115.0","11.0","Av","12023",".668",".573","-2","","Av/120","Av/74","Vg/88","Av/110","","","","&nbsp;","Fr","Normal",".327",".290",  
"RF, CF","Ford, Dan R  ","$2,183,000","10370",".262",".316",".394","71.2","51.8","15.0","Av","11360",".737",".702","-1","","","","","","","Fr/134","Av/134","Av","Av","Prone",".327",".310",  
"C, 3B","Smith, Hal W. R  ","$2,173,000","16275",".256",".303",".367","62.5","62.1","16.3","Pr","17606",".658",".676","-1","Av/119","","","Av/105","","","","","&nbsp;","Pr","Normal",".298",".306",  
"SS, 2B, 3B","Causey, Wayne L  ","$2,166,000","5775",".257",".331",".327","67.6","180.5","10.2","Av","6551",".587",".672","1","","","Fr/98","Av/116","Fr/88","","","","&nbsp;","Pr","Normal",".309",".335",  
"2B, 3B, SS","Brown, Jimmy S  ","$2,162,000","11258",".244",".289",".304","50.9","216.5","17.2","Av","12228",".585",".599","0","","","Vg/92","Vg/93","Av/111","","","","&nbsp;","Fr","Normal",".285",".292",  
"2B, 3B, SS","Rigney, Bill R  ","$2,162,000","7208",".252",".315",".345","64.5","83.8","12.6","Av","8025",".700",".642","-1","","","Av/109","Av/97","Fr/182","","","","&nbsp;","Fr","Normal",".332",".307",  
"RF, LF","Moryn, Walt L  ","$2,158,000","11019",".244",".312",".388","71.3","34.2","11.4","Fr","12257",".668",".706","2","","","","","","Av/129","","Av/129","Av","Pr","Normal",".299",".315",  
"C","Nolan, Joe L  ","$2,153,000","18232",".250",".323",".340","66.1","90.3","10.5","Pr","20398",".587",".678","3","Av/112","","","","","","","","&nbsp;","Fr","Normal",".293",".329",  
"C","Walker, Fleet R  ","$2,152,000","15599",".247",".324",".306","60.6","101.3","12.7","Fr","17656",".643",".619","-1","Av/129","","","","","","","","&nbsp;","Av","Normal",".332",".317",  
"C, LF, RF","Padgett, Don L  ","$2,148,000","8604",".260",".304",".383","67.1","49.7","16.6","Fr","9264",".635",".697","3","Pr/140","","","","","Fr/144","","Fr/144","Vg","Pr","Normal",".292",".307",  
"C","Yeager, Steve R  ","$2,147,000","9208",".221",".285",".352","56.9","39.9","12.8","Fr","10164",".686",".593","-2","Ex/86","","","","","","","","&nbsp;","Fr","Prone",".305",".268",  
"LF, CF, RF","McCarthy, Jack L  ","$2,145,000","6806",".263",".317",".350","65.5","84.0","13.9","Av","7520",".595",".679","1","","","","","","Av/94","Fr/94","Av/94","Av","Av","Normal",".298",".320",  
"SS","Gonzalez, Alex R  ","$2,143,000","16429",".244",".285",".363","58.6","51.8","20.5","Vg","17638",".650",".648","0","","","","","Av/98","","","","&nbsp;","Fr","Prone",".285",".285",  
"2B","Lind, Jose R  ","$2,134,000","14169",".239",".272",".282","41.1","833.5","22.7","Av","15113",".562",".549","-1","","","Vg/62","","","","","","&nbsp;","Fr","Normal",".275",".271",  
"RF, 3B, LF, CF","Mackowiak, Rob L  ","$2,134,000","12784",".246",".313",".351","67.8","60.3","11.8","Av","14244",".590",".678","2","","","","Av/101","","Fr/132","Fr/132","Fr/132","Fr","Fr","Normal",".288",".318",  
"3B, 2B","Haney, Fred R  ","$2,133,000","3454",".223",".316",".284","56.4","98.7","8.41","Av","3987",".630",".564","-1","","","Fr/124","Av/102","","","","","&nbsp;","Av","Normal",".328",".301",  
"RF","Piscotty, Stephen R  ","$2,132,000","420",".259",".328",".386","72.8","42.0","11.1","Av","467",".691",".817","-1","","","","","","","","Av/65","Fr","Fr","Prone",".326",".338",  
"SS","Ordonez, Rey R  ","$2,129,000","15509",".233",".263",".276","38.3","1193.0","26.1","Av","16732",".523",".551","0","","","","","Vg/77","","","","&nbsp;","Fr","Prone",".256",".269",  
"1B","Smoak, Justin S  ","$2,126,000","7907",".235",".322",".372","71.4","33.4","8.61","Pr","9059",".657",".709","1","","Fr/65","","","","","","","&nbsp;","Pr","Prone",".306",".329",  
"LF, 1B, 3B, CF, RF","Robinson, Bill R  ","$2,122,000","9175",".241",".287",".400","63.5","31.3","16.5","Av","9909",".712",".660","-1","","Fr/93","","Pr/217","","Av/100","Fr/100","Av/100","Av","Av","Prone",".298",".276",  
"SS","Schofield, Dick Jr R  ","$2,120,000","5451",".228",".303",".296","55.7","143.4","10.9","Av","6184",".631",".576","-1","","","","","Av/76","","","","&nbsp;","Av","Prone",".319",".292",  
"RF, 2B, LF","Niles, Harry R  ","$2,116,000","11984",".259",".328",".377","72.9","45.9","11.1","Vg","13458",".735",".639","-1","","","Fr/119","","","Fr/90","","Fr/90","Av","Vg","Prone",".337",".308",  
"3B, 2B, SS","Burns, Tom R  ","$2,115,000","5736",".238",".290",".321","53.2","94.0","14.9","Av","6249",".641",".595","-1","","","Av/117","Vg/93","Fr/111","","","","&nbsp;","Av","Normal",".299",".284",  
"CF, LF, RF","Boston, Daryl L  ","$2,110,000","11625",".235",".297",".374","66.4","39.3","12.3","Vg","12789",".582",".684","2","","","","","","Av/122","Fr/122","Av/122","Av","Vg","Normal",".268",".302",  
"CF, RF","Rivera, Ruben R  ","$2,109,000","10934",".212",".293",".360","62.4","34.2","10.4","Vg","12328",".676",".620","-1","","","","","","","Vg/97","Vg/97","Av","Vg","Prone",".300",".284",  
"C","Ashby, Alan S  ","$2,099,000","11530",".228",".299",".328","56.5","56.2","11.0","Pr","12934",".552",".640","2","Vg/94","","","","","","","","&nbsp;","Pr","Prone",".270",".304",  
"2B","Beckert, Glenn R  ","$2,099,000","8802",".261",".299",".302","52.2","1760.4","19.6","Vg","9467",".620",".594","-1","","","Vg/117","","","","","","&nbsp;","Fr","Prone",".308",".294",  
"1B","Johnson, Lamar R  ","$2,093,000","13282",".271",".327",".383","71.0","55.6","12.9","Fr","14569",".726",".691","-1","","Av/142","","","","","","","&nbsp;","Fr","Normal",".333",".318",  
"CF, 3B, LF","Oldring, Rube R  ","$2,093,000","7597",".259",".293",".378","63.2","58.9","22.7","Vg","8155",".710",".623","-1","","","","Fr/139","","Av/77","Av/77","","Pr","Vg","Normal",".306",".275",  
"2B, 3B, SS","Bohne, Sam R  ","$2,088,000","4909",".216",".282",".325","52.1","52.8","12.0","Av","5465",".645",".581","-2","","","Av/87","Vg/82","Fr/111","","","","&nbsp;","Vg","Normal",".299",".270",  
"2B, 3B, SS","Lumpe, Jerry L  ","$2,086,000","11413",".247",".303",".306","55.3","265.4","13.7","Av","12571",".541",".627","1","","","Av/76","Av/110","Av/115","","","","&nbsp;","Pr","Normal",".278",".310",  
"2B","Critz, Hughie R  ","$2,077,000","5673",".239",".287",".319","52.9","115.8","16.5","Vg","6208",".643",".578","-2","","","Vg/77","","","","","","&nbsp;","Av","Normal",".301",".275",  
"CF, LF, RF","Delsing, Jim L  ","$2,077,000","5648",".235",".305",".338","62.0","68.0","11.6","Av","6293",".572",".659","1","","","","","","Vg/55","Av/55","Vg/55","Av","Fr","Normal",".280",".310",  
"2B, 3B","Gates, Brent S  ","$2,069,000","6294",".253",".318",".317","59.9","251.8","11.5","Av","6987",".597",".647","0","","","Av/102","Av/80","","","","","&nbsp;","Fr","Prone",".302",".323",  
"1B","McKinnon, Alex R  ","$2,068,000","9289",".288",".316",".403","73.0","69.8","25.1","Fr","9846",".747",".687","-1","","Fr/101","","","","","","","&nbsp;","Fr","Normal",".324",".309",  
"LF, CF, RF","Michaels, Jason R  ","$2,066,000","7854",".251",".325",".355","70.5","84.5","10.2","Av","8846",".708",".633","-1","","","","","","Av/73","Fr/73","Av/73","Av","Fr","Prone",".335",".308",  
"C","Wagner, Hal L  ","$2,060,000","6403",".227",".313",".313","60.8","97.0","9.28","Fr","7295",".445",".643","2","Av/104","","","","","","","","&nbsp;","Pr","Normal",".238",".320",  
"C","Rodgers, Buck S  ","$2,056,000","13155",".230",".280",".299","47.0","173.1","16.4","Fr","14235",".500",".600","1","Vg/109","","","","","","","","&nbsp;","Fr","Normal",".255",".286",  
"C","Davis, Jody R  ","$2,054,000","14666",".224",".286",".353","56.5","35.3","12.6","Pr","16121",".646",".640","0","Av/90","","","","","","","","&nbsp;","Pr","Normal",".281",".291",  
"C","Hegan, Jim R  ","$2,054,000","9973",".218",".268",".317","47.7","69.3","15.8","Fr","10847",".600",".575","0","Ex/70","","","","","","","","&nbsp;","Pr","Prone",".271",".266",  
"SP, 1B","Buffinton, Charlie R  ","$2,053,000","170",".200",".218",".265","24.9","56.7","44.0","Pr","176",".421",".522","-1","","Fr/127","","","","","","","&nbsp;","Fr","Normal",".194",".234",  
"RF, LF","Francoeur, Jeff R  ","$2,045,000","21257",".254",".299",".380","64.8","45.3","17.7","Fr","22891",".713",".627","-1","","","","","","Av/124","","Av/124","Ex","Fr","Normal",".311",".280",  
"SS, 2B","Cruz, Deivi R  ","$2,039,000","6170",".253",".278",".325","49.7","228.5","31.4","Av","6537",".619",".595","-1","","","Fr/57","","Av/80","","","","&nbsp;","Fr","Normal",".286",".274",  
"C","Warner, John L  ","$2,038,000","12523",".227",".285",".303","49.1","80.3","16.4","Fr","13700",".519",".597","1","Vg/80","","","","","","","","&nbsp;","Av","Normal",".265",".287",  
"2B","Reitz, Heinie L  ","$2,037,000","5096",".233",".302",".320","56.5","130.7","11.7","Vg","5726",".603",".631","1","","","Av/70","","","","","","&nbsp;","Vg","Prone",".290",".306",  
"LF, CF, RF","Stephens, Gene L  ","$2,033,000","9726",".218",".300",".319","59.8","65.7","9.87","Vg","10998",".500",".638","4","","","","","","Av/139","Av/139","Av/139","Vg","Fr","Normal",".258",".306",  
"SS, 2B, 3B","Fox, Andy L  ","$2,032,000","2256",".239",".310",".305","57.2","118.7","12.6","Vg","2509",".595",".619","2","","","Fr/153","Fr/74","Fr/140","","","","&nbsp;","Vg","Prone",".304",".311",  
"SS, 2B","Garcia, Kiko R  ","$2,031,000","19025",".236",".288",".316","48.8","119.7","14.9","Av","20619",".566",".622","0","","","Vg/161","","Vg/109","","","","&nbsp;","Vg","Normal",".274",".295",  
"RF, LF, CF","Cedeno, Roger S  ","$2,030,000","12428",".266",".331",".331","69.2","191.2","11.2","Vg","13814",".618",".685","0","","","","","","Av/136","Fr/136","Av/136","Av","Ex","Prone",".315",".339",  
"C","Masi, Phil R  ","$2,029,000","6487",".243",".313",".340","61.5","80.1","11.1","Fr","7311",".677",".638","0","Av/88","","","","","","","","&nbsp;","Fr","Prone",".323",".306",  
"C","Ott, Ed L  ","$2,028,000","9111",".239",".292",".335","56.4","61.1","14.7","Av","9926",".592",".632","2","Av/110","","","","","","","","&nbsp;","Fr","Normal",".273",".294",  
"2B, 3B, SS","Young, Pep R  ","$2,026,000","12388",".224",".274",".350","54.0","48.4","16.5","Av","13457",".623",".625","0","","","Vg/103","Av/124","Av/119","","","","&nbsp;","Fr","Normal",".274",".273",  
"SS, 2B, 3B","Beckham, Tim R  ","$2,025,000","0","0","0","0","0","0","0","Av","0","0","0","0","","","Fr/187","Av/114","Av/176","","","","&nbsp;","Fr","Prone","0","0",  
"RF, LF","Munoz, Pedro R  ","$2,022,000","11931",".270",".317",".427","75.1","30.3","15.8","Fr","12912",".771",".645","-2","","","","","","Fr/116","","Fr/116","Av","Fr","Prone",".325",".288",  
"3B","Lord, Harry L  ","$2,021,000","9634",".270",".317",".371","70.6","70.8","16.4","Av","10561",".672",".695","1","","","","Fr/110","","","","","&nbsp;","Vg","Normal",".308",".320",  
"SS, 3B","Klaus, Billy L  ","$2,020,000","14933",".230",".309",".309","59.2","96.3","9.83","Av","16851",".535",".644","1","","","","Av/92","Av/115","","","","&nbsp;","Pr","Normal",".284",".316",  
"3B","Wert, Don R  ","$2,013,000","5054",".243",".307",".324","57.0","81.5","12.4","Fr","5622",".657",".599","-1","","","","Av/70","","","","","&nbsp;","Fr","Normal",".315",".296",  
"LF, CF, RF","Stahl, Larry L  ","$2,005,000","23137",".241",".306",".369","68.3","46.4","11.7","Av","25590",".447",".692","5","","","","","","Av/77","Fr/77","Av/77","Vg","Fr","Normal",".233",".311",  
"C","Foiles, Hank R  ","$2,004,000","12722",".230",".296",".363","63.0","35.4","11.5","Pr","14077",".669",".659","0","Av/109","","","","","","","","&nbsp;","Pr","Prone",".304",".291",  
"CF, LF","Gwynn, Tony Jr L  ","$2,004,000","8523",".244",".312",".299","59.9","501.4","11.2","Vg","9601",".546",".625","2","","","","","","Vg/84","Av/84","","Fr","Vg","Normal",".279",".319",  
"SS, 2B","Terry, Zeb R  ","$2,003,000","7704",".237",".307",".324","59.7","70.7","11.9","Vg","8759",".661",".613","-3","","","Av/81","","Fr/73","","","","&nbsp;","Av","Normal",".323",".297",  
"SS, 2B","Corcoran, Tommy R  ","$2,002,000","9983",".219",".250",".313","41.6","79.9","24.1","Vg","10553",".603",".541","-1","","","Av/92","","Vg/81","","","","&nbsp;","Vg","Prone",".267",".241",  
"C","Rariden, Bill R  ","$2,000,000","3566",".222",".303",".296","55.8","84.9","9.62","Av","4068",".643",".561","-1","Av/97","","","","","","","","&nbsp;","Fr","Normal",".323",".285",  
"DH, LF, RF","Sheets, Larry L  ","$1,997,000","7403",".254",".306",".393","68.0","32.6","15.1","Pr","8038",".649",".701","2","","","","","","Fr/121","","Fr/121","Av","Fr","Normal",".299",".303",  
"3B","Rodriguez, Aurelio R  ","$1,990,000","6331",".222",".262",".327","46.2","73.6","20.7","Av","6764",".639",".546","-1","","","","Vg/80","","","","","&nbsp;","Fr","Prone",".277",".249",  
"3B","Alvis, Max R  ","$1,987,000","10801",".238",".296",".345","59.1","52.9","14.3","Av","11851",".672",".616","-1","","","","Av/95","","","","","&nbsp;","Av","Prone",".312",".284",  
"2B, 3B, LF, RF","LaPorte, Frank R  ","$1,982,000","6562",".254",".306",".366","65.3","71.3","14.9","Av","7183",".698",".665","-1","","","Fr/96","Fr/102","","Fr/206","","Fr/206","Fr","Av","Prone",".319",".300",  
"3B","Howell, Roy L  ","$1,981,000","12210",".248",".307",".369","66.1","50.5","13.3","Av","13397",".656",".683","1","","","","Av/120","","","","","&nbsp;","Pr","Prone",".294",".310",  
"3B, 2B, LF, CF","Randle, Len S  ","$1,970,000","5350",".244",".313",".315","58.5","167.2","11.3","Vg","6021",".598",".644","0","","","Av/138","Av/97","","Av/99","Fr/99","","Av","Vg","Normal",".300",".320",  
"SS, 3B","Urbanski, Billy R  ","$1,968,000","2044",".229",".286",".314","51.7","75.7","14.5","Av","2246",".577",".610","0","","","","Av/70","Fr/98","","","","&nbsp;","Pr","Normal",".276",".291",  
"2B, 3B","Baker, Gene R  ","$1,962,000","17968",".244",".300",".334","58.4","110.2","13.8","Av","19910",".634",".637","1","","","Vg/138","Av/107","","","","","&nbsp;","Fr","Normal",".299",".303",  
"SS","Stocker, Kevin S  ","$1,958,000","3056",".236",".313",".290","55.0","611.2","10.9","Vg","3422",".513",".628","0","","","","","Av/101","","","","&nbsp;","Fr","Fragile",".277",".323",  
"SS, 2B, 3B","Kelleher, Mick R  ","$1,956,000","25732",".204",".259",".236","29.9","1029.3","15.5","Av","28299",".508",".487","-2","","","Vg/105","Av/91","Vg/67","","","","&nbsp;","Fr","Normal",".267",".254",  
"SS, 2B, 3B","McDonald, John R  ","$1,952,000","10067",".227",".266",".286","42.4","218.8","21.5","Av","10913",".576",".534","-1","","","Vg/61","Vg/106","Vg/99","","","","&nbsp;","Av","Prone",".275",".259",  
"LF, RF","Spencer, Shane R  ","$1,951,000","8577",".249",".319",".374","72.7","44.2","11.0","Fr","9547",".729",".644","-2","","","","","","Av/92","","Av/92","Vg","Fr","Fragile",".332",".301",  
"SS","Peters, John R  ","$1,942,000","18780",".240",".278",".293","45.3","137.1","21.1","Fr","20077",".588",".560","-1","","","","","Vg/92","","","","&nbsp;","Pr","Normal",".285",".274",  
"C","Bemis, Harry R  ","$1,940,000","7413",".254",".298",".356","61.9","68.6","19.5","Av","8047",".654",".655","-1","Av/101","","","","","","","","&nbsp;","Fr","Prone",".295",".300",  
"LF","Brown, Gates L  ","$1,938,000","1825",".249",".323",".365","68.7","48.0","10.2","Av","2051",".579",".715","1","","","","","","Fr/118","","","Fr","Fr","Normal",".301",".326",  
"RF, LF, CF","Stone, Ed L  ","$1,938,000","5870",".250",".309",".357","66.9","56.4","12.6","Av","6470",".592",".685","1","","","","","","Av/100","Fr/100","Av/100","Ex","Fr","Normal",".284",".315",  
"2B, 3B","Hale, Odell R  ","$1,935,000","14398",".244",".298",".376","64.7","49.8","14.4","Av","15773",".715",".643","-1","","","Av/130","Av/110","","","","","&nbsp;","Av","Normal",".313",".286",  
"3B","Vergez, Johnny R  ","$1,932,000","21995",".245",".311",".372","67.9","44.0","11.8","Fr","24442",".696",".679","0","","","","Av/110","","","","","&nbsp;","Fr","Normal",".316",".310",  
"3B, 2B, SS","Blum, Geoff S  ","$1,931,000","6720",".234",".291",".316","53.2","92.1","13.9","Av","7345",".563",".626","1","","","Fr/37","Av/66","Fr/133","","","","&nbsp;","Pr","Prone",".272",".299",  
"2B, SS","Harmon, Terry R  ","$1,931,000","3292",".227",".302",".277","52.5","548.7","10.9","Av","3698",".585",".564","0","","","Av/49","","Fr/100","","","","&nbsp;","Fr","Normal",".301",".298",  
"2B, 3B, SS","Adams, Sparky R  ","$1,930,000","9777",".243",".306",".299","54.7","184.5","12.6","Vg","10866",".609",".602","0","","","Av/77","Av/77","Fr/105","","","","&nbsp;","Av","Normal",".308",".304",  
"2B, 3B, SS","Helms, Tommy R  ","$1,925,000","9696",".252",".282",".311","48.4","359.1","26.9","Av","10242",".598",".589","0","","","Vg/73","Av/95","Fr/133","","","","&nbsp;","Fr","Prone",".284",".280",  
"2B, 3B","Niehoff, Bert R  ","$1,923,000","5605",".238",".291",".344","56.8","65.9","14.3","Av","6094",".624",".644","-1","","","Av/123","Vg/106","","","","","&nbsp;","Av","Prone",".289",".294",  
"C","Phelps, Ed R  ","$1,922,000","8253",".243",".316",".343","65.4","54.7","11.5","Fr","9317",".663",".656","-1","Fr/96","","","","","","","","&nbsp;","Av","Normal",".321",".311",  
"C","Wilson, Red R  ","$1,921,000","3805",".252",".317",".329","61.5","190.2","11.8","Av","4263",".650",".644","0","Av/90","","","","","","","","&nbsp;","Fr","Prone",".318",".317",  
"3B, 1B","Johnson, Chris R  ","$1,919,000","1258",".257",".289",".360","56.6","52.4","22.9","Fr","1326",".704",".556","-1","","Av/85","","Fr/123","","","","","&nbsp;","Fr","Prone",".309",".256",  
"C","Oates, Johnny L  ","$1,917,000","15147",".233",".282",".289","46.9","182.5","15.4","Pr","16513",".539",".577","2","Vg/93","","","","","","","","&nbsp;","Fr","Prone",".277",".283",  
"SS, 2B","Barmes, Clint R  ","$1,916,000","13074",".234",".279",".330","53.8","79.7","19.4","Vg","14257",".660",".573","-2","","","Vg/104","","Vg/110","","","","&nbsp;","Av","Prone",".300",".265",  
"3B","Pagliarulo, Mike L  ","$1,915,000","20877",".231",".289",".368","61.8","40.4","13.8","Fr","22818",".565",".670","2","","","","Av/91","","","","","&nbsp;","Fr","Prone",".256",".293",  
"SS","Brinkman, Ed R  ","$1,914,000","10692",".225",".275",".283","42.3","305.5","16.3","Av","11662",".538",".572","0","","","","","Vg/81","","","","&nbsp;","Fr","Normal",".264",".283",  
"2B, 3B","Frye, Jeff R  ","$1,914,000","12723",".255",".320",".308","60.8","2120.5","12.0","Av","14214",".622",".628","-1","","","Av/84","Fr/169","","","","","&nbsp;","Av","Prone",".324",".316",  
"2B, 3B, SS","Lansing, Mike R  ","$1,913,000","5378",".241",".289",".328","53.4","128.0","15.9","Av","5834",".651",".591","0","","","Av/75","Vg/104","Fr/121","","","","&nbsp;","Av","Prone",".301",".280",  
"3B, 1B","Boone, Aaron R  ","$1,906,000","8787",".245",".310",".365","68.6","48.3","13.7","Av","9746",".697",".661","0","","Av/112","","Av/109","","","","","&nbsp;","Av","Fragile",".313",".308",  
"LF, RF","Incaviglia, Pete R  ","$1,903,000","22441",".236",".299",".417","73.2","24.7","12.8","Av","24753",".739",".684","-2","","","","","","Fr/175","","Fr/175","Av","Fr","Prone",".307",".290",  
"2B, 3B, SS, LF, CF, RF","Candaele, Casey S  ","$1,902,000","12402",".238",".294",".309","53.8","167.6","13.6","Av","13573",".647",".569","-2","","","Av/72","Vg/115","Av/119","Av/74","Av/74","Av/74","Av","Av","Normal",".314",".279",  
"SS, 2B, 3B","Spiers, Bill L  ","$1,900,000","10018",".263",".326",".341","67.0","178.9","11.6","Av","11119",".565",".686","3","","","Av/131","Av/105","Fr/106","","","","&nbsp;","Av","Prone",".282",".334",  
"SS, 2B, 3B","Vazquez, Ramon L  ","$1,900,000","10403",".248",".326",".326","67.0","136.9","9.71","Av","11784",".505",".675","4","","","Fr/63","Fr/107","Fr/93","","","","&nbsp;","Fr","Normal",".270",".334",  
"C","Mayne, Brent L  ","$1,889,000","7995",".250",".312",".301","54.2","499.7","12.0","Fr","8897",".508",".627","2","Av/73","","","","","","","","&nbsp;","Fr","Normal",".272",".318",  
"C","Haselman, Bill R  ","$1,887,000","13723",".252",".304",".370","62.4","54.7","14.1","Fr","14921",".714",".586","-3","Av/100","","","","","","","","&nbsp;","Fr","Normal",".321",".264",  
"2B","Young, Ralph S  ","$1,871,000","8447",".224",".312",".287","55.8","80.4","8.86","Av","9781",".561",".617","1","","","Vg/104","","","","","","&nbsp;","Av","Normal",".298",".319",  
"3B, 2B, SS","Brookens, Tom R  ","$1,870,000","19567",".246",".301",".349","62.4","89.3","13.9","Av","21430",".684",".621","-2","","","Av/132","Vg/119","Av/114","","","","&nbsp;","Av","Normal",".313",".289",  
"C","Torrealba, Yorvit R  ","$1,870,000","4596",".227",".283",".296","45.4","176.8","14.2","Fr","5087",".620",".550","-1","Vg/77","","","","","","","","&nbsp;","Fr","Normal",".302",".269",  
"3B, 1B","Perry, Herb R  ","$1,869,000","5717",".237",".303",".340","57.6","63.5","14.1","Fr","6353",".642",".643","0","","Av/40","","Av/91","","","","","&nbsp;","Fr","Fragile",".305",".302",  
"LF, CF, RF","Saunders, Michael L  ","$1,868,000","12587",".237",".313",".369","70.6","47.7","10.0","Vg","14177",".623",".702","0","","","","","","Av/65","Av/65","Av/65","Fr","Av","Prone",".286",".322",  
"1B","Holke, Walter S  ","$1,866,000","7360",".245",".289",".326","53.9","74.3","17.2","Fr","7970",".546",".672","2","","Vg/67","","","","","","","&nbsp;","Av","Normal",".271",".313",  
"SS","Weiss, Walt S  ","$1,865,000","17639",".226",".312",".271","53.6","518.8","9.32","Av","20193",".549",".596","1","","","","","Av/97","","","","&nbsp;","Fr","Prone",".296",".318",  
"1B, 3B","Coomer, Ron R  ","$1,861,000","70353",".264",".309",".379","64.5","47.1","15.9","Pr","75886",".729",".579","-3","","Av/56","","Av/78","","","","","&nbsp;","Pr","Normal",".326",".265",  
"1B","Schmidt, Butch L  ","$1,861,000","15756",".261",".324",".376","72.0","56.3","13.7","Fr","17487",".649",".708","1","","Av/106","","","","","","","&nbsp;","Fr","Prone",".311",".326",  
"LF, RF","Greengrass, Jim R  ","$1,859,000","12656",".254",".316",".397","71.5","37.1","12.2","Av","13970",".750",".642","-1","","","","","","Av/90","","Av/90","Fr","Pr","Normal",".329",".291",  
"CF","Taveras, Willy R  ","$1,859,000","14164",".261",".305",".287","54.6","4721.3","19.0","Ex","15450",".596",".592","0","","","","","","","Vg/99","","Av","Ex","Prone",".308",".304",  
"C","Navarro, Dioner S  ","$1,857,000","14273",".247",".305",".330","58.1","82.0","13.0","Pr","15723",".682",".602","-2","Av/132","","","","","","","","&nbsp;","Fr","Normal",".322",".292",  
"RF, LF, CF","Cowens, Al R  ","$1,849,000","7600",".250",".306",".348","62.2","116.9","14.1","Vg","8305",".660",".647","-1","","","","","","Av/79","Fr/79","Av/79","Vg","Av","Prone",".314",".299",  
"LF, CF, RF","Parra, Gerardo L  ","$1,845,000","1981",".266",".314",".346","64.9","152.4","15.1","Vg","2154",".513",".681","3","","","","","","Av/126","Av/126","Av/126","Vg","Av","Prone",".255",".323",  
"2B, 3B","Boswell, Ken L  ","$1,844,000","15530",".251",".314",".340","61.5","98.9","12.1","Av","17174",".604",".665","1","","","Av/91","Av/122","","","","","&nbsp;","Fr","Prone",".299",".317",  
"RF, LF, CF","Wyrostek, Johnny L  ","$1,844,000","14255",".255",".321",".358","68.1","79.2","11.5","Av","15807",".641",".692","1","","","","","","Av/117","Av/117","Av/117","Vg","Fr","Normal",".310",".325",  
"RF, CF","Felix, Junior S  ","$1,842,000","4316",".249",".306",".373","67.5","56.8","13.8","Vg","4724",".643",".691","0","","","","","","","Fr/152","Av/152","Av","Vg","Fragile",".292",".311",  
"RF","Donovan, Patsy L  ","$1,841,000","2389",".260",".305",".316","57.6","113.8","17.3","Vg","2567",".566",".639","1","","","","","","","","Av/77","Vg","Ex","Normal",".288",".311",  
"SS","Boley, Joe R  ","$1,840,000","11953",".241",".301",".313","54.7","119.5","13.5","Fr","13182",".612",".618","-2","","","","","Av/72","","","","&nbsp;","Fr","Normal",".302",".302",  
"LF, CF, RF","Mouton, James R  ","$1,839,000","15178",".251",".334",".328","68.7","143.2","9.62","Vg","17254",".682",".585","-2","","","","","","Av/85","Fr/85","Av/85","Av","Ex","Prone",".340",".310",  
"C","LaRue, Jason R  ","$1,838,000","9356",".229",".300",".357","62.3","45.0","14.3","Fr","10462",".640",".669","0","Av/115","","","","","","","","&nbsp;","Pr","Prone",".292",".305",  
"2B, 3B, SS","Hughes, Roy R  ","$1,833,000","6009",".228",".279",".285","45.2","158.1","15.5","Vg","6594",".575",".552","-1","","","Av/70","Vg/98","Fr/108","","","","&nbsp;","Av","Normal",".286",".275",  
"2B, 3B, SS, LF, CF","Hairston, Jerry Jr R  ","$1,828,000","6875",".245",".306",".314","57.9","221.8","14.0","Av","7674",".635",".618","0","","","Av/99","Av/164","Av/92","Av/96","Av/96","","Vg","Vg","Fragile",".308",".308",  
"SS, 2B","Johnson, Ernie R L  ","$1,826,000","5385",".229",".280",".327","51.7","50.8","15.8","Av","5850",".580",".604","1","","","Av/150","","Av/92","","","","&nbsp;","Vg","Normal",".267",".283",  
"2B","Bush, Homer R  ","$1,822,000","30108",".273",".310",".316","57.8","406.9","24.1","Av","32511",".638",".620","-1","","","Av/78","","","","","","&nbsp;","Vg","Fragile",".314",".308",  
"2B, CF","Miller, Keith R  ","$1,822,000","2607",".254",".320",".330","65.6","162.9","13.4","Ex","2895",".655",".652","0","","","Av/174","","","","Av/121","","Av","Vg","Fragile",".327",".317",  
"CF, LF, RF","Weatherly, Roy L  ","$1,821,000","6875",".259",".294",".379","65.4","56.4","21.5","Vg","7348",".587",".688","2","","","","","","Av/87","Av/87","Av/87","Av","Av","Prone",".268",".298",  
"2B, SS","Alomar, Sandy Sr S  ","$1,820,000","12633",".251",".294",".297","52.7","360.9","17.2","Vg","13642",".617",".578","-1","","","Vg/100","","Fr/104","","","","&nbsp;","Vg","Prone",".308",".287",  
"CF","Ankiel, Rick L  ","$1,815,000","14626",".236",".297",".392","68.5","30.9","12.5","Vg","16123",".630",".702","2","","","","","","","Av/146","","Vg","Fr","Fragile",".281",".301",  
"SS, 1B, 3B","Rodgers, Andre R  ","$1,813,000","12088",".235",".316",".327","60.8","95.9","9.74","Av","13694",".665",".629","-2","","Av/145","","Av/133","Av/118","","","","&nbsp;","Fr","Normal",".326",".309",  
"2B","Bierbauer, Lou L  ","$1,811,000","22363",".231",".257",".312","43.4","85.4","29.0","Av","23485",".536",".580","1","","","Vg/82","","","","","","&nbsp;","Vg","Normal",".242",".262",  
"2B, SS, RF","Womack, Tony L  ","$1,806,000","10305",".251",".293",".294","54.4","2061.0","17.9","Ex","11067",".562",".598","1","","","Av/124","","Fr/116","","","Av/65","Fr","Ex","Normal",".278",".300",  
"C","Borgmann, Glenn R  ","$1,803,000","7345",".216",".314",".294","57.2","122.4","8.09","Pr","8509",".618",".599","-1","Fr/80","","","","","","","","&nbsp;","Pr","Prone",".317",".311",  
"SS, 2B","Stephens, Paul R  ","$1,803,000","19377",".208",".253",".237","29.1","1139.8","20.4","Vg","20898",".505",".479","-1","","","Vg/55","","Vg/78","","","","&nbsp;","Av","Normal",".261",".247",  
"SS","Lavan, Doc R  ","$1,799,000","26070",".223",".263",".307","43.8","80.2","20.4","Fr","27987",".591",".551","0","","","","","Vg/116","","","","&nbsp;","Av","Prone",".270",".257",  
"2B, 3B","Dauer, Rich R  ","$1,796,000","7263",".242",".304",".309","54.0","186.2","12.4","Av","8013",".641",".597","-1","","","Av/64","Av/78","","","","","&nbsp;","Pr","Normal",".319",".296",  
"C","Healy, Fran R  ","$1,796,000","7549",".228",".314",".331","62.4","60.9","9.05","Pr","8575",".679",".588","-1","Fr/129","","","","","","","","&nbsp;","Pr","Normal",".325",".295",  
"C","Edwards, Bruce R  ","$1,794,000","6541",".242",".311",".360","65.0","53.2","11.2","Av","7297",".680",".650","-2","Av/98","","","","","","","","&nbsp;","Fr","Prone",".313",".303",  
"SS, 2B","Durocher, Leo R  ","$1,791,000","9886",".207",".262",".266","36.2","149.8","15.5","Vg","10761",".544",".505","-1","","","Vg/116","","Vg/76","","","","&nbsp;","Fr","Normal",".267",".253",  
"C","Fletcher, Darrin L  ","$1,788,000","3893",".248",".296",".350","59.9","59.9","17.2","Pr","4209",".646",".646","0","Av/66","","","","","","","","&nbsp;","Pr","Prone",".298",".295",  
"3B, 1B","Berry, Sean R  ","$1,787,000","4974",".249",".308",".375","68.0","47.8","13.6","Av","5451",".685",".687","1","","Fr/140","","Fr/124","","","","","&nbsp;","Av","Normal",".305",".311",  
"RF, 1B, LF","Nady, Xavier R  ","$1,786,000","22276",".259",".312",".388","68.2","41.4","15.7","Fr","24392",".728",".655","-1","","Av/109","","","","Fr/121","","Fr/121","Av","Pr","Prone",".322",".295",  
"RF","Vukovich, George L  ","$1,784,000","13220",".267",".318",".379","71.0","58.8","14.4","Fr","14394",".545",".712","3","","","","","","","","Av/67","Av","Fr","Normal",".269",".323",  
"3B","Baird, Doug R  ","$1,781,000","6342",".233",".292",".359","62.2","51.1","13.4","Vg","7004",".638",".661","0","","","","Av/99","","","","","&nbsp;","Vg","Normal",".290",".294",  
"C","Richards, Paul R  ","$1,779,000","3324",".192",".269",".251","36.9","89.8","10.9","Av","3742",".526",".513","-2","Vg/67","","","","","","","","&nbsp;","Fr","Normal",".268",".269",  
"3B","Joseph, Newt R  ","$1,778,000","7077",".255",".324",".363","69.0","62.1","11.4","Av","7917",".699",".662","-1","","","","Av/125","","","","","&nbsp;","Av","Normal",".329",".314",  
"RF, CF","Householder, Paul S  ","$1,777,000","6887",".228",".296",".346","60.4","48.2","11.4","Av","7650",".650",".627","-2","","","","","","","Av/47","Vg/47","Av","Vg","Normal",".297",".295",  
"LF, CF","Milledge, Lastings R  ","$1,774,000","18485",".276",".331",".378","73.3","66.5","15.1","Av","20367",".740",".640","-2","","","","","","Av/74","Fr/74","","Fr","Av","Prone",".343",".304",  
"SS, 3B, LF","Pagan, Jose R  ","$1,770,000","11383",".241",".288",".322","52.6","109.5","16.6","Av","12287",".643",".589","-1","","","","Av/109","Av/97","Fr/98","","","Fr","Fr","Normal",".300",".281",  
"3B","Courtney, Ernie L  ","$1,766,000","4617",".249",".335",".341","70.9","53.7","9.12","Av","5334",".624",".684","1","","","","Fr/109","","","","","&nbsp;","Fr","Normal",".309",".338",  
"2B, 3B, SS, LF, RF","Moore, Eddie R  ","$1,766,000","6867",".233",".311",".316","59.6","73.1","10.1","Av","7788",".643",".605","0","","","Fr/134","Fr/106","Fr/140","Av/94","","Av/94","Av","Av","Normal",".318",".301",  
"LF, CF, RF","Wilmot, Walt S  ","$1,766,000","3939",".245",".296",".362","61.5","59.7","14.8","Av","4291",".648",".664","0","","","","","","Vg/112","Av/112","Vg/112","Fr","Ex","Prone",".296",".296",  
"2B","Hubbs, Ken R  ","$1,761,000","11559",".232",".285",".305","47.0","195.9","14.6","Vg","12642",".651",".519","-2","","","Vg/81","","","","","","&nbsp;","Fr","Normal",".308",".258",  
"C","Myatt, Glenn L  ","$1,760,000","12402",".227",".287",".342","57.0","47.7","13.2","Fr","13719",".619",".635","2","Fr/118","","","","","","","","&nbsp;","Fr","Normal",".288",".288",  
"C","Estrada, Johnny S  ","$1,759,000","5564",".256",".292",".327","52.7","135.7","23.5","Pr","5942",".579",".626","1","Av/90","","","","","","","","&nbsp;","Pr","Prone",".284",".292",  
"3B, RF","Teahen, Mark L  ","$1,758,000","1306",".237",".299",".349","61.8","65.3","12.8","Vg","1448",".635",".649","1","","","","Fr/114","","","","Vg/110","Fr","Fr","Fragile",".280",".301",  
"C, RF","Engle, Dave R  ","$1,754,000","13150",".252",".304",".358","60.9","71.5","14.3","Fr","14316",".662",".657","-1","Fr/157","","","","","","","Av/89","Av","Pr","Normal",".302",".304",  
"C","Schlei, Admiral R  ","$1,754,000","6818",".238",".308",".333","59.9","60.3","11.2","Pr","7646",".658",".635","-1","Av/99","","","","","","","","&nbsp;","Fr","Normal",".317",".304",  
"RF","Miller, Norm L  ","$1,753,000","5586",".233",".315",".353","65.6","53.7","9.60","Av","6338",".714",".663","1","","","","","","","","Fr/115","Vg","Fr","Prone",".332",".313",  
"3B, 2B","Hulett, Tim R  ","$1,748,000","7031",".242",".291",".342","57.0","58.6","16.0","Av","7624",".640",".628","-1","","","Av/95","Vg/108","","","","","&nbsp;","Fr","Normal",".293",".289",  
"2B, LF, CF, RF","Schumaker, Skip L  ","$1,748,000","6667",".268",".331",".329","66.2","289.9","11.7","Av","7402",".621",".666","4","","","Fr/135","","","Av/129","Fr/129","Av/129","Fr","Fr","Prone",".319",".333",  
"2B, 3B, SS","Murtaugh, Danny R  ","$1,743,000","7888",".233",".295",".292","50.5","239.0","12.8","Vg","8769",".590",".582","-1","","","Vg/88","Vg/130","Av/135","","","","&nbsp;","Av","Normal",".300",".291",  
"1B, 3B, LF, RF","Mabry, John L  ","$1,741,000","7324",".259",".312",".358","64.3","64.8","14.3","Pr","7978",".643",".683","1","","Vg/77","","Pr/200","","Fr/98","","Fr/98","Vg","Pr","Prone",".307",".314",  
"CF, LF, RF","White, Jo-Jo L  ","$1,738,000","13690",".224",".313",".296","57.3","113.1","8.97","Vg","15671",".481",".633","0","","","","","","Vg/125","Av/125","Vg/125","Av","Av","Normal",".268",".321",  
"C","Pena, Brayan S  ","$1,734,000","5510",".244",".285",".295","45.3","344.4","17.7","Pr","5907",".525",".602","2","Av/67","","","","","","","","&nbsp;","Pr","Normal",".261",".295",  
"2B, 3B","Lopez, Jose R  ","$1,730,000","5295",".263",".297",".363","60.7","77.9","22.3","Av","5627",".686",".641","-1","","","Av/125","Av/100","","","","","&nbsp;","Fr","Normal",".305",".291",  
"LF, RF","May, Derrick L  ","$1,730,000","6817",".253",".296",".347","58.1","62.0","16.9","Av","7330",".631",".647","1","","","","","","Vg/130","","Vg/130","Av","Fr","Normal",".295",".297",  
"C","Scheffing, Bob R  ","$1,730,000","8379",".253",".298",".339","56.8","77.6","16.7","Fr","9053",".642",".636","0","Av/88","","","","","","","","&nbsp;","Pr","Normal",".301",".297",  
"2B, 3B, SS","Morgan, Bobby R  ","$1,726,000","5993",".214",".311",".312","58.5","61.2","8.22","Av","6923",".658",".601","-1","","","Av/93","Av/103","Fr/118","","","","&nbsp;","Fr","Normal",".322",".305",  
"SS","Crosby, Bobby R  ","$1,724,000","8610",".234",".303",".338","59.3","68.9","11.1","Av","9612",".628",".648","0","","","","","Av/99","","","","&nbsp;","Fr","Fragile",".294",".308",  
"CF, LF","Conigliaro, Billy R  ","$1,723,000","6860",".243",".298",".391","65.9","37.5","14.4","Av","7481",".675",".704","0","","","","","","Av/104","Av/104","","Av","Fr","Prone",".293",".304",  
"CF, LF","DeShields, Delino R  ","$1,723,000","0","0","0","0","0","0","0","Ex","0","0","0","-1","","","","","","Av/134","Av/134","","Av","Vg","Prone","0","0",  
"1B, 2B, 3B","Morrill, John R  ","$1,721,000","16819",".230",".307",".338","61.7","63.7","10.4","Vg","18944",".665",".625","-1","","Av/84","Av/104","Fr/97","","","","","&nbsp;","Fr","Iron",".314",".300",  
"2B, 3B","Tierney, Cotton R  ","$1,719,000","3927",".249",".289",".383","63.5","46.2","19.7","Av","4233",".702",".635","-1","","","Fr/87","Fr/79","","","","","&nbsp;","Av","Normal",".299",".277",  
"2B, SS","Hall, Irv R  ","$1,713,000","1147",".217",".265",".269","39.7","229.4","17.6","Av","1253",".479",".570","-2","","","Vg/71","","Fr/117","","","","&nbsp;","Fr","Normal",".258",".268",  
"3B, C, 1B","Houston, Tyler L  ","$1,713,000","14427",".256",".294",".375","61.8","43.5","19.2","Av","15486",".593",".684","2","Av/140","Av/150","","Av/150","","","","","&nbsp;","Pr","Fragile",".272",".298",  
"SS, 1B, 2B, 3B","Johnson, Bob W R  ","$1,711,000","16321",".258",".304",".337","57.7","92.2","16.8","Av","17680",".635",".648","0","","Av/159","Fr/77","Av/114","Fr/111","","","","&nbsp;","Fr","Normal",".302",".306",  
"SP, 3B","Mercer, Win R  ","$1,709,000","1659",".273",".334",".377","75.4","50.3","11.5","Pr","1837",".721",".683","-1","","","","Pr/164","","","","","&nbsp;","Vg","Normal",".333",".337",  
"3B, SS, LF","Aspromonte, Bob R  ","$1,705,000","2993",".230",".287",".292","46.8","157.5","13.8","Av","3280",".585",".575","0","","","","Av/77","Pr/154","Fr/210","","","Fr","Fr","Normal",".293",".282",  
"RP, SP, 1B","Dean, Chubby L  ","$1,705,000","1290",".245",".299",".284","50.8","184.3","13.7","Fr","1429",".616",".581","1","","Fr/91","","","","","","","&nbsp;","Pr","Normal",".315",".298",  
"2B","Terwilliger, Wayne R  ","$1,701,000","12552",".231",".303",".307","55.2","95.8","10.8","Av","14123",".601",".615","-1","","","Vg/107","","","","","","&nbsp;","Fr","Normal",".303",".303",  
"SS, 2B, 3B","Schofield, Dick Sr S  ","$1,700,000","6883",".214",".305",".269","50.1","222.0","8.94","Vg","7853",".559",".583","0","","","Av/85","Av/144","Av/104","","","","&nbsp;","Fr","Normal",".300",".309",  
"1B, 2B","Stovall, George R  ","$1,699,000","3201",".259",".294",".356","58.2","69.6","21.2","Av","3407",".665",".632","-1","","Vg/86","Fr/126","","","","","","&nbsp;","Av","Normal",".297",".290",  
"C","Alomar, Sandy Jr R  ","$1,697,000","7832",".248",".279",".341","52.8","68.7","25.2","Fr","8358",".630",".612","0","Fr/114","","","","","","","","&nbsp;","Fr","Fragile",".285",".275",  
"1B, LF, RF","Hutton, Tom L  ","$1,694,000","9619",".240",".327",".312","61.6","115.9","8.66","Pr","11022",".602",".649","1","","Av/53","","","","Av/52","","Av/52","Av","Fr","Normal",".319",".329",  
"SS, RF","Houck, Sadie R  ","$1,693,000","15977",".230",".269",".314","46.2","121.0","22.0","Av","17067",".592",".579","-1","","","","","Vg/103","","","Fr/114","Av","Av","Normal",".274",".267",  
"C","Wilson, Dan R  ","$1,692,000","3837",".245",".294",".328","55.2","98.4","15.9","Pr","4194",".680",".591","-1","Av/58","","","","","","","","&nbsp;","Fr","Prone",".317",".282",  
"1B","Colbrunn, Greg R  ","$1,685,000","5836",".262",".314",".379","68.4","53.1","16.3","Fr","6362",".698",".691","0","","Fr/95","","","","","","","&nbsp;","Fr","Fragile",".317",".313",  
"C","Berry, Charlie R  ","$1,682,000","7314",".248",".301",".344","59.5","71.7","14.6","Pr","7988",".685",".586","-2","Av/100","","","","","","","","&nbsp;","Pr","Normal",".316",".278",  
"2B, SS","Miles, Aaron S  ","$1,681,000","14475",".261",".302",".305","53.4","1113.5","18.2","Vg","15636",".615",".601","0","","","Av/90","","Fr/147","","","","&nbsp;","Fr","Normal",".308",".298",  
"C, 1B","Wathan, John R  ","$1,681,000","8564",".262",".318",".337","64.1","140.4","13.5","Av","9386",".683",".619","-1","Fr/134","Av/74","","","","","","","&nbsp;","Vg","Prone",".323",".313",  
"C","Zaun, Gregg S  ","$1,681,000","14516",".234",".319",".319","63.1","95.5","9.13","Pr","16584",".634",".640","0","Av/149","","","","","","","","&nbsp;","Pr","Prone",".317",".320",  
"SS, 2B","Ball, Neal R  ","$1,680,000","17146",".244",".296",".352","60.6","53.9","14.6","Vg","18709",".668",".637","-1","","","Av/118","","Av/135","","","","&nbsp;","Vg","Normal",".304",".292",  
"C","Schriver, Pop R  ","$1,679,000","7925",".236",".297",".349","60.4","53.2","13.9","Pr","8758",".656",".617","-1","Av/101","","","","","","","","&nbsp;","Fr","Normal",".298",".293",  
"LF, RF","Cordova, Marty R  ","$1,677,000","8978",".248",".314",".370","66.0","44.9","12.2","Av","9952",".668",".695","-1","","","","","","Av/99","","Av/99","Vg","Av","Prone",".310",".317",  
"2B, 3B, SS","Hayes, Jackie R  ","$1,677,000","8601",".219",".270",".283","42.8","130.3","15.7","Av","9479",".544",".560","0","","","Vg/77","Av/111","Av/114","","","","&nbsp;","Fr","Normal",".272",".269",  
"3B, 1B","Norton, Greg S  ","$1,677,000","7775",".238",".327",".364","72.6","40.1","8.48","Fr","8943",".601",".705","2","","Fr/114","","Pr/163","","","","","&nbsp;","Pr","Prone",".299",".332",  
"1B","Donahue, Jiggs L  ","$1,676,000","9574",".261",".325",".364","70.4","59.5","11.5","Av","10662",".613",".697","1","","Fr/71","","","","","","","&nbsp;","Vg","Normal",".292",".328",  
"1B","Fondy, Dee L  ","$1,674,000","8720",".267",".303",".364","64.2","74.5","20.3","Vg","9271",".611",".682","2","","Av/122","","","","","","","&nbsp;","Av","Normal",".278",".310",  
"1B","Todt, Phil L  ","$1,674,000","9872",".217",".263",".348","51.5","41.5","18.4","Av","10644",".546",".631","2","","Vg/82","","","","","","","&nbsp;","Fr","Normal",".236",".272",  
"C","Bard, Josh S  ","$1,668,000","8818",".251",".315",".348","63.0","86.5","11.4","Pr","9810",".712",".617","-1","Fr/106","","","","","","","","&nbsp;","Pr","Prone",".337",".295",  
"2B, SS","Popovich, Paul S  ","$1,660,000","10109",".219",".278",".271","42.2","174.3","13.4","Av","11071",".545",".554","0","","","Vg/83","","Av/74","","","","&nbsp;","Pr","Normal",".272",".283",  
"3B","Higgins, Pinky R  ","$1,654,000","9812",".265",".329",".384","74.3","49.1","11.6","Fr","10961",".721",".698","0","","","","Fr/122","","","","","&nbsp;","Fr","Normal",".334",".321",  
"CF, LF, RF","Hunter, Brian L R  ","$1,654,000","3965",".244",".289",".289","53.0","1321.7","16.2","Ex","4272",".568",".587","1","","","","","","Vg/104","Vg/104","Vg/104","Av","Ex","Prone",".286",".292",  
"SS, 2B, 3B","Reynolds, Craig L  ","$1,654,000","6868",".242",".278",".312","51.6","134.7","21.3","Vg","7443",".583",".601","1","","","Av/142","Av/168","Av/95","","","","&nbsp;","Fr","Normal",".274",".283",  
"C","McCullough, Clyde R  ","$1,652,000","4694",".225",".285",".320","52.1","59.4","13.6","Av","5194",".619",".591","0","Av/88","","","","","","","","&nbsp;","Fr","Prone",".290",".279",  
"LF, RF","Thorpe, Jim R  ","$1,652,000","4046",".254",".293",".392","64.7","47.0","19.4","Vg","4354",".694",".675","-1","","","","","","Fr/131","","Fr/131","Fr","Av","Normal",".296",".290",  
"CF","Davis, Kiddo R  ","$1,651,000","15923",".255",".320",".351","66.9","111.3","11.5","Av","17690",".682",".658","0","","","","","","","Av/82","","Av","Fr","Normal",".326",".313",  
"SS, 2B","Force, Davy R  ","$1,647,000","24151",".177",".219",".222","18.9","146.4","21.2","Av","25838",".458",".430","-1","","","Vg/81","","Vg/69","","","","&nbsp;","Pr","Normal",".226",".214",  
"RF","Gibbons, Jay L  ","$1,634,000","16718",".256",".312",".398","72.6","35.0","13.3","Fr","18304",".703",".713","1","","","","","","","","Fr/101","Fr","Pr","Fragile",".307",".314",  
"SS, 2B","Gutierrez, Ricky R  ","$1,633,000","9288",".259",".327",".314","60.2","403.8","11.9","Av","10327",".661",".602","-1","","","Av/92","","Fr/101","","","","&nbsp;","Fr","Prone",".337",".310",  
"C","Crouse, Buck L  ","$1,630,000","18786",".224",".289",".307","51.7","60.4","12.8","Fr","20892",".543",".602","1","Vg/146","","","","","","","","&nbsp;","Fr","Normal",".275",".291",  
"C","Gooch, Johnny S  ","$1,629,000","12950",".225",".289",".292","48.4","110.7","12.7","Fr","14286",".588",".577","1","Av/111","","","","","","","","&nbsp;","Fr","Normal",".292",".287",  
"2B","Shean, Dave R  ","$1,626,000","21182",".231",".274",".329","51.6","56.3","18.5","Av","23074",".625",".591","-1","","","Vg/84","","","","","","&nbsp;","Vg","Normal",".280",".271",  
"1B, 2B, 3B","Tebeau, Patsy R  ","$1,626,000","3297",".228",".270",".305","44.6","103.0","18.4","Vg","3541",".543",".597","-1","","Vg/70","Av/97","Vg/92","","","","","&nbsp;","Vg","Prone",".264",".274",  
"C, 3B","Barrett, Michael R  ","$1,622,000","5908",".244",".295",".355","59.8","62.9","15.0","Fr","6427",".636",".656","-1","Vg/94","","","Pr/175","","","","","&nbsp;","Pr","Prone",".295",".295",  
"DH, LF, RF","Berroa, Geronimo R  ","$1,615,000","8176",".249",".319",".377","70.1","37.5","10.8","Fr","9125",".709",".683","-1","","","","","","Fr/131","","Fr/131","Av","Fr","Prone",".324",".312",  
"2B, 3B, SS, LF, CF","Bonifacio, Emilio S  ","$1,613,000","1912",".252",".309",".302","57.9","1912.0","13.2","Vg","2106",".600",".619","-1","","","Av/205","Av/124","Fr/140","Av/65","Fr/65","","Av","Vg","Prone",".307",".311",  
"3B, 1B","Lamb, Mike L  ","$1,611,000","4436",".260",".310",".343","62.4","85.3","15.3","Av","4820",".586",".664","1","","Av/148","","Fr/146","","","","","&nbsp;","Fr","Normal",".289",".315",  
"RF, LF","Grace, Joe L  ","$1,610,000","36612",".257",".325",".359","70.3","64.7","11.4","Fr","40871",".610",".694","1","","","","","","Fr/125","","Fr/125","Vg","Fr","Normal",".306",".328",  
"3B","Brown, Chris R  ","$1,605,000","4570",".258",".317",".352","62.8","63.5","15.0","Fr","5031",".667",".673","0","","","","Fr/109","","","","","&nbsp;","Fr","Prone",".318",".319",  
"1B","Tucker, Tommy S  ","$1,605,000","13912",".247",".311",".326","59.8","84.8","17.5","Av","15369",".640",".634","0","","Av/95","","","","","","","&nbsp;","Vg","Iron",".318",".306",  
"2B, 3B, SS","Ferguson, Bob S  ","$1,604,000","14582",".238",".307",".300","54.8","104.9","11.4","Fr","16256",".582",".618","0","","","Av/101","Vg/98","Av/115","","","","&nbsp;","Pr","Normal",".298",".311",  
"2B, SS","Cullen, Tim R  ","$1,603,000","19215",".236",".289",".304","48.8","164.2","15.1","Vg","20964",".586",".596","0","","","Vg/95","","Vg/122","","","","&nbsp;","Fr","Normal",".289",".288",  
"1B","Carr, Charlie R  ","$1,600,000","4508",".238",".268",".330","49.2","72.7","25.3","Vg","4761",".602",".592","-1","","Vg/89","","","","","","","&nbsp;","Av","Normal",".272",".262",  
"C","Castro, Ramon R  ","$1,592,000","8861",".227",".298",".371","66.0","30.2","11.0","Pr","9884",".691",".631","-2","Fr/123","","","","","","","","&nbsp;","Pr","Fragile",".305",".287",  
"CF, LF, RF","Torres, Rusty S  ","$1,589,000","22921",".227",".308",".356","66.9","39.6","9.61","Fr","26051",".662",".663","0","","","","","","Vg/115","Av/115","Vg/115","Fr","Av","Prone",".310",".307",  
"RF, CF","Welch, Frank R  ","$1,589,000","9832",".247",".317",".367","69.1","48.2","11.2","Av","11079",".683",".678","-1","","","","","","","Fr/121","Av/121","Av","Av","Prone",".315",".318",  
"LF, CF, RF","Snyder, Russ L  ","$1,588,000","6120",".273",".322",".351","69.2","255.0","14.4","Vg","6717",".634",".681","1","","","","","","Av/94","Fr/94","Av/94","Av","Fr","Prone",".310",".324",  
"RF","Sockalexis, Louis L  ","$1,588,000","3642",".258",".295",".364","61.8","52.0","19.9","Vg","3888",".641",".665","1","","","","","","","","Fr/180","Ex","Av","Fragile",".289",".297",  
"1B, C, 2B, LF, RF","Doyle, Jack R  ","$1,587,000","16405",".260",".312",".349","65.8","90.6","14.5","Av","17858",".660",".662","-1","Av/147","Av/115","Fr/149","","","Fr/149","","Fr/149","Av","Ex","Prone",".308",".315",  
"SS","Fuller, Shorty R  ","$1,585,000","10902",".204",".276",".258","40.4","111.2","11.0","Av","12199",".536",".534","-1","","","","","Vg/99","","","","&nbsp;","Av","Normal",".278",".276",  
"C","O'Brien, Charlie R  ","$1,585,000","3674",".192",".276",".288","45.0","70.7","12.6","Fr","4163",".535",".584","0","Av/94","","","","","","","","&nbsp;","Pr","Normal",".265",".283",  
"CF, LF, RF","Jackson, Darrin R  ","$1,584,000","4060",".238",".274",".345","51.9","51.4","21.2","Av","4320",".636",".576","-1","","","","","","Vg/63","Av/63","Vg/63","Av","Av","Prone",".282",".255",  
"SS, 2B, 3B","Spencer, Daryl R  ","$1,584,000","10418",".232",".313",".329","60.7","66.4","9.62","Fr","11771",".664",".625","0","","","Av/125","Av/112","Av/119","","","","&nbsp;","Pr","Normal",".320",".308",  
"2B, 3B","Amalfitano, Joey R  ","$1,582,000","9519",".247",".325",".306","61.9","272.0","9.77","Av","10756",".647",".626","0","","","Av/116","Av/135","","","","","&nbsp;","Fr","Normal",".328",".326",  
"C","Fitzgerald, Mike R  ","$1,580,000","3330",".211",".290",".295","48.7","65.3","10.1","Fr","3751",".574",".591","0","Av/90","","","","","","","","&nbsp;","Fr","Normal",".285",".293",  
"2B, 3B","Alicea, Luis S  ","$1,579,000","7526",".234",".318",".296","59.0","442.7","9.48","Vg","8653",".605",".617","0","","","Av/130","Av/173","","","","","&nbsp;","Av","Normal",".317",".318",  
"RF, LF, CF","Amaro, Ruben Jr S  ","$1,579,000","19078",".239",".315",".339","64.3","83.7","10.9","Fr","21536",".690",".617","-2","","","","","","Av/58","Av/58","Av/58","Av","Av","Normal",".328",".302",  
"C","Wilson, Jimmie R  ","$1,579,000","7757",".238",".296",".305","52.7","158.3","13.5","Av","8586",".603",".599","-1","Av/101","","","","","","","","&nbsp;","Av","Normal",".302",".290",  
"1B","LaChance, Candy S  ","$1,578,000","3922",".245",".286",".349","57.1","59.4","19.2","Av","4202",".618",".640","0","","Vg/75","","","","","","","&nbsp;","Vg","Prone",".285",".286",  
"2B, 3B, SS","Michaels, Cass R  ","$1,578,000","12194",".241",".308",".330","60.3","73.0","11.9","Av","13617",".650",".639","-2","","","Av/114","Av/133","Av/126","","","","&nbsp;","Fr","Normal",".314",".308",  
"C","Bando, Chris S  ","$1,574,000","4638",".213",".285",".306","48.3","61.8","10.9","Fr","5213",".620",".575","0","Av/105","","","","","","","","&nbsp;","Pr","Normal",".293",".281",  
"2B, SS","Gilbert, Billy R  ","$1,573,000","3036",".221",".303",".296","54.4","67.5","11.1","Vg","3468",".638",".565","-1","","","Av/101","","Av/130","","","","&nbsp;","Vg","Normal",".318",".290",  
"2B, SS","Adair, Jerry R  ","$1,571,000","6886",".251",".282",".331","49.6","104.3","25.2","Av","7258",".607",".624","0","","","Av/67","","Fr/72","","","","&nbsp;","Fr","Normal",".280",".284",  
"LF, RF","Johnson, Alex R  ","$1,571,000","12215",".276",".309",".374","64.6","69.0","23.5","Av","12920",".678",".687","0","","","","","","Fr/215","","Fr/215","Fr","Av","Normal",".309",".310",  
"C, 1B, 3B","Satriano, Tom L  ","$1,564,000","10992",".237",".314",".314","57.5","102.7","9.88","Fr","12371",".549",".638","2","Fr/105","Av/95","","Fr/125","","","","","&nbsp;","Pr","Normal",".291",".317",  
"C","DeBerry, Hank R  ","$1,560,000","7985",".228",".293",".300","51.8","103.7","12.1","Fr","8910",".633",".573","-1","Ex/75","","","","","","","","&nbsp;","Fr","Normal",".307",".286",  
"2B","Williams, Davey R  ","$1,560,000","3529",".245",".316",".304","59.2","271.5","11.5","Av","3949",".595",".645","0","","","Av/88","","","","","","&nbsp;","Pr","Normal",".301",".330",  
"RF","Schierholtz, Nate L  ","$1,559,000","2861",".248",".303",".356","65.5","71.5","14.9","Vg","3121",".593",".671","1","","","","","","","","Av/74","Vg","Av","Prone",".291",".305",  
"CF","Carr, Chuck S  ","$1,557,000","12085",".236",".294",".290","53.0","503.5","13.7","Vg","13298",".571",".592","0","","","","","","","Vg/76","","Av","Ex","Prone",".288",".297",  
"RF, LF, CF","Fox, Pete R  ","$1,556,000","5004",".259",".298",".358","61.4","89.4","19.7","Vg","5383",".683",".615","0","","","","","","Av/82","Fr/82","Av/82","Av","Av","Normal",".308",".285",  
"C","Buck, John R  ","$1,551,000","10083",".227",".292",".359","61.6","36.9","12.8","Fr","11152",".674",".630","-1","Fr/98","","","","","","","","&nbsp;","Pr","Normal",".299",".285",  
"LF, RF","Snider, Travis L  ","$1,551,000","13651",".242",".307",".364","67.3","47.4","11.4","Fr","15187",".627",".682","1","","","","","","Av/121","","Av/121","Av","Fr","Normal",".288",".312",  
"RF, 1B, LF, CF","Mele, Sam R  ","$1,548,000","19339",".249",".298",".389","64.2","40.6","15.3","Av","20987",".732",".609","-1","","Av/88","","","","Fr/69","Fr/69","Fr/69","Av","Fr","Normal",".313",".272",  
"SS, 2B, 3B","Lake, Eddie R  ","$1,547,000","11585",".216",".329",".304","64.6","58.8","7.08","Av","13778",".641",".618","1","","","Fr/133","Fr/105","Fr/122","","","","&nbsp;","Av","Normal",".333",".320",  
"SS, 2B","Cintron, Alex S  ","$1,544,000","7716",".257",".298",".325","56.2","233.8","18.5","Av","8331",".638",".618","-1","","","Av/106","","Av/106","","","","&nbsp;","Fr","Normal",".304",".295",  
"3B, 1B, 2B","Wigginton, Ty R  ","$1,541,000","7752",".247",".306",".379","66.3","39.4","13.4","Fr","8523",".708",".660","-1","","Fr/129","Fr/120","Fr/120","","","","","&nbsp;","Fr","Prone",".314",".297",  
"LF, RF","James, Chris R  ","$1,540,000","8282",".254",".297",".389","66.9","42.3","17.8","Av","8926",".696",".675","-1","","","","","","Av/68","","Av/68","Av","Fr","Fragile",".303",".291",  
"RF, 1B","Green, David R  ","$1,539,000","322",".224",".262",".323","39.3","40.2","21.2","Vg","340",".675",".545","1","","Fr/134","","","","","","Av/139","Vg","Vg","Normal",".279",".255",  
"LF, 2B, 3B, RF","Lopez, Hector R  ","$1,532,000","11910",".255",".310",".373","65.6","50.7","14.1","Av","13024",".688",".680","0","","","Av/148","Av/127","","Av/169","","Av/169","Fr","Fr","Normal",".312",".308",  
"C","Hall, Toby R  ","$1,531,000","13637",".251",".290",".326","52.2","107.4","20.7","Pr","14582",".636",".593","-1","Fr/129","","","","","","","","&nbsp;","Pr","Normal",".298",".282",  
"C","Gibson, George R  ","$1,530,000","3427",".215",".269",".315","48.0","65.9","14.3","Av","3764",".569",".602","-1","Av/77","","","","","","","","&nbsp;","Fr","Prone",".265",".275",  
"C","Parent, Mark R  ","$1,526,000","15029",".217",".277",".359","56.3","28.7","13.1","Pr","16494",".676",".565","-2","Av/94","","","","","","","","&nbsp;","Pr","Normal",".294",".246",  
"2B, LF, CF","Rojas, Cookie R  ","$1,523,000","5483",".252",".298",".322","54.9","156.7","16.4","Vg","5966",".656",".585","-1","","","Av/71","","","Av/118","Fr/118","","Fr","Fr","Prone",".311",".286",  
"2B, 3B, SS","Hill, Donnie S  ","$1,517,000","11195",".253",".301",".318","56.7","183.5","16.0","Av","12192",".607",".624","0","","","Vg/111","Av/171","Av/113","","","","&nbsp;","Fr","Prone",".291",".305",  
"C","Sweeney, Jeff R  ","$1,517,000","4462",".222",".292",".298","50.6","68.6","11.9","Av","4988",".610",".564","-1","Av/105","","","","","","","","&nbsp;","Av","Normal",".296",".286",  
"CF, LF, RF","Del Greco, Bobby R  ","$1,515,000","10223",".215",".314",".302","60.4","87.4","8.71","Av","11887",".631",".594","-1","","","","","","Vg/92","Av/92","Vg/92","Av","Fr","Normal",".319",".305",  
"SP, LF, RF","Stratton, Scott L  ","$1,513,000","2569",".229",".282",".306","47.7","102.8","15.2","Av","2794",".570",".594","1","","","","","","Fr/133","","Fr/133","Vg","Av","Normal",".279",".284",  
"2B, SP","Fowler, Bud R  ","$1,511,000","1878",".218",".276",".282","42.4","117.4","13.9","Vg","2073",".546",".567","0","","","Av/100","","","","","","&nbsp;","Vg","Normal",".274",".279",  
"C","Picinich, Val R  ","$1,508,000","6079",".225",".294",".348","60.2","47.9","11.3","Av","6790",".650",".633","-2","Av/117","","","","","","","","&nbsp;","Fr","Normal",".300",".287",  
"2B, 1B, SS, RF","Salmon, Chico R  ","$1,508,000","3728",".254",".296",".345","60.1","88.8","18.8","Ex","4008",".688",".598","-1","","Fr/107","Fr/184","","Fr/112","","","Fr/0","Fr","Vg","Normal",".310",".279",  
"2B, 1B, LF, RF","Anderson, Marlon L  ","$1,504,000","11527",".261",".307",".350","63.7","123.9","16.0","Vg","12467",".586",".674","1","","Av/180","Av/131","","","Av/266","","Av/266","Av","Av","Normal",".278",".313",  
"SS","Betancourt, Yuniesky R  ","$1,504,000","9881",".250",".279",".341","53.0","95.9","25.4","Av","10452",".674",".581","-1","","","","","Av/106","","","","&nbsp;","Fr","Normal",".300",".264",  
"3B","Bell, Les R  ","$1,503,000","3654",".229",".292",".359","60.7","48.7","12.3","Av","4045",".672",".627","0","","","","Av/113","","","","","&nbsp;","Fr","Prone",".298",".285",  
"C","Henline, Butch R  ","$1,501,000","5128",".224",".300",".326","57.0","50.3","11.8","Pr","5808",".635",".617","1","Av/116","","","","","","","","&nbsp;","Fr","Normal",".310",".290",  
"C, LF, RF","Marrero, Eli R  ","$1,501,000","6878",".232",".282",".358","57.9","46.2","15.0","Fr","7489",".673",".584","-2","Fr/136","","","","","Av/131","","Av/131","Av","Av","Prone",".294",".259",  
"2B, 3B","Robinson, Yank R  ","$1,491,000","8274",".209",".334",".273","59.8","135.6","6.73","Av","9969",".611",".601","-1","","","Fr/127","Fr/100","","","","","&nbsp;","Vg","Normal",".339",".328",  
"CF, LF, RF","Burch, Al L  ","$1,489,000","3517",".247",".307",".338","61.7","57.7","12.5","Av","3886",".596",".656","1","","","","","","Av/124","Av/124","Av/124","Vg","Vg","Normal",".298",".309",  
"LF, 1B, RF","Gabrielson, Len L  ","$1,487,000","9204",".255",".315",".365","69.2","54.5","12.3","Av","10143",".555",".700","4","","Fr/119","","","","Fr/91","","Fr/91","Fr","Fr","Normal",".272",".321",  
"2B","Cottier, Chuck R  ","$1,483,000","1223",".217",".283",".281","47.6","305.8","12.3","Ex","1364",".560",".567","-1","","","Vg/110","","","","","","&nbsp;","Av","Normal",".286",".280",  
"3B, 1B","Hillenbrand, Shea R  ","$1,483,000","13319",".267",".307",".366","62.9","63.4","23.0","Av","14235",".682",".666","-1","","Av/129","","Av/130","","","","","&nbsp;","Pr","Normal",".309",".306",  
"RF, LF, CF","Sheridan, Pat L  ","$1,482,000","17707",".248",".319",".344","66.9","74.4","10.7","Av","19792",".503",".678","4","","","","","","Av/89","Av/89","Av/89","Av","Vg","Normal",".263",".324",  
"CF","Moreno, Omar L  ","$1,479,000","8911",".234",".285",".302","50.3","234.5","15.4","Ex","9679",".571",".593","1","","","","","","","Vg/86","","Av","Ex","Normal",".283",".286",  
"2B, 3B, SS","Martin, Billy R  ","$1,477,000","15395",".242",".279",".333","51.4","84.1","24.4","Av","16484",".588",".627","0","","","Av/89","Av/109","Fr/128","","","","&nbsp;","Fr","Prone",".272",".283",  
"RF, LF, CF","Bautista, Danny R  ","$1,474,000","2246",".258",".304",".332","55.7","140.4","16.6","Vg","2424",".615",".650","1","","","","","","Vg/91","Av/91","Vg/91","Av","Fr","Fragile",".290",".313",  
"CF, LF, RF","Brye, Steve R  ","$1,474,000","4422",".244",".298",".352","60.6","76.2","14.3","Av","4841",".656",".645","-1","","","","","","Av/48","Av/48","Av/48","Av","Fr","Normal",".302",".295",  
"C","Josephson, Duane R  ","$1,471,000","6727",".262",".314",".348","62.1","106.8","14.6","Pr","7325",".683",".622","-1","Av/100","","","","","","","","&nbsp;","Pr","Fragile",".324",".295",  
"C","Thomas, Ira R  ","$1,470,000","3905",".231",".291",".340","57.2","53.5","14.3","Fr","4313",".643",".617","-1","Av/87","","","","","","","","&nbsp;","Fr","Normal",".297",".284",  
"CF, LF, RF","Berry, Ken R  ","$1,466,000","3709",".256",".306",".341","61.0","92.7","15.4","Vg","4059",".663",".615","-1","","","","","","Av/53","Av/53","Av/53","Vg","Fr","Normal",".311",".298",  
"2B, 1B","Barkley, Sam R  ","$1,462,000","1588",".243",".300",".341","57.6","122.2","13.4","Av","1737",".667",".641","-1","","Av/67","Av/78","","","","","","&nbsp;","Av","Normal",".307",".301",  
"RF, 2B, 3B","Robertson, Sherry L  ","$1,458,000","10556",".229",".303",".351","65.3","44.5","10.5","Av","11821",".606",".663","2","","","Fr/186","Fr/181","","","","Fr/241","Fr","Av","Normal",".283",".307",  
"3B, SS, LF, CF","Salazar, Luis R  ","$1,457,000","10766",".253",".290",".351","58.3","65.6","21.3","Av","11546",".679",".581","-2","","","","Av/98","Fr/154","Av/129","Fr/129","","Av","Vg","Normal",".307",".262",  
"CF, LF, RF","Long, Terrence L  ","$1,454,000","15251",".259",".308",".353","61.2","87.6","14.8","Av","16514",".523",".671","2","","","","","","Av/135","Fr/135","Av/135","Av","Fr","Normal",".265",".310",  
"LF, 1B, 3B, CF, RF","Williams, Dick R  ","$1,450,000","5216",".240",".292",".340","54.7","73.5","14.4","Av","5708",".633",".632","-1","","Av/42","","Fr/104","","Av/50","Fr/50","Av/50","Fr","Fr","Normal",".291",".294",  
"LF","Wood, George L  ","$1,450,000","2523",".248",".309",".371","67.8","51.5","12.6","Av","2788",".658",".684","1","","","","","","Av/92","","","Av","Av","Normal",".332",".305",  
"LF, 3B, RF","Dolan, Cozy AJ R  ","$1,448,000","8679",".238",".306",".339","62.4","71.1","11.5","Av","9763",".671",".609","-1","","","","Av/175","","Av/144","","Av/144","Fr","Ex","Normal",".317",".291",  
"SS, 2B, 3B","Kasko, Eddie R  ","$1,447,000","7494",".244",".296",".299","50.1","325.8","15.3","Av","8122",".652",".535","-2","","","Av/116","Av/85","Av/78","","","","&nbsp;","Fr","Prone",".319",".272",  
"3B, SS","Sutton, Ezra R  ","$1,445,000","12035",".257",".305",".344","61.9","104.7","16.4","Av","13060",".679",".626","-1","","","","Fr/87","Fr/97","","","","&nbsp;","Fr","Iron",".312",".299",  
"3B, 2B, LF, RF","Harris, Lenny L  ","$1,442,000","14363",".262",".310",".320","57.6","221.0","15.7","Av","15700",".534",".647","2","","","Av/157","Av/124","","Av/143","","Av/143","Av","Vg","Normal",".274",".316",  
"3B, SS","Pinelli, Babe R  ","$1,440,000","16022",".241",".298",".320","56.4","87.6","14.3","Av","17976",".656",".582","0","","","","Vg/103","Fr/157","","","","&nbsp;","Vg","Normal",".315",".284",  
"2B, SS","Casilla, Alexi S  ","$1,438,000","18630",".248",".302",".309","57.1","365.3","14.1","Vg","20633",".571",".631","1","","","Av/136","","Av/115","","","","&nbsp;","Av","Prone",".288",".309",  
"CF","Birmingham, Joe R  ","$1,437,000","11324",".247",".284",".354","56.7","56.1","20.9","Av","12145",".664",".602","-1","","","","","","","Vg/91","","Vg","Vg","Normal",".294",".270",  
"RF, LF, CF","Zarilla, Al L  ","$1,437,000","7460",".249",".314",".359","68.6","67.8","12.5","Av","8316",".682",".669","-1","","","","","","Av/114","Fr/114","Av/114","Av","Fr","Normal",".317",".314",  
"C, 1B","O'Brien, Jack R  ","$1,436,000","2317",".236",".300",".336","59.2","100.7","12.5","Av","2566",".656",".607","-1","Av/104","Fr/82","","","","","","","&nbsp;","Av","Prone",".308",".289",  
"C","Rice, Del R  ","$1,434,000","7583",".212",".276",".313","48.9","62.2","13.4","Pr","8399",".595",".573","-1","Vg/77","","","","","","","","&nbsp;","Pr","Prone",".277",".271",  
"2B, 3B","Allen, Bernie L  ","$1,430,000","8464",".234",".297",".330","57.4","76.3","12.1","Av","9355",".607",".632","1","","","Av/95","Av/114","","","","","&nbsp;","Fr","Prone",".289",".299",  
"C","Reed, Jeff L  ","$1,428,000","8356",".229",".308",".307","56.9","109.9","9.87","Pr","9439",".509",".626","2","Av/108","","","","","","","","&nbsp;","Pr","Prone",".275",".311",  
"RF, LF","Browne, George L  ","$1,424,000","2705",".251",".303",".331","59.3","67.6","14.4","Vg","2955",".610",".642","1","","","","","","Av/151","","Av/151","Av","Vg","Normal",".288",".309",  
"C","Etchebarren, Andy R  ","$1,421,000","3188",".228",".294",".323","52.9","74.1","12.1","Pr","3540",".628",".604","-1","Av/93","","","","","","","","&nbsp;","Fr","Prone",".303",".283",  
"C","Hundley, Randy R  ","$1,421,000","7925",".216",".272",".307","46.2","69.5","14.2","Pr","8688",".557",".592","1","Vg/77","","","","","","","","&nbsp;","Fr","Prone",".264",".276",  
"2B","Wood, Jake R  ","$1,420,000","3174",".260",".325",".349","69.9","113.4","12.0","Ex","3515",".678",".669","-1","","","Fr/172","","","","","","&nbsp;","Vg","Prone",".322",".332",  
"RF, LF","Motley, Darryl R  ","$1,419,000","13054",".242",".285",".383","59.2","33.7","17.9","Av","14062",".703",".614","-2","","","","","","Vg/131","","Vg/131","Av","Fr","Normal",".299",".264",  
"1B, 3B","Young, Kevin R  ","$1,416,000","5740",".231",".299",".360","62.7","44.5","12.1","Av","6387",".671",".641","-1","","Vg/106","","Av/142","","","","","&nbsp;","Av","Prone",".306",".290",  
"1B, LF, RF","Leach, Rick L  ","$1,415,000","22380",".266",".332",".346","69.6","203.5","11.0","Fr","24897",".531",".691","4","","Fr/68","","","","Fr/87","","Fr/87","Fr","Pr","Normal",".268",".338",  
"2B, 3B, SS, LF, RF","Sisti, Sibby R  ","$1,411,000","13295",".243",".309",".340","61.9","62.4","11.8","Vg","14827",".693",".585","-2","","","Fr/94","Av/150","Fr/150","Fr/123","","Fr/123","Fr","Fr","Normal",".326",".285",  
"LF, 3B, CF, RF","Lowrey, Peanuts R  ","$1,410,000","7276",".252",".310",".331","59.7","132.3","13.2","Vg","8063",".658",".626","0","","","","Av/139","","Av/78","Fr/78","Av/78","Vg","Fr","Normal",".310",".311",  
"C","Gedman, Rich L  ","$1,409,000","18069",".235",".280",".359","56.8","46.4","17.5","Pr","19437",".530",".655","2","Av/130","","","","","","","","&nbsp;","Pr","Normal",".240",".285",  
"SS, 2B","Lee, Manny S  ","$1,409,000","10977",".247",".301",".292","49.9","499.0","13.9","Av","11985",".583",".599","-1","","","Vg/74","","Av/96","","","","&nbsp;","Fr","Fragile",".298",".302",  
"C","Blackwell, Tim S  ","$1,407,000","4382",".209",".304",".282","52.8","168.5","8.57","Fr","5081",".588",".585","1","Vg/117","","","","","","","","&nbsp;","Pr","Normal",".309",".303",  
"1B, LF","Howard, Del L  ","$1,402,000","4933",".266",".324",".375","71.5","54.2","14.5","Av","5423",".578",".710","1","","Av/138","","","","Fr/133","","","Av","Vg","Normal",".278",".328",  
"1B, LF, RF","Stubbs, Franklin L  ","$1,399,000","7967",".225",".291",".390","68.1","25.8","11.8","Av","8814",".563",".696","2","","Av/138","","","","Fr/148","","Fr/148","Av","Av","Prone",".259",".295",  
"C","Arencibia, J.P. R  ","$1,397,000","14097",".209",".259",".369","55.0","26.3","16.8","Pr","15214",".652",".594","-1","Av/114","","","","","","","","&nbsp;","Pr","Normal",".265",".251",  
"2B, SS, LF","Duncan, Mariano R  ","$1,396,000","11388",".248",".290",".350","58.2","81.3","19.5","Vg","12225",".675",".585","-2","","","Av/149","","Av/138","Fr/179","","","Fr","Vg","Prone",".305",".267",  
"RF, LF","Hermida, Jeremy L  ","$1,396,000","14512",".251",".322",".375","73.0","40.8","10.9","Fr","16289",".664",".702","1","","","","","","Av/158","","Av/158","Av","Fr","Fragile",".315",".323",  
"RF, LF","Moeller, Danny S  ","$1,392,000","1484",".222",".303",".296","53.5","70.7","9.58","Av","1696",".606",".597","0","","","","","","Fr/138","","Fr/138","Vg","Ex","Prone",".310",".300",  
"2B, SS","Yerkes, Steve R  ","$1,392,000","1969",".246",".301",".346","62.3","72.9","14.1","Av","2176",".658",".625","-1","","","Fr/89","","Fr/87","","","","&nbsp;","Av","Normal",".304",".295",  
"2B, 3B, SS, LF, CF, RF","Thomas, Derrel S  ","$1,386,000","4239",".222",".291",".294","50.4","169.6","11.5","Vg","4746",".587",".587","0","","","Fr/128","Fr/115","Fr/171","Av/58","Av/58","Av/58","Vg","Vg","Prone",".295",".291",  
"LF, CF, RF","Walker, Gee R  ","$1,384,000","4185",".254",".283",".366","58.3","51.0","32.3","Vg","4430",".619",".675","0","","","","","","Av/135","Av/135","Av/135","Fr","Vg","Prone",".279",".286",  
"2B, SP","Gleason, Kid S  ","$1,381,000","2370",".237",".282",".313","50.8","76.5","16.7","Vg","2583",".644",".570","0","","","Av/106","","","","","","&nbsp;","Vg","Normal",".310",".267",  
"2B, SS","Landestoy, Rafael S  ","$1,381,000","3374",".227",".288",".297","50.9","129.8","13.2","Ex","3741",".608",".574","-1","","","Fr/120","","Fr/69","","","","&nbsp;","Vg","Normal",".286",".290",  
"2B","Cora, Joey S  ","$1,380,000","10607",".255",".323",".309","63.2","757.6","11.7","Vg","11958",".610",".644","1","","","Av/149","","","","","","&nbsp;","Av","Normal",".308",".331",  
"CF, LF, RF","Bradford, Buddy R  ","$1,377,000","17034",".233",".313",".372","67.0","34.2","10.0","Vg","19303",".705",".636","-1","","","","","","Av/144","Av/144","Av/144","Av","Av","Prone",".319",".297",  
"RP, 1B","Macon, Max L  ","$1,377,000","459",".253",".288",".301","50.2","459.0","20.3","Fr","487",".422",".635","1","","Fr/254","","","","","","","&nbsp;","Fr","Normal",".208",".310",  
"2B","Javier, Julian R  ","$1,376,000","7470",".240",".284",".327","54.1","103.8","17.3","Vg","8094",".647",".581","-2","","","Vg/115","","","","","","&nbsp;","Av","Prone",".296",".273",  
"1B, LF, RF","Thomas, Lee L  ","$1,374,000","8834",".248",".312",".376","68.3","40.5","12.1","Av","9801",".595",".704","3","","Av/127","","","","Fr/115","","Fr/115","Av","Fr","Normal",".277",".318",  
"C","Bradley, Scott L  ","$1,373,000","11046",".257",".302",".326","56.1","175.3","17.0","Pr","11961",".545",".641","4","Fr/95","","","","","","","","&nbsp;","Pr","Normal",".266",".307",  
"1B, RF","Larkin, Gene S  ","$1,368,000","13270",".260",".335",".356","71.8","87.9","10.8","Av","14960",".720",".648","-1","","Fr/104","","","","","","Pr/76","Av","Fr","Prone",".343",".323",  
"3B, SS","Grant, Eddie L  ","$1,367,000","13131",".252",".301",".329","58.6","71.4","15.4","Av","14426",".540",".648","1","","","","Av/86","Fr/116","","","","&nbsp;","Vg","Normal",".270",".308",  
"2B, 1B, 3B","Kolloway, Don R  ","$1,366,000","7691",".255",".277",".330","49.7","134.9","36.6","Vg","8053",".609",".607","-1","","Vg/118","Vg/131","Av/163","","","","","&nbsp;","Av","Prone",".277",".277",  
"RF","Richbourg, Lance L  ","$1,366,000","3213",".268",".320",".330","63.1","169.1","14.0","Vg","3523",".614",".657","1","","","","","","","","Av/104","Av","Av","Normal",".304",".323",  
"LF, CF, RF","Ducey, Rob L  ","$1,360,000","5850",".222",".300",".343","63.0","65.7","10.1","Av","6578",".515",".662","3","","","","","","Av/147","Fr/147","Av/147","Av","Av","Prone",".272",".304",  
"SS, 2B, 3B","Phillips, Mike L  ","$1,356,000","20915",".230",".278",".294","44.9","160.9","16.9","Av","22540",".481",".625","3","","","Vg/109","Av/168","Vg/120","","","","&nbsp;","Fr","Normal",".240",".299",  
"1B","Burrus, Dick L  ","$1,355,000","11159",".264",".325",".355","69.3","68.5","12.5","Fr","12445",".654",".687","3","","Fr/120","","","","","","","&nbsp;","Fr","Prone",".321",".326",  
"3B, 2B","Brubaker, Bill R  ","$1,352,000","4530",".231",".305",".340","60.4","48.2","11.0","Av","5090",".645",".645","-1","","","Av/153","Av/120","","","","","&nbsp;","Fr","Normal",".304",".307",  
"RF, LF, CF","Maldonado, Candy R  ","$1,345,000","13834",".238",".302",".384","66.9","35.6","12.9","Fr","15263",".685",".690","0","","","","","","Fr/124","Pr/124","Fr/124","Vg","Fr","Normal",".301",".304",  
"C","Oliver, Joe R  ","$1,341,000","14481",".241",".284",".356","56.8","48.9","17.7","Pr","15552",".652",".626","-1","Vg/101","","","","","","","","&nbsp;","Pr","Prone",".292",".277",  
"SS, 2B, 3B","Huson, Jeff L  ","$1,340,000","3954",".219",".282",".253","41.0","439.3","12.5","Ex","4391",".556",".529","2","","","Av/50","Av/95","Av/151","","","","&nbsp;","Av","Normal",".289",".281",  
"LF, RF","O'Leary, Troy L  ","$1,340,000","19619",".247",".299",".362","61.9","57.9","14.4","Av","21361",".536",".678","2","","","","","","Av/89","","Av/89","Fr","Fr","Normal",".252",".305",  
"SS","Fisher, Bob R  ","$1,338,000","5038",".260",".299",".359","62.0","61.4","18.7","Fr","5436",".686",".629","-1","","","","","Fr/111","","","","&nbsp;","Av","Normal",".309",".289",  
"1B, LF","Gernert, Dick R  ","$1,337,000","10502",".229",".318",".375","71.0","27.5","8.83","Fr","11981",".700",".675","-1","","Fr/102","","","","Fr/180","","","Fr","Pr","Prone",".321",".310",  
"RF, LF, CF","Kapler, Gabe R  ","$1,337,000","14973",".260",".322",".372","70.8","70.6","11.8","Av","16592",".710",".658","-2","","","","","","Av/115","Fr/115","Av/115","Av","Av","Fragile",".328",".310",  
"SS, 2B, 3B","Olson, Ivy R  ","$1,331,000","10091",".228",".271",".316","48.4","68.6","18.5","Av","10938",".621",".568","-2","","","Vg/117","Vg/100","Av/106","","","","&nbsp;","Av","Normal",".286",".262",  
"SS, 2B, 3B","Martinez, Ted R  ","$1,321,000","1589",".234",".264",".308","41.9","176.6","29.6","Ex","1686",".494",".611","1","","","Fr/27","Fr/101","Fr/118","","","","&nbsp;","Av","Normal",".233",".280",  
"C","Melvin, Bob R  ","$1,321,000","9859",".226",".267",".328","47.0","61.6","18.8","Pr","10530",".637",".500","-3","Fr/58","","","","","","","","&nbsp;","Fr","Prone",".283",".232",  
"3B, 2B, SS","Nunez, Eduardo R  ","$1,319,000","1801",".248",".284",".336","55.3","100.1","21.3","Av","1914",".644",".608","1","","","Fr/142","Av/122","Fr/163","","","","&nbsp;","Vg","Fragile",".288",".282",  
"3B, 1B","Knight, Ray R  ","$1,315,000","25910",".260",".310",".360","62.5","82.3","15.6","Pr","28144",".681",".664","-1","","Fr/97","","Fr/84","","","","","&nbsp;","Fr","Normal",".314",".308",  
"C","Schmidt, Walter R  ","$1,315,000","4608",".212",".264",".271","38.9","100.2","16.2","Fr","5029",".508",".559","0","Vg/73","","","","","","","","&nbsp;","Av","Normal",".255",".271",  
"SS","Elster, Kevin R  ","$1,313,000","5904",".212",".276",".332","53.8","44.7","12.5","Fr","6533",".621",".600","-1","","","","","Av/81","","","","&nbsp;","Fr","Fragile",".281",".273",  
"C, 1B","Gonzalez, Mike R  ","$1,313,000","4927",".219",".285",".307","51.4","72.5","12.2","Fr","5501",".604",".582","0","Av/76","Fr/112","","","","","","","&nbsp;","Av","Normal",".291",".282",  
"CF","McTamany, Jim R  ","$1,313,000","3497",".211",".312",".308","59.3","77.7","8.12","Av","4082",".637",".609","-1","","","","","","","Av/88","","Av","Av","Normal",".322",".306",  
"3B, 2B","Morrison, Jim R  ","$1,312,000","14346",".245",".291",".377","62.9","38.5","17.4","Av","15564",".691",".649","-1","","","Av/123","Fr/100","","","","","&nbsp;","Av","Normal",".296",".287",  
"CF, LF","Glanville, Doug R  ","$1,311,000","6122",".256",".292",".312","55.5","244.9","20.6","Av","6558",".595",".613","0","","","","","","Av/48","Fr/48","","Av","Vg","Normal",".289",".296",  
"C","Girardi, Joe R  ","$1,306,000","11158",".234",".274",".275","40.0","1115.8","19.5","Fr","12013",".535",".557","0","Ex/91","","","","","","","","&nbsp;","Fr","Prone",".270",".276",  
"1B, 2B","Stapleton, Dave R  ","$1,306,000","4823",".254",".294",".363","60.7","75.4","19.2","Fr","5177",".653",".674","0","","Vg/94","Av/114","","","","","","&nbsp;","Pr","Normal",".293",".297",  
"1B","Cartwright, Ed R  ","$1,304,000","3118",".230",".300",".361","64.1","48.7","11.1","Vg","3471",".660",".653","-1","","Av/103","","","","","","","&nbsp;","Ex","Normal",".299",".297",  
"SS, 2B, 3B","Howard, David S  ","$1,303,000","3524",".230",".288",".285","49.5","352.4","13.8","Av","3897",".593",".558","0","","","Vg/80","Av/54","Av/79","","","","&nbsp;","Av","Prone",".300",".278",  
"SS, 2B, 3B","Downey, Tom R  ","$1,297,000","1954",".231",".287",".308","52.0","130.3","14.2","Av","2168",".555",".621","0","","","Vg/101","Av/117","Av/133","","","","&nbsp;","Vg","Normal",".278",".296",  
"C","Lamanno, Ray R  ","$1,296,000","5535",".235",".292",".306","49.5","104.4","14.7","Pr","6074",".534",".629","2","Av/101","","","","","","","","&nbsp;","Pr","Normal",".267",".305",  
"1B, LF, CF, RF","Carreon, Mark R  ","$1,295,000","7728",".260",".312",".386","69.7","44.2","15.4","Fr","8413",".703",".693","0","","Av/122","","","","Av/139","Fr/139","Av/139","Av","Fr","Fragile",".316",".309",  
"LF, 1B, CF, RF","Paciorek, Tom R  ","$1,295,000","9514",".266",".313",".374","67.1","76.7","16.8","Av","10297",".703",".669","-1","","Fr/78","","","","Av/108","Fr/108","Av/108","Fr","Fr","Prone",".318",".307",  
"RF, 2B, 3B, SS, LF, CF","Bailor, Bob R  ","$1,294,000","6279",".247",".298",".299","53.6","348.8","16.3","Vg","6884",".636",".562","-2","","","Av/140","Av/85","Av/76","Vg/95","Av/95","Vg/95","Av","Av","Fragile",".314",".282",  
"LF, 3B, RF","Barnhart, Clyde R  ","$1,293,000","24625",".249",".316",".373","69.9","54.7","11.3","Fr","27665",".708",".669","-1","","","","Fr/87","","Fr/81","","Fr/81","Av","Fr","Normal",".324",".307",  
"3B, 2B","Foster, Eddie R  ","$1,293,000","11128",".251",".312",".350","64.8","63.2","12.2","Av","12288",".688",".640","-1","","","Av/115","Av/116","","","","","&nbsp;","Vg","Normal",".322",".305",  
"C","Prince, Tom R  ","$1,292,000","9204",".178",".241",".253","28.3","96.9","16.0","Pr","10163",".471",".507","0","Av/69","","","","","","","","&nbsp;","Fr","Prone",".234",".244",  
"SS","Patek, Freddie R  ","$1,291,000","6954",".225",".290",".292","51.7","198.7","12.4","Ex","7821",".629",".550","-1","","","","","Av/107","","","","&nbsp;","Ex","Prone",".309",".276",  
"SS, 2B, 3B","Tolleson, Wayne S  ","$1,288,000","9939",".226",".293",".262","45.1","709.9","11.8","Vg","11054",".563",".550","-1","","","Av/128","Av/112","Av/81","","","","&nbsp;","Vg","Normal",".298",".290",  
"C","Myers, Greg L  ","$1,282,000","6344",".233",".292",".331","54.2","57.7","12.9","Pr","6983",".569",".636","1","Av/121","","","","","","","","&nbsp;","Pr","Fragile",".284",".295",  
"C","McLean, Larry R  ","$1,277,000","3743",".247",".286",".341","54.5","54.2","18.2","Fr","4002",".624",".633","-1","Fr/88","","","","","","","","&nbsp;","Fr","Prone",".291",".282",  
"2B","Schilling, Chuck R  ","$1,277,000","9323",".223",".283",".269","44.5","266.4","13.4","Av","10357",".569",".539","-1","","","Vg/70","","","","","","&nbsp;","Pr","Normal",".291",".277",  
"RF","Clinton, Lou R  ","$1,276,000","10439",".240",".294",".398","67.3","42.8","14.0","Av","11412",".718",".657","-1","","","","","","","","Av/105","Vg","Fr","Normal",".304",".281",  
"RF, 1B, LF, CF","Collins, Shano R  ","$1,276,000","10793",".252",".292",".366","61.6","78.2","19.9","Vg","11643",".676",".612","-1","","Av/109","","","","Av/89","Av/89","Av/89","Av","Vg","Normal",".299",".273",  
"RF, LF","Flack, Max L  ","$1,274,000","5755",".247",".313",".351","66.0","58.7","11.6","Av","6419",".619",".671","1","","","","","","Av/75","","Av/75","Av","Vg","Prone",".308",".315",  
"RF, 1B, 3B, LF","Moore, Randy L  ","$1,273,000","14110",".254",".310",".362","65.3","59.3","13.3","Av","15548",".646",".678","0","","Fr/165","","Fr/118","","Av/117","","Av/117","Av","Fr","Normal",".313",".309",  
"SS","Cross, Monte R  ","$1,271,000","4989",".204",".275",".310","48.5","55.4","11.6","Av","5540",".600",".578","-1","","","","","Av/98","","","","&nbsp;","Vg","Normal",".284",".271",  
"CF, LF, RF","Matthews, Gary Jr S  ","$1,271,000","9217",".244",".316",".347","67.0","73.2","10.4","Vg","10323",".664",".666","0","","","","","","Av/127","Av/127","Av/127","Av","Av","Prone",".319",".315",  
"LF, CF","Young, Eric Jr S  ","$1,269,000","3440",".235",".315",".286","61.5","573.3","10.4","Ex","3920",".617",".611","0","","","","","","Av/99","Av/99","","Av","Ex","Prone",".323",".318",  
"CF, LF, RF","Hockett, Oris L  ","$1,266,000","3030",".270",".310",".374","67.6","89.1","18.8","Av","3256",".651",".691","1","","","","","","Fr/107","Fr/107","Fr/107","Vg","Av","Normal",".301",".312",  
"LF, CF","Felix, Gus R  ","$1,265,000","8009",".248",".321",".338","65.3","83.4","10.4","Av","9050",".681",".619","-1","","","","","","Av/130","Av/130","","Fr","Fr","Normal",".327",".310",  
"C","Benedict, Bruce R  ","$1,264,000","5270",".212",".283",".247","39.5","527.0","11.4","Pr","5906",".542",".513","0","Vg/67","","","","","","","","&nbsp;","Fr","Normal",".289",".276",  
"2B, 3B","Nelson, Dave R  ","$1,262,000","4704",".237",".298",".324","57.9","87.1","12.7","Ex","5211",".630",".616","0","","","Av/104","Av/129","","","","","&nbsp;","Ex","Fragile",".298",".298",  
"C, 1B, LF, CF, RF","O'Connor, Jack R  ","$1,258,000","6025",".232",".270",".309","45.7","84.9","20.4","Av","6407",".582",".575","-1","Av/68","Fr/62","","","","Fr/109","Fr/109","Fr/109","Vg","Vg","Normal",".275",".265",  
"2B, SS","Egan, Dick R  ","$1,254,000","10332",".235",".295",".322","57.2","60.8","12.7","Av","11420",".664",".581","-1","","","Av/88","","Fr/123","","","","&nbsp;","Vg","Normal",".315",".280",  
"2B","Wilfong, Rob L  ","$1,254,000","7219",".230",".284",".295","50.4","156.9","14.8","Av","7997",".510",".603","3","","","Av/90","","","","","","&nbsp;","Av","Normal",".262",".293",  
"3B, LF, CF, RF","Bordagaray, Frenchy R  ","$1,253,000","4110",".250",".298",".332","59.4","124.5","17.1","Vg","4461",".623",".635","1","","","","Fr/153","","Av/70","Fr/70","Av/70","Av","Av","Normal",".292",".303",  
"CF, LF, RF","Uhlaender, Ted L  ","$1,253,000","26304",".250",".297",".308","54.6","276.9","16.3","Av","28404",".515",".632","2","","","","","","Av/47","Av/47","Av/47","Fr","Av","Normal",".263",".307",  
"3B, 2B","Maisel, Fritz R  ","$1,246,000","4006",".248",".317",".337","63.6","71.5","11.0","Vg","4492",".680",".619","-1","","","Fr/77","Fr/95","","","","","&nbsp;","Ex","Normal",".318",".316",  
"C","Nixon, Russ L  ","$1,246,000","8915",".257",".291",".332","52.6","217.4","22.3","Pr","9454",".508",".637","3","Av/108","","","","","","","","&nbsp;","Pr","Prone",".251",".296",  
"1B","Kotchman, Casey L  ","$1,245,000","3823",".254",".316",".355","67.0","63.7","12.9","Pr","4240",".606",".690","1","","Av/38","","","","","","","&nbsp;","Pr","Prone",".309",".317",  
"LF, CF, RF","Mokan, Johnny R  ","$1,243,000","767",".228",".313",".326","60.7","59.0","9.53","Av","877",".703",".403","-1","","","","","","Fr/98","Fr/98","Fr/98","Fr","Av","Prone",".336",".229",  
"LF, 1B, RF","Iorg, Dane L  ","$1,242,000","13751",".265",".317",".366","66.4","98.9","14.0","Fr","15040",".497",".707","5","","Fr/83","","","","Av/111","","Av/111","Fr","Pr","Normal",".239",".327",  
"SP, LF, RF","Maul, Al R  ","$1,241,000","270",".193",".284",".296","52.5","67.5","9.12","Fr","310",".485",".662","-1","","","","","","Av/91","","Av/91","Vg","Vg","Normal",".241",".320",  
"2B, 3B, SS","Gustine, Frankie R  ","$1,240,000","5561",".245",".298",".333","56.6","106.9","14.7","Vg","6080",".675",".586","0","","","Av/134","Vg/120","Fr/131","","","","&nbsp;","Fr","Prone",".314",".281",  
"SS","Miranda, Willy S  ","$1,239,000","20805",".214",".258",".263","36.6","231.2","18.1","Av","22419",".511",".527","0","","","","","Vg/97","","","","&nbsp;","Fr","Normal",".257",".258",  
"2B, 1B, 3B, SS","Zeider, Rollie R  ","$1,239,000","5204",".243",".321",".315","60.7","77.7","9.92","Av","5935",".643",".630","-1","","Fr/95","Fr/112","Fr/95","Fr/137","","","","&nbsp;","Vg","Normal",".325",".318",  
"C, 1B","Archer, Jimmy R  ","$1,238,000","2172",".227",".271",".310","46.2","90.5","18.4","Av","2355",".631",".537","-1","Av/96","Fr/153","","","","","","","&nbsp;","Av","Normal",".296",".250",  
"2B","Mack, Reddy R  ","$1,238,000","567",".217",".301",".332","61.0","70.9","10.2","Av","643",".616",".647","0","","","Av/110","","","","","","&nbsp;","Av","Normal",".289",".311",  
"3B, LF, RF","Shannon, Mike R  ","$1,231,000","6543",".243",".307",".362","65.2","49.2","11.9","Av","7242",".678",".656","-1","","","","Fr/122","","Fr/52","","Fr/52","Vg","Fr","Prone",".307",".307",  
"3B, 2B, SS","O'Rourke, Frank R  ","$1,228,000","4830",".206",".263",".278","40.5","105.0","15.4","Vg","5329",".522",".555","0","","","Vg/85","Vg/102","Av/126","","","","&nbsp;","Av","Normal",".262",".264",  
"SS, 1B, 2B, 3B","Gomez, Chris R  ","$1,226,000","5039",".245",".308",".310","56.4","168.0","12.2","Fr","5586",".633",".609","-1","","Av/86","Av/97","Av/90","Fr/97","","","","&nbsp;","Fr","Normal",".316",".302",  
"LF, 1B, CF, RF","Holt, Jim L  ","$1,223,000","7622",".255",".295",".336","55.3","95.3","19.7","Av","8146",".534",".647","2","","Fr/42","","","","Av/62","Fr/62","Av/62","Av","Pr","Normal",".263",".300",  
"RF, LF","Williams, Walt R  ","$1,223,000","2111",".259",".299",".330","57.9","150.8","20.1","Av","2255",".632",".626","0","","","","","","Av/95","","Av/95","Vg","Fr","Normal",".301",".298",  
"SS, 1B, 2B, 3B, LF","Almon, Bill R  ","$1,218,000","7340",".250",".302",".329","59.5","124.4","14.6","Av","8079",".661",".606","-1","","Av/152","Av/134","Fr/152","Av/123","Fr/89","","","Av","Vg","Normal",".313",".293",  
"C","Pocoroba, Biff S  ","$1,218,000","7953",".244",".317",".321","59.4","117.0","10.7","Pr","8917",".482",".670","2","Av/120","","","","","","","","&nbsp;","Pr","Fragile",".252",".329",  
"1B","Werden, Perry R  ","$1,215,000","6027",".250",".313",".386","71.0","73.5","12.6","Av","6680",".715",".648","-1","","Av/95","","","","","","","&nbsp;","Vg","Normal",".317",".299",  
"2B, SS","Sakata, Lenn R  ","$1,212,000","10211",".233",".296",".330","56.6","66.3","12.5","Av","11333",".676",".559","-2","","","Av/95","","Av/116","","","","&nbsp;","Av","Normal",".312",".274",  
"CF, LF","Brown, Eddie R  ","$1,209,000","8638",".264",".306",".368","65.7","93.9","18.3","Av","9321",".697",".649","-1","","","","","","Av/93","Fr/93","","Pr","Fr","Normal",".318",".294",  
"CF, LF, RF","Groth, Johnny R  ","$1,209,000","6364",".257",".311",".351","63.9","101.0","13.8","Av","6984",".655",".670","-1","","","","","","Av/66","Av/66","Av/66","Av","Fr","Prone",".304",".319",  
"C","Brand, Ron R  ","$1,207,000","13633",".250",".317",".307","56.8","206.6","11.7","Av","15185",".654",".560","-2","Fr/105","","","","","","","","&nbsp;","Fr","Normal",".328",".291",  
"C","May, Jerry R  ","$1,205,000","8244",".238",".305",".333","58.8","74.9","11.5","Pr","9152",".678",".559","-1","Av/95","","","","","","","","&nbsp;","Pr","Fragile",".319",".277",  
"SS","Jeltz, Steve S  ","$1,204,000","2764",".203",".289",".233","37.9","921.3","9.44","Av","3162",".525",".520","0","","","","","Av/82","","","","&nbsp;","Fr","Normal",".291",".288",  
"1B, 2B, 3B, LF, CF, RF","Engle, Clyde R  ","$1,202,000","7410",".234",".308",".330","60.2","67.4","10.6","Av","8363",".668",".597","-1","","Fr/107","Fr/118","Fr/164","","Av/91","Av/91","Av/91","Av","Vg","Normal",".320",".291",  
"3B, 2B, SS","High, Andy L  ","$1,200,000","10867",".229",".302",".326","59.0","64.3","10.8","Av","12261",".576",".642","0","","","Fr/109","Fr/83","Pr/110","","","","&nbsp;","Fr","Normal",".293",".305",  
"1B, C, RF","Fick, Robert L  ","$1,199,000","13346",".246",".308",".348","62.8","57.3","12.3","Av","14714",".584",".672","2","Pr/172","Av/172","","","","","","Av/221","Av","Pr","Prone",".283",".314",  
"SS","Oyler, Ray R  ","$1,198,000","6769",".198",".278",".271","40.5","138.1","10.4","Vg","7684",".602",".508","-2","","","","","Vg/92","","","","&nbsp;","Pr","Prone",".300",".261",  
"RF, 2B, 3B, SS, LF, CF","Radford, Paul R  ","$1,198,000","13418",".204",".311",".263","51.0","122.0","7.64","Av","15635",".597",".552","-1","","","Av/129","Av/112","Av/109","Av/94","Fr/94","Av/94","Vg","Vg","Normal",".321",".301",  
"2B, 3B","Beckham, Gordon R  ","$1,197,000","4220",".218",".288",".297","49.6","140.7","12.4","Vg","4722",".573",".592","0","","","Av/89","Av/101","","","","","&nbsp;","Fr","Prone",".279",".294",  
"C, 1B","Pavletich, Don R  ","$1,196,000","8513",".221",".296",".344","59.2","46.3","10.4","Fr","9536",".661",".619","-1","Av/145","Fr/60","","","","","","","&nbsp;","Pr","Normal",".305",".287",  
"1B, 3B, LF","Johnson, Deron R  ","$1,195,000","69035",".236",".313",".406","73.8","27.1","9.98","Pr","77669",".755",".670","-2","","Fr/84","","Fr/104","","Fr/77","","","Fr","Pr","Normal",".324",".296",  
"RF, LF, CF","Bell, Derek R  ","$1,190,000","7412",".250",".311",".344","62.2","66.8","13.1","Av","8178",".664",".649","-1","","","","","","Av/123","Fr/123","Av/123","Av","Vg","Prone",".316",".309",  
"LF, CF, RF","Spilborghs, Ryan R  ","$1,190,000","4949",".247",".324",".340","65.2","76.1","9.95","Av","5574",".669",".657","-1","","","","","","Av/134","Fr/134","Av/134","Av","Av","Prone",".330",".316",  
"C","Barajas, Rod R  ","$1,189,000","3613",".231",".272",".356","56.2","38.8","19.6","Pr","3867",".608",".640","0","Av/87","","","","","","","","&nbsp;","Pr","Fragile",".268",".275",  
"C","Killefer, Bill R  ","$1,186,000","9304",".218",".255",".275","37.1","113.5","24.4","Fr","9936",".569",".505","-1","Ex/82","","","","","","","","&nbsp;","Fr","Normal",".267",".247",  
"CF","Marsans, Armando R  ","$1,182,000","6504",".269",".320",".352","68.5","68.5","14.7","Av","7160",".694",".609","-1","","","","","","","Av/86","","Av","Ex","Normal",".325",".304",  
"2B, SS, LF, CF, RF","Bannister, Alan R  ","$1,180,000","5996",".242",".310",".303","59.2","352.7","11.5","Vg","6680",".611",".612","0","","","Fr/160","","Fr/185","Av/92","Fr/92","Av/92","Fr","Vg","Prone",".305",".311",  
"C","Todd, Al R  ","$1,180,000","8256",".243",".277",".338","50.4","63.5","25.6","Fr","8780",".636",".590","-1","Vg/117","","","","","","","","&nbsp;","Fr","Normal",".282",".269",  
"C","Evans, Al R  ","$1,177,000","6992",".237",".303",".328","57.4","75.2","11.8","Fr","7744",".620",".639","-1","Fr/130","","","","","","","","&nbsp;","Fr","Prone",".298",".306",  
"RF, LF","Clark, Dave L  ","$1,171,000","10523",".248",".319",".366","67.4","45.6","10.6","Av","11737",".682",".685","1","","","","","","Fr/152","","Fr/152","Fr","Fr","Normal",".320",".318",  
"RF, LF, CF","Reynolds, R.J. S  ","$1,171,000","16183",".260",".313",".358","65.0","103.7","14.0","Av","17676",".675",".669","0","","","","","","Av/134","Fr/134","Av/134","Av","Vg","Prone",".312",".314",  
"LF, RF","Turner, Jerry L  ","$1,170,000","3625",".243",".304",".363","65.2","45.3","12.3","Av","4001",".647",".670","1","","","","","","Av/195","","Av/195","Av","Av","Normal",".293",".306",  
"3B, 2B, CF","Macias, Jose S  ","$1,169,000","7840",".239",".283",".304","49.0","230.6","17.3","Av","8485",".570",".594","0","","","Av/72","Av/105","","","Av/107","","Av","Av","Normal",".274",".286",  
"LF, RF","Braggs, Glenn R  ","$1,168,000","7539",".250",".316",".382","69.2","43.8","12.2","Av","8346",".709",".659","-2","","","","","","Av/197","","Av/197","Av","Av","Prone",".323",".296",  
"RF, LF","Guillen, Jose R  ","$1,167,000","11361",".261",".311",".382","67.8","44.4","19.4","Av","12365",".733",".641","-1","","","","","","Av/175","","Av/175","Av","Fr","Prone",".324",".294",  
"SS, 2B","Belliard, Rafael R  ","$1,165,000","12445",".205",".247",".229","26.3","1382.8","21.9","Av","13383",".472",".479","0","","","Vg/55","","Av/78","","","","&nbsp;","Av","Prone",".245",".248",  
"C, 2B, 3B, SS, LF, CF, RF","Miller, Doggie R  ","$1,165,000","3716",".230",".291",".302","49.7","80.8","13.2","Av","4069",".595",".592","-1","Fr/104","","Pr/159","Av/133","Pr/146","Av/122","Fr/122","Av/122","Fr","Vg","Normal",".290",".291",  
"C","Montgomery, Bob R  ","$1,165,000","6683",".241",".282",".333","52.0","81.5","19.8","Fr","7159",".624",".606","0","Av/114","","","","","","","","&nbsp;","Pr","Normal",".287",".277",  
"C, 3B","Trevino, Alex R  ","$1,165,000","9981",".244",".301",".325","55.0","131.3","14.1","Fr","10936",".665",".572","-1","Av/139","","","Pr/164","","","","","&nbsp;","Fr","Normal",".314",".283",  
"2B, SS","Coleman, Jerry R  ","$1,162,000","8006",".254",".312",".322","58.7","160.1","13.6","Av","8842",".652",".614","-2","","","Av/100","","Fr/122","","","","&nbsp;","Fr","Prone",".321",".302",  
"C","Hundley, Nick R  ","$1,161,000","3129",".238",".289",".359","59.3","46.0","15.2","Fr","3394",".625",".660","0","Av/128","","","","","","","","&nbsp;","Fr","Prone",".288",".289",  
"LF","Redus, Frog R  ","$1,158,000","4314",".251",".293",".371","60.3","47.9","19.3","Av","4643",".711",".591","-1","","","","","","Av/100","","","Fr","Vg","Normal",".312",".263",  
"2B","Getz, Chris L  ","$1,157,000","6194",".248",".299",".287","54.6","774.2","15.7","Vg","6831",".572",".583","0","","","Av/84","","","","","","&nbsp;","Vg","Fragile",".294",".297",  
"LF, 1B, CF, RF","Tebeau, George R  ","$1,157,000","8212",".216",".306",".311","58.5","93.3","8.83","Vg","9354",".637",".582","-1","","Av/133","","","","Av/108","Av/108","Av/108","Fr","Ex","Prone",".312",".296",  
"RF, LF, CF","Pena, Wily Mo R  ","$1,155,000","20850",".243",".298",".393","67.1","27.5","14.8","Av","22712",".716",".673","-1","","","","","","Av/159","Av/159","Av/159","Av","Fr","Fragile",".306",".292",  
"LF","Lamar, Bill L  ","$1,152,000","5368",".271",".303",".380","65.5","57.1","22.2","Av","5747",".612",".694","3","","","","","","Fr/137","","","Av","Av","Normal",".264",".309",  
"SS","DiSarcina, Gary R  ","$1,151,000","10170",".237",".269",".281","40.2","2034.0","26.9","Av","10817",".574",".537","0","","","","","Vg/93","","","","&nbsp;","Av","Prone",".282",".262",  
"SS","Guzman, Cristian S  ","$1,151,000","4730",".252",".288",".318","53.3","278.2","20.5","Vg","5060",".632",".586","-1","","","","","Av/112","","","","&nbsp;","Av","Fragile",".303",".275",  
"2B, 3B, SS, LF, CF, RF","Miksis, Eddie R  ","$1,151,000","12406",".219",".267",".281","40.3","121.6","16.6","Vg","13475",".579",".516","-1","","","Av/149","Av/74","Fr/104","Av/46","Fr/46","Av/46","Pr","Av","Normal",".278",".255",  
"C","Borders, Pat R  ","$1,148,000","11130",".246",".281",".338","51.9","87.0","21.4","Pr","11843",".637",".606","-1","Av/128","","","","","","","","&nbsp;","Pr","Normal",".287",".277",  
"LF, CF, RF","Heisey, Chris R  ","$1,148,000","2052",".224",".285",".353","60.8","40.2","14.7","Vg","2260",".622",".652","1","","","","","","Av/74","Fr/74","Av/74","Av","Av","Prone",".282",".288",  
"LF, CF, RF","Lord, Bris R  ","$1,146,000","3441",".257",".306",".373","66.7","67.5","15.2","Av","3779",".689",".664","-1","","","","","","Fr/100","Fr/100","Fr/100","Fr","Av","Normal",".311",".298",  
"2B, SS","McClellan, Bill L  ","$1,145,000","4548",".208",".284",".259","44.3","156.8","10.7","Vg","5114",".473",".568","1","","","Av/112","","Av/110","","","","&nbsp;","Vg","Normal",".261",".293",  
"RF, LF","Stanton, Leroy R  ","$1,145,000","10295",".252",".315",".400","72.4","35.7","12.5","Av","11395",".723",".709","0","","","","","","Fr/141","","Fr/141","Av","Av","Prone",".317",".314",  
"LF, 2B, SS","Stewart, Jimmy S  ","$1,142,000","7328",".229",".301",".276","50.5","458.0","11.0","Av","8162",".578",".576","0","","","Av/76","","Fr/92","Fr/119","","","Av","Av","Normal",".303",".300",  
"SS, 2B, 3B, LF","Valentine, Bobby R  ","$1,140,000","9929",".247",".308",".312","56.5","180.5","12.8","Av","10987",".605",".628","0","","","Av/122","Av/208","Av/124","Av/125","","","Fr","Av","Normal",".299",".312",  
"RF, LF, CF","Darwin, Bobby R  ","$1,139,000","21374",".239",".298",".395","65.1","29.9","14.8","Av","23415",".718",".647","-1","","","","","","Fr/125","Pr/125","Fr/125","Vg","Fr","Normal",".306",".283",  
"SS, 2B","Washington, U.L. S  ","$1,136,000","7213",".245",".309",".327","62.5","109.3","11.8","Av","8045",".665",".616","-1","","","Av/166","","Av/121","","","","&nbsp;","Vg","Normal",".314",".305",  
"C","Cerone, Rick R  ","$1,126,000","6838",".234",".293",".326","54.6","83.4","13.4","Pr","7507",".635",".594","-1","Fr/73","","","","","","","","&nbsp;","Pr","Prone",".299",".283",  
"SS","Irwin, Arthur L  ","$1,126,000","5477",".220",".286",".279","44.8","156.5","12.2","Av","6064",".486",".582","1","","","","","Av/95","","","","&nbsp;","Ex","Normal",".262",".292",  
"3B, 2B, SS, LF","Royster, Jerry R  ","$1,125,000","11414",".230",".299",".290","51.6","253.6","11.3","Vg","12775",".617",".566","-1","","","Av/143","Av/99","Av/138","Av/160","","","Fr","Vg","Normal",".308",".293",  
"2B, 1B, 3B","Cairo, Miguel R  ","$1,124,000","6369",".241",".290",".287","49.1","796.1","18.1","Av","6985",".588",".570","-1","","Fr/136","Av/83","Fr/124","","","","","&nbsp;","Av","Prone",".291",".290",  
"LF, RF","Holmes, Ducky L  ","$1,124,000","6492",".249",".303",".361","65.0","56.5","15.7","Vg","7123",".681",".661","1","","","","","","Av/126","","Av/126","Av","Ex","Prone",".308",".302",  
"C, 1B","Kerins, John R  ","$1,123,000","3133",".230",".291",".337","56.2","55.0","12.8","Av","3444",".648",".609","-1","Av/85","Av/112","","","","","","","&nbsp;","Av","Prone",".303",".279",  
"C, LF","Perkins, Bill R  ","$1,122,000","13200",".225",".277",".331","49.3","39.5","15.4","Pr","14277",".632",".585","-1","Fr/100","","","","","Fr/133","","","Av","Pr","Normal",".282",".271",  
"C","Brown, Dick R  ","$1,120,000","5618",".249",".290",".365","59.2","40.1","19.1","Pr","6017",".681",".612","-1","Av/100","","","","","","","","&nbsp;","Pr","Fragile",".303",".268",  
"SP, LF, RF","Terry, Adonis R  ","$1,119,000","787",".203",".252",".301","38.2","60.5","16.0","Fr","849",".597",".500","-1","","","","","","Av/122","","Av/122","Av","Vg","Normal",".271",".232",  
"SS","Meacham, Bob S  ","$1,118,000","4258",".236",".315",".284","56.8","851.6","10.8","Vg","4908",".599",".599","-1","","","","","Av/123","","","","&nbsp;","Vg","Prone",".316",".314",  
"RF, LF, CF","Ripple, Jimmy L  ","$1,115,000","5829",".260",".326",".356","69.0","79.8","11.8","Av","6508",".651",".686","-1","","","","","","Fr/62","Fr/62","Fr/62","Fr","Pr","Normal",".317",".327",  
"SS, 2B","Warstler, Rabbit R  ","$1,115,000","10027",".207",".274",".269","41.9","135.5","12.2","Av","11167",".570",".527","0","","","Vg/119","","Vg/106","","","","&nbsp;","Fr","Normal",".286",".267",  
"CF","Oakes, Rebel L  ","$1,114,000","5660",".252",".306",".335","60.4","69.9","14.8","Av","6232",".540",".669","1","","","","","","","Av/94","","Av","Av","Normal",".261",".319",  
"C","Smith, Hal R. R  ","$1,113,000","11376",".243",".280",".312","47.5","137.1","20.3","Pr","12127",".609",".579","-2","Vg/92","","","","","","","","&nbsp;","Pr","Prone",".287",".276",  
"2B","Aspromonte, Ken R  ","$1,110,000","965",".228",".321",".295","58.0","137.9","8.66","Av","1108",".663",".592","1","","","Av/140","","","","","","&nbsp;","Pr","Normal",".340",".311",  
"3B, LF, RF","Cruz, Hector R  ","$1,109,000","1210",".211",".288",".308","52.1","55.0","10.0","Av","1364",".557",".636","0","","","","Fr/140","","Av/120","","Av/120","Av","Fr","Normal",".274",".302",  
"C","Tebbetts, Birdie R  ","$1,102,000","7380",".234",".292",".291","48.2","144.7","13.7","Fr","8084",".592",".574","1","Vg/127","","","","","","","","&nbsp;","Fr","Prone",".299",".285",  
"2B, 3B, SS","Perez, Tomas S  ","$1,101,000","10838",".238",".282",".300","46.9","338.7","17.2","Pr","11626",".569",".588","-1","","","Vg/94","Vg/110","Av/91","","","","&nbsp;","Pr","Normal",".279",".283",  
"2B, SS","Wambsganss, Bill R  ","$1,100,000","16476",".230",".290",".320","54.7","72.3","13.8","Av","18612",".644",".586","-1","","","Vg/110","","Fr/124","","","","&nbsp;","Av","Prone",".304",".281",  
"SS, 3B","Wine, Bobby R  ","$1,100,000","10504",".207",".251",".266","33.1","184.3","18.2","Av","11367",".567",".484","-2","","","","Av/100","Vg/80","","","","&nbsp;","Pr","Prone",".271",".238",  
"C","Mitterwald, George R  ","$1,099,000","6745",".215",".270",".313","45.8","54.0","14.8","Fr","7308",".594",".586","-1","Vg/98","","","","","","","","&nbsp;","Fr","Normal",".280",".268",  
"CF, 3B, LF","Duffee, Charlie R  ","$1,095,000","1139",".230",".284",".356","57.2","45.6","14.1","Av","1245",".710",".499","-1","","","","Fr/116","","Av/82","Fr/82","","Vg","Av","Normal",".300",".251",  
"C","Widger, Chris R  ","$1,095,000","16488",".233",".289",".359","60.1","47.1","13.8","Fr","18037",".692",".553","-2","Vg/130","","","","","","","","&nbsp;","Pr","Prone",".305",".256",  
"LF, 2B, CF, RF","Amaral, Rich R  ","$1,094,000","14669",".257",".324",".297","59.6","1222.4","11.6","Vg","16403",".632",".605","-1","","","Av/175","","","Av/21","Fr/21","Av/21","Fr","Vg","Prone",".327",".320",  
"2B, 3B","Lemke, Mark S  ","$1,093,000","14215",".221",".282",".269","42.6","273.4","12.8","Fr","15733",".584",".531","-1","","","Vg/85","Vg/103","","","","","&nbsp;","Pr","Fragile",".296",".273",  
"C","Diaz, Bo R  ","$1,091,000","5222",".241",".289",".346","54.5","53.8","16.0","Pr","5660",".634",".636","-1","Av/95","","","","","","","","&nbsp;","Fr","Prone",".286",".293",  
"3B","Rollins, Rich R  ","$1,086,000","5188",".256",".317",".346","63.9","91.0","13.9","Av","5761",".665",".662","-1","","","","Fr/113","","","","","&nbsp;","Pr","Prone",".316",".318",  
"3B, 1B","Atkins, Garrett R  ","$1,085,000","9168",".247",".314",".348","64.1","56.6","11.2","Fr","10183",".678",".650","-1","","Fr/122","","Fr/103","","","","","&nbsp;","Pr","Normal",".322",".306",  
"C","Batts, Matt R  ","$1,085,000","4287",".237",".283",".352","55.6","69.1","16.6","Pr","4609",".649",".621","0","Av/115","","","","","","","","&nbsp;","Pr","Normal",".290",".276",  
"2B, 3B, CF","Chiozza, Lou L  ","$1,085,000","4138",".242",".294",".306","55.3","206.9","15.0","Vg","4535",".547",".614","0","","","Fr/159","Fr/166","","","Vg/87","","Av","Av","Prone",".275",".300",  
"3B","Reilly, Charlie S  ","$1,085,000","4585",".217",".265",".292","42.2","68.4","19.2","Av","4950",".540",".567","0","","","","Vg/91","","","","","&nbsp;","Fr","Normal",".268",".264",  
"C","Molina, Jose R  ","$1,084,000","3551",".221",".276",".287","43.1","131.5","14.6","Fr","3910",".571",".538","-1","Av/74","","","","","","","","&nbsp;","Fr","Normal",".280",".269",  
"3B, 1B","Schu, Rick R  ","$1,084,000","11371",".240",".311",".356","66.2","52.6","10.9","Av","12677",".688",".603","-2","","Av/111","","Fr/143","","","","","&nbsp;","Fr","Normal",".320",".284",  
"C","Henry, John R  ","$1,081,000","2951",".209",".278",".292","47.2","62.8","11.8","Av","3296",".591",".549","-1","Vg/68","","","","","","","","&nbsp;","Av","Normal",".290",".267",  
"2B, 3B, SS, LF, RF","Hocking, Denny S  ","$1,081,000","5393",".222",".285",".272","44.4","299.6","12.5","Av","5971",".529",".575","0","","","Fr/84","Fr/45","Av/84","Fr/51","","Fr/51","Av","Av","Normal",".274",".291",  
"C","Peacock, Johnny L  ","$1,081,000","6108",".236",".302",".297","53.0","190.9","11.8","Fr","6742",".596",".599","2","Fr/90","","","","","","","","&nbsp;","Fr","Normal",".295",".303",  
"LF, CF","Bigbee, Carson L  ","$1,077,000","5705",".245",".311",".342","63.8","71.3","11.7","Vg","6370",".586",".663","1","","","","","","Av/94","Av/94","","Av","Vg","Prone",".302",".313",  
"C","Fasano, Sal R  ","$1,076,000","18459",".208",".280",".336","53.7","34.0","15.5","Pr","20540",".616",".619","-1","Av/147","","","","","","","","&nbsp;","Pr","Normal",".285",".276",  
"C","Duncan, Dave R  ","$1,072,000","10510",".209",".273",".335","51.2","34.6","12.7","Fr","11578",".594",".617","0","Av/116","","","","","","","","&nbsp;","Pr","Prone",".269",".275",  
"LF, RF","Monroe, Craig R  ","$1,072,000","8942",".242",".295",".394","66.5","31.8","13.9","Av","9770",".711",".660","-1","","","","","","Av/166","","Av/166","Av","Fr","Normal",".304",".283",  
"LF, RF","Johnson, Lou R  ","$1,068,000","5637",".257",".308",".378","67.7","55.3","20.7","Av","6155",".690",".683","0","","","","","","Fr/80","","Fr/80","Fr","Av","Normal",".305",".312",  
"CF, LF, RF","Buford, Damon R  ","$1,067,000","18445",".228",".294",".324","55.4","69.3","12.1","Vg","20419",".654",".571","-2","","","","","","Vg/60","Av/60","Vg/60","Fr","Vg","Normal",".308",".275",  
"LF, 1B, RF","McClendon, Lloyd R  ","$1,065,000","14220",".234",".319",".351","67.6","40.4","9.09","Fr","16179",".677",".660","-1","","Av/112","","","","Fr/181","","Fr/181","Pr","Fr","Normal",".324",".312",  
"SS, 1B, 2B, 3B","Sveum, Dale S  ","$1,063,000","11707",".226",".286",".336","54.4","52.5","13.0","Av","12846",".645",".601","-1","","Av/186","Av/135","Av/170","Fr/136","","","","&nbsp;","Fr","Prone",".290",".281",  
"SS, 2B, 3B","Terrell, Jerry R  ","$1,062,000","5854",".256",".298",".306","52.3","487.8","19.3","Av","6351",".604",".604","-1","","","Av/59","Av/86","Fr/112","","","","&nbsp;","Vg","Normal",".298",".297",  
"SS, 2B","Cora, Alex L  ","$1,060,000","8578",".239",".299",".300","53.6","408.5","16.1","Av","9500",".617",".590","-1","","","Av/97","","Av/91","","","","&nbsp;","Fr","Normal",".309",".295",  
"SS, 2B, 3B","Thevenow, Tommy R  ","$1,057,000","12779",".195",".236",".232","24.0","266.2","20.6","Av","13709",".464",".470","-1","","","Av/99","Vg/76","Vg/99","","","","&nbsp;","Fr","Prone",".234",".237",  
"SS, 2B, 3B, LF, CF, RF","Bloomquist, Willie R  ","$1,056,000","2603",".260",".310",".318","58.9","433.8","15.0","Vg","2816",".648",".601","-1","","","Av/162","Fr/93","Fr/84","Av/84","Av/84","Av/84","Fr","Vg","Fragile",".320",".296",  
"1B","Simon, Randall L  ","$1,055,000","8961",".269",".302",".374","64.1","55.3","21.6","Fr","9537",".556",".687","2","","Fr/110","","","","","","","&nbsp;","Pr","Normal",".259",".306",  
"1B, LF, RF","Benzinger, Todd S  ","$1,053,000","15424",".237",".280",".340","54.7","63.2","17.9","Av","16559",".615",".624","0","","Av/71","","","","Av/56","","Av/56","Av","Fr","Normal",".280",".281",  
"2B, 3B, SS","Flynn, Doug R  ","$1,053,000","6787",".228",".251",".269","33.8","678.7","34.1","Av","7128",".542",".502","-1","","","Vg/66","Av/116","Av/96","","","","&nbsp;","Fr","Normal",".264",".241",  
"C","Davis, Ben S  ","$1,052,000","3893",".233",".292",".308","50.6","121.7","13.0","Fr","4281",".578",".605","0","Fr/97","","","","","","","","&nbsp;","Fr","Normal",".284",".297",  
"3B, 2B","Iorg, Garth R  ","$1,049,000","8034",".238",".271",".301","44.4","382.6","24.2","Av","8503",".600",".554","-1","","","Av/123","Vg/93","","","","","&nbsp;","Fr","Normal",".284",".262",  
"SP, 3B","Dunn, Jack R  ","$1,048,000","171",".240",".286",".351","59.4","57.0","18.2","Av","182",".684",".555","-1","","","","Fr/113","","","","","&nbsp;","Av","Normal",".310",".242",  
"2B, 3B","Gagliano, Phil R  ","$1,047,000","533",".231",".308",".276","52.2","266.5","10.2","Av","594",".643",".544","0","","","Av/121","Fr/95","","","","","&nbsp;","Pr","Normal",".339",".287",  
"RF, 1B, LF","Heep, Danny L  ","$1,047,000","13616",".244",".325",".344","66.2","71.7","9.56","Fr","15415",".511",".683","3","","Fr/163","","","","Fr/67","","Fr/67","Av","Fr","Normal",".269",".329",  
"C","House, Frank L  ","$1,046,000","8267",".235",".278",".331","50.5","55.1","19.0","Pr","8839",".577",".610","1","Av/100","","","","","","","","&nbsp;","Pr","Fragile",".258",".280",  
"C","Hemsley, Rollie R  ","$1,045,000","6134",".219",".262",".293","40.4","149.6","19.1","Av","6649",".572",".542","0","Vg/114","","","","","","","","&nbsp;","Fr","Prone",".267",".260",  
"1B, C","Ellis, John R  ","$1,041,000","62700",".257",".307",".379","65.6","49.6","15.3","Fr","68083",".714",".659","-1","Fr/144","Fr/132","","","","","","","&nbsp;","Pr","Prone",".315",".299",  
"3B, 1B","Cooper, Scott L  ","$1,038,000","10946",".238",".298",".324","56.9","99.5","12.9","Fr","12004",".552",".642","2","","Fr/138","","Av/102","","","","","&nbsp;","Fr","Normal",".274",".305",  
"C","Pagnozzi, Tom R  ","$1,032,000","4259",".234",".282",".330","52.4","73.4","16.6","Pr","4606",".658",".561","-1","Av/74","","","","","","","","&nbsp;","Fr","Fragile",".292",".270",  
"C","Robinson, Wilbert R  ","$1,032,000","7280",".231",".265",".307","44.4","88.8","23.2","Av","7704",".605",".542","-1","Av/85","","","","","","","","&nbsp;","Vg","Normal",".277",".254",  
"LF, CF","Coan, Gil L  ","$1,031,000","6931",".236",".280",".335","55.5","62.4","19.6","Vg","7442",".539",".631","-1","","","","","","Vg/120","Av/120","","Av","Av","Prone",".254",".286",  
"SS, 2B, 3B","Koenig, Mark S  ","$1,031,000","7262",".234",".277",".306","47.5","106.8","18.4","Av","7840",".561",".594","1","","","Av/107","Av/145","Av/127","","","","&nbsp;","Fr","Normal",".267",".282",  
"C","Laird, Gerald R  ","$1,030,000","9082",".236",".296",".319","56.2","113.5","13.6","Av","10142",".653",".575","-1","Av/125","","","","","","","","&nbsp;","Fr","Prone",".310",".282",  
"2B","Garcia, Damaso R  ","$1,027,000","12733",".262",".294",".313","51.8","397.9","26.9","Av","13481",".591",".619","0","","","Av/108","","","","","","&nbsp;","Ex","Normal",".289",".298",  
"3B","Ontiveros, Steve R S  ","$1,027,000","12107",".254",".336",".326","66.4","131.6","9.31","Pr","13728",".610",".679","2","","","","Fr/113","","","","","&nbsp;","Pr","Normal",".311",".345",  
"C","Sugden, Joe S  ","$1,027,000","6633",".233",".294",".298","51.1","89.6","13.4","Fr","7389",".579",".596","0","Av/89","","","","","","","","&nbsp;","Fr","Normal",".289",".295",  
"1B, LF","Siebert, Dick L  ","$1,026,000","10601",".252",".292",".336","56.5","111.6","19.6","Av","11392",".585",".639","2","","Av/98","","","","Fr/180","","","Fr","Fr","Normal",".280",".295",  
"3B, 1B, 2B","Stein, Bill R  ","$1,026,000","9064",".259",".310",".350","62.3","88.9","14.6","Av","9886",".690",".600","-2","","Av/86","Fr/137","Av/110","","","","","&nbsp;","Fr","Prone",".321",".287",  
"C","Tresh, Mike R  ","$1,025,000","4660",".226",".309",".263","49.5","186.4","9.63","Pr","5296",".582",".558","-1","Av/97","","","","","","","","&nbsp;","Fr","Prone",".318",".297",  
"SS, 3B","Anderson, Dave R  ","$1,023,000","1688",".216",".267",".280","39.2","241.1","15.4","Av","1846",".549",".545","0","","","","Av/71","Fr/87","","","","&nbsp;","Av","Prone",".269",".266",  
"C","Torborg, Jeff R  ","$1,021,000","10549",".215",".264",".275","37.9","167.4","16.3","Pr","11346",".570",".516","0","Vg/80","","","","","","","","&nbsp;","Pr","Prone",".275",".258",  
"SS, 2B, 3B","Woodward, Woody R  ","$1,020,000","8949",".221",".272",".262","38.9","1118.6","15.7","Av","9791",".560",".506","-2","","","Vg/92","Av/113","Av/74","","","","&nbsp;","Fr","Normal",".288",".257",  
"RF, LF, CF","Good, Wilbur L  ","$1,018,000","20546",".246",".310",".348","64.1","69.6","12.8","Av","22891",".612",".664","1","","","","","","Av/138","Av/138","Av/138","Av","Vg","Normal",".301",".311",  
"LF, CF, RF","Brown, Emil R  ","$1,013,000","8327",".246",".312",".350","65.0","63.6","11.8","Av","9266",".665",".661","-1","","","","","","Vg/165","Av/165","Vg/165","Av","Av","Normal",".315",".310",  
"3B, 1B, 2B, SS","McKechnie, Bill S  ","$1,012,000","7528",".227",".274",".308","48.7","73.8","16.6","Av","8230",".560",".588","0","","Av/179","Av/97","Av/80","Fr/123","","","","&nbsp;","Vg","Normal",".274",".272",  
"C","Dyer, Duffy R  ","$1,010,000","3827",".211",".279",".292","43.6","85.0","12.6","Pr","4240",".582",".559","-1","Av/58","","","","","","","","&nbsp;","Pr","Normal",".287",".270",  
"2B, 3B, SS","Suder, Pete R  ","$1,010,000","7218",".231",".259",".300","40.5","144.4","27.8","Av","7677",".577",".545","-1","","","Av/71","Av/76","Av/100","","","","&nbsp;","Fr","Normal",".261",".257",  
"LF, 1B, SS","Cordero, Wil R  ","$1,007,000","9367",".251",".309",".364","64.9","53.8","14.3","Av","10271",".694",".656","-1","","Fr/77","","","Fr/147","Fr/109","","","Av","Fr","Prone",".318",".302",  
"2B, 3B, SS","Sojo, Luis R  ","$1,004,000","5246",".240",".275",".286","42.1","291.4","22.2","Av","5612",".567",".554","-1","","","Av/98","Av/95","Av/84","","","","&nbsp;","Fr","Prone",".280",".270",  
"C","Ginsberg, Joe L  ","$1,003,000","9008",".225",".303",".289","52.9","117.0","10.3","Pr","10161",".516",".610","2","Fr/122","","","","","","","","&nbsp;","Pr","Normal",".284",".308",  
"C","Johnson, Brian R  ","$1,003,000","1736",".214",".248",".327","43.1","44.5","25.2","Pr","1865",".498",".617","-1","Av/71","","","","","","","","&nbsp;","Pr","Prone",".227",".259",  
"C","Bengough, Benny R  ","$997,000","6294",".215",".250",".281","36.6","99.9","22.0","Fr","6695",".564",".517","0","Vg/57","","","","","","","","&nbsp;","Fr","Prone",".259",".246",  
"SS","DeJesus, Ivan R  ","$996,000","6266",".232",".302",".286","52.1","329.8","11.4","Vg","7019",".592",".585","-1","","","","","Av/106","","","","&nbsp;","Vg","Normal",".303",".300",  
"LF, 1B, RF","Radcliff, Rip L  ","$994,000","9638",".266",".311",".351","64.1","102.5","16.6","Av","10414",".576",".675","1","","Fr/150","","","","Fr/110","","Fr/110","Fr","Fr","Normal",".280",".316",  
"1B","Throneberry, Marv L  ","$992,000","36992",".232",".302",".392","69.6","26.9","11.0","Fr","41145",".666",".701","1","","Fr/127","","","","","","","&nbsp;","Pr","Normal",".299",".303",  
"SS, 2B, 3B","Bridges, Rocky R  ","$990,000","9322",".236",".292",".275","45.3","1553.7","14.0","Av","10224",".577",".557","0","","","Av/76","Av/149","Av/84","","","","&nbsp;","Fr","Normal",".301",".285",  
"2B, 1B, 3B","Jones, Dalton L  ","$990,000","4399",".241",".307",".328","61.6","102.3","12.0","Av","4880",".526",".650","2","","Av/71","Fr/151","Fr/169","","","","","&nbsp;","Fr","Prone",".276",".311",  
"SP, RF","Mathews, Bobby R  ","$989,000","140",".157",".191",".171","2.03",".000","24.5","Pr","147",".456",".329","-1","","","","","","","","Pr/177","Pr","Pr","Normal",".225",".179",  
"3B, 1B","Hayes, Charlie R  ","$987,000","9436",".235",".293",".327","53.2","74.9","13.3","Fr","10330",".621",".619","-1","","Av/84","","Av/89","","","","","&nbsp;","Fr","Normal",".297",".288",  
"1B, 3B","Everitt, Bill L  ","$986,000","8472",".274",".324",".350","68.1","86.4","14.4","Av","9211",".656",".683","1","","Av/117","","Fr/116","","","","","&nbsp;","Vg","Prone",".316",".328",  
"3B, 2B, SS","Shipley, Craig R  ","$986,000","7721",".267",".300",".335","57.0","160.9","26.4","Fr","8185",".613",".650","0","","","Fr/72","Fr/72","Fr/133","","","","&nbsp;","Av","Prone",".290",".307",  
"3B, 2B","Bell, David R  ","$983,000","10194",".241",".301",".339","60.1","76.1","12.7","Fr","11249",".660",".625","-1","","","Av/115","Av/97","","","","","&nbsp;","Pr","Prone",".306",".297",  
"SS, 2B","Gil, Benji R  ","$983,000","12185",".211",".258",".284","39.2","140.1","17.3","Av","13201",".576",".517","-1","","","Vg/113","","Vg/144","","","","&nbsp;","Av","Normal",".269",".249",  
"3B, SS","Shindle, Billy R  ","$983,000","6028",".225",".264",".309","44.7","91.3","20.9","Av","6461",".597",".557","-1","","","","Vg/90","Av/112","","","","&nbsp;","Vg","Normal",".273",".259",  
"C, 1B","Bowerman, Frank R  ","$982,000","5004",".228",".270",".319","48.2","68.5","19.8","Av","5392",".588",".590","-1","Av/96","Fr/93","","","","","","","&nbsp;","Av","Normal",".269",".270",  
"3B, 2B","Finigan, Jim R  ","$980,000","12112",".249",".314",".319","58.3","220.2","11.8","Av","13492",".614",".640","1","","","Av/115","Av/114","","","","","&nbsp;","Pr","Normal",".304",".316",  
"1B","Putnam, Pat L  ","$980,000","24206",".240",".291",".376","62.5","37.1","15.2","Pr","26291",".497",".684","4","","Av/93","","","","","","","&nbsp;","Fr","Normal",".222",".297",  
"3B, 2B, SS","Dugan, Joe R  ","$979,000","7015",".248",".285",".334","54.2","79.7","22.6","Av","7563",".665",".569","-2","","","Av/127","Av/87","Av/124","","","","&nbsp;","Fr","Prone",".305",".266",  
"C","Sewell, Luke R  ","$979,000","7888",".223",".281",".294","48.5","119.5","14.0","Av","8755",".601",".553","-1","Av/108","","","","","","","","&nbsp;","Fr","Prone",".293",".271",  
"2B, 3B, SS","Berg, Dave R  ","$978,000","1475",".248",".301",".302","54.0","368.8","14.8","Av","1614",".583",".612","1","","","Av/103","Fr/128","Fr/137","","","","&nbsp;","Pr","Normal",".297",".303",  
"C","Desautels, Gene R  ","$976,000","12151",".203",".269",".235","34.9","506.3","12.8","Fr","13650",".516",".493","-1","Vg/60","","","","","","","","&nbsp;","Fr","Normal",".271",".268",  
"3B","Hale, Sammy R  ","$976,000","5843",".251",".279",".355","57.3","72.1","29.8","Av","6220",".666",".607","0","","","","Av/119","","","","","&nbsp;","Fr","Normal",".293",".268",  
"3B, 2B, SS","Pryor, Greg R  ","$976,000","8573",".234",".282",".288","43.5","372.7","17.1","Av","9313",".580",".555","-1","","","Av/95","Vg/99","Av/102","","","","&nbsp;","Fr","Normal",".291",".272",  
"2B, SS","Weis, Al S  ","$975,000","8219",".233",".294",".289","50.9","373.6","13.6","Ex","9170",".589",".576","-1","","","Vg/117","","Av/152","","","","&nbsp;","Vg","Prone",".297",".291",  
"3B","Pinkney, George R  ","$970,000","2268",".233",".304",".306","56.8","94.5","11.6","Vg","2542",".637",".585","-1","","","","Fr/77","","","","","&nbsp;","Vg","Iron",".310",".293",  
"SS, 2B, 3B","Burnett, Johnny L  ","$967,000","9339",".247",".307",".333","60.2","81.9","13.2","Av","10319",".573",".656","2","","","Fr/199","Fr/100","Fr/113","","","","&nbsp;","Fr","Normal",".292",".311",  
"SS, 3B","Gonzalez, Alex S R  ","$967,000","6326",".236",".291",".340","56.4","67.3","14.4","Fr","6960",".665",".611","-1","","","","Av/141","Av/90","","","","&nbsp;","Av","Fragile",".304",".283",  
"SP, RF","Crane, Ed R  ","$964,000","232",".194",".249",".289","35.5","58.0","15.8","Pr","253",".522",".549","-1","","","","","","","","Fr/123","Av","Pr","Normal",".257",".243",  
"SS, 2B, 3B","Arias, Alex R  ","$963,000","4838",".237",".303",".290","52.2","302.4","12.5","Av","5385",".619",".559","0","","","Av/108","Av/97","Fr/85","","","","&nbsp;","Pr","Normal",".317",".286",  
"3B","Coughlin, Bill R  ","$963,000","3239",".245",".297",".343","59.2","54.0","16.7","Av","3549",".675",".615","-1","","","","Av/84","","","","","&nbsp;","Vg","Normal",".313",".286",  
"CF, RF","Corkhill, Pop L  ","$960,000","24223",".230",".265",".312","45.1","74.3","23.2","Av","25753",".528",".595","1","","","","","","","Vg/49","Vg/49","Vg","Av","Normal",".247",".271",  
"LF, CF, RF","Dilone, Miguel S  ","$955,000","12504",".250",".300",".306","56.5","694.7","15.5","Ex","13634",".557",".626","1","","","","","","Av/128","Av/128","Av/128","Av","Ex","Normal",".284",".307",  
"SS, 2B, 3B","Brown, Larry L R  ","$951,000","4711",".224",".286",".282","45.0","168.2","12.9","Av","5201",".577",".553","-1","","","Av/113","Av/120","Av/99","","","","&nbsp;","Fr","Prone",".283",".284",  
"SS","Rojek, Stan R  ","$950,000","11332",".244",".299",".286","51.1","492.7","14.8","Vg","12485",".585",".586","-1","","","","","Av/86","","","","&nbsp;","Av","Normal",".297",".300",  
"2B, 3B, SS","Hallman, Bill R  ","$948,000","4103",".242",".282",".325","50.9","89.2","19.1","Av","4441",".653",".566","-1","","","Av/87","Av/108","Av/100","","","","&nbsp;","Vg","Normal",".297",".268",  
"C","Fordyce, Brook R  ","$947,000","5009",".245",".294",".344","58.2","78.3","15.9","Pr","5444",".665",".591","-2","Av/120","","","","","","","","&nbsp;","Pr","Prone",".306",".273",  
"C","Diaz, Einar R  ","$944,000","6120",".233",".283",".282","45.2","2040.0","22.3","Fr","6747",".557",".572","2","Vg/105","","","","","","","","&nbsp;","Pr","Normal",".279",".287",  
"C","Matheny, Mike R  ","$941,000","11865",".228",".271",".293","44.0","127.6","20.1","Pr","12899",".572",".557","-1","Av/80","","","","","","","","&nbsp;","Pr","Prone",".270",".271",  
"1B, LF, CF, RF","McCraw, Tommy L  ","$941,000","7173",".250",".307",".354","64.3","85.4","14.4","Vg","7855",".583",".680","0","","Av/101","","","","Av/101","Fr/101","Av/101","Fr","Vg","Prone",".270",".315",  
"2B, SS","Rawlings, Johnny R  ","$935,000","6654",".216",".263",".280","39.8","95.1","17.4","Av","7259",".568",".526","-1","","","Av/81","","Av/87","","","","&nbsp;","Av","Normal",".268",".260",  
"2B, 3B, SS","Blanks, Larvell R  ","$930,000","4670",".239",".294",".313","52.5","108.6","14.0","Av","5152",".610",".605","-1","","","Fr/73","Fr/125","Fr/119","","","","&nbsp;","Pr","Normal",".294",".295",  
"3B, 2B","Strange, Doug S  ","$928,000","12973",".221",".276",".299","47.0","96.8","14.3","Av","14255",".466",".616","3","","","Vg/111","Vg/141","","","","","&nbsp;","Fr","Prone",".238",".291",  
"CF, LF","Patterson, Corey L  ","$924,000","21678",".246",".283",".351","60.0","64.1","20.8","Vg","23318",".603",".642","1","","","","","","Av/87","Av/87","","Fr","Ex","Prone",".274",".286",  
"3B, 1B","Dobbs, Greg L  ","$923,000","4495",".262",".310",".356","64.2","70.2","15.0","Fr","4888",".571",".679","4","","Fr/55","","Fr/137","","","","","&nbsp;","Fr","Normal",".268",".315",  
"CF, LF, RF","Brown, Tom L  ","$920,000","15050",".232",".300",".329","59.5","66.3","11.6","Vg","16743",".573",".637","1","","","","","","Av/112","Av/112","Av/112","Vg","Ex","Normal",".284",".303",  
"SS","Lipon, Johnny R  ","$920,000","4492",".237",".305",".292","53.3","299.5","11.3","Av","5073",".631",".576","-1","","","","","Av/100","","","","&nbsp;","Fr","Normal",".321",".294",  
"C","Berryhill, Damon S  ","$918,000","12884",".223",".269",".315","45.2","74.9","17.1","Fr","13834",".575",".591","0","Av/101","","","","","","","","&nbsp;","Pr","Prone",".264",".272",  
"C","McNertney, Jerry R  ","$918,000","7173",".240",".293",".325","53.6","96.9","15.3","Pr","7855",".621",".617","0","Fr/105","","","","","","","","&nbsp;","Pr","Prone",".291",".294",  
"3B","Plouffe, Trevor R  ","$918,000","10526",".241",".311",".374","67.5","39.3","10.9","Av","11758",".703",".657","-2","","","","Fr/98","","","","","&nbsp;","Pr","Fragile",".320",".296",  
"3B, LF, CF, RF","Phillips, Bubba R  ","$915,000","3791",".244",".274",".323","49.4","105.3","30.5","Av","4028",".603",".594","0","","","","Av/80","","Av/91","Fr/91","Av/91","Fr","Fr","Prone",".278",".271",  
"2B, 3B","Lockhart, Keith L  ","$914,000","3943",".236",".289",".311","53.3","123.2","14.7","Av","4296",".567",".609","2","","","Av/99","Fr/122","","","","","&nbsp;","Fr","Normal",".277",".292",  
"3B, SS","Robinson, Bobbie R  ","$914,000","8854",".225",".277",".296","45.7","94.2","15.8","Av","9715",".589",".560","-1","","","","Vg/90","Fr/157","","","","&nbsp;","Av","Normal",".286",".270",  
"2B","Verban, Emil R  ","$912,000","3704",".273",".297",".327","56.2","231.5","31.3","Av","3949",".626",".623","1","","","Av/97","","","","","","&nbsp;","Fr","Normal",".302",".294",  
"SS, 2B","Ford, Hod R  ","$910,000","4569",".220",".287",".291","48.0","89.6","12.4","Av","5090",".610",".556","-2","","","Av/67","","Av/76","","","","&nbsp;","Fr","Normal",".299",".278",  
"RF","Powell, Hosken L  ","$909,000","5928",".250",".308",".332","61.5","134.7","13.3","Vg","6531",".639",".650","0","","","","","","","","Vg/130","Av","Av","Normal",".319",".309",  
"CF, LF, RF","Perez, Timo L  ","$908,000","19013",".254",".301",".330","58.5","190.1","15.8","Av","20678",".467",".661","6","","","","","","Av/112","Av/112","Av/112","Av","Av","Normal",".227",".314",  
"SS","Nelson, Candy L  ","$907,000","5142",".227",".328",".289","60.9","91.8","7.94","Av","5988",".559",".634","1","","","","","Fr/94","","","","&nbsp;","Fr","Normal",".302",".336",  
"LF, CF, RF","Solters, Moose R  ","$900,000","5414",".246",".280",".363","56.2","52.1","23.0","Vg","5740",".659",".616","0","","","","","","Av/130","Fr/130","Av/130","Av","Fr","Prone",".289",".265",  
"SS, 3B","Halter, Shane R  ","$899,000","6005",".237",".294",".344","57.7","66.7","13.5","Av","6618",".662",".622","-1","","","","Av/124","Av/137","","","","&nbsp;","Fr","Normal",".300",".292",  
"SS, 2B, LF, CF","Amarista, Alexi L  ","$895,000","3771",".233",".283",".300","50.2","121.6","15.4","Av","4148",".524",".608","2","","","Fr/78","","Av/118","Av/103","Av/103","","Av","Av","Normal",".258",".294",  
"2B, 3B, SS","Kubiak, Ted S  ","$891,000","5996",".225",".288",".282","45.6","222.1","12.4","Av","6673",".545",".580","0","","","Av/88","Av/103","Fr/108","","","","&nbsp;","Fr","Normal",".285",".289",  
"SS, 1B, 2B, 3B","Foley, Tom L  ","$886,000","3516",".228",".280",".309","48.7","87.9","14.5","Av","3824",".474",".613","2","","Av/155","Av/91","Av/106","Fr/82","","","","&nbsp;","Fr","Prone",".238",".288",  
"2B, 3B, SS","Lepcio, Ted R  ","$878,000","6616",".215",".278",".340","53.9","39.6","13.3","Av","7259",".616",".609","0","","","Av/120","Av/126","Fr/121","","","","&nbsp;","Fr","Normal",".278",".272",  
"RF, 2B, SS, LF, CF","Rothrock, Jack S  ","$876,000","18633",".234",".297",".315","55.8","83.9","12.2","Vg","20749",".614",".611","1","","","Av/123","","Fr/131","Av/78","Fr/78","Av/78","Av","Av","Normal",".300",".296",  
"SS, 2B, 3B","O'Leary, Charley R  ","$874,000","5705",".213",".253",".291","38.4","76.1","21.0","Av","6149",".575",".523","-1","","","Av/78","Av/109","Av/96","","","","&nbsp;","Av","Prone",".265",".245",  
"1B","Balboni, Steve R  ","$872,000","73314",".222",".287",".427","71.5","18.9","12.2","Pr","81040",".750",".685","-1","","Pr/122","","","","","","","&nbsp;","Pr","Normal",".299",".278",  
"C","Livingston, Mickey R  ","$868,000","2555",".227",".292",".324","54.9","55.5","13.0","Fr","2825",".649",".575","0","Fr/85","","","","","","","","&nbsp;","Fr","Prone",".305",".275",  
"RF","Miller, Doc L  ","$867,000","1074",".260",".291",".353","60.1","71.6","23.2","Fr","1159",".810",".624","1","","","","","","","","Fr/102","Av","Av","Normal",".375",".281",  
"LF, CF, RF","Hatcher, Billy R  ","$865,000","11561",".245",".292",".319","54.0","134.4","18.9","Vg","12587",".608",".616","1","","","","","","Av/76","Av/76","Av/76","Av","Vg","Prone",".293",".292",  
"3B","Lutzke, Rube R  ","$863,000","6116",".221",".291",".320","54.7","62.4","11.6","Fr","6942",".656",".540","-2","","","","Vg/107","","","","","&nbsp;","Fr","Normal",".302",".273",  
"SS, 2B, 3B","Blackburne, Lena R  ","$862,000","3737",".209",".274",".294","46.2","67.9","12.9","Av","4206",".587",".553","-1","","","Av/81","Av/97","Av/106","","","","&nbsp;","Vg","Normal",".280",".268",  
"LF, CF","Burke, Eddie L  ","$862,000","14613",".248",".317",".357","68.5","52.0","12.7","Av","16444",".664",".676","1","","","","","","Av/98","Fr/98","","Av","Vg","Normal",".313",".318",  
"SS, 2B, 3B","Castro, Juan R  ","$861,000","6711",".228",".269",".291","42.4","335.5","18.7","Fr","7235",".515",".576","0","","","Av/93","Av/101","Av/74","","","","&nbsp;","Pr","Prone",".254",".273",  
"CF, LF, RF","Williams, Gerald R  ","$861,000","39681",".250",".299",".377","64.9","52.5","16.0","Vg","43075",".699",".591","-2","","","","","","Av/103","Av/103","Av/103","Av","Vg","Normal",".307",".270",  
"SS, 2B","Knickerbocker, Bill R  ","$860,000","4117",".229",".272",".308","46.1","124.8","19.3","Av","4457",".584",".576","0","","","Av/95","","Av/92","","","","&nbsp;","Fr","Prone",".273",".271",  
"C","Blanco, Henry R  ","$859,000","5370",".207",".268",".301","44.1","76.7","12.9","Pr","5914",".592",".557","-1","Av/73","","","","","","","","&nbsp;","Pr","Prone",".278",".263",  
"SS, 2B","Abbott, Kurt R  ","$854,000","3516",".225",".269",".338","52.1","68.9","18.6","Av","3779",".634",".589","0","","","Av/91","","Fr/131","","","","&nbsp;","Fr","Fragile",".281",".261",  
"2B, SS","Farrell, Jack R  ","$854,000","10881",".234",".291",".336","56.3","64.8","13.6","Vg","11954",".634",".625","-1","","","Av/103","","Fr/89","","","","&nbsp;","Vg","Normal",".298",".288",  
"RF, LF","Summa, Homer L  ","$854,000","3038",".264",".304",".348","62.7","82.1","20.9","Av","3275",".496",".673","2","","","","","","Fr/118","","Fr/118","Av","Fr","Normal",".240",".313",  
"2B, 3B, SS","Quinn, Joe R  ","$853,000","3853",".212",".251",".271","35.3","124.3","20.8","Av","4119",".527",".512","-1","","","Av/76","Av/94","Fr/95","","","","&nbsp;","Vg","Normal",".248",".251",  
"RF, 2B, SS, LF","Barrett, Bill R  ","$852,000","33034",".249",".303",".366","64.8","55.6","14.0","Av","36485",".689",".650","-1","","","Fr/132","","Fr/184","Fr/106","","Fr/106","Vg","Vg","Normal",".311",".296",  
"C","Grim, John R  ","$850,000","3787",".221",".250",".307","40.4","82.3","39.4","Av","3984",".600",".527","-1","Vg/92","","","","","","","","&nbsp;","Av","Normal",".264",".240",  
"SS","Hulswitt, Rudy R  ","$847,000","4223",".240",".286",".344","56.1","66.0","16.4","Av","4585",".669",".597","-1","","","","","Av/105","","","","&nbsp;","Av","Prone",".297",".277",  
"1B, LF","Reese, Rich L  ","$847,000","3796",".233",".283",".336","54.2","55.8","16.5","Av","4114",".580",".626","1","","Av/87","","","","Fr/155","","","Fr","Fr","Normal",".283",".283",  
"C","Martinez, Buck R  ","$843,000","7852",".212",".273",".312","49.8","66.0","13.1","Pr","8676",".613",".567","-1","Av/107","","","","","","","","&nbsp;","Pr","Prone",".281",".268",  
"C","Kluttz, Clyde R  ","$842,000","4177",".247",".289",".315","53.1","130.5","18.5","Pr","4513",".615",".596","-1","Av/110","","","","","","","","&nbsp;","Pr","Normal",".302",".278",  
"SS, 2B","Michael, Gene S  ","$840,000","5657",".239",".297",".294","49.8","226.3","13.5","Av","6203",".625",".575","0","","","Av/115","","Av/107","","","","&nbsp;","Fr","Prone",".314",".287",  
"3B, 2B, SS","de la Hoz, Mike R  ","$839,000","12922",".243",".285",".337","53.9","71.8","18.6","Av","13827",".636",".611","-1","","","Fr/124","Av/126","Av/140","","","","&nbsp;","Pr","Normal",".291",".280",  
"2B, 3B","Brohamer, Jack L  ","$838,000","1463",".239",".308",".316","60.0","97.5","11.4","Av","1648",".483",".645","2","","","Av/93","Av/123","","","","","&nbsp;","Fr","Prone",".256",".316",  
"2B, LF","Burke, Chris R  ","$833,000","13204",".220",".296",".295","52.6","163.0","12.1","Vg","14877",".627",".522","-1","","","Av/99","","","Av/69","","","Fr","Av","Normal",".309",".269",  
"SS, 2B, 3B","Grammas, Alex R  ","$832,000","5626",".233",".294",".275","45.7","5626.0","13.2","Av","6239",".595",".546","-1","","","Av/107","Av/84","Av/86","","","","&nbsp;","Fr","Normal",".306",".283",  
"C","White, Sammy R  ","$832,000","10428",".227",".259",".318","41.8","75.0","24.2","Fr","11027",".602",".555","-1","Vg/127","","","","","","","","&nbsp;","Fr","Prone",".266",".253",  
"1B, 2B","Paulette, Gene R  ","$827,000","8170",".249",".307",".319","58.4","115.1","13.2","Fr","9065",".637",".611","0","","Vg/101","Av/116","","","","","","&nbsp;","Av","Normal",".311",".302",  
"LF","Van Robays, Maurice R  ","$823,000","1958",".245",".298",".359","59.2","54.4","14.4","Av","2153",".641",".701","0","","","","","","Av/148","","","Av","Pr","Normal",".289",".324",  
"1B, LF","Hassett, Buddy L  ","$822,000","3392",".259",".305",".337","61.4","102.8","16.6","Av","3690",".581",".656","1","","Av/144","","","","Fr/185","","","Fr","Av","Normal",".267",".313",  
"C","Osik, Keith R  ","$822,000","7808",".212",".280",".259","40.0","867.6","12.6","Fr","8638",".534",".542","-1","Av/93","","","","","","","","&nbsp;","Pr","Prone",".278",".281",  
"SS, LF, CF","Jackson, Sonny L  ","$820,000","3279",".228",".296",".269","49.8","546.5","11.7","Vg","3667",".553",".569","1","","","","","Fr/140","Av/90","Av/90","","Fr","Vg","Prone",".292",".298",  
"C","Sullivan, Billy Sr R  ","$819,000","3657",".222",".255",".325","44.6","52.2","25.2","Vg","3885",".579",".581","-1","Av/66","","","","","","","","&nbsp;","Vg","Prone",".249",".260",  
"RF, C, 1B, 3B, CF","Dexter, Charlie R  ","$815,000","21716",".228",".288",".315","53.5","64.6","13.7","Av","23949",".623",".584","-1","Av/143","Av/106","","Fr/144","","","Fr/95","Av/95","Av","Ex","Prone",".294",".282",  
"SS, 2B, 3B","Harris, Brendan R  ","$815,000","5040",".249",".312",".339","61.6","100.8","12.6","Av","5585",".645",".656","-1","","","Fr/115","Pr/110","Pr/95","","","","&nbsp;","Pr","Normal",".309",".314",  
"C","Criger, Lou R  ","$812,000","5797",".198",".269",".286","43.6","69.8","11.4","Fr","6494",".609",".517","-1","Vg/76","","","","","","","","&nbsp;","Av","Prone",".287",".257",  
"LF","Hornung, Joe R  ","$809,000","7579",".244",".282",".336","52.8","98.4","20.8","Av","8093",".634",".598","-1","","","","","","Vg/64","","","Av","Av","Normal",".289",".273",  
"C","Hayworth, Ray R  ","$808,000","12505",".229",".290",".285","47.9","147.1","13.0","Pr","13855",".601",".551","-1","Vg/77","","","","","","","","&nbsp;","Pr","Normal",".302",".279",  
"2B, 3B, SS","Bassett, Charley R  ","$807,000","5212",".212",".265",".294","42.3","74.5","15.7","Fr","5667",".600",".531","-1","","","Av/81","Fr/86","Av/84","","","","&nbsp;","Av","Normal",".277",".257",  
"3B, SS","Irwin, Charlie L  ","$805,000","5255",".232",".294",".328","57.4","59.0","13.2","Av","5833",".558",".640","1","","","","Av/76","Fr/107","","","","&nbsp;","Vg","Prone",".279",".299",  
"C","Walker, Rube L  ","$804,000","12891",".217",".281",".308","47.4","59.4","12.4","Pr","14169",".571",".591","-3","Fr/110","","","","","","","","&nbsp;","Pr","Prone",".280",".280",  
"LF, RF","Lee, Leron L  ","$799,000","8960",".248",".310",".365","64.9","64.5","12.7","Av","9854",".570",".693","1","","","","","","Av/174","","Av/174","Av","Fr","Normal",".282",".315",  
"1B","Lupien, Tony L  ","$797,000","6458",".247",".303",".326","60.4","92.3","13.3","Av","7128",".526",".639","0","","Av/77","","","","","","","&nbsp;","Av","Normal",".273",".306",  
"SS, 2B","Rhyne, Hal R  ","$795,000","4305",".214",".289",".288","48.8","107.6","11.3","Av","4883",".647",".505","-3","","","Av/111","","Av/83","","","","&nbsp;","Fr","Normal",".314",".263",  
"C","Kleinow, Red R  ","$793,000","2632",".223",".280",".318","51.5","65.8","13.8","Av","2885",".634",".553","-1","Vg/88","","","","","","","","&nbsp;","Av","Prone",".287",".271",  
"RF, LF","Boesch, Brennan L  ","$792,000","6528",".243",".302",".361","64.4","45.3","13.4","Av","7156",".673",".655","-1","","","","","","Fr/179","","Fr/179","Fr","Fr","Normal",".302",".302",  
"1B","Bransfield, Kitty R  ","$792,000","4515",".258",".299",".369","63.9","68.4","17.9","Av","4885",".692",".602","-1","","Av/97","","","","","","","&nbsp;","Vg","Prone",".306",".279",  
"2B, SS","Cissell, Chalmer R  ","$792,000","5418",".230",".271",".304","44.7","112.9","19.8","Vg","5835",".606",".556","-1","","","Av/135","","Av/99","","","","&nbsp;","Vg","Normal",".285",".262",  
"C","O'Neil, Mickey R  ","$785,000","13728",".212",".274",".280","42.9","83.2","13.5","Fr","15169",".576",".539","-1","Av/102","","","","","","","","&nbsp;","Fr","Normal",".283",".268",  
"C","Miller, Otto R  ","$784,000","5378",".226",".258",".315","44.4","65.6","25.9","Av","5726",".588",".564","0","Vg/95","","","","","","","","&nbsp;","Av","Normal",".266",".252",  
"SS, 2B","Stanley, Fred R  ","$783,000","2929",".214",".303",".258","49.5","266.3","9.15","Av","3385",".553",".566","0","","","Av/93","","Fr/81","","","","&nbsp;","Fr","Normal",".299",".306",  
"C","Donahue, Tim L  ","$782,000","13681",".200",".279",".281","45.6","77.7","10.9","Av","15493",".523",".566","1","Vg/109","","","","","","","","&nbsp;","Av","Prone",".274",".280",  
"1B","Kryhoski, Dick L  ","$779,000","9380",".256",".293",".383","63.9","45.3","21.0","Fr","10041",".631",".680","3","","Fr/89","","","","","","","&nbsp;","Fr","Prone",".283",".294",  
"LF","Lee, Hal R  ","$779,000","14125",".252",".313",".379","68.7","56.3","12.5","Fr","15555",".707",".647","-2","","","","","","Av/106","","","Av","Pr","Normal",".319",".295",  
"C","Bergen, Marty R  ","$778,000","4302",".231",".271",".317","47.7","81.2","18.9","Fr","4599",".594",".579","-1","Vg/92","","","","","","","","&nbsp;","Pr","Prone",".272",".270",  
"SS, 2B, 3B","Heise, Bob R  ","$778,000","2475",".242",".281",".295","45.9","412.5","20.4","Av","2647",".614",".524","-2","","","Av/69","Av/128","Av/156","","","","&nbsp;","Pr","Normal",".297",".261",  
"2B, 3B, SS","Newman, Al S  ","$777,000","3861",".221",".302",".252","48.0","965.2","9.79","Av","4388",".551",".555","-2","","","Av/87","Av/81","Fr/114","","","","&nbsp;","Vg","Normal",".306",".299",  
"LF, RF","Brown, Domonic L  ","$772,000","6401",".249",".314",".377","71.5","40.8","11.4","Fr","7090",".640",".695","2","","","","","","Fr/129","","Fr/129","Vg","Fr","Fragile",".293",".315",  
"C","Manwaring, Kirt R  ","$772,000","16798",".225",".289",".264","42.5","579.2","14.2","Pr","18655",".580",".518","-1","Av/85","","","","","","","","&nbsp;","Fr","Prone",".301",".274",  
"SS, CF","Shugart, Frank L  ","$772,000","3521",".233",".281",".363","58.9","55.9","15.9","Av","3818",".553",".660","1","","","","","Av/114","","Av/108","","Fr","Vg","Normal",".255",".286",  
"C","Tate, Bennie L  ","$771,000","9951",".240",".296",".308","52.6","98.5","13.6","Pr","10878",".553",".611","1","Av/120","","","","","","","","&nbsp;","Pr","Normal",".270",".300",  
"RF, 1B, CF","Dolan, Cozy PH L  ","$770,000","20918",".256",".316",".359","67.9","55.2","12.3","Av","23238",".625",".681","1","","Av/155","","","","","Fr/137","Av/137","Vg","Vg","Normal",".297",".318",  
"1B, 3B, RF","Oliver, Bob R  ","$769,000","18420",".244",".282",".371","56.5","37.3","21.3","Fr","19616",".625",".669","1","","Av/105","","Fr/116","","","","Av/109","Fr","Fr","Normal",".272",".288",  
"SS","Listach, Pat S  ","$768,000","7419",".245",".309",".285","55.4","927.4","11.9","Vg","8264",".530",".616","-2","","","","","Av/114","","","","&nbsp;","Vg","Fragile",".284",".317",  
"C","Perez, Eddie R  ","$767,000","4865",".243",".275",".333","48.5","95.4","25.2","Pr","5187",".654",".563","0","Av/98","","","","","","","","&nbsp;","Pr","Prone",".294",".256",  
"1B, 3B, LF","Jackson, Ron R  ","$758,000","16404",".250",".306",".361","64.5","76.3","15.0","Av","18006",".695",".618","-1","","Av/93","","Fr/101","","Av/325","","","Av","Fr","Normal",".317",".287",  
"C","Flaherty, John R  ","$755,000","4404",".226",".263",".304","42.4","112.9","22.3","Fr","4734",".549",".580","0","Av/112","","","","","","","","&nbsp;","Fr","Normal",".259",".266",  
"3B, SS","Whitney, Art R  ","$748,000","16856",".202",".261",".250","34.9","129.7","13.7","Fr","18513",".534",".496","-1","","","","Vg/83","Fr/91","","","","&nbsp;","Fr","Normal",".273",".253",  
"3B, 1B","Helms, Wes R  ","$742,000","9028",".249",".316",".351","63.6","76.5","11.8","Av","10063",".685",".630","-2","","Av/118","","Fr/129","","","","","&nbsp;","Pr","Normal",".326",".295",  
"RF","Shafer, Orator L  ","$741,000","9778",".242",".311",".321","60.4","122.2","11.4","Vg","10923",".586",".642","1","","","","","","","","Av/91","Av","Fr","Normal",".297",".314",  
"CF, LF","Fullis, Chick R  ","$738,000","5506",".257",".317",".329","61.9","128.0","12.8","Av","6080",".647",".646","-1","","","","","","Fr/91","Fr/91","","Av","Fr","Normal",".319",".316",  
"LF, CF, RF","Seeds, Bob R  ","$738,000","53394",".256",".315",".353","65.4","60.1","12.8","Av","58934",".698",".593","-1","","","","","","Fr/96","Fr/96","Fr/96","Av","Fr","Normal",".327",".285",  
"3B, 2B, SS","Branson, Jeff L  ","$737,000","731",".209",".265",".293","43.1","81.2","14.4","Av","807",".513",".566","2","","","Fr/177","Av/85","Fr/80","","","","&nbsp;","Pr","Normal",".246",".269",  
"CF","Marty, Joe R  ","$736,000","4101",".235",".287",".371","59.7","36.6","14.8","Av","4490",".671",".615","-1","","","","","","","Av/102","","Av","Fr","Normal",".291",".274",  
"RF, 1B, 2B, 3B, LF","Barry, Shad R  ","$735,000","15686",".245",".305",".344","61.0","62.0","13.1","Av","17361",".657",".634","-1","","Av/99","Fr/172","Fr/146","","Fr/92","","Fr/92","Vg","Vg","Normal",".307",".301",  
"SS, 2B","Guerrero, Mario R  ","$735,000","3769",".259",".293",".319","52.4","289.9","24.4","Av","4028",".667",".551","-2","","","Av/119","","Av/109","","","","&nbsp;","Fr","Normal",".317",".266",  
"SS, 2B","Perez, Marty R  ","$732,000","682",".198",".255",".248","30.5","341.0","14.4","Av","748",".497",".510","-1","","","Av/81","","Fr/123","","","","&nbsp;","Fr","Normal",".248",".264",  
"2B","Stricker, Cub R  ","$732,000","3069",".217",".274",".270","41.2","109.6","13.7","Av","3374",".539",".548","-1","","","Vg/102","","","","","","&nbsp;","Av","Normal",".275",".274",  
"1B, LF","Perry, Gerald L  ","$727,000","13494",".249",".317",".345","63.7","68.8","11.1","Vg","15002",".649",".663","1","","Av/149","","","","Fr/328","","","Fr","Vg","Normal",".310",".317",  
"C","Rader, Dave L  ","$725,000","14593",".240",".296",".317","52.8","100.0","14.0","Fr","15966",".631",".608","0","Fr/118","","","","","","","","&nbsp;","Pr","Normal",".315",".291",  
"C","Greene, Todd R  ","$721,000","6617",".232",".267",".372","54.5","33.6","22.1","Fr","7013",".672",".610","-1","Fr/110","","","","","","","","&nbsp;","Pr","Fragile",".286",".250",  
"CF, LF, RF","Kingery, Mike L  ","$720,000","6518",".246",".302",".323","58.2","210.3","13.3","Av","7152",".569",".635","2","","","","","","Av/81","Fr/81","Av/81","Av","Av","Normal",".282",".306",  
"SP, RF","Weidman, Stump R  ","$720,000","24",".125",".179",".125","3.33",".000","28.0","Pr","28",".322",".287","-1","","","","","","","","Fr/120","Fr","Fr","Normal",".231",".133",  
"C","Spencer, Tubby R  ","$716,000","8499",".236",".285",".340","56.0","52.1","17.7","Pr","9188",".631",".614","-1","Av/103","","","","","","","","&nbsp;","Pr","Normal",".289",".280",  
"SS, 2B, 3B","Martinez, Ramon E. R  ","$713,000","3040",".245",".306",".310","55.8","217.1","12.8","Pr","3364",".642",".599","-1","","","Fr/68","Fr/95","Fr/120","","","","&nbsp;","Pr","Prone",".318",".298",  
"C","Ainsmith, Eddie R  ","$712,000","8212",".211",".274",".322","50.1","56.2","12.7","Av","9066",".625",".566","-2","Av/114","","","","","","","","&nbsp;","Vg","Normal",".285",".261",  
"SS","Gleason, Bill R  ","$710,000","3838",".228",".284",".277","44.2","166.9","15.5","Av","4213",".600",".531","-1","","","","","Av/100","","","","&nbsp;","Av","Normal",".302",".267",  
"2B, 3B, SS","Gardner, Billy R  ","$709,000","6680",".231",".277",".306","47.6","148.4","18.8","Av","7252",".571",".589","-1","","","Av/96","Av/103","Fr/120","","","","&nbsp;","Fr","Normal",".273",".279",  
"1B, C, LF, RF","Douglass, Klondike L  ","$708,000","48629",".236",".300",".326","57.6","55.6","12.8","Av","54128",".560",".636","1","Fr/96","Fr/84","","","","Pr/124","","Pr/124","Av","Av","Normal",".283",".302",  
"2B","Johnson, Don S R  ","$708,000","817",".250",".292",".299","53.7","204.2","20.2","Av","891",".591",".590","-1","","","Av/105","","","","","","&nbsp;","Av","Normal",".291",".292",  
"C","Bako, Paul L  ","$707,000","15390",".220",".280",".273","43.5","349.8","12.9","Fr","16946",".471",".569","3","Av/124","","","","","","","","&nbsp;","Pr","Normal",".246",".287",  
"CF","Day, Boots L  ","$706,000","41698",".258",".315",".315","60.6","174.5","13.1","Vg","46564",".543",".645","3","","","","","","","Av/77","","Av","Fr","Normal",".281",".322",  
"2B","Kuiper, Duane L  ","$697,000","4582",".248",".303",".290","51.5","763.7","14.7","Av","5033",".509",".614","1","","","Fr/76","","","","","","&nbsp;","Av","Fragile",".260",".314",  
"SS, 2B, 3B","Lillis, Bob R  ","$697,000","3798",".219",".258",".254","34.3","474.8","21.3","Fr","4076",".520",".508","0","","","Av/104","Av/90","Av/110","","","","&nbsp;","Fr","Normal",".261",".256",  
"SS, 2B, 3B","Chaney, Darrel S  ","$693,000","4735",".197",".270",".253","39.0","364.2","11.3","Av","5309",".428",".563","3","","","Av/131","Av/113","Av/114","","","","&nbsp;","Fr","Normal",".226",".287",  
"C","Landrith, Hobie L  ","$693,000","10991",".224",".302",".285","52.9","146.5","9.97","Pr","12342",".588",".587","-2","Av/128","","","","","","","","&nbsp;","Fr","Prone",".303",".302",  
"3B, 1B","Esterbrook, Dude R  ","$692,000","7278",".239",".279",".305","47.4","137.3","22.1","Av","7833",".627",".552","-1","","Fr/121","","Av/80","","","","","&nbsp;","Fr","Normal",".295",".267",  
"SS","Fernandez, Chico R  ","$691,000","3886",".233",".289",".306","50.2","90.4","13.7","Vg","4269",".624",".569","-2","","","","","Av/102","","","","&nbsp;","Av","Normal",".305",".275",  
"SS, 2B, 3B","Espinoza, Alvaro R  ","$690,000","6911",".245",".279",".303","46.1","192.0","24.4","Av","7444",".651",".515","-2","","","Av/167","Av/137","Av/99","","","","&nbsp;","Fr","Normal",".306",".251",  
"3B, 2B","Byrne, Bobby R  ","$686,000","1906",".237",".303",".324","59.2","112.1","12.0","Av","2135",".598",".650","-1","","","Fr/129","Av/98","","","","","&nbsp;","Vg","Prone",".296",".308",  
"1B","Burns, Jack L  ","$685,000","7026",".234",".304",".323","58.0","78.1","11.3","Av","7872",".585",".634","3","","Av/81","","","","","","","&nbsp;","Av","Normal",".295",".305",  
"3B, 2B, SS","Zimmer, Don R  ","$685,000","5063",".225",".279",".327","48.7","56.9","15.2","Av","5500",".609",".606","1","","","Av/103","Av/122","Fr/103","","","","&nbsp;","Fr","Normal",".283",".278",  
"SS","Risberg, Swede R  ","$684,000","4314",".230",".294",".349","59.2","60.8","12.7","Av","4803",".647",".641","-2","","","","","Fr/117","","","","&nbsp;","Vg","Normal",".298",".291",  
"C","Owen, Mickey R  ","$683,000","4473",".230",".297",".301","51.1","165.7","12.1","Av","4977",".584",".605","-2","Av/94","","","","","","","","&nbsp;","Fr","Prone",".289",".305",  
"CF, 1B, LF, RF","Beniquez, Juan R  ","$678,000","33113",".257",".313",".339","60.5","94.3","13.6","Av","36599",".674",".624","-2","","Fr/118","","","","Av/116","Av/116","Av/116","Av","Av","Prone",".321",".303",  
"C, 1B","Newman, Jeff R  ","$676,000","16165",".211",".252",".331","45.0","43.7","19.6","Pr","17383",".558",".596","1","Fr/128","Fr/219","","","","","","","&nbsp;","Fr","Normal",".241",".260",  
"C","Street, Gabby R  ","$674,000","2839",".198",".241",".277","33.5","71.0","20.2","Av","3066",".516",".520","-1","Vg/78","","","","","","","","&nbsp;","Fr","Normal",".240",".242",  
"2B","Maguire, Freddie R  ","$666,000","7857",".220",".252",".277","36.3","151.1","27.8","Av","8398",".512",".547","1","","","Vg/84","","","","","","&nbsp;","Fr","Normal",".243",".260",  
"C, 3B","Quirk, Jamie L  ","$666,000","23658",".231",".285",".326","52.2","63.3","14.8","Fr","25815",".605",".613","-1","Av/158","","","Fr/160","","","","","&nbsp;","Fr","Normal",".288",".285",  
"SS, 2B, 3B","Dente, Sam R  ","$662,000","5189",".225",".261",".277","37.3","144.1","22.6","Fr","5518",".568",".512","0","","","Av/103","Av/120","Av/112","","","","&nbsp;","Pr","Normal",".276",".248",  
"2B, 1B","Bloodworth, Jimmy R  ","$658,000","2919",".223",".260",".312","43.0","71.2","23.2","Av","3114",".599",".579","-2","","Av/106","Av/83","","","","","","&nbsp;","Fr","Normal",".279",".254",  
"LF, 1B, CF, RF","Lum, Mike L  ","$658,000","29475",".236",".308",".339","62.3","54.1","11.0","Fr","32952",".578",".655","1","","Av/85","","","","Av/62","Fr/62","Av/62","Av","Fr","Normal",".286",".310",  
"LF, CF, RF","Repulski, Rip R  ","$657,000","15255",".250",".299",".386","65.0","37.5","16.9","Av","16488",".708",".646","-1","","","","","","Fr/111","Fr/111","Fr/111","Fr","Fr","Normal",".306",".285",  
"SP, LF","Richmond, Lee L  ","$656,000","443",".217",".285",".264","41.6","88.6","11.7","Fr","491",".668",".538","1","","","","","","Fr/229","","","Av","Fr","Normal",".318",".282",  
"3B","Spiezio, Ed R  ","$656,000","2565",".222",".287",".338","54.0","45.8","12.5","Av","2840",".614",".633","-1","","","","Av/105","","","","","&nbsp;","Fr","Normal",".288",".286",  
"C, SS","Berg, Moe R  ","$655,000","9977",".203",".238",".255","30.4","136.7","25.0","Fr","10721",".502",".484","0","Av/69","","","","Pr/146","","","","&nbsp;","Fr","Normal",".237",".237",  
"C","Schmidt, Boss S  ","$655,000","17189",".245",".281",".354","55.7","55.8","23.1","Pr","18380",".652",".625","0","Fr/140","","","","","","","","&nbsp;","Fr","Prone",".286",".279",  
"2B","Gedeon, Joe R  ","$650,000","2848",".231",".290",".310","50.7","77.0","14.3","Av","3146",".653",".555","-2","","","Av/81","","","","","","&nbsp;","Fr","Normal",".309",".270",  
"SS","Veryzer, Tom R  ","$650,000","4084",".221",".272",".265","39.8","510.5","18.1","Av","4466",".553",".529","0","","","","","Av/95","","","","&nbsp;","Fr","Prone",".275",".271",  
"C","Bushong, Doc R  ","$649,000","13346",".198",".240",".244","27.5","139.0","19.4","Av","14269",".503",".471","-1","Vg/88","","","","","","","","&nbsp;","Fr","Normal",".246",".235",  
"1B","Dropo, Walt R  ","$644,000","35018",".249",".294",".387","61.9","34.6","17.0","Pr","37785",".702",".636","-1","","Av/81","","","","","","","&nbsp;","Pr","Prone",".300",".281",  
"SS","Hunter, Billy R  ","$642,000","9643",".210",".243",".281","35.2","166.3","27.0","Av","10330",".553",".506","-1","","","","","Vg/111","","","","&nbsp;","Fr","Prone",".253",".236",  
"C","Hill, Marc R  ","$640,000","8286",".216",".283",".301","46.8","64.2","12.2","Pr","9220",".583",".586","0","Av/69","","","","","","","","&nbsp;","Pr","Normal",".283",".283",  
"2B, 3B","Kelly, Pat F R  ","$640,000","4356",".230",".289",".306","50.3","161.3","15.4","Av","4832",".621",".580","0","","","Vg/124","Vg/165","","","","","&nbsp;","Vg","Fragile",".299",".284",  
"2B, 3B","Moran, Billy R  ","$639,000","3778",".250",".288",".328","54.1","157.4","20.5","Av","4102",".602",".626","0","","","Av/114","Av/119","","","","","&nbsp;","Fr","Normal",".287",".289",  
"SS, 2B, 3B","Relaford, Desi S  ","$638,000","6572",".226",".301",".287","51.6","273.8","11.5","Fr","7365",".609",".579","0","","","Av/119","Av/138","Fr/143","","","","&nbsp;","Av","Prone",".311",".296",  
"SS","Sand, Heinie R  ","$636,000","1106",".202",".301",".270","50.3","79.0","8.10","Vg","1296",".679",".450","0","","","","","Fr/104","","","","&nbsp;","Pr","Normal",".339",".259",  
"SS, 2B","Fermin, Felix R  ","$634,000","5764",".243",".287",".278","44.8","960.7","19.6","Av","6259",".564",".564","-1","","","Av/108","","Av/103","","","","&nbsp;","Fr","Normal",".287",".287",  
"C","Perkins, Cy R  ","$634,000","4294",".215",".269",".293","44.1","82.6","14.5","Fr","4697",".552",".578","-1","Av/84","","","","","","","","&nbsp;","Fr","Normal",".265",".274",  
"3B","Hankinson, Frank R  ","$628,000","7312",".209",".263",".286","40.2","98.8","14.9","Av","7944",".585",".517","-1","","","","Vg/84","","","","","&nbsp;","Av","Normal",".275",".252",  
"2B, 3B, SS","Ripken, Billy R  ","$628,000","2977",".227",".281",".279","44.4","229.0","15.1","Av","3272",".592",".534","-1","","","Av/74","Av/103","Fr/125","","","","&nbsp;","Fr","Fragile",".293",".271",  
"C","Cannizzaro, Chris R  ","$627,000","12156",".225",".299",".288","49.2","189.9","10.5","Pr","13721",".612",".562","-1","Av/142","","","","","","","","&nbsp;","Pr","Normal",".311",".287",  
"CF, LF, RF","Martin, Jerry R  ","$625,000","35960",".237",".298",".390","66.8","31.2","13.1","Av","39511",".717",".629","-2","","","","","","Av/91","Fr/91","Av/91","Av","Av","Normal",".308",".276",  
"2B, 3B, SS","Berardino, Johnny R  ","$623,000","9945",".225",".282",".315","50.1","86.5","14.0","Av","10882",".613",".585","0","","","Av/109","Fr/129","Fr/109","","","","&nbsp;","Fr","Normal",".287",".278",  
"CF, 1B, LF, RF","Cline, Ty L  ","$622,000","12733",".238",".303",".295","55.6","454.8","12.7","Vg","14176",".508",".613","3","","Fr/109","","","","Av/58","Av/58","Av/58","Av","Fr","Normal",".265",".308",  
"SS, 2B","Linz, Phil R  ","$622,000","6886",".230",".299",".296","52.3","160.1","11.7","Vg","7718",".592",".605","-1","","","Av/147","","Av/134","","","","&nbsp;","Fr","Normal",".298",".302",  
"SS","Koppe, Joe R  ","$621,000","1319",".221",".312",".278","54.2","659.5","8.49","Av","1512",".613",".553","-1","","","","","Av/127","","","","&nbsp;","Fr","Normal",".329",".286",  
"SS, 2B","Cedeno, Ronny R  ","$612,000","5994",".236",".277",".312","47.6","133.2","19.4","Av","6503",".619",".568","0","","","Av/121","","Av/116","","","","&nbsp;","Av","Prone",".292",".267",  
"SS","Berroa, Angel R  ","$611,000","3610",".230",".278",".299","45.6","138.8","21.0","Vg","3915",".598",".571","-1","","","","","Av/124","","","","&nbsp;","Av","Normal",".291",".273",  
"C","Hernandez, Carlos R  ","$609,000","17561",".241",".281",".312","45.9","100.3","22.8","Pr","18732",".617",".567","-1","Av/145","","","","","","","","&nbsp;","Fr","Prone",".290",".272",  
"LF, 1B, RF","Clark, Jerald R  ","$607,000","2366",".233",".273",".326","48.1","94.6","22.6","Fr","2530",".589",".619","1","","Av/139","","","","Av/91","","Av/91","Vg","Fr","Normal",".277",".276",  
"SS, 3B","Ramirez, Rafael R  ","$607,000","5529",".252",".291",".325","54.4","167.5","21.0","Av","5929",".658",".584","-1","","","","Av/124","Av/135","","","","&nbsp;","Av","Prone",".303",".281",  
"C","Foote, Barry R  ","$605,000","9348",".208",".257",".327","44.1","48.7","16.9","Pr","10125",".629",".545","-1","Av/100","","","","","","","","&nbsp;","Pr","Prone",".268",".247",  
"C","Spencer, Roy R  ","$605,000","12847",".196",".251",".243","31.1","115.7","16.0","Fr","14058",".511",".481","0","Av/87","","","","","","","","&nbsp;","Pr","Normal",".260",".245",  
"LF, 2B, 3B, SS, CF, RF","Shanks, Howie R  ","$602,000","20378",".242",".293",".360","61.0","50.4","14.7","Av","22347",".693",".566","-3","","","Fr/139","Av/101","Fr/124","Av/68","Fr/68","Av/68","Av","Vg","Normal",".307",".262",  
"C","Tillman, Bob R  ","$602,000","8756",".212",".278",".327","50.4","40.7","12.1","Pr","9640",".612",".598","0","Av/109","","","","","","","","&nbsp;","Pr","Prone",".278",".277",  
"SS, 2B","Leon, Eddie R  ","$600,000","3681",".224",".278",".277","41.6","230.1","15.0","Fr","4040",".539",".576","0","","","Av/82","","Fr/105","","","","&nbsp;","Fr","Normal",".271",".286",  
"C","Servais, Scott R  ","$599,000","9155",".233",".290",".320","51.5","90.6","15.2","Pr","10075",".638",".548","-2","Av/89","","","","","","","","&nbsp;","Pr","Prone",".305",".259",  
"C","Ganzel, Charlie R  ","$596,000","6740",".232",".273",".306","46.8","91.1","19.1","Pr","7233",".623",".546","-1","Av/83","","","","","","","","&nbsp;","Fr","Normal",".290",".260",  
"C","Quintero, Humberto R  ","$595,000","15667",".227",".259",".290","37.5","186.5","26.7","Pr","16565",".582",".522","-1","Vg/130","","","","","","","","&nbsp;","Pr","Prone",".270",".250",  
"C","Powers, Doc R  ","$594,000","10519",".201",".240",".283","34.4","69.7","22.2","Pr","11317",".547",".505","-1","Vg/93","","","","","","","","&nbsp;","Fr","Prone",".247",".234",  
"RF, 3B, LF","Schultz, Joe R  ","$594,000","29147",".256",".317",".345","64.8","69.9","12.4","Fr","32387",".689",".605","0","","","","Av/183","","Fr/96","","Fr/96","Av","Av","Normal",".328",".294",  
"RF, 1B, 3B, SS, LF","Snyder, Cory R  ","$594,000","49128",".230",".275",".384","60.1","31.0","17.3","Av","52774",".673",".649","-1","","Fr/120","","Pr/152","Pr/220","Fr/87","","Fr/87","Vg","Fr","Normal",".281",".270",  
"1B, 3B","Livingstone, Scott L  ","$592,000","54611",".274",".317",".344","63.7","169.1","16.4","Pr","58732",".691",".643","-1","","Fr/141","","Fr/86","","","","","&nbsp;","Pr","Normal",".328",".310",  
"CF, LF, RF","Shelby, John S  ","$592,000","16583",".233",".276",".342","53.5","62.8","18.1","Vg","17802",".603",".624","0","","","","","","Av/94","Fr/94","Av/94","Vg","Vg","Normal",".270",".279",  
"C","Skinner, Joel R  ","$591,000","17112",".228",".271",".295","42.5","145.0","18.8","Pr","18436",".561",".566","0","Av/108","","","","","","","","&nbsp;","Pr","Normal",".270",".271",  
"C, 1B, LF","Vaughn, Farmer R  ","$590,000","18035",".239",".269",".339","50.2","66.8","25.4","Pr","19020",".639",".577","-1","Fr/105","Fr/91","","","","Fr/153","","","Av","Fr","Normal",".281",".256",  
"LF","Woods, Al L  ","$589,000","13512",".256",".311",".355","66.2","79.5","13.4","Av","14928",".621",".674","1","","","","","","Av/132","","","Av","Fr","Normal",".300",".313",  
"LF, CF, RF","Howard, Thomas S  ","$587,000","28600",".251",".301",".339","60.1","104.8","14.8","Av","31045",".538",".661","3","","","","","","Av/74","Av/74","Av/74","Av","Vg","Normal",".259",".310",  
"C","Ryan, Mike R  ","$587,000","11479",".190",".244",".259","29.9","117.1","14.8","Fr","12459",".507",".502","0","Av/85","","","","","","","","&nbsp;","Pr","Fragile",".245",".245",  
"C","Taylor, Zack R  ","$587,000","7965",".219",".267",".283","40.6","135.0","17.0","Fr","8658",".563",".543","0","Vg/90","","","","","","","","&nbsp;","Pr","Normal",".273",".263",  
"C","Casanova, Paul R  ","$586,000","11687",".221",".245",".305","38.6","82.3","32.4","Fr","12231",".566",".538","0","Av/129","","","","","","","","&nbsp;","Pr","Prone",".250",".242",  
"C","Spohrer, Al R  ","$584,000","10464",".233",".281",".309","47.9","132.5","16.3","Fr","11289",".625",".542","-2","Av/130","","","","","","","","&nbsp;","Fr","Normal",".295",".262",  
"2B","Doyle, Denny L  ","$582,000","6605",".240",".285",".297","49.6","330.2","17.5","Av","7163",".487",".601","2","","","Av/103","","","","","","&nbsp;","Fr","Prone",".247",".292",  
"SS, 2B","Newsome, Skeeter R  ","$582,000","4401",".210",".245",".252","31.5","314.4","23.0","Av","4713",".485",".504","1","","","Av/126","","Av/87","","","","&nbsp;","Av","Prone",".241",".247",  
"3B, 1B","McGehee, Casey R  ","$580,000","12820",".247",".308",".345","59.6","61.0","12.2","Pr","14101",".655",".650","0","","Fr/58","","Fr/102","","","","","&nbsp;","Pr","Normal",".308",".308",  
"2B","Rivas, Luis R  ","$578,000","326",".227",".271",".282","44.3","163.0","17.6","Vg","353",".491",".608","0","","","Fr/81","","","","","","&nbsp;","Av","Prone",".230",".305",  
"SS, 2B, 3B","Romero, Ed R  ","$578,000","3826",".223",".277",".252","36.8","3826.0","14.9","Fr","4184",".538",".516","0","","","Av/109","Av/93","Fr/120","","","","&nbsp;","Fr","Normal",".283",".270",  
"C","Ortiz, Junior R  ","$576,000","16103",".241",".291",".280","44.7","644.1","16.9","Pr","17565",".567",".574","0","Av/107","","","","","","","","&nbsp;","Fr","Normal",".287",".294",  
"SS","DeMaestri, Joe R  ","$573,000","6306",".221",".250",".278","34.0","185.5","29.8","Fr","6623",".564",".501","-1","","","","","Av/86","","","","&nbsp;","Fr","Normal",".263",".241",  
"CF, LF, RF","Gosger, Jim L  ","$572,000","6149",".217",".293",".306","53.7","93.2","10.6","Av","6913",".562",".611","1","","","","","","Av/71","Av/71","Av/71","Fr","Fr","Normal",".281",".297",  
"SS, 3B","Cruz, Todd R  ","$571,000","5254",".212",".253",".306","40.6","57.1","21.1","Fr","5684",".535",".564","1","","","","Vg/127","Av/111","","","","&nbsp;","Av","Normal",".241",".259",  
"SS, LF","Ely, Bones R  ","$570,000","22595",".210",".246",".284","36.7","77.1","22.4","Av","24340",".566",".514","-1","","","","","Av/85","Vg/114","","","Fr","Vg","Normal",".260",".240",  
"1B","LaCock, Pete L  ","$568,000","26204",".250",".319",".363","67.2","56.4","10.8","Fr","29202",".487",".694","5","","Fr/106","","","","","","","&nbsp;","Pr","Normal",".246",".323",  
"C","Moss, Les R  ","$568,000","17278",".231",".289",".342","55.0","39.4","13.1","Pr","18934",".649",".608","0","Fr/147","","","","","","","","&nbsp;","Pr","Normal",".294",".284",  
"2B, 1B","Gerhardt, Joe R  ","$567,000","5034",".196",".233",".255","27.6","173.6","22.7","Av","5360",".527",".457","-1","","Vg/105","Vg/86","","","","","","&nbsp;","Fr","Normal",".246",".223",  
"2B, 3B, SS","Milbourne, Larry S  ","$567,000","10602",".240",".281",".277","43.0","706.8","19.4","Av","11408",".540",".565","1","","","Av/122","Fr/120","Av/132","","","","&nbsp;","Av","Normal",".274",".283",  
"C","Buckley, Dick R  ","$566,000","13165",".222",".264",".325","47.7","47.4","19.7","Pr","14146",".625",".552","-1","Av/93","","","","","","","","&nbsp;","Pr","Normal",".276",".252",  
"2B, SS","Mackanin, Pete R  ","$566,000","4511",".213",".252",".316","42.7","62.7","21.2","Av","4828",".604",".544","-1","","","Vg/139","","Fr/152","","","","&nbsp;","Av","Normal",".267",".242",  
"SS, 2B","Farrell, Doc R  ","$565,000","3606",".240",".289",".308","51.0","92.5","16.9","Fr","3926",".636",".571","0","","","Av/146","","Av/126","","","","&nbsp;","Fr","Normal",".308",".281",  
"2B, SS, LF, CF, RF","Fewster, Chick R  ","$565,000","3791",".218",".306",".299","54.2","77.4","9.55","Av","4347",".639",".593","0","","","Fr/149","","Fr/176","Fr/102","Fr/102","Fr/102","Vg","Vg","Prone",".317",".302",  
"C, 1B","Clarke, Boileryard R  ","$564,000","6903",".216",".270",".295","44.4","72.7","18.1","Av","7548",".590",".545","-1","Av/109","Fr/106","","","","","","","&nbsp;","Av","Normal",".276",".266",  
"LF, RF","Harley, Dick L  ","$563,000","1527",".231",".298",".293","49.4","84.8","13.5","Av","1707",".519",".601","1","","","","","","Av/138","","Av/138","Av","Vg","Normal",".283",".300",  
"2B, SS","Tyson, Mike R  ","$556,000","5034",".221",".262",".296","40.6","114.4","20.4","Av","5383",".579",".540","-1","","","Vg/123","","Av/119","","","","&nbsp;","Fr","Prone",".267",".258",  
"SS","Gerber, Wally R  ","$553,000","2431",".235",".297",".292","49.9","162.1","13.1","Av","2669",".593",".589","-1","","","","","Av/100","","","","&nbsp;","Fr","Prone",".297",".298",  
"SS, 1B, 2B, 3B","Knight, John R  ","$553,000","2425",".217",".281",".314","49.9","53.9","12.7","Av","2694",".606",".581","-1","","Av/102","Av/162","Av/105","Fr/128","","","","&nbsp;","Vg","Normal",".288",".271",  
"3B","Davis, Russ R  ","$552,000","13515",".247",".301",".393","68.4","34.0","14.3","Fr","14791",".720",".591","-2","","","","Pr/137","","","","","&nbsp;","Fr","Prone",".310",".264",  
"2B, SS","Coscarart, Pete R  ","$551,000","3834",".210",".283",".291","47.7","68.5","11.1","Av","4314",".569",".577","0","","","Av/108","","Fr/97","","","","&nbsp;","Fr","Normal",".280",".285",  
"C","Fabregas, Jorge L  ","$545,000","22067",".227",".264",".267","36.9","279.3","20.4","Pr","23786",".549",".525","-1","Av/95","","","","","","","","&nbsp;","Pr","Prone",".269",".263",  
"CF, 1B, 2B, 3B, LF, RF","Lyons, Steve L  ","$545,000","25289",".240",".291",".309","53.9","176.8","15.0","Av","27650",".542",".613","1","","Av/125","Fr/131","Av/134","","Av/110","Av/110","Av/110","Av","Av","Normal",".267",".296",  
"2B, SS","Williams, Dib R  ","$545,000","5777",".227",".282",".331","52.7","50.2","14.9","Av","6349",".613",".609","1","","","Av/144","","Fr/120","","","","&nbsp;","Pr","Normal",".283",".280",  
"SS, 3B","Galloway, Chick R  ","$544,000","3873",".223",".272",".290","43.5","107.6","15.7","Av","4231",".615",".525","-2","","","","Av/110","Av/103","","","","&nbsp;","Av","Normal",".290",".261",  
"2B","Regan, Bill R  ","$541,000","3233",".241",".282",".372","58.1","53.9","19.2","Av","3492",".688",".592","-2","","","Av/110","","","","","","&nbsp;","Av","Normal",".297",".255",  
"CF","Johnston, Dick R  ","$540,000","14664",".231",".267",".347","51.5","59.1","21.3","Av","15635",".653",".577","-1","","","","","","","Vg/94","","Vg","Vg","Normal",".276",".258",  
"C","Bateman, John R  ","$539,000","21935",".219",".256",".328","42.9","54.3","23.7","Fr","23292",".601",".567","-1","Av/146","","","","","","","","&nbsp;","Pr","Prone",".261",".250",  
"RF, LF, CF","Moran, Herbie L  ","$539,000","2284",".227",".306",".310","57.5","61.7","10.2","Av","2587",".475",".628","1","","","","","","Av/101","Fr/101","Av/101","Av","Vg","Normal",".250",".312",  
"RF, LF, CF","Hershberger, Mike R  ","$538,000","23153",".251",".317",".321","60.2","165.4","11.7","Av","25758",".660",".612","-1","","","","","","Av/104","Av/104","Av/104","Vg","Av","Prone",".326",".307",  
"CF, LF, RF","Simpson, Joe L  ","$538,000","22183",".238",".292",".290","51.0","472.0","15.0","Vg","24252",".630",".544","-3","","","","","","Vg/117","Av/117","Vg/117","Vg","Vg","Normal",".315",".273",  
"CF, 1B, LF, RF","Metkovich, Catfish L  ","$537,000","19710",".241",".294",".348","58.9","64.4","15.2","Av","21502",".558",".654","3","","Av/122","","","","Av/109","Av/109","Av/109","Fr","Fr","Normal",".263",".297",  
"1B","Farrar, Sid R  ","$536,000","18477",".227",".291",".309","52.2","99.3","13.2","Fr","20477",".610",".588","-1","","Vg/87","","","","","","","&nbsp;","Vg","Normal",".296",".286",  
"C","Flint, Silver R  ","$536,000","15370",".222",".266",".321","46.6","63.3","18.9","Pr","16461",".621",".560","-1","Av/87","","","","","","","","&nbsp;","Pr","Normal",".279",".255",  
"C","Snyder, Pop R  ","$535,000","33509",".211",".253",".287","38.1","102.2","19.4","Av","36006",".568",".518","-1","Vg/91","","","","","","","","&nbsp;","Pr","Normal",".262",".246",  
"3B, SS","Freigau, Howard R  ","$533,000","5121",".238",".300",".332","57.3","71.1","12.7","Av","5710",".612",".647","1","","","","Av/114","Fr/118","","","","&nbsp;","Av","Normal",".297",".302",  
"RP, RF","Manning, Jack R  ","$529,000","778",".251",".314",".351","65.2","77.8","11.9","Av","866",".643",".649","-1","","","","","","","","Av/110","Av","Av","Normal",".301",".306",  
"LF","Jensen, Woody L  ","$528,000","6532",".255",".290",".359","59.9","53.1","22.9","Vg","6995",".671",".643","-1","","","","","","Av/105","","","Av","Pr","Normal",".299",".288",  
"C","Lake, Steve R  ","$528,000","7902",".233",".258",".302","39.4","114.5","33.0","Pr","8289",".539",".569","0","Fr/85","","","","","","","","&nbsp;","Pr","Prone",".251",".261",  
"SS, 2B, 3B","Auerbach, Rick R  ","$525,000","4957",".237",".297",".320","52.9","137.7","12.9","Av","5438",".675",".563","-1","","","Av/253","Fr/212","Fr/116","","","","&nbsp;","Vg","Normal",".322",".274",  
"SS","Hernandez, Enzo R  ","$525,000","3123",".226",".290",".281","51.0","260.2","12.3","Vg","3476",".592",".557","-1","","","","","Av/104","","","","&nbsp;","Vg","Prone",".289",".292",  
"3B","Jablonski, Ray R  ","$525,000","8158",".247",".299",".362","61.4","49.7","14.8","Fr","8871",".686",".623","-1","","","","Fr/132","","","","","&nbsp;","Fr","Normal",".310",".284",  
"SS, 2B","Webb, Skeeter R  ","$524,000","2430",".190",".216",".228","18.1","243.0","34.9","Av","2547",".519",".407","-3","","","Av/108","","Av/107","","","","&nbsp;","Av","Normal",".246",".201",  
"2B","Garcia, Pedro R  ","$522,000","1890",".219",".275",".359","58.3","51.1","15.3","Vg","2083",".621",".641","0","","","Av/126","","","","","","&nbsp;","Av","Normal",".278",".274",  
"C","Stinnett, Kelly R  ","$519,000","16822",".219",".283",".318","52.1","49.3","13.7","Pr","18567",".573",".627","0","Av/184","","","","","","","","&nbsp;","Pr","Prone",".278",".288",  
"1B, 3B","Franco, Matt L  ","$517,000","25579",".246",".316",".326","59.2","100.7","10.7","Fr","28470",".557",".652","3","","Av/134","","Av/139","","","","","&nbsp;","Pr","Normal",".287",".320",  
"SS","Hernandez, Jackie R  ","$517,000","6424",".209",".259",".273","37.9","128.5","15.8","Av","6949",".581",".482","-2","","","","","Vg/161","","","","&nbsp;","Av","Normal",".278",".239",  
"RF, LF, CF","Coleman, Ray L  ","$515,000","7778",".231",".281",".332","49.8","103.7","15.7","Av","8453",".557",".622","1","","","","","","Av/93","Av/93","Av/93","Vg","Fr","Normal",".258",".285",  
"RF","Nicol, Hugh R  ","$515,000","15489",".213",".285",".268","45.1","118.2","11.1","Vg","17331",".576",".526","-1","","","","","","","","Vg/73","Vg","Ex","Normal",".293",".274",  
"3B, 2B","Freese, Gene R  ","$514,000","5126",".229",".283",".361","58.6","41.3","15.1","Av","5618",".642",".647","-1","","","Fr/123","Fr/131","","","","","&nbsp;","Av","Prone",".287",".278",  
"3B","Gilbert, Wally R  ","$514,000","3854",".233",".283",".286","45.7","240.9","16.4","Av","4198",".569",".569","0","","","","Vg/102","","","","","&nbsp;","Fr","Normal",".281",".286",  
"C","Uecker, Bob R  ","$514,000","14299",".198",".299",".282","49.8","62.4","7.99","Pr","16569",".625",".514","-2","Fr/130","","","","","","","","&nbsp;","Pr","Normal",".315",".275",  
"RF","Lane, Jason R  ","$512,000","19556",".220",".294",".376","66.5","30.8","10.7","Fr","21975",".679",".669","0","","","","","","","","Fr/74","Vg","Av","Normal",".295",".296",  
"SS, C","Bragan, Bobby R  ","$511,000","6157",".220",".260",".297","40.6","91.9","19.5","Av","6627",".585",".544","0","Av/109","","","","Fr/122","","","","&nbsp;","Fr","Normal",".268",".258",  
"C","Dooin, Red R  ","$511,000","10586",".232",".261",".321","46.2","64.9","26.0","Av","11226",".597",".567","-1","Av/136","","","","","","","","&nbsp;","Vg","Prone",".267",".256",  
"2B, 3B, SS","Gutteridge, Don R  ","$511,000","4441",".222",".268",".325","50.1","83.8","17.5","Vg","4820",".603",".577","-1","","","Fr/116","Av/101","Fr/143","","","","&nbsp;","Av","Normal",".268",".262",  
"2B, 3B","Ruiz, Chico S  ","$511,000","8836",".242",".288",".291","47.7","631.1","17.6","Ex","9633",".584",".577","-1","","","Av/134","Fr/110","","","","","&nbsp;","Vg","Normal",".287",".288",  
"C","Swift, Bob R  ","$511,000","14700",".215",".287",".263","43.2","159.8","10.9","Pr","16397",".555",".547","-1","Av/89","","","","","","","","&nbsp;","Pr","Normal",".287",".288",  
"C","Kittridge, Malachi R  ","$505,000","20810",".194",".248",".269","34.9","67.1","14.9","Fr","22751",".536",".504","-1","Av/77","","","","","","","","&nbsp;","Fr","Normal",".254",".243",  
"C, 1B, 3B","Boyle, Jack R  ","$504,000","9788",".206",".251",".268","34.3","110.0","19.0","Av","10563",".531",".510","-1","Av/91","Fr/96","","Fr/119","","","","","&nbsp;","Av","Normal",".254",".249",  
"LF, 1B, RF","Ward, Daryle L  ","$501,000","25809",".249",".300",".388","66.1","36.1","14.2","Pr","28066",".575",".700","2","","Fr/104","","","","Pr/97","","Pr/97","Av","Pr","Prone",".259",".304",  
"1B, LF","Aaron, Tommie R  ","$500,000","2296",".230",".304",".312","54.2","104.4","10.7","Av","2561",".606",".656","0","","Av/105","","","","Av/200","","","Fr","Fr","Normal",".300",".320",  
"C","Agnew, Sam R  ","$500,000","12152",".198",".234",".270","29.9","89.4","28.8","Av","12885",".519",".496","-1","Av/140","","","","","","","","&nbsp;","Fr","Normal",".241",".231",  
"C","Allanson, Andy R  ","$500,000","11743",".226",".271",".277","41.5","239.7","18.4","Fr","12754",".564",".535","0","Av/130","","","","","","","","&nbsp;","Av","Prone",".274",".268",  
"CF","Almada, Mel L  ","$500,000","10000",".251",".307",".326","58.2","97.1","13.8","Av","10918",".586",".637","3","","","","","","","Av/100","","Vg","Av","Normal",".285",".309",  
"RF, LF","Alou, Jesus R  ","$500,000","20422",".267",".298",".337","55.2","155.9","24.9","Fr","21650",".659",".599","-1","","","","","","Fr/129","","Fr/129","Av","Fr","Prone",".305",".287",  
"CF, 2B, LF","Andrews, Ed R  ","$500,000","7428",".243",".292",".301","51.3","161.5","15.3","Vg","8096",".616",".568","-1","","","Fr/113","","","Av/86","Av/86","","Av","Ex","Normal",".305",".278",  
"RF, LF","Anthony, Eric L  ","$500,000","19528",".219",".294",".366","63.6","28.8","10.3","Av","21873",".576",".666","2","","","","","","Fr/105","","Fr/105","Vg","Fr","Prone",".263",".297",  
"C","Astroth, Joe R  ","$500,000","8665",".234",".294",".285","46.2","247.6","13.8","Pr","9517",".551",".596","1","Fr/95","","","","","","","","&nbsp;","Pr","Prone",".282",".301",  
"LF","Barber, Turner L  ","$500,000","3116",".247",".309",".325","59.6","89.0","13.0","Fr","3462",".675",".620","0","","","","","","Fr/113","","","Fr","Fr","Normal",".324",".305",  
"1B, CF","Beck, Fred L  ","$500,000","1992",".227",".267",".346","52.0","43.3","22.6","Av","2146",".567",".601","1","","Av/111","","","","","Fr/88","","Av","Av","Normal",".241",".264",  
"C","Bennett, Gary R  ","$500,000","9137",".219",".275",".264","39.4","276.9","14.8","Pr","9977",".551",".532","-1","Av/104","","","","","","","","&nbsp;","Pr","Normal",".280",".272",  
"C","Bergen, Bill R  ","$500,000","8569",".173",".183",".240","13.7","69.7","79.1","Fr","8857",".446",".406","-1","Av/84","","","","","","","","&nbsp;","Fr","Normal",".191",".177",  
"SS, 3B","Berra, Dale R  ","$500,000","3797",".216",".269",".305","47.2","65.5","15.8","Av","4150",".576",".571","0","","","","Fr/129","Av/121","","","","&nbsp;","Fr","Normal",".268",".269",  
"C","Berres, Ray R  ","$500,000","22415",".203",".234",".253","24.6","125.2","27.0","Pr","23587",".536",".437","-1","Av/58","","","","","","","","&nbsp;","Pr","Normal",".254",".213",  
"C","Bertell, Dick R  ","$500,000","8359",".235",".290",".274","44.2","491.7","14.0","Pr","9126",".531",".586","0","Av/115","","","","","","","","&nbsp;","Pr","Prone",".277",".299",  
"3B, 2B","Bertoia, Reno R  ","$500,000","3798",".226",".281",".294","46.5","172.6","15.2","Fr","4165",".596",".561","-1","","","Av/110","Av/105","","","","","&nbsp;","Fr","Normal",".293",".271",  
"3B, 1B, 2B","Bevacqua, Kurt R  ","$500,000","3153",".221",".297",".301","51.1","105.1","10.5","Av","3553",".580",".611","0","","Av/138","Fr/163","Fr/130","","","","","&nbsp;","Fr","Normal",".294",".298",  
"1B, LF, RF","Biittner, Larry L  ","$500,000","16869",".259",".307",".338","58.5","136.0","15.8","Av","18248",".543",".659","3","","Av/123","","","","Av/153","","Av/153","Av","Pr","Normal",".274",".312",  
"RF, CF","Blake, Harry R  ","$500,000","1522",".215",".299",".318","57.7","52.5","9.26","Fr","1732",".641",".585","-1","","","","","","","Fr/75","Fr/75","Av","Fr","Normal",".303",".300",  
"C, 1B","Boccabella, John R  ","$500,000","11266",".210",".254",".297","38.6","78.2","18.3","Pr","12061",".566",".538","-1","Fr/90","Av/90","","","","","","","&nbsp;","Pr","Prone",".260",".249",  
"LF, 3B, CF, RF","Bonnell, Barry R  ","$500,000","31175",".252",".306",".340","59.4","98.0","14.2","Av","34088",".680",".590","-2","","","","Fr/174","","Av/95","Fr/95","Av/95","Av","Av","Normal",".320",".284",  
"C, 1B","Brown, Lew R  ","$500,000","945",".193",".253",".289","37.5","118.1","14.2","Fr","1026",".620",".479","-1","Av/103","Av/132","","","","","","","&nbsp;","Fr","Normal",".277",".234",  
"SS, 3B, LF","Brown, Tommy R  ","$500,000","560",".211",".248",".284","34.9","70.0","22.8","Fr","592",".486",".570","-1","","","","Pr/110","Fr/184","Fr/318","","","Fr","Pr","Normal",".227",".265",  
"3B, 2B, LF, RF","Bucher, Jim L  ","$500,000","2866",".230",".277",".310","50.2","75.4","17.1","Av","3125",".546",".595","0","","","Fr/144","Av/122","","Fr/170","","Fr/170","Fr","Fr","Normal",".264",".280",  
"2B","Burdock, Jack R  ","$500,000","686",".233",".286",".300","47.1","85.8","15.1","Av","742",".653",".458","-1","","","Av/84","","","","","","&nbsp;","Fr","Normal",".303",".253",  
"3B","Burke, Jimmy R  ","$500,000","3143",".238",".287",".335","56.2","55.1","17.7","Av","3431",".652",".587","-1","","","","Av/108","","","","","&nbsp;","Vg","Normal",".295",".277",  
"RF, 2B, SS, LF","Canavan, Jim R  ","$500,000","1439",".179",".230",".279","31.1","62.6","15.8","Av","1562",".535",".508","-1","","","Fr/127","","Fr/124","Av/96","","Av/96","Fr","Av","Normal",".247",".223",  
"3B","Carpenter, Hick R  ","$500,000","82",".195",".223",".207","16.8",".000","28.3","Av","85",".380",".487","-1","","","","Fr/98","","","","","&nbsp;","Av","Normal",".217",".231",  
"LF, RF","Carroll, Cliff S  ","$500,000","11616",".233",".304",".311","55.8","78.5","11.4","Av","12992",".578",".638","0","","","","","","Av/87","","Av/87","Av","Vg","Normal",".294",".312",  
"3B","Casey, Doc S  ","$500,000","4432",".245",".295",".338","57.1","65.2","15.8","Vg","4822",".666",".618","0","","","","Fr/97","","","","","&nbsp;","Vg","Normal",".310",".288",  
"RF, CF","Cassidy, John R  ","$500,000","25",".120",".185",".160","4.84",".000","13.5","Fr","27",".322",".000","-1","","","","","","","Fr/108","Fr/108","Av","Fr","Normal",".231",".000",  
"3B, SS","Castiglione, Pete R  ","$500,000","1877",".239",".287",".314","52.3","89.4","16.3","Av","2038",".564",".637","1","","","","Fr/84","Fr/98","","","","&nbsp;","Fr","Normal",".282",".296",  
"RF","Castillo, Carmen R  ","$500,000","8711",".234",".282",".360","57.4","46.6","17.4","Fr","9390",".640",".647","-1","","","","","","","","Vg/248","Av","Fr","Normal",".282",".284",  
"2B, 3B","Castillo, Jose R  ","$500,000","1993",".224",".267",".322","45.4","68.7","18.1","Av","2141",".603",".579","-1","","","Fr/147","Av/123","","","","","&nbsp;","Fr","Normal",".273",".263",  
"SS","Cedeno, Andujar R  ","$500,000","1500",".241",".287",".345","54.9","65.2","18.2","Av","1604",".669",".602","-1","","","","","Fr/146","","","","&nbsp;","Fr","Normal",".305",".272",  
"C","Chiti, Harry R  ","$500,000","14313",".228",".276",".322","46.5","66.6","16.8","Pr","15411",".581",".604","1","Fr/120","","","","","","","","&nbsp;","Pr","Prone",".271",".278",  
"RF, LF, CF","Cimoli, Gino R  ","$500,000","4034",".231",".282",".299","45.2","336.2","15.7","Av","4410",".575",".584","1","","","","","","Av/125","Av/125","Av/125","Vg","Fr","Normal",".277",".286",  
"1B","Clancy, Bud L  ","$500,000","3666",".246",".291",".335","57.2","70.5","17.3","Av","4039",".524",".643","1","","Av/83","","","","","","","&nbsp;","Fr","Normal",".260",".297",  
"C","Coleman, Choo Choo L  ","$500,000","4590",".193",".254",".246","33.4","139.1","14.7","Av","5025",".449",".520","1","Fr/165","","","","","","","","&nbsp;","Fr","Normal",".233",".262",  
"RF, SP","Coleman, John L  ","$500,000","819",".213",".270",".296","41.1","117.0","14.7","Fr","894",".462",".585","1","","","","","","","","Fr/104","Vg","Av","Normal",".221",".279",  
"3B, 1B, LF, RF","Coles, Darnell R  ","$500,000","6119",".233",".300",".341","60.0","60.0","12.5","Av","6796",".609",".663","0","","Fr/193","","Fr/153","","Fr/110","","Fr/110","Av","Fr","Prone",".289",".307",  
"1B","Comiskey, Charlie R  ","$500,000","5214",".241",".271",".309","45.9","108.6","26.2","Av","5526",".594",".566","-1","","Vg/91","","","","","","","&nbsp;","Ex","Normal",".274",".268",  
"LF, CF, RF","Comorosky, Adam R  ","$500,000","14361",".238",".300",".344","59.8","58.6","12.7","Vg","16026",".652",".627","-1","","","","","","Av/101","Av/101","Av/101","Av","Av","Prone",".305",".291",  
"SS, 2B","Consolo, Billy R  ","$500,000","2756",".199",".293",".246","43.0","212.0","8.64","Av","3155",".563",".525","2","","","Av/179","","Av/142","","","","&nbsp;","Fr","Normal",".300",".290",  
"2B","Creamer, George R  ","$500,000","101",".198",".250",".287","31.5",".000","15.4","Av","108",".389",".682","-1","","","Av/92","","","","","","&nbsp;","Av","Normal",".189",".309",  
"RF, LF, CF","Crowley, Bill R  ","$500,000","2605",".248",".312",".338","63.8","89.8","11.8","Fr","2893",".662",".622","-1","","","","","","Av/103","Fr/103","Av/103","Vg","Fr","Prone",".314",".296",  
"RF, LF","Cummings, Midre S  ","$500,000","7347",".243",".307",".336","62.5","87.5","12.0","Av","8138",".489",".668","3","","","","","","Av/68","","Av/68","Fr","Fr","Normal",".246",".317",  
"CF","Cuyler, Milt S  ","$500,000","3512",".240",".301",".297","56.5","702.4","13.4","Vg","3886",".605",".589","0","","","","","","","Av/130","","Fr","Vg","Fragile",".310",".296",  
"1B","Dahlgren, Babe R  ","$500,000","4710",".235",".294",".338","55.4","59.6","13.3","Fr","5184",".645",".620","0","","Av/103","","","","","","","&nbsp;","Fr","Normal",".298",".291",  
"C","Daily, Con L  ","$500,000","12247",".216",".286",".280","46.4","103.8","11.6","Fr","13640",".514",".578","1","Fr/106","","","","","","","","&nbsp;","Fr","Normal",".268",".290",  
"3B, SS","Davis, Jumbo L  ","$500,000","9201",".238",".280",".330","54.2","88.5","18.3","Av","9889",".546",".629","1","","","","Av/124","Fr/122","","","","&nbsp;","Ex","Normal",".258",".287",  
"1B, LF, RF","Decker, George L  ","$500,000","3179",".225",".270",".332","50.0","47.4","17.3","Av","3426",".482",".627","1","","Fr/85","","","","Fr/129","","Fr/129","Fr","Vg","Prone",".228",".279",  
"C","Difelice, Mike R  ","$500,000","10808",".219",".267",".297","40.7","138.6","17.2","Pr","11683",".572",".556","-1","Av/128","","","","","","","","&nbsp;","Pr","Normal",".271",".262",  
"2B","Dittmer, Jack L  ","$500,000","6717",".241",".286",".343","56.2","49.4","17.8","Av","7263",".560",".649","0","","","Fr/99","","","","","","&nbsp;","Pr","Normal",".264",".292",  
"3B","Donnelly, Jim R  ","$500,000","277",".227",".259",".264","34.0","138.5","24.7","Vg","296",".487",".592","-1","","","","Av/106","","","","","&nbsp;","Av","Normal",".235",".306",  
"RF","Dorgan, Mike R  ","$500,000","429",".261",".313",".326","54.3","107.2","16.0","Av","464",".685",".548","-1","","","","","","","","Av/101","Av","Av","Prone",".326",".288",  
"RF, LF, CF","Dowd, Tommy R  ","$500,000","1088",".248",".311",".310","56.2","98.9","12.1","Av","1208",".608",".632","-1","","","","","","Fr/94","Fr/94","Fr/94","Av","Vg","Normal",".317",".304",  
"RF","Evans, Jake R  ","$500,000","3232",".206",".268",".265","39.1","119.7","13.6","Fr","3547",".548",".529","0","","","","","","","","Vg/66","Vg","Fr","Normal",".273",".268",  
"3B, LF, CF, RF","Evans, Joe R  ","$500,000","4810",".234",".291",".319","53.9","75.2","13.3","Av","5338",".656",".519","-3","","","","Av/121","","Av/82","Fr/82","Av/82","Av","Av","Normal",".307",".257",  
"LF, CF, RF","Felder, Mike S  ","$500,000","13102",".238",".294",".290","53.9","363.9","13.6","Vg","14426",".602",".574","-1","","","","","","Av/86","Fr/86","Av/86","Av","Ex","Prone",".300",".291",  
"RF, 1B, LF, CF","Finney, Lou L  ","$500,000","10735",".254",".295",".332","56.2","165.2","18.9","Av","11576",".590",".635","1","","Fr/102","","","","Av/136","Fr/136","Av/136","Av","Fr","Prone",".288",".297",  
"C","Fitz Gerald, Ed R  ","$500,000","13783",".235",".291",".292","45.9","176.7","14.1","Fr","15069",".601",".573","-1","Fr/177","","","","","","","","&nbsp;","Fr","Prone",".296",".289",  
"3B","Franco, Maikel R  ","$500,000","943",".230",".273",".335","50.9","55.5","17.4","Fr","1011",".599",".606","0","","","","Fr/102","","","","","&nbsp;","Pr","Normal",".271",".274",  
"1B, LF, RF","Francona, Terry L  ","$500,000","9976",".257",".285",".311","50.2","285.0","28.1","Fr","10501",".563",".604","0","","Av/108","","","","Fr/104","","Fr/104","Fr","Fr","Normal",".271",".288",  
"SS, 2B","Frias, Pepe R  ","$500,000","2247",".228",".258",".281","37.4","449.4","28.2","Av","2400",".576",".510","-2","","","Av/151","","Av/134","","","","&nbsp;","Fr","Normal",".271",".247",  
"2B, SS","Garcia, Carlos R  ","$500,000","4539",".248",".289",".330","56.4","110.7","19.9","Av","4906",".614",".605","-1","","","Fr/99","","Fr/204","","","","&nbsp;","Vg","Prone",".286",".285",  
"RF, LF","Garcia, Karim L  ","$500,000","4653",".225",".269",".356","53.7","32.8","17.0","Fr","4990",".682",".608","-1","","","","","","Av/182","","Av/182","Av","Fr","Normal",".283",".265",  
"CF, LF, RF","Gaston, Cito R  ","$500,000","20130",".247",".292",".379","61.4","39.7","17.1","Av","21681",".675",".663","-1","","","","","","Av/129","Fr/129","Av/129","Av","Pr","Normal",".293",".290",  
"C","Gilligan, Barney R  ","$500,000","6646",".192",".274",".280","44.0","72.2","10.1","Fr","7482",".568",".542","-1","Av/90","","","","","","","","&nbsp;","Fr","Normal",".279",".269",  
"1B, LF, RF","Gload, Ross L  ","$500,000","6201",".265",".305",".345","59.9","96.9","18.2","Fr","6700",".602",".661","1","","Fr/91","","","","Fr/224","","Fr/224","Pr","Fr","Prone",".290",".309",  
"C","Grasso, Mickey R  ","$500,000","20089",".202",".236",".255","26.3","104.6","27.8","Fr","21238",".485",".494","0","Vg/231","","","","","","","","&nbsp;","Pr","Normal",".233",".237",  
"2B","Greenwood, Bill S  ","$500,000","4455",".202",".266",".268","37.0","103.6","13.0","Vg","4913",".522",".541","0","","","Av/95","","","","","","&nbsp;","Vg","Normal",".262",".269",  
"LF, RF","Grieve, Tom R  ","$500,000","16141",".237",".290",".382","62.9","32.2","15.0","Fr","17685",".680",".654","-1","","","","","","Fr/91","","Fr/91","Av","Pr","Normal",".293",".283",  
"2B","Griffin, Doug R  ","$500,000","12058",".224",".275",".271","41.9","280.4","16.0","Av","13285",".512",".567","1","","","Av/84","","","","","","&nbsp;","Av","Prone",".261",".283",  
"C","Guerra, Mike R  ","$500,000","4905",".219",".257",".278","36.0","163.5","20.7","Av","5244",".541",".531","1","Fr/140","","","","","","","","&nbsp;","Fr","Normal",".259",".255",  
"2B, LF","Guerrero, Wilton R  ","$500,000","4201",".272",".299",".321","56.4","1050.2","27.7","Av","4431",".618",".625","0","","","Fr/142","","","Fr/153","","","Fr","Av","Normal",".302",".298",  
"LF, RF","Gwynn, Chris L  ","$500,000","14787",".252",".303",".350","60.7","68.8","14.3","Fr","16082",".488",".675","5","","","","","","Fr/16","","Fr/16","Av","Pr","Prone",".244",".311",  
"1B, 3B, CF","Haas, Bert R  ","$500,000","10503",".248",".303",".337","59.1","86.1","13.9","Av","11494",".658",".610","-1","","Av/103","","Av/138","","","Fr/163","","Pr","Av","Normal",".311",".292",  
"3B, 2B","Handley, Lee R  ","$500,000","1392",".250",".308",".325","58.8","99.4","13.1","Vg","1542",".612",".653","-1","","","Fr/142","Av/96","","","","","&nbsp;","Av","Prone",".302",".313",  
"LF, RF","Harper, Terry R  ","$500,000","10530",".239",".310",".341","58.7","59.5","10.8","Pr","11757",".685",".580","-1","","","","","","Av/119","","Av/119","Av","Vg","Normal",".322",".285",  
"2B, CF","Harris, Vic L S  ","$500,000","126",".159",".236",".191","20.9",".000","10.9","Vg","142",".348",".442","0","","","Fr/192","","","","Av/132","","Fr","Av","Normal",".174",".248",  
"3B","Hartman, Fred R  ","$500,000","1129",".240",".297",".356","62.2","53.8","16.5","Av","1238",".636",".661","-1","","","","Av/112","","","","","&nbsp;","Av","Normal",".284",".303",  
"LF, 1B, 3B, CF, RF","Hatcher, Mickey R  ","$500,000","19955",".262",".300",".334","56.1","172.0","20.1","Av","21350",".673",".580","-1","","Av/127","","Av/151","","Av/94","Fr/94","Av/94","Av","Fr","Prone",".313",".282",  
"2B, SS","Heffner, Don R  ","$500,000","2266",".211",".273",".249","37.6","226.6","13.7","Av","2512",".569",".498","-1","","","Av/85","","Fr/116","","","","&nbsp;","Fr","Normal",".293",".263",  
"2B","Hiller, Chuck L  ","$500,000","1466",".229",".291",".289","48.6","133.3","13.0","Av","1622",".497",".598","3","","","Fr/129","","","","","","&nbsp;","Fr","Normal",".273",".295",  
"3B, 2B, SS","Hitchcock, Billy R  ","$500,000","6284",".218",".262",".265","35.2","330.7","18.5","Av","6805",".546",".514","-1","","","Av/132","Vg/128","Fr/100","","","","&nbsp;","Fr","Prone",".265",".260",  
"CF, LF, RF","Hoag, Myril R  ","$500,000","3084",".231",".275",".306","45.9","96.4","19.0","Av","3336",".578",".588","-2","","","","","","Av/124","Fr/124","Av/124","Vg","Av","Prone",".268",".286",  
"3B","Hobson, Butch R  ","$500,000","3258",".208",".260",".355","47.7","33.9","16.1","Av","3532",".594",".633","0","","","","Av/159","","","","","&nbsp;","Fr","Prone",".248",".271",  
"SS, 3B","Hoffman, Glenn R  ","$500,000","2277",".216",".269",".288","42.7","142.3","16.7","Fr","2503",".576",".546","0","","","","Fr/109","Fr/96","","","","&nbsp;","Fr","Normal",".274",".267",  
"C","Holbert, Bill R  ","$500,000","3127",".185",".214",".226","18.1","130.3","28.8","Pr","3282",".506",".400","-1","Av/92","","","","","","","","&nbsp;","Pr","Normal",".243",".196",  
"CF","Hotaling, Pete L  ","$500,000","6230",".234",".304",".335","59.7","62.9","11.4","Av","6948",".593",".660","1","","","","","","","Av/102","","Av","Vg","Normal",".278",".314",  
"1B, LF","Hunter, Brian R R  ","$500,000","6566",".209",".274",".368","57.8","30.4","12.6","Av","7252",".647",".629","-1","","Av/112","","","","Av/248","","","Fr","Fr","Normal",".275",".271",  
"SS, 1B, 2B, 3B","Janvrin, Hal R  ","$500,000","3067",".221",".278",".307","47.8","59.0","14.5","Fr","3373",".552",".613","-1","","Fr/125","Fr/164","Fr/157","Fr/151","","","","&nbsp;","Vg","Normal",".261",".293",  
"1B","Johnston, Doc L  ","$500,000","6826",".234",".294",".330","57.0","71.1","13.7","Vg","7528",".604",".629","1","","Av/93","","","","","","","&nbsp;","Vg","Normal",".291",".295",  
"3B","Jones, Bob L  ","$500,000","2397",".209",".268",".285","42.3","77.3","13.3","Av","2638",".526",".558","0","","","","Av/93","","","","","&nbsp;","Av","Normal",".264",".269",  
"CF, LF, RF","Joshua, Von L  ","$500,000","10588",".250",".283",".345","54.3","89.7","22.3","Vg","11237",".616",".631","0","","","","","","Av/115","Fr/115","Av/115","Fr","Vg","Prone",".280",".285",  
"2B, CF","Kanehl, Rod R  ","$500,000","360",".214",".253",".256","30.9","180.0","20.2","Vg","383",".728",".471","-1","","","Av/191","","","","Fr/80","","Fr","Av","Normal",".368",".232",  
"C","Kendall, Fred R  ","$500,000","5180",".227",".272",".293","42.3","136.3","17.1","Pr","5595",".579",".551","0","Av/91","","","","","","","","&nbsp;","Pr","Normal",".281",".265",  
"RF, 3B, LF","Kennedy, Bob R  ","$500,000","5027",".240",".281",".327","51.6","86.7","18.7","Av","5428",".640",".582","-1","","","","Av/113","","Fr/101","","Fr/101","Vg","Fr","Prone",".298",".266",  
"3B, 2B, SS","Kennedy, John R  ","$500,000","5580",".221",".274",".296","44.9","136.1","16.3","Vg","6087",".597",".553","-1","","","Fr/167","Av/101","Fr/155","","","","&nbsp;","Fr","Normal",".286",".266",  
"2B, SS","Kindall, Jerry R  ","$500,000","191",".189",".227",".241","26.5","191.0","20.4","Av","204",".463",".416","-1","","","Av/146","","Fr/148","","","","&nbsp;","Fr","Normal",".222",".200",  
"SS, 2B, 3B","Kopf, Larry S  ","$500,000","2651",".230",".303",".312","57.2","61.7","11.5","Av","2989",".618",".614","0","","","Fr/160","Fr/139","Fr/120","","","","&nbsp;","Av","Normal",".313",".301",  
"RF, 1B, LF","Kosco, Andy R  ","$500,000","8867",".240",".275",".389","59.8","32.2","21.6","Pr","9447",".693",".636","0","","Fr/106","","","","Fr/101","","Fr/101","Av","Fr","Normal",".284",".267",  
"3B, SS","Kuehne, Bill R  ","$500,000","947",".214",".247",".294","37.8","135.3","25.0","Av","998",".579",".506","-1","","","","Av/95","Fr/85","","","","&nbsp;","Av","Normal",".260",".234",  
"CF, LF, RF","Lehner, Paul L  ","$500,000","5649",".228",".266",".320","46.0","83.1","21.2","Av","6075",".514",".599","2","","","","","","Av/88","Av/88","Av/88","Fr","Fr","Normal",".244",".270",  
"3B","Leius, Scott R  ","$500,000","1939",".236",".308",".314","56.3","96.9","10.5","Av","2177",".592",".644","-1","","","","Av/93","","","","","&nbsp;","Fr","Fragile",".300",".314",  
"SS","LeMaster, Johnnie R  ","$500,000","3236",".214",".269",".281","43.4","134.8","14.7","Av","3541",".578",".525","-1","","","","","Av/113","","","","&nbsp;","Vg","Normal",".281",".259",  
"SS","Levey, Jim S  ","$500,000","160",".125",".141",".131","-15.002",".000","54.7","Av","164",".248",".287","0","","","","","Fr/107","","","","&nbsp;","Av","Normal",".131",".147",  
"2B, 3B, SS","Lewis, Mark R  ","$500,000","7297",".241",".292",".323","52.7","123.7","15.1","Av","7919",".631",".598","-1","","","Fr/120","Fr/123","Fr/136","","","","&nbsp;","Fr","Normal",".297",".287",  
"2B","Liriano, Nelson S  ","$500,000","4812",".238",".304",".309","57.6","240.6","11.8","Av","5358",".567",".626","1","","","Fr/132","","","","","","&nbsp;","Av","Normal",".293",".306",  
"SS, 2B, 3B","Lopez, Luis S  ","$500,000","3703",".220",".268",".269","37.5","617.2","18.5","Fr","3997",".519",".544","1","","","Fr/129","Av/157","Fr/131","","","","&nbsp;","Fr","Prone",".259",".271",  
"C, 1B","Mack, Connie R  ","$500,000","8816",".213",".265",".267","38.2","122.4","21.3","Av","9543",".575",".481","-1","Av/88","Pr/180","","","","","","","&nbsp;","Vg","Prone",".282",".244",  
"2B","Mack, Ray R  ","$500,000","1125",".198",".258",".295","38.4","62.5","14.0","Av","1233",".490",".588","-1","","","Av/107","","","","","","&nbsp;","Fr","Normal",".239",".264",  
"C, 1B","Martin, J.C. L  ","$500,000","7886",".220",".273",".299","46.7","119.5","16.3","Fr","8573",".538",".580","1","Fr/116","Pr/212","","","","","","","&nbsp;","Pr","Prone",".263",".275",  
"2B, 3B","Martin, Stu L  ","$500,000","1621",".227",".293",".291","49.6","147.4","11.7","Vg","1797",".526",".595","0","","","Fr/97","Pr/99","","","","","&nbsp;","Av","Normal",".261",".299",  
"SS","Mason, Jim L  ","$500,000","2874",".198",".260",".269","37.6","179.6","13.0","Vg","3173",".445",".560","2","","","","","Av/114","","","","&nbsp;","Pr","Normal",".230",".271",  
"C","Mathis, Jeff R  ","$500,000","5440",".192",".247",".259","33.7","113.3","15.0","Fr","5940",".539",".487","-1","Vg/113","","","","","","","","&nbsp;","Pr","Prone",".262",".237",  
"1B, LF, RF","McCarty, David R  ","$500,000","8065",".229",".291",".320","51.9","77.5","12.8","Fr","8870",".617",".605","-1","","Vg/142","","","","Fr/208","","Fr/208","Av","Fr","Normal",".295",".286",  
"3B, 2B, SS","McCormick, Barry R  ","$500,000","2140",".208",".281",".288","47.6","73.8","10.9","Av","2404",".592",".546","-1","","","Av/106","Av/118","Fr/117","","","","&nbsp;","Vg","Normal",".294",".268",  
"CF, LF, RF","McCracken, Quinton S  ","$500,000","6681",".236",".296",".286","50.5","835.1","12.7","Av","7392",".520",".609","2","","","","","","Av/89","Fr/89","Av/89","Fr","Vg","Prone",".267",".308",  
"3B, SS","McGarr, Chippy R  ","$500,000","809",".222",".260",".299","42.7","67.4","21.4","Av","855",".585",".541","-1","","","","Fr/82","Fr/101","","","","&nbsp;","Vg","Normal",".278",".249",  
"RF, LF, CF","McGeachey, Jack R  ","$500,000","659",".200",".223",".269","25.1","219.7","34.5","Av","689",".542",".335","-1","","","","","","Av/92","Fr/92","Av/92","Av","Av","Normal",".243",".160",  
"2B, 3B","McKay, Dave S  ","$500,000","4415",".225",".268",".286","42.1","200.7","20.3","Av","4773",".547",".558","0","","","Fr/117","Vg/139","","","","","&nbsp;","Fr","Normal",".267",".269",  
"SS, 2B, 3B","McNair, Eric R  ","$500,000","2327",".237",".272",".318","47.8","70.5","23.9","Av","2485",".611",".573","-2","","","Fr/120","Av/135","Fr/100","","","","&nbsp;","Av","Normal",".279",".266",  
"CF, LF, RF","McNeely, Earl R  ","$500,000","2206",".229",".284",".301","48.3","129.8","15.8","Vg","2414",".605",".592","1","","","","","","Av/81","Fr/81","Av/81","Av","Vg","Normal",".296",".281",  
"SS, 2B","Meares, Pat R  ","$500,000","4737",".242",".280",".315","48.4","163.3","25.7","Av","5033",".557",".617","1","","","Av/159","","Av/123","","","","&nbsp;","Fr","Prone",".260",".291",  
"RF, LF, CF","Mejias, Roman R  ","$500,000","1587",".246",".284",".345","55.1","61.0","20.7","Av","1698",".643",".600","0","","","","","","Av/166","Fr/166","Av/166","Av","Fr","Normal",".282",".284",  
"CF, RF","Melendez, Luis R  ","$500,000","1589",".238",".294",".314","52.7","88.3","13.6","Av","1735",".613",".605","0","","","","","","","Av/105","Av/105","Av","Fr","Normal",".297",".292",  
"SS","Mendoza, Mario R  ","$500,000","1863",".220",".259",".252","32.5","465.8","23.0","Av","2004",".568",".478","-1","","","","","Av/108","","","","&nbsp;","Fr","Normal",".288",".241",  
"SS","Merullo, Lennie R  ","$500,000","385",".223",".286",".286","46.3","128.3","13.2","Fr","423",".637",".536","-1","","","","","Av/123","","","","&nbsp;","Fr","Normal",".308",".272",  
"1B, 3B, LF","Meyer, Dan L  ","$500,000","5534",".247",".286",".361","59.2","54.3","19.6","Av","5929",".599",".654","1","","Fr/108","","Fr/124","","Fr/203","","","Av","Av","Prone",".281",".286",  
"RF, LF, CF","Morales, Jerry R  ","$500,000","2453",".243",".295",".350","57.5","59.8","14.6","Av","2658",".687",".590","-1","","","","","","Fr/82","Fr/82","Fr/82","Av","Fr","Prone",".311",".277",  
"DH, 1B","Morales, Jose R  ","$500,000","8180",".265",".306",".359","59.8","78.7","18.7","Pr","8785",".709",".615","0","","Fr/213","","","","","","","&nbsp;","Pr","Normal",".323",".288",  
"CF, LF, RF","Moses, John S  ","$500,000","8120",".247",".308",".306","56.0","451.1","12.8","Vg","8984",".569",".625","1","","","","","","Av/54","Fr/54","Av/54","Av","Ex","Normal",".287",".313",  
"3B","Mulvey, Joe R  ","$500,000","526",".232",".271",".317","51.1","87.7","20.2","Av","565",".594",".592","-1","","","","Av/98","","","","","&nbsp;","Av","Normal",".280",".265",  
"C","Murphy, Morgan R  ","$500,000","5326",".180",".233",".242","25.1","81.9","15.8","Fr","5771",".489",".453","-1","Av/108","","","","","","","","&nbsp;","Fr","Normal",".239",".221",  
"2B","Myers, Al R  ","$500,000","348",".190",".255",".305","44.2","38.7","13.3","Fr","385",".615",".420","-1","","","Fr/99","","","","","","&nbsp;","Av","Normal",".285",".197",  
"C","Needham, Tom R  ","$500,000","9306",".206",".265",".295","42.8","62.9","16.1","Fr","10198",".585",".542","-1","Fr/112","","","","","","","","&nbsp;","Fr","Normal",".276",".256",  
"1B","Nelson, Rocky L  ","$500,000","10271",".227",".291",".327","57.2","68.9","12.9","Fr","11377",".578",".626","1","","Av/47","","","","","","","&nbsp;","Pr","Normal",".281",".293",  
"C","Nieves, Wil R  ","$500,000","17883",".241",".279",".291","44.0","415.9","19.8","Pr","19349",".599",".537","-1","Vg/155","","","","","","","","&nbsp;","Pr","Normal",".289",".268",  
"2B","O'Brien, John L  ","$500,000","215",".214",".292",".326","55.6","30.7","11.1","Fr","244",".793",".593","1","","","Av/99","","","","","","&nbsp;","Fr","Normal",".433",".272",  
"CF, RF","Office, Rowland L  ","$500,000","2430",".249",".297",".316","55.3","243.0","15.9","Av","2635",".544",".637","3","","","","","","","Fr/70","Av/70","Fr","Fr","Prone",".273",".307",  
"LF, 3B, RF","Outlaw, Jimmy R  ","$500,000","2542",".245",".310",".326","58.8","90.8","11.6","Av","2830",".645",".611","-2","","","","Fr/165","","Fr/115","","Fr/115","Av","Fr","Normal",".311",".304",  
"3B","Owen, Marv R  ","$500,000","1162",".226",".274",".297","45.3","116.2","17.8","Av","1262",".639",".506","-1","","","","Av/87","","","","","&nbsp;","Fr","Normal",".302",".248",  
"LF, CF, RF","Owens, Eric R  ","$500,000","3755",".257",".303",".308","53.8","469.4","15.6","Av","4067",".641",".574","-1","","","","","","Av/87","Fr/87","Av/87","Av","Ex","Normal",".318",".287",  
"3B, 1B, LF, RF","Paquette, Craig R  ","$500,000","4673",".210",".242",".322","39.9","49.2","24.6","Av","4946",".568",".545","0","","Av/114","","Av/123","","Av/119","","Av/119","Av","Fr","Normal",".242",".237",  
"SS, 2B, 3B","Pellagrini, Eddie R  ","$500,000","876",".191",".260",".269","41.0","62.6","12.9","Av","971",".590",".502","0","","","Fr/62","Fr/138","Fr/116","","","","&nbsp;","Fr","Normal",".299",".246",  
"SS","Pena, Roberto R  ","$500,000","2132",".250",".295",".311","51.3","193.8","17.1","Av","2332",".651",".574","-1","","","","","Fr/105","","","","&nbsp;","Fr","Normal",".310",".285",  
"LF","Pendleton, Jim R  ","$500,000","3018",".245",".282",".334","52.7","64.2","21.5","Vg","3205",".591",".639","1","","","","","","Av/180","","","Fr","Pr","Normal",".278",".285",  
"1B","Phillips, Bill B. R  ","$500,000","11030",".257",".308",".369","65.4","96.8","15.1","Fr","12046",".699",".607","-1","","Av/81","","","","","","","&nbsp;","Fr","Normal",".314",".288",  
"SS, 2B","Picciolo, Rob R  ","$500,000","3554",".244",".271",".316","47.6","161.5","29.3","Av","3777",".639",".515","-3","","","Fr/91","","Fr/85","","","","&nbsp;","Fr","Normal",".294",".241",  
"C","Plummer, Bill R  ","$500,000","6083",".180",".254",".262","33.8","83.3","11.5","Pr","6781",".497",".529","0","Av/113","","","","","","","","&nbsp;","Pr","Normal",".248",".258",  
"LF, CF, RF","Powell, Jake R  ","$500,000","7370",".248",".288",".332","53.9","87.7","19.7","Vg","7942",".631",".614","-1","","","","","","Av/87","Av/87","Av/87","Fr","Av","Normal",".293",".285",  
"3B","Presley, Jim R  ","$500,000","2587",".231",".282",".362","56.0","39.2","15.4","Pr","2799",".677",".596","-1","","","","Fr/103","","","","","&nbsp;","Fr","Normal",".296",".261",  
"LF, RF","Purcell, Blondie R  ","$500,000","226",".204",".259",".261","35.3","226.0","15.4","Av","246",".557",".474","-1","","","","","","Fr/106","","Fr/106","Av","Av","Normal",".279",".234",  
"2B, SS","Quest, Joe R  ","$500,000","314",".210",".283",".274","42.4","157.0","10.6","Av","350",".453",".612","-1","","","Av/94","","Fr/116","","","","&nbsp;","Av","Normal",".237",".308",  
"3B, SS","Reeves, Bobby R  ","$500,000","166",".199",".287",".217","40.7",".000","9.40","Av","188",".509",".477","-1","","","","Av/187","Fr/142","","","","&nbsp;","Fr","Normal",".292",".286",  
"SS","Rivera, Luis R  ","$500,000","415",".214",".270",".289","43.7","207.5","15.9","Av","461",".587",".556","0","","","","","Av/131","","","","&nbsp;","Fr","Normal",".293",".260",  
"3B, C, 2B","Roberts, Dave W R  ","$500,000","7268",".233",".277",".350","55.7","46.0","17.8","Av","7836",".612",".639","0","Fr/142","","Pr/176","Pr/115","","","","","&nbsp;","Fr","Prone",".275",".279",  
"3B","Robertson, Gene L  ","$500,000","1651",".230",".297",".337","59.4","56.9","11.6","Av","1854",".443",".647","2","","","","Fr/116","","","","","&nbsp;","Fr","Normal",".244",".302",  
"LF, CF, RF","Roettger, Wally R  ","$500,000","3602",".252",".299",".356","62.6","54.6","16.9","Fr","3923",".634",".671","1","","","","","","Fr/53","Fr/53","Fr/53","Av","Pr","Normal",".293",".303",  
"C","Roof, Phil R  ","$500,000","8076",".211",".269",".298","42.7","72.1","14.8","Pr","8877",".553",".581","0","Av/110","","","","","","","","&nbsp;","Fr","Prone",".268",".271",  
"CF, LF, RF","Roseman, Chief R  ","$500,000","3460",".248",".305",".342","61.1","91.1","16.4","Av","3791",".661",".619","-1","","","","","","Fr/112","Fr/112","Fr/112","Fr","Fr","Normal",".313",".289",  
"CF","Rucker, Johnny L  ","$500,000","2482",".259",".292",".343","59.0","177.3","23.2","Vg","2641",".624",".640","2","","","","","","","Av/127","","Av","Av","Normal",".298",".290",  
"C","Ryan, Jack R  ","$500,000","5586",".198",".226",".275","29.3","105.4","28.0","Fr","5876",".507",".496","-1","Fr/92","","","","","","","","&nbsp;","Fr","Prone",".228",".224",  
"SS","Santana, Rafael R  ","$500,000","6219",".237",".280",".300","46.0","148.1","18.0","Av","6649",".612",".558","-1","","","","","Fr/91","","","","&nbsp;","Pr","Normal",".293",".271",  
"CF","Shinjo, Tsuyoshi R  ","$500,000","14526",".237",".289",".326","55.9","84.0","16.1","Vg","15839",".626",".593","-1","","","","","","","Vg/104","","Fr","Fr","Prone",".293",".281",  
"2B, 3B, LF","Shumpert, Terry R  ","$500,000","3086",".224",".286",".309","52.4","128.6","13.0","Vg","3412",".631",".572","-1","","","Av/127","Av/124","","Av/188","","","Fr","Vg","Prone",".299",".278",  
"SS","Smalley, Roy Sr R  ","$500,000","3530",".202",".268",".314","46.2","56.9","13.1","Av","3876",".594",".567","0","","","","","Av/132","","","","&nbsp;","Pr","Prone",".271",".261",  
"3B, SS","Smith, Charley R  ","$500,000","1879",".227",".263",".331","46.6","52.2","21.0","Fr","2020",".587",".600","0","","","","Av/110","Fr/162","","","","&nbsp;","Fr","Prone",".262",".264",  
"LF, 3B, RF","Sommer, Joe R  ","$500,000","3869",".219",".271",".283","41.5","101.8","15.7","Av","4215",".566",".550","-1","","","","Fr/113","","Vg/87","","Vg/87","Av","Av","Normal",".277",".269",  
"1B","Spencer, Jim L  ","$500,000","11867",".241",".289",".366","60.6","39.6","15.7","Pr","12858",".544",".671","1","","Av/60","","","","","","","&nbsp;","Pr","Prone",".252",".294",  
"RF, LF","Spikes, Charlie R  ","$500,000","3656",".231",".285",".349","57.0","42.0","16.0","Av","3978",".586",".670","0","","","","","","Fr/150","","Fr/150","Vg","Av","Normal",".271",".299",  
"3B, 1B","Sprague, Ed Jr R  ","$500,000","4652",".223",".285",".332","53.5","53.5","15.4","Av","5125",".635",".594","-1","","Fr/219","","Av/121","","","","","&nbsp;","Pr","Prone",".289",".280",  
"CF, LF, RF","Stainback, Tuck R  ","$500,000","1055",".235",".263",".301","42.4","131.9","35.7","Av","1108",".588",".531","0","","","","","","Av/139","Fr/139","Av/139","Fr","Av","Normal",".269",".252",  
"SS","Stallcup, Virgil R  ","$500,000","61",".295",".306",".344","53.1",".000","63.0","Fr","63",".579",".683","-1","","","","","Fr/87","","","","&nbsp;","Pr","Normal",".263",".326",  
"C","Stanage, Oscar R  ","$500,000","8978",".219",".258",".313","43.3","59.1","20.5","Fr","9637",".584",".557","-1","Fr/120","","","","","","","","&nbsp;","Fr","Normal",".263",".252",  
"1B","Stevens, Lee L  ","$500,000","9493",".230",".295",".370","62.2","35.6","11.8","Av","10470",".619",".670","2","","Fr/109","","","","","","","&nbsp;","Pr","Normal",".267",".297",  
"SS, 2B","Stillwell, Kurt S  ","$500,000","2751",".242",".304",".329","59.3","110.0","12.5","Av","3029",".575",".636","1","","","Fr/166","","Pr/137","","","","&nbsp;","Fr","Prone",".286",".304",  
"SS","Sullivan, John R  ","$500,000","940",".213",".278",".280","44.6","72.3","12.5","Av","1041",".459",".615","-1","","","","","Av/125","","","","&nbsp;","Fr","Normal",".244",".300",  
"RF, CF","Sunday, Billy L  ","$500,000","5739",".224",".281",".294","46.6","95.7","14.2","Ex","6273",".538",".581","1","","","","","","","Av/110","Av/110","Av","Vg","Normal",".269",".283",  
"2B, SS","Sutherland, Gary R  ","$500,000","1103",".219",".265",".262","37.3","551.5","18.2","Av","1202",".534",".533","0","","","Av/122","","Fr/184","","","","&nbsp;","Fr","Normal",".266",".266",  
"C","Swisher, Steve R  ","$500,000","2569",".190",".250",".256","30.6","102.8","14.6","Pr","2797",".541",".482","0","Fr/120","","","","","","","","&nbsp;","Pr","Prone",".270",".236",  
"1B, 3B, LF, RF","Tabler, Pat R  ","$500,000","23733",".255",".322",".318","60.9","206.4","11.4","Fr","26402",".647",".636","-1","","Av/138","","Pr/100","","Fr/165","","Fr/165","Fr","Pr","Normal",".327",".319",  
"3B","Tabor, Jim R  ","$500,000","6333",".231",".274",".354","53.8","41.9","18.0","Av","6840",".644",".613","0","","","","Av/123","","","","","&nbsp;","Av","Prone",".274",".274",  
"LF, CF, RF","Taguchi, So R  ","$500,000","16991",".255",".307",".313","56.1","261.4","14.6","Fr","18618",".620",".623","0","","","","","","Av/133","Fr/133","Av/133","Av","Av","Normal",".305",".309",  
"SS","Taveras, Frank R  ","$500,000","4691",".249",".301",".300","54.6","938.2","16.1","Vg","5137",".612",".577","-1","","","","","Fr/131","","","","&nbsp;","Ex","Normal",".308",".289",  
"SS","Thomas, Andres R  ","$500,000","1699",".229",".258",".315","42.2","51.5","26.7","Av","1791",".573",".575","0","","","","","Av/123","","","","&nbsp;","Fr","Prone",".265",".255",  
"RF, 3B, LF, CF","Thomas, George R  ","$500,000","10077",".249",".311",".344","63.8","73.0","12.9","Av","11111",".670",".640","-1","","","","Fr/218","","Av/119","Fr/119","Av/119","Fr","Fr","Prone",".319",".302",  
"SS, 2B, 3B","Thompson, Danny R  ","$500,000","1616",".215",".250",".265","33.3","323.2","23.0","Fr","1722",".545",".495","-1","","","Fr/69","Fr/108","Fr/123","","","","&nbsp;","Pr","Prone",".264",".241",  
"2B","Thompson, Fresco R  ","$500,000","5036",".228",".289",".296","48.9","251.8","13.0","Vg","5565",".604",".575","0","","","Av/113","","","","","","&nbsp;","Av","Normal",".298",".284",  
"SS, 2B","Torres, Hector R  ","$500,000","887",".226",".273",".303","44.5","88.7","16.1","Fr","964",".582",".574","0","","","Fr/151","","Fr/103","","","","&nbsp;","Fr","Normal",".273",".273",  
"C","Treanor, Matt R  ","$500,000","5889",".208",".295",".254","45.6","178.5","10.3","Pr","6713",".497",".593","1","Av/132","","","","","","","","&nbsp;","Pr","Fragile",".275",".312",  
"LF, RF","Twitchell, Larry R  ","$500,000","19",".158",".191",".158","8.97",".000","21.0","Fr","21",".330",".400","-1","","","","","","Fr/118","","Fr/118","Fr","Fr","Normal",".188",".200",  
"RF, LF","Vail, Mike R  ","$500,000","23225",".259",".303",".366","61.5","57.6","17.2","Fr","25001",".679",".649","-1","","","","","","Av/153","","Av/153","Vg","Fr","Normal",".307",".295",  
"LF, CF, RF","Venable, Max L  ","$500,000","3163",".225",".292",".313","56.6","126.5","11.9","Av","3531",".503",".618","3","","","","","","Av/92","Fr/92","Av/92","Av","Vg","Normal",".260",".297",  
"LF, CF, RF","Vollmer, Clyde R  ","$500,000","16704",".227",".294",".361","60.0","30.8","11.7","Fr","18500",".630",".674","1","","","","","","Av/79","Fr/79","Av/79","Fr","Pr","Normal",".287",".301",  
"C","Walbeck, Matt S  ","$500,000","13725",".228",".269",".272","38.5","334.8","18.5","Fr","14678",".605",".504","-2","Av/104","","","","","","","","&nbsp;","Fr","Prone",".296",".253",  
"RF, 1B, 3B, LF","Walls, Lee R  ","$500,000","15953",".246",".315",".347","64.8","64.1","11.4","Av","17865",".666",".662","0","","Fr/145","","Fr/124","","Fr/102","","Fr/102","Av","Fr","Normal",".315",".316",  
"1B, 3B, LF, RF","Ward, Preston L  ","$500,000","6096",".229",".296",".334","60.1","53.0","11.3","Fr","6805",".488",".658","3","","Fr/88","","Pr/161","","Fr/225","","Fr/225","Fr","Pr","Normal",".254",".304",  
"1B, LF, RF","Wasdell, Jimmy L  ","$500,000","4569",".246",".305",".350","62.9","67.2","13.6","Av","5035",".566",".669","2","","Av/146","","","","Fr/160","","Fr/160","Fr","Fr","Normal",".277",".310",  
"SS, 2B","Washington, Ron R  ","$500,000","4773",".251",".289",".333","54.5","129.0","21.3","Av","5090",".596",".632","0","","","Fr/170","","Fr/126","","","","&nbsp;","Av","Normal",".276",".295",  
"CF, LF, RF","Weaver, Farmer L  ","$500,000","5524",".248",".289",".310","50.6","141.6","20.9","Av","5953",".552",".616","1","","","","","","Av/82","Av/82","Av/82","Av","Av","Normal",".283",".293",  
"SS, 2B","Wietelmann, Whitey S  ","$500,000","509",".185",".245",".224","26.4","127.2","14.6","Fr","555",".526",".424","-1","","","Fr/98","","Fr/106","","","","&nbsp;","Pr","Normal",".276",".223",  
"SS, 2B, 3B","Wilkerson, Curtis S  ","$500,000","2709",".223",".266",".257","37.1","541.8","18.9","Av","2918",".548",".513","0","","","Av/121","Av/180","Fr/124","","","","&nbsp;","Vg","Normal",".276",".263",  
"CF, LF, RF","Winningham, Herm L  ","$500,000","2167",".225",".284",".302","50.8","135.4","13.3","Vg","2373",".488",".612","1","","","","","","Av/109","Av/109","Av/109","Fr","Ex","Normal",".248",".293",  
"LF, RF","Wohlford, Jim R  ","$500,000","728",".216",".273",".273","38.6","242.7","13.3","Av","798",".597",".461","-1","","","","","","Av/100","","Av/100","Av","Vg","Normal",".289",".245",  
"SS","Woodward, Chris R  ","$500,000","2618",".217",".277",".283","45.1","174.5","13.6","Av","2877",".520",".586","0","","","","","Av/127","","","","&nbsp;","Pr","Normal",".258",".289",  
"RF, 3B","Workman, Chuck L  ","$500,000","3743",".226",".289",".336","57.7","37.4","13.3","Av","4131",".690",".602","0","","","","Pr/142","","","","Av/69","Vg","Fr","Normal",".313",".281",  
"CF, LF, RF","Wynne, Marvell L  ","$500,000","4508",".244",".294",".340","58.1","86.7","15.4","Vg","4926",".668",".614","-1","","","","","","Av/78","Fr/78","Av/78","Av","Vg","Prone",".310",".284",  
"2B","Young, Bobby L  ","$500,000","2111",".215",".266",".271","39.6","175.9","15.4","Av","2288",".413",".578","1","","","Av/91","","","","","","&nbsp;","Fr","Normal",".218",".281",  
"C","Zimmerman, Jerry R  ","$500,000","7858",".206",".264",".232","28.7","1309.7","15.5","Pr","8637",".472",".512","0","Av/71","","","","","","","","&nbsp;","Pr","Normal",".251",".272",  


