"Pos","Player","Salary","AB","BA","OBP","SLG","RC600","HRF","BBF","XBF","SBF","SB%","KF","3BF","2BF","GDPF","Steal","Jump","BA vs L","OBP vs L","SLG vs L","HRF vs L","BA vs R","OBP vs R","SLG vs R","HRF vs R","Injury","BuntHit", 
"RF, SP, LF","Ruth, Babe L  ","$35,774,000","65386",".319",".456",".701","174.1","9.96","4.98","14.5","274.8",".596","4.98","109.0","22.0","37.6","Fr","Fr",".306",".431",".664","10.4",".328",".472",".725","9.68","Normal","Pr",  
"CF","Mantle, Mickey S  ","$28,802,000","83307",".309",".426",".586","146.2","14.3","5.86","18.1","68.5",".773","5.59","104.8","27.9","80.0","Ex","Fr",".311",".431",".593","14.0",".307",".423",".583","14.4","Normal","Pr",  
"LF","Bonds, Barry L  ","$26,133,000","52150",".298",".431",".611","153.2","12.3","5.34","16.9","50.8",".692","11.0","127.6","25.5","58.2","Vg","Av",".282",".405",".578","12.8",".308",".448",".630","12.1","Normal","Pr",  
"CF, RF","Cobb, Ty L  ","$24,445,000","56445",".358",".424",".530","128.9","47.1","9.91","11.7","14.6",".704","8.92","48.6","18.3","52.9","Vg","Ex",".346",".405",".507","50.8",".366",".435",".545","45.0","Normal","Fr",  
"LF","Williams, Ted L  ","$23,969,000","47250",".317",".453",".580","152.5","15.4","5.03","15.8","737.9",".723","8.78","218.9","22.0","44.7","Fr","Pr",".290",".406",".505","18.2",".335",".482",".630","14.1","Normal","Pr",  
"1B","Gehrig, Lou L  ","$23,797,000","70721",".320",".429",".607","145.6","15.2","6.23","13.6","281.2",".553","7.12","74.9","21.1","41.6","Fr","Fr",".304",".397",".564","16.8",".331",".450",".636","14.2","Iron","Pr",  
"CF","Charleston, Oscar L  ","$22,995,000","70496",".304",".377",".517","112.6","22.7","9.48","15.3","56.0",".689","9.58","73.1","22.7","45.5","Vg","Av",".293",".360",".490","24.4",".310",".387",".533","21.7","Normal","Av",  
"SS, 1B, 3B, RF","Wagner, Honus R  ","$22,872,000","78795",".324",".389",".503","113.6","48.0","10.7","10.5","17.6",".697","7.70","53.0","15.2","48.6","Vg","Ex",".330",".400",".512","47.6",".321",".384",".499","47.7","Normal","Fr",  
"2B","Collins, Eddie L  ","$22,772,000","52970",".322",".401",".453","113.2","53.9","8.80","16.9","11.7",".759","9.28","71.2","26.9","59.1","Ex","Ex",".315",".389",".430","62.8",".326",".408",".467","49.6","Iron","Ex",  
"2B","Hornsby, Rogers R  ","$22,698,000","45931",".334",".418",".575","135.0","21.0","7.93","12.1","208.0",".606","7.42","74.3","17.3","42.5","Fr","Fr",".345",".440",".594","21.2",".328",".406",".566","20.9","Normal","Pr",  
"CF","Speaker, Tris L  ","$22,350,000","45821",".312",".390",".473","108.0","51.3","9.31","11.8","48.1",".617","11.5","67.0","17.0","48.7","Av","Vg",".296",".368",".431","71.6",".323",".404",".500","43.3","Iron","Vg",  
"1B, LF","Pujols, Albert R  ","$22,256,000","40969",".315",".393",".558","122.3","17.5","8.83","15.4","123.9",".705","20.3","192.2","19.5","28.7","Vg","Fr",".326",".413",".586","16.7",".310",".383",".545","17.8","Normal","Pr",  
"RF, 1B, LF, CF","Musial, Stan L  ","$22,109,000","58157",".315",".396",".530","121.0","27.9","8.52","11.7","179.9",".620","10.9","51.1","18.4","47.3","Fr","Fr",".304",".376",".506","31.0",".322",".407",".546","26.1","Iron","Pr",  
"C","Gibson, Josh R  ","$22,077,000","63384",".290",".389",".568","125.8","14.0","7.18","18.7","230.5",".659","5.88","108.2","27.7","38.4","Av","Fr",".296",".398",".579","14.0",".286",".383",".562","14.0","Normal","Pr",  
"RF, CF","Aaron, Hank R  ","$21,872,000","53565",".308",".371",".544","114.1","18.6","10.8","15.7","56.1",".691","10.5","107.3","20.9","38.7","Vg","Av",".338",".422",".616","15.9",".294",".344",".509","20.3","Iron","Pr",  
"CF","Mays, Willie R  ","$21,838,000","49440",".299",".376",".538","116.9","18.6","9.00","15.6","49.7",".690","9.14","80.3","22.9","47.2","Vg","Av",".311",".406",".568","17.4",".293",".361",".523","19.3","Iron","Pr",  
"1B","Foxx, Jimmie R  ","$21,419,000","58521",".294",".397",".578","130.4","13.8","6.83","18.0","203.9",".658","5.28","105.4","26.8","37.9","Av","Fr",".303",".412",".599","13.3",".290",".389",".569","14.0","Normal","Pr",  
"CF","DiMaggio, Joe R  ","$21,087,000","63663",".305",".366",".540","112.4","19.5","11.8","15.1","586.0",".695","10.8","71.4","21.9","41.0","Av","Pr",".313",".384",".554","19.1",".302",".357",".538","19.4","Normal","Pr",  
"LF, CF","Henderson, Rickey R  ","$20,956,000","64112",".279",".390",".432","112.3","36.6","6.59","16.8","9.26",".763","9.58","103.5","24.8","88.4","Ex","Ex",".298",".409",".474","30.1",".270",".381",".413","40.6","Normal","Fr",  
"3B","Mathews, Eddie L  ","$20,224,000","108198",".273",".376",".510","115.6","17.0","7.03","19.8","208.0",".635","6.46","116.6","29.2","74.8","Av","Fr",".252",".345",".455","19.6",".287",".397",".548","15.6","Normal","Pr",  
"CF","Griffey, Ken Jr L  ","$19,723,000","78459",".283",".350",".514","104.7","17.5","10.9","19.9","55.5",".712","8.17","117.4","27.5","45.3","Vg","Av",".272",".332",".486","18.3",".291",".362",".533","17.0","Normal","Pr",  
"3B, 1B","Schmidt, Mike R  ","$19,697,000","67514",".262",".369",".520","113.0","14.9","7.00","20.3","226.1",".662","6.01","146.6","28.8","42.7","Av","Fr",".284",".401",".574","13.3",".250",".350",".491","16.0","Normal","Pr",  
"RF, CF","Kaline, Al R  ","$18,945,000","75730",".301",".364",".460","97.1","35.4","11.1","16.0","184.9",".624","11.8","97.4","21.8","38.9","Av","Fr",".312",".381",".489","30.6",".296",".356",".446","38.4","Normal","Pr",  
"CF","Snider, Duke L  ","$18,921,000","55907",".286",".359",".495","102.0","21.8","9.84","16.7","261.6",".576","5.89","102.4","23.2","39.1","Fr","Fr",".258",".320",".432","26.4",".304",".383",".536","19.5","Normal","Pr",  
"3B, 1B","Brett, George L  ","$18,740,000","48732",".302",".364",".482","102.7","31.8","11.1","13.7","152.7",".626","12.6","87.5","18.5","51.7","Av","Fr",".281",".332",".424","45.7",".316",".385",".521","26.6","Prone","Pr",  
"LF, CF, RF","Jackson, Joe L  ","$18,194,000","58314",".320",".379",".495","108.0","44.4","12.0","12.2","40.3",".631","10.2","43.1","19.9","50.6","Av","Vg",".302",".355",".459","52.5",".332",".394",".519","40.4","Normal","Av",  
"SS, 3B","Rodriguez, Alex R  ","$18,133,000","81480",".280",".372",".514","112.4","16.4","8.35","23.0","47.8",".768","6.46","150.5","32.5","40.5","Ex","Av",".282",".374",".516","16.4",".279",".371",".513","16.4","Normal","Pr",  
"1B","Votto, Joey L  ","$17,898,000","41275",".300",".412",".476","118.3","28.7","6.31","15.7","94.5",".714","8.62","149.3","21.7","42.8","Vg","Fr",".278",".377",".417","39.0",".315",".432",".512","25.0","Normal","Pr",  
"RF, 1B, LF","Robinson, Frank R  ","$17,848,000","128475",".291",".380",".522","114.7","19.7","8.73","14.7","61.2",".703","8.65","105.9","20.4","35.4","Vg","Av",".289",".379",".521","19.9",".292",".381",".523","19.5","Normal","Pr",  
"3B, LF","Jones, Chipper S  ","$17,566,000","121850",".290",".383",".485","109.2","23.0","7.52","17.9","115.3",".700","10.5","147.6","24.4","36.7","Vg","Fr",".283",".373",".463","25.3",".296",".389",".499","21.7","Normal","Pr",  
"LF, 1B","Delahanty, Ed R  ","$17,545,000","60468",".322",".387",".503","111.3","42.1","10.3","10.8","59.1",".635","7.48","66.0","14.8","43.1","Av","Vg",".330",".403",".522","38.6",".317",".380",".494","44.3","Normal","Pr",  
"2B","Lajoie, Nap R  ","$17,475,000","76203",".329",".376",".493","105.8","46.4","15.0","11.4","52.3",".636","7.57","92.0","14.4","48.5","Av","Vg",".344",".396",".532","37.5",".321",".367",".474","53.0","Prone","Fr",  
"1B","Bagwell, Jeff R  ","$17,474,000","58257",".292",".399",".512","119.5","19.8","6.87","16.3","86.9",".639","7.93","168.1","22.1","36.3","Av","Av",".315",".433",".569","17.3",".280",".380",".482","21.5","Normal","Pr",  
"SS","Lloyd, Pop L  ","$17,440,000","66077",".281",".372",".425","99.2","45.0","8.10","16.1","67.0",".619","10.9","72.8","25.2","110.9","Av","Vg",".271",".360",".398","56.0",".287",".380",".443","39.9","Normal","Fr",  
"RF, 3B, CF","Ott, Mel L  ","$17,436,000","82869",".290",".399",".521","124.0","18.5","6.52","16.5","299.3",".581","7.69","133.8","23.3","57.2","Fr","Fr",".276",".380",".484","21.3",".299",".411",".546","17.0","Normal","Pr",  
"1B","McGwire, Mark R  ","$17,430,000","159109",".248",".375",".555","122.5","11.2","6.01","26.9","1750.2",".600","5.26","302.6","36.8","40.2","Fr","Pr",".257",".389",".573","10.9",".242",".367",".545","11.5","Prone","Pr",  
"1B","Helton, Todd L  ","$17,065,000","52853",".295",".387",".462","107.3","32.6","7.66","14.9","217.5",".640","11.8","141.4","19.9","45.7","Av","Fr",".273",".357",".407","45.5",".307",".403",".494","28.0","Normal","Pr",  
"2B","Morgan, Joe L  ","$17,057,000","46217",".264",".384",".422","109.5","34.8","6.18","16.9","11.9",".766","10.7","96.9","25.8","110.3","Ex","Ex",".241",".356",".365","45.4",".279",".401",".458","30.2","Normal","Fr",  
"2B, 1B, 3B, LF","Robinson, Jackie R  ","$17,013,000","59366",".284",".372",".410","95.3","57.2","8.93","16.1","26.2",".701","11.4","101.6","22.9","62.5","Vg","Vg",".285",".373",".414","56.4",".284",".372",".408","57.4","Normal","Av",  
"1B","Mize, Johnny L  ","$16,992,000","89998",".287",".370",".517","112.9","19.8","8.73","15.5","547.7",".616","8.24","82.9","22.7","58.7","Av","Pr",".270",".346",".476","22.4",".299",".387",".545","18.3","Normal","Pr",  
"DH, 1B","Thomas, Frank E R  ","$16,761,000","58179",".299",".411",".511","123.8","21.0","6.23","15.9","330.7",".703","10.1","172.6","21.7","37.1","Av","Pr",".335",".465",".591","18.1",".280",".382",".470","22.9","Normal","Pr",  
"1B","Oh, Sadaharu L  ","$16,621,000","76658",".268",".394",".447","110.9","21.6","5.90","26.7","782.9",".574","9.88","345.4","36.1","54.7","Fr","Pr",".253",".381",".404","25.3",".277",".403",".477","19.7","Iron","Pr",  
"1B","Leonard, Buck L  ","$16,539,000","111477",".292",".375",".528","116.6","19.0","8.59","15.4","676.6",".609","9.31","82.6","22.7","59.0","Av","Pr",".282",".359",".510","19.7",".298",".386",".539","18.7","Normal","Pr",  
"1B","Terry, Bill L  ","$16,356,000","38147",".314",".367",".456","96.4","52.9","13.0","14.6","332.6",".578","8.62","66.4","21.2","41.5","Fr","Fr",".304",".354",".425","68.6",".321",".375",".475","46.5","Normal","Fr",  
"RF, LF","Ramirez, Manny R  ","$16,092,000","97515",".300",".389",".547","119.9","16.6","7.97","17.1","945.0",".597","6.51","151.4","22.9","31.9","Pr","Pr",".319",".419",".589","15.3",".289",".371",".523","17.4","Prone","Pr",  
"RF, CF","Jackson, Reggie L  ","$15,943,000","79983",".267",".347",".497","101.2","18.5","9.53","16.7","62.9",".612","4.43","143.9","21.9","59.9","Av","Vg",".245",".318",".445","21.8",".282",".366",".532","16.7","Normal","Pr",  
"1B","Brouthers, Dan L  ","$15,866,000","52761",".308",".390",".466","107.8","61.5","9.17","11.6","65.9",".633","10.3","51.6","18.1","46.0","Av","Av",".303",".382",".449","77.0",".313",".396",".478","53.7","Iron","Pr",  
"1B, LF","Greenberg, Hank R  ","$15,830,000","89435",".274",".364",".534","111.9","17.0","8.05","14.0","144.5",".707","5.32","96.5","19.5","36.4","Vg","Fr",".286",".386",".564","16.0",".267",".352",".517","17.6","Normal","Pr",  
"RF","Clemente, Roberto R  ","$15,804,000","47874",".309",".352",".465","93.3","40.3","15.9","15.8","100.2",".723","8.12","58.0","24.2","37.1","Vg","Fr",".324",".374",".493","36.1",".303",".342",".454","42.4","Normal","Pr",  
"RF, CF","Sosa, Sammy R  ","$15,774,000","68579",".275",".346",".526","104.3","15.2","10.2","22.5","103.0",".636","5.04","124.4","31.7","39.2","Av","Av",".292",".370",".557","14.4",".266",".332",".509","15.7","Normal","Pr",  
"CF","Torriente, Cristobal L  ","$15,767,000","81322",".293",".340",".452","87.9","36.4","15.5","15.5","190.0",".644","9.81","90.2","20.8","36.5","Av","Fr",".286",".327",".436","42.2",".298",".347",".461","33.7","Normal","Fr",  
"1B","Palmeiro, Rafael L  ","$15,655,000","60379",".274",".354",".486","102.6","20.0","9.14","18.5","124.0",".713","9.87","157.0","24.4","53.9","Vg","Fr",".266",".340",".468","20.6",".280",".363",".497","19.6","Iron","Pr",  
"3B","Rolen, Scott R  ","$15,640,000","28360",".272",".357",".447","96.0","29.1","8.87","15.9","226.7",".610","7.51","115.3","21.8","49.5","Av","Fr",".281",".373",".470","26.0",".265",".347",".434","31.0","Fragile","Pr",  
"1B, 3B, LF","Cabrera, Miguel R  ","$15,581,000","52358",".309",".377",".519","109.9","21.2","10.1","15.9","353.5",".711","8.41","188.6","19.8","30.5","Av","Pr",".318",".389",".544","20.1",".302",".369",".503","22.1","Normal","Pr",  
"1B","Murray, Eddie S  ","$15,549,000","58304",".290",".365",".468","99.5","25.7","9.35","18.4","206.3",".643","9.49","150.1","24.3","36.9","Av","Fr",".287",".361",".452","29.5",".291",".367",".476","24.0","Normal","Pr",  
"CF, LF, RF","Wynn, Jim R  ","$15,488,000","107638",".251",".360",".456","100.6","21.1","6.93","18.5","96.3",".647","6.00","134.6","26.2","56.1","Av","Av",".247",".354",".453","20.9",".254",".364",".459","21.2","Normal","Pr",  
"RF, 3B, LF","Sheffield, Gary R  ","$15,471,000","99188",".289",".396",".499","117.5","19.8","6.87","19.7","85.9",".650","13.7","157.9","27.6","41.0","Av","Av",".291",".395",".502","19.7",".288",".396",".498","19.8","Prone","Pr",  
"3B","Santo, Ron R  ","$15,469,000","40896",".267",".358",".443","94.6","26.3","8.06","19.1","219.3",".592","7.47","126.3","26.8","39.4","Fr","Fr",".261",".349",".427","28.5",".271",".364",".452","25.2","Iron","Pr",  
"3B, 1B, LF","Allen, Dick R  ","$15,455,000","173171",".291",".375",".544","116.9","17.4","8.36","15.1","120.4",".712","4.81","78.5","22.3","40.0","Vg","Fr",".310",".403",".589","15.8",".280",".359",".519","18.5","Prone","Pr",  
"1B, 3B","Thome, Jim L  ","$15,416,000","95641",".263",".383",".504","116.2","16.1","6.16","21.7","1144.7",".623","4.40","142.2","32.2","58.0","Fr","Pr",".226",".330",".418","20.0",".288",".417",".562","14.3","Normal","Pr",  
"C","Piazza, Mike R  ","$15,379,000","82263",".308",".367",".522","106.6","18.9","11.4","20.2","1344.7",".581","9.17","172.5","25.8","28.5","Fr","Pr",".319",".385",".549","18.1",".302",".356",".507","19.5","Normal","Pr",  
"LF, 1B, CF","Yastrzemski, Carl L  ","$15,306,000","64193",".285",".372",".463","101.6","28.8","8.15","15.2","139.7",".660","8.80","132.9","20.2","38.4","Av","Fr",".253",".332",".378","47.4",".305",".397",".519","22.9","Iron","Pr",  
"3B, 1B","Boggs, Wade L  ","$15,223,000","63958",".326",".406",".422","103.9","113.0","8.40","16.3","618.0",".654","13.5","136.9","21.8","44.5","Fr","Pr",".307",".379",".376","217.2",".338",".423",".452","87.9","Normal","Pr",  
"SS, 3B","Vaughan, Arky L  ","$15,193,000","55639",".277",".370",".416","96.6","49.2","8.01","16.2","245.6",".571","10.7","74.9","25.1","89.3","Fr","Fr",".266",".358",".383","66.0",".285",".378",".439","41.6","Prone","Fr",  
"1B, 3B, LF","Killebrew, Harmon R  ","$15,174,000","153344",".262",".372",".519","112.4","14.6","6.75","22.2","1590.5",".618","6.41","178.1","31.1","32.9","Fr","Pr",".271",".385",".542","14.1",".257",".364",".505","15.0","Normal","Pr",  
"RF, SP, 1B, 2B, 3B, SS, LF, CF","Dihigo, Martin R  ","$15,156,000","42499",".282",".346",".465","92.6","26.9","11.2","16.8","96.7",".632","8.31","91.2","23.7","36.8","Av","Av",".290",".359",".487","25.1",".277",".338",".452","28.1","Normal","Fr",  
"1B","Giambi, Jason L  ","$15,116,000","91519",".276",".395",".488","116.2","19.2","6.48","19.7","1077.9",".599","7.04","219.0","26.9","43.7","Fr","Pr",".265",".379",".456","20.3",".284",".405",".509","18.6","Normal","Pr",  
"1B, LF, CF, RF","Berkman, Lance S  ","$14,838,000","81983",".278",".377",".474","106.6","23.4","7.38","16.7","175.6",".641","7.47","144.7","22.7","45.6","Av","Fr",".243",".329",".386","34.4",".303",".410",".536","19.1","Normal","Pr",  
"LF, 1B, CF","Kelley, Joe R  ","$14,813,000","42746",".285",".364",".439","95.9","49.9","9.11","13.5","33.0",".673","7.40","56.2","21.2","48.4","Vg","Vg",".291",".377",".458","40.0",".281",".358",".429","57.4","Normal","Fr",  
"CF, RF","Doby, Larry L  ","$14,795,000","79197",".273",".354",".461","97.4","23.7","9.07","19.4","326.4",".568","5.07","115.5","27.4","58.3","Fr","Fr",".257",".337",".417","27.6",".284",".366",".492","21.5","Normal","Pr",  
"LF, CF","Simmons, Al R  ","$14,747,000","44796",".309",".350",".506","100.4","25.4","17.0","15.0","185.9",".670","7.70","85.4","19.9","41.4","Av","Fr",".321",".372",".522","25.2",".302",".337",".497","25.7","Prone","Pr",  
"LF, RF","Keller, Charlie L  ","$14,720,000","121892",".273",".377",".489","112.7","20.5","7.01","18.4","218.9",".645","6.32","75.2","30.8","76.5","Av","Fr",".256",".358",".456","22.2",".284",".390",".512","19.5","Prone","Pr",  
"CF","Edmonds, Jim L  ","$14,694,000","45117",".275",".358",".481","101.7","21.5","8.86","17.3","205.4",".602","5.20","139.4","23.1","53.3","Av","Fr",".253",".327",".418","28.1",".290",".377",".521","18.7","Fragile","Pr",  
"CF","Kauff, Benny L  ","$14,669,000","55621",".300",".376",".461","103.6","36.9","9.45","14.5","17.1",".700","7.21","103.3","19.7","47.7","Vg","Ex",".280",".352",".418","43.5",".312",".391",".487","33.7","Normal","Fr",  
"RF, 1B","Walker, Larry L  ","$14,606,000","81189",".285",".364",".481","102.6","24.8","9.93","15.6","58.9",".699","9.10","107.3","21.3","40.1","Vg","Av",".267",".338",".434","28.5",".296",".380",".510","23.0","Prone","Pr",  
"2B","Alomar, Roberto S  ","$14,567,000","43368",".290",".360",".406","91.2","69.4","10.2","16.5","21.7",".759","13.7","92.0","23.5","58.2","Ex","Vg",".274",".338",".371","106.8",".300",".374",".431","55.0","Normal","Av",  
"SS","Wells, Willie R  ","$14,519,000","59861",".277",".345",".408","84.8","63.4","10.7","14.7","57.9",".689","10.4","71.3","21.3","49.6","Vg","Av",".273",".342",".403","61.6",".279",".347",".411","64.4","Normal","Fr",  
"RF","Guerrero, Vladimir R  ","$14,428,000","62364",".304",".353",".509","100.9","21.7","14.9","17.4","70.1",".647","12.8","120.2","22.6","33.3","Av","Av",".325",".381",".552","20.0",".293",".338",".486","22.7","Normal","Pr",  
"RF, CF","Suzuki, Ichiro L  ","$14,369,000","57589",".312",".350",".368","80.8","383.9","18.6","26.8","19.5",".755","18.2","99.8","40.6","98.1","Ex","Vg",".314",".353",".368","363.8",".311",".347",".367","407.8","Iron","Fr",  
"LF, CF","Stearnes, Turkey L  ","$14,303,000","64673",".274",".354",".463","95.9","26.7","11.0","15.9","109.9",".630","7.78","82.0","23.3","38.0","Av","Av",".269",".347",".451","27.7",".278",".359",".471","26.1","Normal","Fr",  
"2B","Gehringer, Charlie L  ","$14,288,000","54975",".284",".352",".426","88.9","43.5","11.0","15.9","78.9",".618","11.0","113.8","21.2","47.8","Av","Av",".274",".341",".403","48.9",".290",".358",".438","40.9","Normal","Fr",  
"1B, LF","McCovey, Willie L  ","$14,254,000","64551",".271",".368",".520","112.3","16.0","7.76","19.3","1034.6",".613","6.29","125.5","27.6","45.7","Fr","Pr",".243",".321",".453","18.7",".291",".399",".566","14.6","Normal","Pr",  
"SS","Boudreau, Lou R  ","$14,245,000","61511",".285",".353",".408","86.6","65.2","10.7","14.8","409.4",".536","10.9","116.0","19.6","48.8","Fr","Fr",".299",".372",".441","54.1",".277",".343",".391","72.6","Normal","Pr",  
"SS, LF, CF","Yount, Robin R  ","$14,230,000","61179",".282",".341",".428","87.6","49.9","12.2","14.2","54.7",".701","10.3","67.8","20.4","56.4","Vg","Av",".283",".341",".432","48.9",".281",".341",".428","49.7","Normal","Fr",  
"3B","Donaldson, Josh R  ","$14,228,000","26070",".270",".366",".453","99.4","25.5","7.72","18.1","435.4",".667","7.65","119.0","25.7","42.8","Av","Pr",".288",".390",".490","23.7",".257",".348",".422","28.4","Prone","Pr",  
"1B","Hernandez, Keith L  ","$14,145,000","51457",".284",".367",".415","92.3","48.1","8.69","16.8","237.4",".574","8.94","126.6","22.6","47.3","Fr","Fr",".278",".361",".395","58.4",".288",".371",".427","43.7","Normal","Pr",  
"CF","Jones, Andruw R  ","$14,133,000","51557",".254",".322",".448","83.6","22.2","11.4","20.3","71.9",".677","6.57","120.5","27.9","36.7","Vg","Av",".251",".318",".446","21.3",".255",".323",".448","22.8","Normal","Pr",  
"RF, 1B","Evans, Dwight R  ","$14,120,000","63135",".252",".354",".438","94.1","25.2","7.46","17.5","232.9",".660","6.21","125.1","24.6","46.9","Av","Fr",".272",".383",".485","21.6",".240",".336",".410","28.0","Normal","Pr",  
"CF, LF","Hamilton, Billy L  ","$14,073,000","67233",".301",".403",".399","102.6","58.0","6.91","23.5","13.4",".688","7.66","309.8","30.6","55.3","Vg","Ex",".285",".387",".357","83.8",".311",".414",".427","47.8","Prone","Vg",  
"DH, 3B","Martinez, Edgar R  ","$14,051,000","56352",".302",".405",".491","118.6","26.4","6.83","14.4","191.9",".625","8.98","189.2","18.9","43.8","Av","Fr",".311",".420",".506","26.5",".296",".397",".482","26.4","Prone","Pr",  
"2B","Sandberg, Ryne R  ","$14,007,000","55113",".270",".334",".421","84.4","34.8","11.6","18.9","33.5",".707","8.87","98.1","26.7","53.3","Vg","Vg",".279",".344",".440","33.1",".265",".328",".410","35.8","Normal","Pr",  
"LF, CF","Raines, Tim S  ","$13,990,000","58878",".286",".368",".411","98.3","66.7","8.89","16.1","10.4",".760","12.2","65.0","25.7","75.3","Ex","Ex",".289",".370",".413","77.7",".285",".367",".408","63.2","Prone","Av",  
"CF, LF","Berger, Wally R  ","$13,966,000","110479",".273",".337",".499","97.1","19.1","11.7","17.1","353.2",".542","5.72","117.7","22.6","41.9","Fr","Fr",".276",".341",".500","19.1",".272",".335",".497","19.1","Normal","Pr",  
"2B","Gordon, Joe R  ","$13,939,000","73278",".265",".337",".460","89.1","22.6","10.3","18.7","395.0",".552","6.72","127.8","25.2","33.0","Fr","Fr",".275",".350",".475","22.1",".259",".330",".452","22.9","Normal","Fr",  
"SS","Ripken, Cal R  ","$13,928,000","66818",".268",".336",".428","84.1","32.3","10.7","17.3","725.8",".628","11.4","133.3","22.6","36.4","Av","Pr",".275",".344",".442","29.8",".264",".331",".419","34.0","Iron","Pr",  
"1B, CF","Connor, Roger L  ","$13,879,000","58900",".288",".370",".453","99.6","43.6","8.72","13.7","74.0",".654","8.38","50.8","22.8","44.1","Av","Av",".276",".354",".429","48.1",".296",".380",".467","41.1","Iron","Pr",  
"2B, C","Biggio, Craig R  ","$13,692,000","55019",".287",".376",".416","98.8","52.4","9.27","15.9","26.5",".693","9.59","123.4","21.7","91.0","Vg","Vg",".297",".384",".430","53.6",".280",".370",".408","51.8","Iron","Av",  
"RF, LF","Colavito, Rocky R  ","$13,680,000","66115",".263",".351",".463","95.6","21.5","8.42","18.7","1228.8",".653","8.27","180.5","24.4","37.4","Fr","Pr",".273",".363",".487","20.4",".258",".344",".449","22.1","Iron","Pr",  
"LF, 1B","Kiner, Ralph R  ","$13,604,000","123878",".249",".357",".485","103.4","16.3","6.99","22.5","824.9",".601","6.25","168.0","31.7","41.6","Av","Pr",".251",".356",".485","16.9",".247",".357",".484","16.0","Normal","Pr",  
"2B","Cano, Robinson L  ","$13,583,000","16800",".295",".343",".437","85.9","39.1","15.4","16.9","260.8",".761","14.8","161.6","20.7","34.3","Av","Pr",".285",".327",".418","43.6",".307",".357",".458","37.6","Normal","Pr",  
"LF, 1B","Stargell, Willie L  ","$13,582,000","74331",".263",".341",".501","100.0","16.8","9.94","18.8","1334.7",".600","4.39","203.6","23.7","52.8","Fr","Pr",".236",".300",".422","20.6",".282",".367",".553","15.0","Normal","Pr",  
"RF, 1B","Clark, Jack R  ","$13,558,000","101477",".260",".382",".481","109.3","18.9","6.08","18.6","339.1",".551","6.11","134.2","27.2","35.2","Fr","Fr",".284",".418",".533","17.0",".246",".359",".450","20.4","Prone","Pr",  
"LF, 2B, 3B, RF","Phillips, Tony S  ","$13,475,000","115487",".260",".370",".364","87.6","70.5","6.73","19.2","85.8",".618","7.14","123.3","27.9","75.4","Av","Av",".262",".372",".365","73.5",".258",".369",".363","68.6","Normal","Pr",  
"RF, 1B","Waner, Paul L  ","$13,474,000","74396",".292",".365",".443","95.9","50.3","9.98","13.6","308.4",".573","11.1","64.4","20.3","46.5","Fr","Fr",".275",".341",".399","68.8",".302",".379",".469","43.4","Normal","Pr",  
"CF","Beltran, Carlos S  ","$13,422,000","64036",".267",".344",".442","93.8","29.1","9.35","17.1","29.4",".750","8.83","82.8","25.4","64.2","Ex","Vg",".264",".344",".431","31.4",".269",".346",".450","27.7","Prone","Fr",  
"LF","Wheat, Zack L  ","$13,422,000","56965",".300",".353",".450","92.9","40.4","13.8","15.6","163.7",".652","9.90","92.7","21.1","47.3","Av","Fr",".281",".328",".402","51.6",".312",".369",".481","35.3","Normal","Pr",  
"LF, 1B, 2B, 3B, RF","Rose, Pete S  ","$13,377,000","48063",".296",".366",".398","89.3","95.2","10.3","16.3","186.1",".541","12.8","112.0","21.9","68.8","Fr","Fr",".269",".331",".335","438.3",".312",".388",".440","62.6","Iron","Av",  
"1B, 2B","Carew, Rod L  ","$13,358,000","65058",".317",".382",".406","93.9","159.1","10.7","17.4","38.9",".632","11.6","91.6","25.0","59.6","Av","Vg",".314",".376",".388","279.9",".320",".386",".419","125.1","Normal","Vg",  
"LF","Burkett, Jesse L  ","$13,339,000","88631",".312",".384",".428","97.7","53.0","9.57","20.8","46.4",".627","7.34","102.8","30.7","48.4","Av","Vg",".300",".370",".398","61.6",".320",".393",".446","48.8","Iron","Pr",  
"LF, 1B, RF","Howard, Frank R  ","$13,329,000","69971",".280",".356",".511","101.8","17.3","9.57","20.3","871.2",".580","5.41","146.5","27.3","28.7","Av","Pr",".305",".394",".569","15.4",".266",".333",".477","18.6","Normal","Pr",  
"3B, 1B","Rosen, Al R  ","$13,325,000","60576",".278",".359",".473","98.4","22.5","9.02","18.9","313.4",".599","8.38","147.0","25.3","33.7","Fr","Fr",".290",".375",".490","22.4",".272",".350",".463","22.4","Normal","Pr",  
"RF, 1B, CF","Smith, Reggie S  ","$13,290,000","70196",".275",".350",".466","96.3","24.7","9.62","17.0","218.9",".622","7.99","105.0","23.5","45.0","Av","Fr",".260",".329",".430","27.1",".284",".363",".488","23.4","Prone","Pr",  
"LF, 3B, RF","Minoso, Minnie R  ","$13,279,000","50181",".280",".361",".424","91.8","43.5","11.0","16.1","69.7",".656","10.1","86.1","23.4","44.2","Av","Av",".279",".356",".410","53.5",".282",".365",".434","39.3","Iron","Fr",  
"CF","Ashburn, Richie L  ","$13,240,000","54617",".302",".375",".357","86.0","1365.4","9.94","22.7","54.4",".623","12.1","135.0","32.1","125.0","Av","Av",".299",".372",".352","1200.4",".304",".377",".359","1426.8","Iron","Ex",  
"CF","Bell, Cool Papa S  ","$13,209,000","49066",".296",".347",".409","87.8","75.5","14.2","17.0","12.5",".696","7.10","80.2","24.4","131.0","Vg","Ex",".291",".337",".389","105.5",".299",".353",".420","64.8","Normal","Ex",  
"3B","Wright, David R  ","$13,156,000","63907",".295",".373",".464","101.8","31.7","8.96","15.5","46.5",".698","7.46","116.3","20.8","39.9","Vg","Av",".315",".402",".510","26.4",".284",".357",".438","35.5","Prone","Pr",  
"1B","Delgado, Carlos L  ","$13,134,000","109106",".266",".363",".492","106.6","18.8","8.24","16.8","856.4",".573","5.67","151.0","22.6","53.1","Av","Pr",".244",".330",".435","22.9",".280",".383",".530","16.8","Normal","Pr",  
"RF, CF","Bonds, Bobby R  ","$13,043,000","60064",".262",".340",".459","94.8","23.6","9.65","17.3","19.7",".694","4.48","87.7","25.2","78.8","Vg","Ex",".257",".333",".442","26.1",".265",".344",".469","22.4","Normal","Pr",  
"SS","Appling, Luke R  ","$12,986,000","79892",".291",".367",".367","83.2","148.8","9.43","20.3","138.3",".625","10.2","160.3","27.0","48.4","Av","Fr",".298",".379",".385","108.7",".286",".360",".356","194.5","Normal","Pr",  
"2B","Utley, Chase L  ","$12,944,000","37069",".271",".350",".423","91.4","36.2","11.2","17.5","64.1",".753","10.2","99.4","24.9","66.9","Ex","Fr",".252",".326",".373","43.9",".283",".364",".452","32.5","Prone","Pr",  
"CF, LF, RF","Duffy, Hugh R  ","$12,931,000","49493",".285",".337",".406","82.1","49.2","13.6","19.2","17.3",".689","8.23","141.8","24.7","56.2","Vg","Ex",".292",".346",".419","47.5",".282",".333",".402","49.0","Iron","Vg",  
"1B","Gonzalez, Adrian L  ","$12,928,000","55053",".284",".348",".453","91.2","27.4","11.1","18.2","1755.5",".603","8.05","230.1","22.3","35.9","Pr","Pr",".271",".325",".416","30.3",".294",".363",".479","25.7","Iron","Fr",  
"CF, LF, RF","Wilson, Hack R  ","$12,922,000","76932",".266",".355",".495","102.6","18.0","8.29","18.9","213.2",".648","5.18","121.2","26.6","40.7","Av","Fr",".276",".367",".512","17.1",".260",".348",".485","18.6","Normal","Pr",  
"SS","Larkin, Barry R  ","$12,907,000","28234",".280",".357",".397","88.7","61.5","9.45","17.7","23.0",".759","13.7","93.6","25.7","51.4","Ex","Vg",".306",".390",".456","43.7",".267",".340",".367","78.3","Prone","Pr",  
"1B, C, RF","Chance, Frank R  ","$12,896,000","26485",".280",".371",".405","94.5","59.1","9.12","15.9","17.8",".710","7.75","95.7","22.9","54.5","Vg","Ex",".292",".386",".428","58.7",".274",".364",".394","59.3","Prone","Fr",  
"RF, 1B","Heilmann, Harry R  ","$12,889,000","66644",".313",".383",".499","109.9","29.9","9.82","13.6","220.5",".566","7.99","95.5","18.4","43.1","Fr","Fr",".325",".402",".531","25.3",".307",".372",".482","33.0","Normal","Pr",  
"RF, LF, CF","Brown, Willard R  ","$12,855,000","40278",".276",".330",".461","87.1","23.5","13.5","19.4","177.2",".632","8.11","185.4","24.0","36.2","Av","Fr",".277",".337",".467","22.7",".276",".326",".458","23.9","Normal","Pr",  
"LF","Hill, Pete L  ","$12,844,000","53340",".295",".345",".434","87.6","45.2","14.6","16.4","199.0",".614","10.9","96.4","22.0","46.7","Av","Fr",".281",".329",".389","60.3",".302",".355",".458","39.6","Normal","Vg",  
"LF, 1B, CF","Magee, Sherry R  ","$12,842,000","65545",".285",".352",".453","94.4","41.5","11.5","12.4","21.5",".681","8.21","77.7","17.0","47.2","Vg","Ex",".292",".363",".476","35.7",".281",".345",".439","45.7","Normal","Av",  
"SP, LF, RF","Rogan, Bullet Joe R  ","$12,815,000","11288",".259",".317",".400","72.5","41.5","12.9","16.7","117.0",".623","7.46","118.1","21.7","34.3","Av","Av",".269",".326",".422","38.7",".250",".308",".381","44.0","Iron","Pr",  
"RF, LF, CF","Gonzalez, Juan R  ","$12,807,000","68214",".280",".326",".513","94.9","17.4","16.4","18.3","850.7",".561","7.02","169.7","22.5","36.3","Fr","Pr",".296",".354",".546","16.6",".271",".309",".494","17.9","Prone","Pr",  
"CF","Carey, Max S  ","$12,803,000","63601",".262",".342",".383","84.5","52.3","9.79","18.9","13.1",".756","9.42","109.5","26.9","66.2","Ex","Ex",".260",".338",".367","63.0",".265",".345",".392","48.4","Normal","Vg",  
"SS","Jeter, Derek R  ","$12,773,000","112655",".306",".378",".422","96.4","54.2","10.5","19.5","43.2",".688","8.42","111.8","27.7","54.0","Vg","Av",".326",".403",".472","40.4",".294",".362",".392","68.5","Normal","Pr",  
"1B, 3B","Perez, Tony R  ","$12,705,000","51016",".272",".337",".457","89.6","25.7","11.3","17.1","197.2",".662","5.72","118.6","22.7","41.9","Av","Fr",".288",".357",".491","23.1",".263",".325",".437","27.6","Normal","Pr",  
"CF","Williams, Bernie S  ","$12,664,000","83505",".294",".374",".448","98.7","36.6","8.75","16.8","80.6",".639","10.7","91.6","24.3","38.6","Av","Av",".299",".380",".458","36.5",".291",".370",".441","36.6","Prone","Pr",  
"2B, 3B, SS","Frisch, Frankie S  ","$12,600,000","53977",".283",".337",".403","79.9","63.7","13.4","16.9","56.0",".606","11.6","79.1","24.3","47.7","Av","Vg",".277",".333",".390","70.1",".286",".339",".411","60.4","Normal","Av",  
"CF","Pinson, Vada L  ","$12,565,000","56220",".276",".324",".422","81.3","44.0","15.5","16.0","32.6",".690","8.67","69.2","23.1","60.2","Vg","Vg",".262",".303",".384","60.6",".284",".336",".445","37.8","Iron","Fr",  
"LF, 1B, RF","Irvin, Monte R  ","$12,549,000","31421",".280",".361",".427","91.6","36.7","9.36","18.8","97.9",".692","9.29","95.3","27.6","38.5","Vg","Fr",".282",".362",".424","39.2",".280",".361",".431","35.3","Normal","Pr",  
"1B","Teixeira, Mark S  ","$12,549,000","70315",".270",".354",".471","99.0","22.6","9.02","16.8","510.5",".658","8.25","138.6","22.3","47.1","Av","Pr",".280",".370",".482","23.2",".263",".343",".463","22.2","Prone","Pr",  
"LF","Sheckard, Jimmy L  ","$12,546,000","31587",".261",".352",".397","85.5","46.2","8.30","16.6","76.9",".644","7.51","104.7","23.7","47.4","Av","Vg",".246",".333",".352","62.0",".269",".362",".423","40.6","Normal","Vg",  
"SS, 1B, 3B","Banks, Ernie R  ","$12,524,000","93081",".258",".311",".468","84.8","20.5","14.4","18.8","389.9",".537","8.05","104.6","25.7","43.5","Fr","Fr",".255",".306",".456","21.6",".260",".314",".476","20.0","Normal","Pr",  
"RF, LF, CF","Winfield, Dave R  ","$12,502,000","48433",".282",".346",".472","94.4","24.9","11.1","17.1","75.1",".672","8.30","96.5","23.8","36.5","Av","Av",".295",".365",".496","24.1",".274",".335",".457","25.7","Normal","Fr",  
"1B","Taylor, Ben L  ","$12,485,000","44820",".289",".359",".389","83.9","88.8","9.94","17.3","158.5",".661","20.8","132.6","22.8","39.1","Av","Fr",".278",".341",".363","119.4",".295",".370",".404","77.1","Normal","Pr",  
"CF","Averill, Earl L  ","$12,443,000","66580",".268",".334",".457","89.4","25.3","11.3","17.7","283.0",".597","7.70","79.3","26.2","43.2","Fr","Fr",".256",".317",".427","29.2",".276",".345",".477","23.3","Normal","Pr",  
"RF","Ordonez, Magglio R  ","$12,430,000","53789",".293",".355",".441","90.1","37.5","11.2","16.4","155.7",".633","12.9","159.0","20.6","33.4","Av","Fr",".309",".376",".475","33.0",".284",".342",".422","40.4","Normal","Pr",  
"C, 1B","Tenace, Gene R  ","$12,411,000","36345",".243",".380",".439","105.8","21.9","5.82","19.5","277.2",".581","5.40","163.9","28.3","61.0","Fr","Fr",".259",".392",".469","21.2",".234",".373",".421","22.3","Prone","Pr",  
"3B","Baker, Frank L  ","$12,403,000","46056",".289",".337",".433","84.8","42.3","15.0","16.0","58.1",".609","9.10","101.6","21.1","48.2","Av","Vg",".276",".323",".399","51.8",".297",".346",".455","37.8","Normal","Pr",  
"CF, RF","Lemon, Chet R  ","$12,375,000","43906",".270",".354",".433","91.4","36.4","10.3","14.4","285.9",".613","8.37","101.2","19.6","42.1","Fr","Fr",".276",".356",".447","33.9",".266",".352",".425","38.0","Normal","Fr",  
"LF, RF","Belle, Albert R  ","$12,372,000","54115",".270",".336",".502","96.2","18.4","11.1","16.5","132.9",".705","8.26","139.0","21.3","31.5","Vg","Fr",".283",".354",".539","16.4",".263",".327",".482","19.7","Normal","Pr",  
"1B, LF","Suttles, Mule R  ","$12,339,000","54211",".280",".352",".506","100.1","17.8","10.0","20.0","687.0",".659","5.11","138.0","27.0","28.9","Av","Pr",".293",".369",".532","16.7",".272",".341",".492","18.5","Normal","Pr",  
"RF","Abreu, Bobby L  ","$12,277,000","48342",".279",".380",".414","99.0","46.9","7.08","16.1","28.5",".700","6.30","123.3","22.5","63.1","Vg","Vg",".251",".341",".344","88.3",".296",".404",".458","36.0","Normal","Pr",  
"3B, SS","McGraw, John L  ","$12,273,000","68951",".278",".403",".366","98.9","74.8","6.37","25.3","14.3",".688","7.40","142.1","39.7","55.2","Vg","Ex",".273",".399",".355","89.8",".280",".405",".373","67.1","Prone","Fr",  
"LF","Clarke, Fred L  ","$12,244,000","45043",".285",".354",".430","89.9","52.6","11.2","14.9","77.2",".631","7.43","54.5","24.2","45.1","Av","Vg",".276",".345",".413","62.2",".292",".360",".441","47.9","Prone","Fr",  
"3B","Nettles, Graig L  ","$12,224,000","49619",".248",".323",".399","77.5","28.7","10.1","24.1","270.1",".627","8.64","219.2","30.9","49.5","Av","Fr",".225",".293",".336","38.6",".259",".338",".432","25.2","Normal","Pr",  
"RF, LF","Selkirk, George L  ","$12,208,000","45200",".268",".362",".442","97.1","27.4","8.03","19.5","236.6",".597","6.56","94.7","29.7","52.9","Fr","Fr",".255",".350",".411","30.1",".276",".369",".458","26.1","Normal","Pr",  
"RF, LF","Cravath, Gavvy R  ","$12,181,000","55688",".264",".358",".462","98.2","27.2","7.91","13.7","137.7",".619","5.87","81.4","19.8","43.0","Av","Av",".279",".380",".496","24.5",".255",".344",".443","28.5","Normal","Pr",  
"2B, 3B, SS","Monroe, Bill R  ","$12,177,000","36804",".270",".337",".399","81.3","45.3","11.2","19.1","272.0",".580","7.12","110.5","26.6","59.9","Fr","Fr",".280",".344",".424","38.7",".264",".333",".384","49.7","Normal","Fr",  
"RF, LF","Slaughter, Enos L  ","$12,157,000","38564",".276",".347",".411","87.1","53.0","10.4","16.7","169.9",".608","10.2","60.1","27.4","66.5","Av","Fr",".272",".340",".395","64.6",".278",".352",".421","47.9","Normal","Pr",  
"RF","Keeler, Willie L  ","$12,156,000","44442",".319",".360",".415","88.3","75.8","18.5","22.3","25.9",".685","8.06","87.2","33.7","57.5","Vg","Vg",".313",".355",".393","124.7",".323",".364",".431","60.1","Iron","Vg",  
"1B","Olerud, John L  ","$12,144,000","46271",".283",".377",".410","94.1","47.9","7.85","16.8","562.7",".653","12.3","229.9","21.5","39.1","Fr","Pr",".245",".334",".319","101.9",".305",".402",".465","36.0","Normal","Pr",  
"RF, 1B, LF","Herman, Babe L  ","$12,090,000","54028",".289",".353",".486","99.1","28.1","11.1","13.4","89.5",".634","6.84","75.0","18.7","42.8","Av","Av",".280",".344",".466","29.8",".292",".357",".493","27.5","Normal","Pr",  
"3B","Cey, Ron R  ","$12,087,000","35345",".252",".343",".426","86.8","25.2","8.57","20.5","1166.4",".614","7.20","198.2","26.9","36.9","Fr","Pr",".263",".360",".450","24.2",".246",".333",".412","25.7","Normal","Pr",  
"1B","Lee, Derrek R  ","$12,071,000","54389",".275",".355",".454","94.4","27.0","9.15","16.9","83.0",".647","6.36","145.2","22.3","38.4","Av","Av",".288",".371",".479","24.7",".268",".346",".439","28.6","Normal","Pr",  
"3B","Bando, Sal R  ","$11,999,000","47835",".264",".361",".431","95.0","29.3","7.86","17.8","307.5",".539","8.64","154.2","24.1","50.7","Fr","Fr",".270",".364",".441","29.4",".261",".360",".424","29.5","Normal","Pr",  
"RF, 1B, CF","Crawford, Sam L  ","$11,979,000","46190",".292",".344",".449","89.1","47.4","13.3","13.7","58.4",".609","8.32","53.3","20.9","44.1","Av","Vg",".281",".328",".420","55.0",".297",".353",".465","44.1","Iron","Pr",  
"2B","Kent, Jeff R  ","$11,968,000","81711",".284",".352",".463","94.0","29.4","10.9","14.6","237.3",".641","8.45","123.6","18.8","34.5","Av","Fr",".291",".362",".484","26.3",".279",".345",".451","31.5","Prone","Pr",  
"CF, 2B","Lange, Bill R  ","$11,908,000","45575",".271",".336",".400","81.1","50.5","11.2","18.3","17.2",".699","7.50","73.8","28.1","48.7","Vg","Ex",".285",".351",".427","45.5",".263",".327",".385","53.6","Normal","Pr",  
"RF, 1B, LF, CF","Henrich, Tommy L  ","$11,890,000","48659",".261",".343",".440","91.7","29.3","9.43","15.5","244.3",".594","8.20","87.9","22.3","64.2","Av","Fr",".247",".329",".406","34.5",".268",".351",".461","27.0","Normal","Fr",  
"LF, 3B, RF","Braun, Ryan R  ","$11,875,000","76103",".294",".356",".484","98.6","24.6","11.8","17.1","61.2",".668","8.21","108.4","23.1","36.4","Vg","Av",".316",".391",".537","21.0",".282",".336",".456","27.2","Prone","Fr",  
"LF, CF, RF","Giles, Brian L  ","$11,846,000","46914",".271",".375",".437","100.1","30.8","7.05","17.4","172.6",".609","11.7","100.5","25.9","45.9","Av","Fr",".245",".341",".369","43.4",".287",".394",".478","26.3","Normal","Pr",  
"LF","Holliday, Matt R  ","$11,816,000","52743",".289",".370",".456","97.8","29.8","9.51","16.6","158.0",".644","9.09","181.2","21.3","31.3","Av","Fr",".289",".371",".451","30.9",".290",".370",".461","29.2","Normal","Pr",  
"CF","Thomas, Roy L  ","$11,806,000","84218",".268",".389",".352","90.6","55.4","6.21","38.6","70.8",".630","7.30","356.7","54.3","54.6","Av","Av",".252",".370",".309","91.1",".279",".402",".381","43.6","Normal","Av",  
"CF, RF","Puckett, Kirby R  ","$11,803,000","47358",".296",".333",".431","81.3","45.5","19.6","16.4","134.1",".646","9.39","129.3","20.3","35.1","Av","Fr",".303",".342",".444","43.2",".292",".329",".423","47.5","Normal","Fr",  
"LF, 3B, RF","Mitchell, Kevin R  ","$11,776,000","110270",".272",".344",".482","96.4","20.5","10.2","18.0","255.0",".600","7.40","126.3","24.2","39.8","Fr","Fr",".278",".355",".492","20.2",".268",".337",".476","20.9","Prone","Pr",  
"1B","Anson, Cap R  ","$11,736,000","50145",".298",".367",".427","93.7","53.0","10.2","15.6","61.3",".640","10.8","136.5","20.2","52.9","Av","Av",".308",".380",".448","44.9",".292",".360",".416","57.8","Iron","Fr",  
"C, LF, RF","Bench, Johnny R  ","$11,723,000","37993",".250",".324",".449","85.8","20.8","10.0","20.1","259.5",".674","6.57","192.0","25.7","41.9","Av","Fr",".259",".340",".473","19.8",".244",".314",".434","21.6","Normal","Pr",  
"3B, 2B","Groh, Heinie R  ","$11,692,000","46375",".272",".355",".389","85.1","62.2","9.34","16.9","113.7",".606","9.86","121.2","23.2","54.1","Fr","Av",".280",".367",".408","54.1",".268",".349",".379","66.8","Normal","Fr",  
"3B","Hack, Stan L  ","$11,663,000","34557",".272",".356",".372","84.2","73.5","8.74","19.6","117.4",".551","9.33","129.6","27.4","107.3","Fr","Av",".252",".334",".331","105.0",".283",".369",".397","60.7","Normal","Fr",  
"2B, SS","Grich, Bobby R  ","$11,647,000","51195",".258",".359",".413","91.7","34.7","7.71","17.5","212.9",".655","6.20","103.7","25.6","53.7","Av","Fr",".256",".357",".398","42.6",".258",".360",".421","31.6","Prone","Pr",  
"RF, CF","Flick, Elmer L  ","$11,638,000","29536",".283",".363",".436","95.2","49.3","9.65","14.3","35.5",".698","7.41","51.4","23.9","47.6","Vg","Vg",".266",".341",".400","57.1",".293",".375",".459","45.6","Prone","Av",  
"DH, 1B","Ortiz, David L  ","$11,593,000","54032",".268",".357",".492","102.7","19.0","8.13","17.2","1095.6",".626","7.22","142.6","23.1","39.2","Fr","Pr",".241",".319",".427","23.2",".285",".380",".534","17.0","Normal","Pr",  
"RF, CF","Gwynn, Tony Sr L  ","$11,575,000","54746",".315",".356",".400","82.8","221.6","16.6","16.1","64.2",".619","32.2","117.8","20.4","43.4","Av","Av",".306",".345",".373","354.0",".322",".363",".417","182.4","Normal","Pr",  
"LF","White, Roy S  ","$11,552,000","26522",".273",".360",".397","89.2","50.3","8.38","18.2","78.7",".607","11.6","121.7","25.3","74.3","Av","Av",".253",".331",".340","83.0",".285",".377",".431","40.8","Normal","Av",  
"1B","Sisler, George L  ","$11,540,000","38560",".303",".337",".431","83.8","56.5","20.7","16.8","47.2",".618","9.82","69.2","24.4","50.3","Av","Vg",".296",".326",".405","68.7",".307",".344",".447","50.6","Normal","Av",  
"RF, LF","Singleton, Ken S  ","$11,521,000","66387",".282",".381",".435","98.7","31.2","7.25","19.7","709.2",".573","6.60","196.0","26.3","34.5","Fr","Pr",".275",".368",".411","39.4",".287",".390",".451","27.3","Normal","Pr",  
"C","Dickey, Bill L  ","$11,516,000","35334",".286",".347",".444","90.2","31.1","12.2","18.6","612.3",".552","10.2","140.0","24.2","43.4","Av","Pr",".276",".328",".413","36.8",".293",".357",".462","28.8","Prone","Pr",  
"CF, 1B, LF, RF","Murphy, Dale R  ","$11,511,000","58885",".255",".340",".458","91.4","20.8","8.93","20.1","82.1",".637","5.36","127.3","28.0","41.5","Av","Av",".278",".371",".510","18.3",".242",".321",".428","22.7","Normal","Pr",  
"2B, 3B, SS, LF, RF","Zobrist, Ben S  ","$11,484,000","37609",".268",".359",".397","88.6","52.7","8.04","16.3","137.4",".665","13.2","109.2","22.8","56.1","Av","Fr",".265",".359",".389","53.2",".270",".359",".402","52.5","Normal","Fr",  
"C, 1B, 3B","Torre, Joe R  ","$11,462,000","38304",".285",".349",".434","86.8","34.0","11.9","19.2","722.2",".608","8.96","131.5","25.5","31.2","Fr","Pr",".282",".346",".415","39.4",".287",".350",".445","31.5","Normal","Pr",  
"CF","Fukumoto, Yutaka L  ","$11,356,000","27710",".255",".340",".345","76.8","132.0","9.10","18.5","12.1",".691","10.7","90.4","27.8","107.5","Vg","Ex",".246",".327",".325","225.0",".261",".347",".356","110.2","Iron","Av",  
"1B, LF","Cepeda, Orlando R  ","$11,351,000","53992",".288",".339",".481","93.2","23.5","16.2","16.7","66.8",".653","7.37","195.1","20.1","39.1","Av","Av",".311",".373",".540","19.9",".275",".319",".449","26.1","Normal","Pr",  
"CF","Poles, Spotswood S  ","$11,338,000","29608",".287",".329",".354","75.2","356.7","18.4","24.2","11.6",".755","8.85","64.2","44.0","127.9","Ex","Ex",".285",".322",".342","703.1",".289",".334",".361","271.2","Normal","Vg",  
"3B, SS","Dandridge, Ray R  ","$11,326,000","43046",".286",".333",".372","74.0","175.0","15.8","16.1","226.8",".621","17.4","180.7","19.5","51.1","Fr","Fr",".287",".340",".375","158.6",".285",".329",".368","194.4","Normal","Fr",  
"3B, 1B","Wilson, Jud L  ","$11,307,000","58896",".287",".358",".471","97.6","24.4","10.2","19.0","198.2",".649","5.71","145.2","25.1","40.6","Av","Fr",".279",".344",".448","27.4",".293",".367",".486","22.9","Normal","Pr",  
"C","Berra, Yogi L  ","$11,300,000","43904",".278",".329",".451","88.0","25.9","14.2","20.2","961.0",".556","13.4","157.0","25.8","57.3","Fr","Pr",".265",".315",".414","30.4",".285",".337",".471","23.8","Normal","Pr",  
"CF","Flood, Curt R  ","$11,287,000","38549",".274",".331",".346","70.3","152.4","13.7","21.9","126.5",".693","12.9","157.9","28.7","64.5","Av","Fr",".292",".353",".393","73.7",".264",".319",".321","355.6","Normal","Fr",  
"SS","Smith, Ozzie S  ","$11,255,000","37546",".267",".342",".323","73.4","357.6","9.88","23.8","21.1",".762","27.8","217.1","31.0","75.7","Ex","Vg",".272",".349",".328","588.9",".264",".338",".318","319.0","Normal","Fr",  
"CF","Butler, Brett L  ","$11,214,000","64651",".286",".373",".360","87.5","162.8","8.39","24.2","35.9",".631","11.8","81.6","43.2","128.7","Av","Vg",".281",".366",".342","213.5",".289",".378",".370","144.8","Normal","Ex",  
"SS","Rizzuto, Phil R  ","$11,212,000","28266",".269",".328",".348","69.8","135.9","13.6","20.6","81.2",".603","10.3","127.9","28.1","69.3","Av","Av",".279",".340",".376","105.0",".263",".321",".332","162.9","Normal","Av",  
"CF, RF","Yamamoto, Kouji R  ","$11,209,000","53743",".262",".350",".400","84.4","33.8","8.61","22.1","84.9",".620","9.25","259.8","28.2","42.1","Av","Av",".269",".358",".413","31.3",".258",".344",".394","35.1","Iron","Pr",  
"RF, LF","Cruz, Nelson R  ","$11,202,000","48865",".285",".353",".505","102.4","18.4","10.8","19.5","186.4",".628","6.70","198.6","24.6","39.1","Av","Fr",".311",".392",".572","15.3",".269",".329",".466","20.6","Prone","Pr",  
"C","Cochrane, Mickey L  ","$11,140,000","45204",".269",".360",".404","89.0","42.2","8.16","18.1","365.9",".534","9.82","144.9","24.6","48.3","Fr","Fr",".256",".342",".373","49.2",".276",".369",".419","39.2","Normal","Fr",  
"SS","Bancroft, Dave S  ","$11,138,000","37193",".259",".343",".355","75.5","72.9","8.93","20.1","88.1",".609","8.69","203.3","26.1","52.8","Av","Av",".258",".340",".355","74.6",".260",".345",".356","71.5","Prone","Av",  
"SS, 3B","Davis, George S  ","$11,138,000","44704",".275",".335",".406","82.2","53.0","12.0","16.0","18.3",".698","8.44","89.4","22.2","56.1","Vg","Ex",".275",".333",".402","61.6",".275",".336",".409","48.4","Normal","Fr",  
"LF, CF","Goslin, Goose L  ","$11,114,000","44045",".274",".335",".456","89.5","28.0","12.5","17.1","67.5",".644","7.77","69.8","26.2","48.1","Av","Av",".259",".318",".420","31.3",".284",".345",".480","25.7","Normal","Fr",  
"LF, RF","Williams, Billy L  ","$11,109,000","70516",".274",".339",".451","90.1","26.6","11.2","18.2","118.2",".692","11.3","119.8","24.5","42.7","Vg","Fr",".264",".334",".417","31.7",".281",".342",".473","24.1","Iron","Pr",  
"LF","Gonzalez, Luis L  ","$11,075,000","22994",".271",".350",".429","90.2","33.7","9.56","17.0","178.2",".628","13.8","110.1","23.5","44.8","Av","Fr",".250",".330",".366","50.9",".283",".362",".465","28.3","Normal","Pr",  
"SS, 1B, 3B, LF","Ramirez, Hanley R  ","$11,068,000","121873",".283",".349",".444","92.0","32.4","11.2","17.0","36.2",".683","8.67","117.2","22.7","49.9","Vg","Vg",".290",".361",".457","30.8",".280",".342",".437","33.3","Normal","Fr",  
"1B","Giles, George L  ","$11,057,000","29804",".282",".337",".399","79.7","52.0","13.4","21.6","55.3",".651","8.60","84.9","33.1","48.9","Av","Vg",".281",".331",".393","60.7",".283",".340",".403","48.1","Normal","Av",  
"C","Carter, Gary R  ","$11,055,000","32754",".255",".328",".431","84.0","24.5","10.6","20.9","380.6",".567","9.41","188.4","27.0","44.5","Fr","Fr",".279",".363",".488","20.5",".244",".310",".402","27.6","Normal","Fr",  
"CF, RF","Lynn, Fred L  ","$11,034,000","32117",".270",".347",".442","90.9","29.7","9.67","16.0","165.4",".669","7.23","127.2","21.2","45.6","Av","Fr",".238",".306",".362","47.8",".288",".370",".488","24.4","Prone","Pr",  
"3B","Robinson, Brooks R  ","$11,034,000","29929",".275",".320",".402","74.5","51.2","16.2","16.7","559.3",".637","12.5","118.8","21.4","38.5","Av","Pr",".287",".335",".427","47.4",".270",".314",".393","52.5","Iron","Pr",  
"SP, LF, RF","Donaldson, John L  ","$11,021,000","6670",".244",".298",".349","60.6","65.4","14.3","19.2","243.8",".612","7.37","170.1","24.0","47.8","Fr","Fr",".235",".291",".317","87.3",".247",".302",".358","61.0","Normal","Fr",  
"2B","Pedroia, Dustin R  ","$11,003,000","42392",".284",".349",".386","82.6","82.6","11.0","17.1","43.3",".712","22.7","151.9","21.9","52.6","Vg","Av",".288",".355",".393","80.1",".282",".346",".384","83.7","Prone","Pr",  
"1B","Cash, Norm L  ","$10,967,000","33204",".262",".355",".443","94.1","23.4","8.26","22.4","225.2",".629","7.19","140.6","31.8","43.0","Av","Fr",".235",".309",".361","34.4",".274",".376",".480","20.3","Normal","Pr",  
"RF","Smith, Chino L  ","$10,947,000","43497",".292",".328",".439","83.1","38.2","20.3","16.2","212.2",".640","12.7","143.4","19.6","43.5","Av","Fr",".283",".314",".429","36.9",".297",".337",".446","39.0","Normal","Pr",  
"SS, 3B","Dahlen, Bill R  ","$10,942,000","38143",".250",".330",".398","80.3","43.7","10.0","15.5","19.8",".687","6.98","77.0","22.8","54.1","Vg","Ex",".264",".342",".431","38.3",".241",".322",".378","48.3","Normal","Fr",  
"SS, 3B","Garcia, Silvio R  ","$10,940,000","41991",".263",".326",".398","77.2","52.3","11.5","15.3","85.0",".613","7.84","85.7","21.2","50.8","Av","Av",".271",".338",".412","48.7",".260",".321",".393","53.8","Normal","Pr",  
"RF, 1B, LF","Justice, David L  ","$10,939,000","52082",".259",".349",".440","93.4","24.0","8.11","20.6","311.8",".553","7.77","142.6","28.6","55.0","Fr","Fr",".248",".335",".405","28.5",".266",".359",".464","21.7","Prone","Pr",  
"SP, LF, RF","Wood, Joe R  ","$10,925,000","6711",".253",".331",".405","79.6","38.3","9.82","15.9","262.8",".691","6.28","107.3","21.8","40.5","Av","Fr",".263",".342",".428","33.9",".243",".320",".384","42.4","Prone","Pr",  
"RF","Barfield, Jesse R  ","$10,880,000","36728",".241",".318",".423","78.7","24.2","10.1","20.9","200.9",".539","4.57","117.9","29.3","43.7","Fr","Av",".252",".337",".448","23.0",".233",".306",".408","24.7","Prone","Pr",  
"3B, CF","Boyer, Ken R  ","$10,878,000","54858",".266",".329",".419","80.5","32.7","11.8","19.8","76.7",".615","8.01","105.7","27.7","42.3","Av","Av",".283",".349",".455","28.6",".256",".316",".396","36.1","Iron","Pr",  
"CF, LF, RF","Thomas, Clint R  ","$10,861,000","43472",".257",".329",".421","82.0","30.6","10.9","18.0","152.7",".619","6.84","111.8","24.8","45.0","Av","Av",".269",".344",".440","29.7",".251",".320",".411","31.1","Normal","Pr",  
"SP, 2B, LF, CF, RF","Day, Leon R  ","$10,860,000","15962",".255",".324",".389","75.8","51.7","10.8","16.6","21.3",".688","7.42","74.3","25.0","45.4","Vg","Ex",".266",".337",".415","46.2",".243",".309",".360","60.6","Normal","Av",  
"DH, 1B, 2B, 3B","Molitor, Paul R  ","$10,854,000","37837",".294",".362",".421","93.0","58.7","10.5","16.0","26.1",".699","11.2","88.1","22.5","61.0","Vg","Vg",".298",".368",".429","52.7",".292",".359",".417","61.8","Prone","Fr",  
"RF, 1B","Staub, Rusty L  ","$10,849,000","41567",".279",".358",".433","91.8","35.7","9.51","16.2","212.7",".593","12.3","148.2","21.1","40.8","Fr","Fr",".261",".331",".388","46.7",".290",".373",".459","31.4","Normal","Pr",  
"CF, RF","Cameron, Mike R  ","$10,823,000","52155",".245",".333",".418","85.1","29.9","8.82","16.6","35.9",".691","4.85","91.8","24.0","59.9","Vg","Vg",".254",".346",".439","27.2",".240",".325",".405","32.0","Normal","Pr",  
"SS, 2B","Johnson, Home Run R  ","$10,802,000","35963",".262",".335",".405","81.7","43.9","10.6","15.4","228.3",".599","10.8","119.9","20.3","48.5","Av","Fr",".256",".330",".394","44.4",".266",".338",".412","42.9","Iron","Pr",  
"3B, SS","Harrah, Toby R  ","$10,790,000","82416",".260",".357",".401","89.2","36.6","7.89","19.6","59.2",".694","10.1","138.0","27.5","50.4","Vg","Av",".277",".383",".439","31.1",".249",".341",".377","41.2","Normal","Av",  
"1B","McGriff, Fred L  ","$10,769,000","46580",".263",".353",".464","96.2","20.3","8.26","20.9","161.3",".638","5.56","235.6","26.8","39.2","Av","Fr",".242",".322",".407","24.2",".278",".373",".504","18.2","Normal","Pr",  
"LF, CF","Williams, Ken L  ","$10,734,000","38146",".269",".338",".455","89.4","24.3","10.8","18.5","81.5",".574","8.44","148.8","24.2","42.2","Fr","Vg",".259",".322",".421","27.8",".276",".347",".475","22.5","Prone","Pr",  
"3B, CF","Leach, Tommy R  ","$10,732,000","39691",".259",".318",".392","73.6","51.8","12.5","17.7","78.2",".625","7.53","61.2","29.1","47.2","Av","Vg",".263",".326",".396","53.3",".257",".314",".390","51.1","Normal","Av",  
"2B, SS","Barnes, Ross R  ","$10,715,000","35685",".287",".356",".378","81.7","97.8","10.7","19.7","1608.2",".463","7.14","111.4","27.8","51.3","Pr","Pr",".293",".367",".397","75.0",".283",".349",".367","118.3","Prone","Vg",  
"RF, LF, CF","Cuyler, Kiki R  ","$10,711,000","44003",".277",".341",".417","83.6","49.1","12.3","16.4","53.1",".631","6.38","62.6","25.8","45.6","Av","Vg",".286",".351",".430","46.9",".273",".335",".409","52.0","Normal","Av",  
"LF","Medwick, Joe R  ","$10,703,000","40433",".291",".330",".477","89.2","31.9","18.4","13.0","347.9",".556","7.98","74.0","17.2","37.8","Fr","Fr",".297",".340",".497","29.0",".288",".325",".467","33.6","Normal","Pr",  
"CF, 3B, LF","Reiser, Pete L  ","$10,689,000","32664",".269",".339",".409","85.0","48.0","10.8","15.8","100.9",".645","5.88","78.6","22.9","95.7","Av","Av",".257",".324",".372","67.1",".276",".347",".430","41.2","Fragile","Fr",  
"SS","Cronin, Joe R  ","$10,652,000","44217",".265",".341",".411","83.3","43.3","10.0","15.0","310.1",".557","7.42","113.4","20.0","43.2","Fr","Fr",".278",".358",".431","42.4",".257",".331",".397","43.8","Normal","Fr",  
"2B","Herman, Billy R  ","$10,643,000","45477",".277",".339",".387","77.5","88.3","11.9","15.2","279.5",".523","9.91","108.7","20.1","43.0","Fr","Fr",".286",".347",".400","95.9",".271",".334",".379","84.2","Normal","Fr",  
"CF, 1B, LF","Oliver, Al L  ","$10,627,000","33187",".285",".323",".422","78.4","47.4","21.0","15.8","179.1",".656","12.0","104.9","20.1","41.7","Av","Fr",".264",".299",".371","67.7",".297",".336",".453","40.0","Normal","Pr",  
"CF","Roush, Edd L  ","$10,610,000","29046",".292",".340",".433","85.6","56.5","15.4","14.8","50.4",".601","10.7","53.3","23.2","50.1","Av","Vg",".282",".324",".403","86.7",".299",".348",".451","47.5","Prone","Av",  
"SS","Tejada, Miguel R  ","$10,551,000","69733",".275",".328",".419","79.5","35.6","14.8","18.9","111.3",".688","12.2","151.2","24.0","36.3","Vg","Fr",".275",".330",".414","38.2",".275",".326",".423","34.0","Iron","Pr",  
"3B","Ventura, Robin L  ","$10,535,000","51397",".254",".339",".405","82.9","29.9","8.64","21.7","865.5",".607","8.27","221.3","28.1","43.3","Fr","Pr",".239",".322",".366","35.7",".260",".348",".424","27.9","Prone","Pr",  
"2B","Whitaker, Lou L  ","$10,528,000","41914",".267",".347",".395","85.1","49.0","9.24","17.4","177.2",".639","10.5","123.2","23.6","74.7","Av","Fr",".242",".315",".330","109.6",".280",".363",".428","38.4","Normal","Fr",  
"1B, LF","Powell, Boog L  ","$10,521,000","52786",".263",".352",".437","92.2","23.7","8.36","22.8","591.6",".595","6.38","395.7","28.2","45.7","Av","Pr",".234",".315",".364","30.5",".282",".375",".481","20.9","Normal","Pr",  
"2B, SS","Stanky, Eddie R  ","$10,494,000","103301",".250",".379",".332","87.0","107.8","6.00","21.5","240.1",".584","8.53","162.2","31.7","89.8","Fr","Fr",".259",".391",".356","82.4",".244",".371",".315","135.6","Normal","Av",  
"1B","Camilli, Dolph L  ","$10,464,000","65981",".242",".349",".446","96.1","21.3","7.11","20.3","329.0",".554","4.72","80.1","34.3","68.6","Fr","Fr",".232",".337",".420","23.7",".248",".358",".464","19.9","Normal","Pr",  
"RF, LF","Callison, Johnny L  ","$10,434,000","36011",".255",".322",".419","81.6","33.8","11.5","16.1","231.0",".572","7.30","84.2","22.9","75.0","Fr","Fr",".240",".302",".380","42.0",".263",".333",".440","30.6","Prone","Pr",  
"3B","Beltre, Adrian R  ","$10,418,000","50893",".284",".331",".441","84.3","31.2","15.3","18.5","422.2",".658","14.1","165.6","22.8","39.2","Av","Pr",".296",".348",".466","28.6",".278",".322",".427","33.2","Prone","Pr",  
"1B","Martinez, Tino L  ","$10,411,000","44511",".263",".328",".418","80.8","30.3","11.5","20.7","1545.8",".604","10.2","148.5","27.3","42.4","Fr","Pr",".257",".320",".398","34.8",".267",".333",".432","27.9","Normal","Pr",  
"RF, LF, CF","Wright, Bill S  ","$10,391,000","23280",".256",".333",".419","81.9","31.3","9.72","18.3","85.1",".633","9.00","92.2","26.7","35.9","Av","Av",".251",".323",".401","36.8",".259",".339",".429","29.0","Normal","Vg",  
"CF","Dykstra, Lenny L  ","$10,379,000","25686",".269",".352",".371","84.2","86.5","9.04","17.3","26.9",".692","12.7","118.0","23.7","109.2","Vg","Vg",".260",".342",".353","99.9",".273",".358",".382","79.9","Prone","Fr",  
"3B, 1B","Evans, Darrell L  ","$10,368,000","52095",".236",".338",".394","83.9","26.6","7.47","25.0","286.8",".568","7.48","209.2","34.1","68.6","Fr","Fr",".214",".311",".334","33.2",".248",".353",".428","23.9","Iron","Pr",  
"CF, 3B, LF","Browning, Pete R  ","$10,362,000","35262",".306",".364",".432","92.7","59.0","12.0","15.0","32.4",".695","6.65","127.9","19.1","47.9","Vg","Vg",".316",".375",".449","50.3",".300",".359",".423","63.4","Prone","Pr",  
"1B, LF","Sievers, Roy R  ","$10,358,000","49381",".255",".334",".455","90.0","21.3","9.62","19.4","1219.0",".590","7.28","146.0","26.0","41.3","Fr","Pr",".262",".341",".467","21.0",".252",".331",".448","21.7","Normal","Pr",  
"LF, CF","Johnson, Bob L R  ","$10,338,000","40016",".265",".347",".458","93.1","23.3","9.00","18.4","256.5",".571","6.10","126.5","25.2","39.2","Fr","Fr",".273",".361",".459","24.8",".261",".340",".457","22.6","Normal","Pr",  
"RF, 3B","Bautista, Jose R  ","$10,337,000","46891",".250",".356",".446","94.9","21.5","7.18","20.8","173.5",".634","8.25","150.1","29.5","34.1","Av","Fr",".256",".361",".452","21.4",".246",".354",".441","21.6","Prone","Pr",  
"3B","Collins, Jimmy R  ","$10,295,000","35743",".270",".320",".402","74.9","50.6","15.1","16.3","144.9",".621","7.51","102.8","21.4","45.6","Av","Av",".283",".337",".432","45.0",".262",".310",".385","53.9","Normal","Fr",  
"RF, 1B, LF","Cullenbine, Roy S  ","$10,273,000","77873",".248",".364",".395","91.8","33.8","6.48","19.1","307.7",".515","7.39","184.5","26.2","62.9","Fr","Fr",".256",".373",".413","33.4",".242",".359",".383","34.1","Normal","Pr",  
"1B","Fielder, Prince L  ","$10,263,000","36895",".277",".363",".457","98.1","23.6","9.16","20.8","531.2",".620","8.51","226.0","26.8","40.0","Fr","Pr",".240",".314",".361","34.5",".298",".390",".512","20.0","Iron","Pr",  
"3B, 1B, LF","Headley, Chase S  ","$10,254,000","52453",".269",".343",".371","77.6","69.1","10.1","19.8","128.9",".714","6.46","143.9","26.4","49.6","Vg","Fr",".263",".337",".349","108.3",".273",".347",".384","57.2","Normal","Fr",  
"3B","Seager, Kyle L  ","$10,252,000","70780",".258",".323",".407","77.8","35.4","11.8","18.0","244.4",".606","10.0","133.4","23.6","45.6","Av","Fr",".253",".313",".399","34.8",".261",".328",".411","35.7","Normal","Fr",  
"1B","Gentile, Jim L  ","$10,239,000","44770",".249",".345",".445","91.6","19.4","8.22","27.0","742.0",".583","5.01","312.9","34.7","44.7","Av","Pr",".224",".313",".385","22.6",".264",".363",".480","17.9","Normal","Pr",  
"RF, 1B, SS","Strong, Ted S  ","$10,233,000","41552",".250",".323",".417","79.7","27.4","10.5","20.9","158.1",".576","5.37","116.3","29.4","47.2","Fr","Av",".246",".321",".408","28.9",".253",".324",".423","26.5","Normal","Pr",  
"RF, CF","Rice, Sam L  ","$10,227,000","26602",".282",".326",".395","75.8","69.3","17.1","17.6","42.4",".641","10.3","81.9","24.9","54.1","Av","Vg",".273",".318",".378","77.8",".287",".330",".405","65.2","Iron","Av",  
"LF, 1B, 3B, CF","Galan, Augie S  ","$10,226,000","56768",".259",".354",".400","89.1","46.3","7.92","16.0","91.2",".618","9.29","90.7","23.3","83.1","Av","Av",".255",".347",".383","57.7",".262",".358",".411","40.9","Normal","Fr",  
"CF, RF","Jones, Fielder L  ","$10,218,000","37561",".265",".352",".356","78.7","59.6","8.84","27.0","51.5",".631","7.53","320.1","35.0","60.5","Av","Vg",".260",".345",".344","61.0",".269",".356",".363","58.8","Iron","Vg",  
"LF, CF","Foster, George R  ","$10,217,000","46465",".267",".333",".475","91.0","19.9","11.6","21.2","215.6",".630","5.63","119.2","29.5","37.6","Av","Fr",".284",".351",".507","18.2",".257",".322",".455","21.0","Prone","Pr",  
"RF, LF","Strawberry, Darryl L  ","$10,201,000","44312",".245",".331",".470","92.9","18.3","8.94","20.0","53.5",".611","4.96","112.3","28.7","65.6","Av","Vg",".223",".303",".412","20.9",".259",".347",".506","16.7","Prone","Pr",  
"1B, LF, CF, RF","Parker, Wes S  ","$10,191,000","21187",".261",".337",".365","75.4","84.1","9.93","16.8","190.9",".636","8.55","126.6","22.5","53.0","Av","Fr",".263",".336",".364","101.2",".259",".336",".366","76.6","Normal","Pr",  
"2B, 3B, SS","McDougald, Gil R  ","$10,184,000","37715",".264",".332",".383","76.6","52.3","11.4","19.6","313.5",".549","6.96","111.1","27.5","56.8","Fr","Fr",".264",".332",".389","51.5",".263",".330",".377","53.7","Normal","Fr",  
"CF, LF","Wilson, Willie S  ","$10,179,000","32150",".280",".316",".346","70.1","361.2","22.0","24.1","12.2",".756","8.50","63.6","43.3","132.5","Ex","Ex",".282",".318",".338","957.2",".279",".316",".351","280.5","Normal","Av",  
"RF, CF","Maris, Roger L  ","$10,171,000","34235",".246",".327",".428","85.6","23.0","9.49","23.0","608.1",".660","7.57","135.1","32.4","67.3","Av","Pr",".220",".289",".365","28.5",".260",".347",".464","20.6","Prone","Pr",  
"CF, LF, RF","Felsch, Happy R  ","$10,164,000","30125",".277",".325",".423","79.4","44.2","15.7","15.8","59.8",".607","7.38","72.4","22.6","44.4","Av","Vg",".283",".332",".428","44.0",".275",".322",".421","44.5","Normal","Fr",  
"RF","Hooper, Harry L  ","$10,160,000","38634",".262",".344",".398","83.2","46.3","9.12","17.2","63.4",".609","9.40","88.2","25.4","50.7","Av","Vg",".243",".320",".356","51.9",".272",".356",".420","43.8","Normal","Fr",  
"RF, LF","Klein, Chuck L  ","$10,123,000","50748",".269",".330",".465","90.6","22.5","12.0","18.9","323.0",".552","7.37","123.8","25.1","55.8","Fr","Fr",".257",".316",".436","24.3",".277",".340",".483","21.5","Prone","Pr",  
"LF, RF","Burns, George J R  ","$10,111,000","29072",".278",".357",".400","86.3","62.5","9.30","15.8","25.1",".643","7.96","105.4","21.7","50.5","Av","Ex",".288",".365",".417","58.5",".274",".353",".394","63.1","Iron","Fr",  
"RF","Youngs, Ross L  ","$10,097,000","31058",".289",".369",".405","90.6","76.1","9.09","15.9","128.0",".567","6.95","83.1","23.3","51.5","Fr","Av",".277",".355",".374","129.0",".298",".380",".427","59.6","Prone","Fr",  
"SS","Rollins, Jimmy S  ","$10,065,000","39998",".258",".311",".384","76.0","58.5","13.7","16.8","14.4",".769","18.9","69.9","24.9","76.1","Ex","Ex",".250",".308",".377","58.3",".261",".312",".388","58.1","Normal","Fr",  
"LF, RF","Heath, Jeff L  ","$10,062,000","40878",".267",".331",".469","92.2","24.8","11.5","15.6","244.6",".538","5.90","65.7","23.5","66.4","Fr","Fr",".249",".302",".421","29.4",".277",".347",".495","22.9","Prone","Pr",  
"1B, 3B","Garvey, Steve R  ","$10,058,000","49317",".288",".323",".432","79.7","36.9","20.6","18.1","233.7",".547","8.98","149.2","22.3","41.6","Fr","Fr",".293",".328",".432","37.8",".286",".322",".433","36.4","Iron","Vg",  
"3B","Clift, Harlond R  ","$10,038,000","29715",".231",".339",".381","80.2","32.8","7.27","20.4","213.7",".619","6.45","123.4","29.8","47.1","Av","Fr",".240",".354",".387","33.9",".225",".331",".377","32.0","Normal","Pr",  
"2B, SS","Frey, Lonny L  ","$10,021,000","29033",".246",".329",".356","72.9","65.0","9.31","18.9","251.9",".500","7.33","105.2","27.2","75.2","Fr","Av",".239",".320",".328","98.0",".249",".333",".370","55.3","Normal","Fr",  
"LF, CF","Cespedes, Yoenis R  ","$10,020,000","27984",".276",".325",".465","87.6","24.9","15.0","17.2","200.6",".717","7.33","98.4","23.2","40.9","Av","Fr",".273",".318",".457","25.8",".277",".329",".469","24.8","Prone","Pr",  
"SS, 3B","Sewell, Joe L  ","$10,014,000","34206",".271",".340",".370","77.3","73.6","11.4","18.5","222.7",".535","21.6","237.6","23.2","53.6","Fr","Fr",".258",".326",".336","106.0",".277",".348",".390","62.7","Iron","Fr",  
"1B, LF, RF","Harris, Joe R  ","$9,993,000","22999",".276",".358",".445","95.4","37.6","9.19","13.7","206.3",".615","8.91","70.8","20.3","49.2","Av","Fr",".295",".386",".486","32.3",".264",".341",".421","40.7","Normal","Pr",  
"3B","Yost, Eddie R  ","$9,970,000","90445",".239",".371",".365","90.9","42.5","6.05","20.4","258.5",".592","7.93","182.8","29.1","90.2","Fr","Fr",".246",".380",".381","42.0",".234",".364",".354","43.1","Normal","Pr",  
"SS","Tulowitzki, Troy R  ","$9,960,000","28878",".270",".338",".424","83.8","30.2","11.1","21.1","152.0",".634","9.58","161.1","27.8","37.0","Av","Fr",".278",".349",".440","28.8",".266",".333",".415","31.1","Fragile","Pr",  
"3B, RF","Bonilla, Bobby S  ","$9,959,000","66372",".271",".340",".450","89.4","28.1","10.4","16.1","215.0",".584","8.62","108.3","21.7","39.9","Fr","Fr",".264",".329",".430","29.7",".275",".348",".463","27.2","Normal","Pr",  
"CF, 3B, LF, RF","Pafko, Andy R  ","$9,955,000","35132",".269",".327",".428","81.4","30.2","14.4","20.3","235.6",".594","9.69","113.7","28.0","40.5","Fr","Fr",".276",".331",".436","30.7",".267",".325",".425","29.6","Normal","Pr",  
"RF","Thompson, Sam L  ","$9,952,000","34193",".286",".329",".433","82.7","46.2","17.7","14.7","43.7",".673","9.79","74.5","20.1","43.8","Av","Vg",".274",".314",".404","54.5",".294",".338",".452","41.6","Normal","Pr",  
"SP, SS","Mendez, Jose R  ","$9,903,000","1813",".186",".226",".247","24.6","100.7","20.6","35.5","1937.0",".167","7.60","322.8","43.0","47.2","Fr","Av",".178",".220",".253","76.0",".190",".230",".244","120.0","Prone","Pr",  
"SS, 1B","Jennings, Hughie R  ","$9,895,000","24470",".264",".332",".360","73.1","86.8","19.5","18.7","36.9",".701","8.10","140.0","24.9","50.1","Vg","Vg",".271",".344",".370","82.5",".259",".324",".354","89.3","Normal","Av",  
"C","Rodriguez, Ivan R  ","$9,876,000","36255",".291",".329",".437","81.5","37.7","19.0","17.0","177.8",".635","10.4","132.4","21.2","34.5","Av","Fr",".306",".350",".471","32.3",".282",".317",".421","40.8","Normal","Pr",  
"1B","Grimes, Ray R  ","$9,859,000","36773",".287",".378",".433","98.5","45.1","8.22","14.5","294.6",".559","7.22","112.9","20.0","42.8","Fr","Fr",".297",".389",".447","44.8",".280",".372",".423","45.4","Prone","Pr",  
"2B, 3B","Lazzeri, Tony R  ","$9,859,000","44135",".268",".346",".435","88.6","32.6","9.40","16.7","106.9",".613","5.62","74.4","25.3","41.8","Av","Av",".284",".365",".470","29.6",".259",".336",".417","34.2","Normal","Fr",  
"1B","Hodges, Gil R  ","$9,844,000","35393",".262",".347",".451","93.0","23.0","8.80","20.3","346.9",".557","5.96","133.5","28.2","45.8","Fr","Fr",".277",".365",".477","22.0",".253",".336",".433","23.8","Normal","Pr",  
"C","Posada, Jorge S  ","$9,834,000","51461",".266",".359",".419","89.2","33.7","8.02","17.3","1169.8",".689","6.18","198.2","22.3","33.3","Fr","Pr",".276",".371",".440","33.2",".260",".352",".406","34.0","Normal","Pr",  
"RF","Green, Shawn L  ","$9,832,000","52982",".270",".335",".447","87.4","27.9","11.5","16.7","76.5",".646","7.18","122.8","21.9","43.4","Av","Av",".250",".310",".399","34.0",".282",".350",".474","25.3","Normal","Pr",  
"1B","Adcock, Joe R  ","$9,814,000","34766",".273",".329",".481","89.5","19.8","12.9","20.2","1009.3",".603","6.17","170.5","25.6","31.7","Fr","Pr",".282",".344",".502","19.2",".268",".322",".470","20.1","Prone","Pr",  
"CF, 1B","Cedeno, Cesar R  ","$9,813,000","42916",".278",".338",".440","89.1","34.8","12.5","15.2","16.2",".706","8.37","105.8","19.9","50.7","Vg","Ex",".280",".341",".456","29.8",".277",".337",".431","38.1","Prone","Fr",  
"CF","Lofton, Kenny L  ","$9,798,000","59845",".276",".350",".361","81.2","145.3","9.78","19.7","14.5",".696","10.6","83.0","30.3","91.6","Vg","Ex",".269",".335",".337","255.6",".281",".359",".376","115.3","Prone","Fr",  
"RF, LF","Zisk, Richie R  ","$9,794,000","73728",".279",".347",".453","90.6","26.2","10.7","19.2","1420.2",".580","6.22","157.5","24.9","36.1","Pr","Pr",".297",".374",".503","21.5",".268",".329",".423","30.0","Normal","Pr",  
"RF, 1B, LF, CF","Allison, Bob R  ","$9,756,000","48322",".249",".346",".441","91.8","24.5","7.86","17.4","193.6",".644","5.78","93.3","26.0","43.0","Av","Fr",".258",".360",".460","23.1",".243",".337",".430","25.4","Normal","Pr",  
"SS","Trammell, Alan R  ","$9,732,000","31766",".276",".342",".400","82.9","59.7","11.3","15.8","81.6",".626","11.5","117.4","20.9","64.9","Av","Av",".286",".356",".417","57.1",".272",".334",".391","62.8","Prone","Fr",  
"CF, LF","Combs, Earle L  ","$9,725,000","34561",".294",".356",".416","87.8","78.7","11.5","15.6","163.9",".584","9.06","55.0","25.2","50.5","Fr","Fr",".278",".336",".385","109.9",".303",".368",".436","66.5","Normal","Vg",  
"RF, LF","Nicholson, Bill L  ","$9,718,000","51601",".250",".337",".451","92.8","21.4","9.05","19.1","361.0",".569","5.52","129.5","26.4","81.1","Fr","Fr",".243",".329",".430","23.1",".254",".342",".465","20.4","Normal","Pr",  
"1B, 3B, LF, CF, RF","Guerrero, Pedro R  ","$9,715,000","50917",".281",".347",".450","90.7","27.9","11.2","18.4","211.3",".626","7.20","157.9","23.6","38.7","Av","Fr",".280",".341",".445","28.8",".282",".350",".453","27.4","Prone","Pr",  
"1B","Vaughn, Mo L  ","$9,686,000","42059",".262",".334",".441","85.9","21.6","11.5","28.6","748.3",".562","4.94","222.4","37.4","41.0","Fr","Pr",".253",".324",".396","25.9",".268",".339",".469","19.6","Prone","Pr",  
"CF, LF","Gore, George L  ","$9,665,000","27833",".264",".356",".363","80.9","76.0","8.17","19.7","70.7",".621","8.40","135.5","27.5","52.9","Av","Av",".254",".344",".334","114.0",".271",".364",".381","63.2","Normal","Pr",  
"RF","Gardner, Jelly L  ","$9,654,000","18035",".259",".348",".345","75.6","66.8","8.62","26.7","45.8",".608","7.64","284.3","35.0","62.1","Av","Vg",".242",".328",".294","140.4",".267",".358",".371","52.8","Normal","Vg",  
"RF, CF","Dawson, Andre R  ","$9,640,000","55869",".266",".310",".452","80.7","25.2","18.9","17.7","56.8",".631","8.13","105.8","23.3","42.2","Av","Vg",".276",".324",".468","25.4",".262",".304",".444","25.3","Normal","Fr",  
"SS, 2B, 3B","Pesky, Johnny L  ","$9,638,000","52865",".272",".345",".341","74.4","191.5","10.4","21.7","233.2",".601","11.4","160.4","29.2","74.6","Fr","Fr",".265",".335",".327","280.1",".276",".352",".350","157.9","Normal","Fr",  
"SP, RF","Russell, Reb L  ","$9,635,000","4855",".241",".280",".419","67.1","30.7","25.6","16.2","740.1",".700","5.58","59.6","24.3","43.5","Av","Pr",".255",".295",".431","34.5",".238",".274",".420","28.6","Prone","Pr",  
"CF, 1B, LF, RF","Snodgrass, Fred R  ","$9,623,000","30431",".262",".343",".360","77.0","81.4","9.83","18.9","29.6",".710","7.04","134.0","25.7","50.7","Vg","Vg",".262",".348",".368","75.6",".261",".341",".355","85.2","Normal","Pr",  
"1B","Grace, Mark L  ","$9,603,000","20861",".275",".346",".371","77.6","95.3","10.1","17.8","131.4",".664","17.4","132.9","23.6","41.5","Av","Fr",".254",".319",".316","359.5",".287",".361",".403","67.2","Normal","Pr",  
"SS, 3B","Wills, Maury S  ","$9,598,000","56776",".273",".327",".321","70.1","292.7","13.5","31.5","11.0",".762","14.7","163.5","43.8","112.4","Ex","Ex",".264",".317",".307","437.0",".278",".333",".331","239.7","Normal","Av",  
"RF, CF","Holmes, Tommy L  ","$9,548,000","30745",".277",".332",".394","77.9","63.7","13.6","16.5","224.7",".551","13.3","122.5","21.4","53.4","Fr","Fr",".265",".318",".369","77.2",".284",".341",".409","57.1","Normal","Pr",  
"3B","Wallach, Tim R  ","$9,542,000","34584",".249",".303",".390","68.0","37.3","14.8","18.8","356.7",".616","7.76","148.3","23.9","37.7","Fr","Fr",".261",".320",".417","33.3",".243",".295",".375","39.7","Normal","Pr",  
"SS","Lundy, Dick S  ","$9,540,000","31335",".269",".322",".361","69.3","105.5","14.1","18.9","55.0",".620","14.2","96.8","26.4","55.0","Av","Vg",".270",".321",".363","107.2",".268",".322",".362","100.8","Normal","Av",  
"RF, LF, CF","Rettenmund, Merv R  ","$9,527,000","29903",".261",".369",".391","90.9","44.8","7.04","18.6","92.5",".611","7.64","124.9","26.9","53.4","Av","Av",".270",".377",".416","38.8",".257",".365",".380","48.6","Prone","Pr",  
"C, 1B","Mauer, Joe L  ","$9,502,000","27197",".299",".366",".405","88.3","71.0","10.2","17.5","264.1",".641","12.5","165.6","22.4","39.6","Av","Pr",".278",".341",".364","102.3",".309",".379",".425","61.7","Fragile","Fr",  
"LF, RF","Upton, Justin R  ","$9,499,000","4852",".268",".348",".440","91.9","27.3","9.19","19.1","49.8",".711","5.53","120.1","26.6","48.9","Vg","Av",".293",".382",".457","31.0",".254",".331",".411","30.7","Normal","Fr",  
"SS","Reese, Pee Wee R  ","$9,498,000","47386",".255",".344",".344","74.2","99.6","8.50","20.5","91.1",".625","7.50","114.7","30.1","53.2","Av","Av",".263",".353",".365","84.2",".251",".340",".333","109.4","Normal","Av",  
"C, 1B","Martinez, Victor S  ","$9,485,000","31672",".290",".349",".419","84.2","46.3","12.0","17.3","1522.3",".561","17.6","202.4","21.2","31.9","Pr","Pr",".291",".351",".414","50.6",".292",".348",".423","44.1","Prone","Pr",  
"LF, SP, RF","Smith, Mike L  ","$9,481,000","33158",".269",".351",".403","86.1","55.7","9.00","16.7","61.0",".633","7.58","55.6","29.1","55.8","Av","Vg",".265",".344",".390","59.6",".271",".355",".410","54.5","Normal","Pr",  
"CF, 2B, 3B, LF, RF","Chapman, Ben R  ","$9,475,000","41041",".274",".348",".396","82.2","69.1","10.1","15.5","66.2",".632","7.86","84.8","22.0","43.6","Av","Vg",".283",".361",".420","55.6",".269",".340",".381","80.6","Normal","Av",  
"SP, 3B","Bragana, Ramon R  ","$9,458,000","733",".200",".263",".250","33.2","122.2","13.1","43.1",".000",".000","5.47","799.0","49.9","40.0","Pr","Pr",".170",".238",".206","126.5",".219",".277",".270","131.0","Normal","Pr",  
"1B, C","Napoli, Mike R  ","$9,420,000","23814",".244",".341",".440","89.0","20.8","8.06","23.0","258.3",".540","4.78","145.5","32.6","40.4","Av","Fr",".258",".357",".470","19.5",".236",".333",".425","21.2","Prone","Pr",  
"3B, 1B","Devlin, Art R  ","$9,411,000","37872",".262",".352",".363","80.0","68.9","9.00","20.0","57.7",".642","8.27","152.8","27.8","52.5","Av","Vg",".271",".362",".377","62.0",".257",".348",".356","71.8","Normal","Av",  
"CF","North, Billy S  ","$9,404,000","63424",".255",".355",".329","76.0","133.0","7.63","24.1","18.2",".622","6.98","127.7","36.4","105.2","Av","Ex",".265",".369",".362","73.8",".249",".346",".308","265.7","Normal","Av",  
"1B, 2B, 3B","Ochiai, Hiromitsu R  ","$9,403,000","29840",".264",".361",".433","94.3","25.4","7.70","21.6","188.2",".611","8.39","256.0","27.9","41.3","Av","Fr",".268",".363",".442","24.0",".262",".360",".430","26.0","Normal","Pr",  
"LF, RF","O'Doul, Lefty L  ","$9,398,000","41445",".291",".360",".442","94.0","31.3","10.6","21.7","187.3",".575","10.2","133.2","29.9","45.9","Fr","Fr",".273",".337",".397","38.7",".303",".374",".469","27.9","Normal","Pr",  
"LF, CF, RF","Hafey, Chick R  ","$9,397,000","41241",".268",".327",".464","87.6","25.1","12.9","14.7","136.0",".543","6.66","127.6","18.6","43.6","Fr","Av",".271",".330",".470","24.5",".266",".325",".460","25.5","Prone","Pr",  
"CF, RF","Williams, Cy L  ","$9,385,000","41187",".248",".325",".409","78.3","25.6","10.5","24.6","149.5",".563","6.51","373.2","30.1","40.9","Fr","Av",".234",".308",".376","28.1",".258",".336",".429","24.4","Normal","Pr",  
"3B","Bell, Buddy R  ","$9,380,000","26206",".276",".330",".395","75.9","56.4","13.9","17.6","268.2",".660","11.7","131.6","22.6","38.9","Pr","Fr",".293",".353",".423","46.6",".269",".317",".382","62.9","Prone","Pr",  
"CF","Davis, Willie L  ","$9,340,000","23240",".270",".305",".383","69.6","72.0","21.8","17.4","35.5",".694","10.9","77.2","24.4","73.9","Vg","Vg",".240",".271",".313","174.7",".284",".321",".416","56.2","Normal","Av",  
"1B, 3B","Youkilis, Kevin R  ","$9,301,000","20981",".264",".363",".419","93.7","34.2","8.14","17.5","909.1",".575","7.21","119.7","24.7","53.6","Fr","Pr",".271",".376",".434","30.9",".260",".355",".410","36.0","Fragile","Pr",  
"RF, CF","Drew, J.D. L  ","$9,300,000","29683",".260",".356",".416","91.8","30.0","7.86","22.1","183.8",".604","7.01","104.7","34.0","70.5","Av","Fr",".229",".316",".343","44.3",".273",".372",".448","26.2","Fragile","Pr",  
"CF, LF, RF","Davis, Eric R  ","$9,282,000","46311",".252",".340",".433","90.1","23.3","8.58","23.2","25.9",".780","4.82","128.9","33.5","46.3","Ex","Vg",".261",".351",".455","21.3",".247",".334",".420","24.6","Prone","Pr",  
"RF","Salmon, Tim R  ","$9,279,000","32723",".260",".358",".431","95.0","28.6","7.67","17.9","253.0",".581","6.08","122.8","25.1","63.0","Fr","Fr",".263",".360",".429","28.3",".260",".358",".434","28.4","Prone","Pr",  
"3B, RF","Elliott, Bob R  ","$9,240,000","32761",".267",".348",".418","86.4","39.1","9.03","16.1","277.4",".597","8.04","94.3","22.9","38.2","Fr","Fr",".282",".367",".448","35.4",".258",".338",".399","42.6","Normal","Pr",  
"LF","Hartsel, Topsy L  ","$9,239,000","29668",".257",".371",".388","91.8","45.2","6.52","19.7","48.7",".628","7.68","89.6","32.2","57.2","Av","Vg",".239",".348",".339","62.6",".268",".385",".416","38.9","Prone","Fr",  
"RF","Puig, Yasiel R  ","$9,207,000","37216",".273",".340",".427","85.1","34.0","11.4","18.0","89.6",".644","8.13","105.7","24.8","39.9","Av","Av",".261",".323",".380","49.7",".279",".348",".452","29.2","Prone","Fr",  
"2B, LF, CF, RF","Lopes, Davey R  ","$9,201,000","26998",".249",".334",".369","80.9","52.7","9.03","19.6","13.5",".766","8.23","92.6","29.7","70.2","Ex","Ex",".276",".365",".426","41.7",".236",".318",".342","60.9","Normal","Fr",  
"RF, LF, CF","Werth, Jayson R  ","$9,201,000","21700",".261",".351",".418","91.0","31.7","8.40","18.9","65.6",".781","5.91","127.8","26.3","60.5","Ex","Fr",".284",".381",".475","25.8",".248",".334",".386","36.2","Fragile","Pr",  
"CF, 1B, LF, RF","Donlin, Mike L  ","$9,200,000","31539",".300",".354",".444","92.0","44.2","12.6","16.4","47.9",".651","7.82","72.5","24.1","49.8","Av","Vg",".294",".342",".418","51.9",".302",".361",".457","41.2","Prone","Fr",  
"CF, LF, RF","Agee, Tommie R  ","$9,164,000","49294",".258",".319",".403","74.2","36.2","12.7","18.8","60.0",".616","5.03","116.4","25.1","40.6","Av","Vg",".265",".331",".418","33.8",".254",".312",".396","37.6","Normal","Fr",  
"C","Hartnett, Gabby R  ","$9,149,000","25827",".254",".331",".435","84.4","26.0","9.88","17.2","1827.6",".615","6.14","155.5","22.3","38.6","Fr","Pr",".263",".343",".470","21.2",".249",".324",".417","29.5","Normal","Pr",  
"3B","Ramirez, Aramis R  ","$9,149,000","51375",".279",".338",".460","90.4","26.1","13.1","17.0","998.2",".538","12.6","155.5","21.4","39.4","Fr","Pr",".286",".347",".483","23.5",".274",".333",".444","28.2","Prone","Pr",  
"CF, LF, RF","Lock, Don R  ","$9,130,000","28381",".241",".336",".408","81.6","25.2","8.07","24.6","353.1",".567","4.18","157.1","34.7","39.9","Fr","Fr",".262",".361",".451","22.6",".228",".321",".381","27.4","Normal","Pr",  
"RF","Bruce, Jay L  ","$9,120,000","55710",".242",".308",".421","76.9","24.9","11.4","19.8","461.3",".573","5.81","129.6","26.4","52.7","Fr","Fr",".226",".286",".385","28.2",".250",".319",".439","23.5","Normal","Pr",  
"SS","Concepcion, Dave R  ","$9,113,000","23482",".260",".312",".344","63.1","88.6","14.8","22.2","30.8",".686","7.69","211.5","27.3","46.4","Vg","Vg",".277",".335",".389","55.8",".251",".298",".319","133.4","Normal","Fr",  
"1B, 3B, LF, RF","Kingman, Dave R  ","$9,107,000","57171",".224",".290",".471","80.0","14.9","12.4","25.8","126.5",".633","3.89","142.1","35.8","47.7","Av","Av",".241",".316",".503","14.1",".212",".272",".450","15.5","Prone","Pr",  
"SS","Tinker, Joe R  ","$9,094,000","38431",".251",".299",".366","64.4","57.6","15.5","19.0","26.9",".697","8.46","99.5","26.4","48.3","Vg","Ex",".257",".307",".384","49.4",".247",".294",".357","63.3","Normal","Vg",  
"CF, RF","Granderson, Curtis L  ","$9,080,000","23993",".248",".337",".425","89.6","27.5","8.62","19.3","51.3",".699","6.05","72.0","32.1","103.4","Vg","Av",".213",".291",".340","39.8",".263",".357",".459","24.8","Normal","Fr",  
"1B","Fournier, Jack L  ","$9,077,000","46657",".279",".356",".454","94.7","29.3","10.3","17.2","121.2",".562","7.75","74.0","26.8","41.6","Fr","Av",".265",".340",".422","34.3",".288",".367",".477","26.5","Normal","Pr",  
"LF","Rice, Jim R  ","$9,074,000","61410",".275",".331",".454","84.3","24.4","13.5","22.0","171.2",".643","6.75","103.2","31.6","28.1","Av","Fr",".282",".339",".464","24.4",".272",".327",".449","24.4","Normal","Pr",  
"CF, LF, RF","Barrett, Jimmy L  ","$9,073,000","31679",".259",".351",".344","75.4","64.3","8.13","31.5","77.6",".628","7.29","162.3","47.0","47.8","Av","Av",".251",".346",".331","68.1",".264",".354",".352","63.3","Prone","Fr",  
"CF, 1B, LF, RF","Hendrick, George R  ","$9,071,000","32014",".268",".321",".429","79.1","28.2","13.8","20.9","242.9",".588","7.99","177.5","26.1","37.4","Av","Fr",".278",".337",".443","27.9",".262",".311",".420","28.5","Normal","Pr",  
"3B","Johnson, Judy R  ","$9,044,000","18224",".273",".321",".379","71.3","75.9","15.5","18.4","134.3",".538","10.5","93.3","25.6","49.9","Fr","Av",".279",".334",".391","65.9",".272",".316",".372","87.4","Normal","Av",  
"RF","Oliva, Tony L  ","$9,040,000","26268",".289",".327",".437","82.2","38.7","19.5","16.0","199.9",".629","11.5","126.9","19.9","42.1","Av","Fr",".262",".287",".377","52.9",".304",".348",".470","34.0","Prone","Pr",  
"RF, C, 2B, 3B, SS","Kelly, King R  ","$9,003,000","61204",".278",".346",".404","84.1","62.6","10.8","14.6","33.8",".709","7.99","115.0","19.0","46.6","Vg","Vg",".290",".362",".432","58.5",".270",".335",".387","65.5","Normal","Pr",  
"1B","Bottomley, Jim L  ","$8,999,000","46372",".274",".334",".460","89.8","28.4","12.1","15.3","272.9",".592","7.30","70.8","22.3","43.7","Fr","Fr",".257",".315",".423","32.1",".283",".345",".482","26.6","Normal","Pr",  
"2B","Childs, Cupid L  ","$8,988,000","47050",".255",".357",".344","78.0","79.1","7.40","23.8","44.6",".644","7.93","136.6","35.2","48.1","Av","Vg",".248",".351",".332","84.4",".260",".362",".352","75.8","Normal","Fr",  
"2B","Huggins, Miller S  ","$8,986,000","80361",".249",".361",".336","79.1","55.3","6.86","31.7","51.3",".643","7.86","603.5","40.7","54.3","Av","Vg",".243",".355",".316","71.1",".253",".365",".350","48.1","Normal","Av",  
"C, 1B","Posey, Buster R  ","$8,984,000","27059",".293",".357",".422","87.7","43.0","11.1","18.3","419.3",".643","17.7","222.0","22.5","33.2","Av","Pr",".316",".383",".468","36.5",".281",".342",".399","47.3","Prone","Pr",  
"3B","Kakefu, Masayuki L  ","$8,972,000","30563",".259",".340",".392","80.3","35.1","9.12","24.4","221.8",".571","7.55","176.8","32.9","43.9","Fr","Fr",".246",".328",".362","42.2",".267",".348",".411","31.8","Prone","Pr",  
"2B, 1B, SS","Franco, Julio R  ","$8,963,000","51452",".285",".358",".393","83.3","57.3","9.75","21.2","61.7",".635","7.77","127.8","29.4","37.9","Av","Av",".302",".380",".430","44.3",".274",".345",".371","69.9","Normal","Fr",  
"RF, CF","Oms, Alejandro L  ","$8,953,000","36936",".284",".334",".415","82.4","46.4","15.1","17.3","70.2",".622","11.4","125.3","22.2","61.9","Av","Av",".266",".312",".382","50.5",".294",".347",".433","45.4","Normal","Pr",  
"2B, 3B","Polanco, Placido R  ","$8,938,000","19418",".294",".334",".364","72.3","213.4","20.0","20.6","118.1",".664","33.7","134.7","26.8","48.5","Av","Fr",".300",".342",".381","141.2",".291",".330",".357","279.7","Prone","Fr",  
"2B","Castillo, Luis S  ","$8,923,000","63931",".284",".361",".324","75.4","799.1","9.35","34.5","33.2",".623","13.6","169.2","51.5","79.4","Av","Vg",".296",".380",".339","786.6",".277",".349",".314","815.4","Prone","Fr",  
"LF, 2B, 3B","Buford, Don S  ","$8,908,000","39221",".265",".352",".370","83.1","73.9","8.79","19.6","49.2",".632","10.4","86.6","30.5","109.3","Av","Vg",".257",".340",".350","99.1",".269",".358",".380","65.8","Normal","Fr",  
"CF, LF, RF","Spence, Stan L  ","$8,905,000","29830",".260",".329",".417","82.7","35.9","10.9","17.2","246.0",".574","9.72","75.4","25.9","59.0","Fr","Fr",".240",".304",".375","46.2",".271",".343",".439","32.0","Normal","Pr",  
"CF","Jethroe, Sam S  ","$8,904,000","45225",".268",".327",".402","81.6","45.2","13.5","18.4","27.5",".767","5.56","77.8","27.4","82.2","Ex","Vg",".265",".326",".394","50.8",".269",".329",".407","42.7","Normal","Pr",  
"CF","Stenzel, Jake R  ","$8,901,000","53598",".276",".339",".409","82.6","59.7","12.4","14.3","20.7",".693","7.55","86.4","19.4","46.2","Vg","Ex",".282",".343",".418","59.7",".271",".336",".402","59.9","Normal","Pr",  
"1B","Fleming, Les L  ","$8,883,000","25346",".269",".362",".419","91.7","36.4","8.15","17.6","566.6",".612","6.89","108.7","25.2","42.2","Fr","Pr",".243",".324",".343","65.0",".284",".382",".461","29.1","Normal","Pr",  
"C","Munson, Thurman R  ","$8,862,000","29060",".284",".336",".394","76.6","59.3","14.6","19.4","199.0",".637","10.3","138.4","25.2","36.6","Fr","Fr",".291",".346",".402","55.4",".278",".329",".386","63.2","Normal","Pr",  
"DH, 1B, RF","Blomberg, Ron L  ","$8,851,000","20855",".297",".366",".471","102.6","29.2","10.1","15.9","733.3",".552","12.6","139.7","20.5","64.3","Fr","Pr",".230",".268",".313","70.7",".314",".389",".509","25.6","Prone","Pr",  
"3B","Traynor, Pie R  ","$8,843,000","37018",".274",".321",".391","73.6","68.7","15.6","17.5","92.4",".574","10.6","65.8","26.8","50.2","Fr","Av",".280",".331",".405","64.8",".270",".315",".384","72.1","Normal","Av",  
"2B","Doyle, Larry L  ","$8,817,000","31963",".277",".342",".419","85.3","43.2","11.4","16.4","54.5",".634","10.2","96.6","22.7","52.2","Av","Vg",".270",".332",".410","43.2",".281",".348",".424","43.2","Prone","Av",  
"2B","Fox, Nellie L  ","$8,817,000","31923",".280",".329",".345","69.2","313.0","17.8","21.6","178.5",".576","22.3","121.3","29.5","69.1","Fr","Fr",".272",".315",".322","1924.2",".283",".337",".359","203.4","Iron","Av",  
"LF","Veach, Bobby L  ","$8,815,000","25598",".281",".329",".434","83.3","47.4","15.3","13.7","84.6",".594","9.31","64.2","19.6","48.9","Av","Av",".266",".311",".404","53.1",".289",".339",".451","44.2","Normal","Fr",  
"CF","Hunter, Torii R  ","$8,813,000","27215",".262",".323",".405","74.3","34.5","12.6","19.9","52.7",".618","7.14","164.0","25.4","32.7","Av","Vg",".275",".337",".432","32.3",".255",".315",".392","35.8","Prone","Fr",  
"SS, 1B, 3B","Garciaparra, Nomar R  ","$8,811,000","39865",".285",".331",".438","85.0","39.3","16.0","15.7","110.8",".709","16.3","83.2","21.4","48.5","Vg","Fr",".284",".329",".435","40.2",".284",".332",".439","38.9","Fragile","Pr",  
"1B","Cooper, Cecil L  ","$8,799,000","29048",".283",".323",".436","82.4","33.9","18.3","17.6","149.4",".641","8.54","141.3","21.8","56.2","Av","Fr",".268",".301",".396","41.6",".291",".334",".459","29.9","Normal","Av",  
"CF","Milan, Clyde L  ","$8,794,000","28489",".275",".338",".372","75.3","63.0","11.9","23.5","34.1",".624","9.76","166.9","31.0","53.9","Av","Ex",".267",".331",".362","59.8",".280",".343",".379","65.3","Normal","Av",  
"RF, LF","Carbo, Bernie L  ","$8,792,000","44279",".251",".364",".413","93.5","30.3","6.67","17.7","201.4",".636","5.46","169.1","24.2","50.9","Av","Fr",".189",".287",".245","101.8",".267",".384",".456","25.7","Normal","Pr",  
"3B","Williams, Matt R  ","$8,761,000","34584",".257",".300",".437","74.6","23.1","18.0","23.4","209.0",".627","6.83","137.8","30.7","37.1","Av","Fr",".271",".319",".468","20.5",".249",".288",".416","25.3","Prone","Pr",  
"CF","Blair, Paul R  ","$8,756,000","28826",".257",".303",".379","67.2","62.0","16.3","16.6","48.5",".629","8.26","83.6","23.2","53.8","Av","Vg",".263",".311",".390","56.7",".253",".299",".371","66.1","Normal","Vg",  
"1B","Konetchy, Ed R  ","$8,738,000","24271",".268",".334",".415","82.0","47.1","11.6","15.6","61.9",".641","7.80","60.3","24.5","46.2","Av","Vg",".281",".348",".437","42.4",".261",".327",".403","50.1","Normal","Fr",  
"CF","Otis, Amos R  ","$8,734,000","43034",".264",".335",".409","83.2","38.4","10.5","17.8","33.6",".688","9.02","101.9","24.9","54.8","Vg","Vg",".282",".364",".451","32.4",".254",".320",".388","41.7","Normal","Fr",  
"LF, 1B, CF, RF","Stovey, Harry R  ","$8,720,000","22689",".253",".328",".415","82.7","43.6","9.94","13.9","20.0",".696","6.33","51.6","22.6","54.3","Vg","Ex",".261",".341",".429","42.2",".248",".320",".407","44.5","Iron","Pr",  
"LF","Brock, Lou L  ","$8,703,000","32202",".275",".326",".396","80.0","64.9","14.8","16.4","13.6",".701","6.63","80.2","22.9","124.7","Vg","Ex",".258",".308",".354","115.2",".286",".336",".421","51.6","Iron","Fr",  
"1B","Orr, Dave R  ","$8,700,000","33542",".303",".321",".440","80.5","81.6","38.9","12.8","75.0",".647","7.33","48.0","18.4","48.1","Av","Av",".310",".331",".461","70.3",".299",".315",".427","88.7","Prone","Pr",  
"2B","Randolph, Willie R  ","$8,685,000","39996",".263",".360",".337","78.0","173.9","7.70","21.3","57.4",".623","13.8","122.2","31.3","54.4","Av","Av",".270",".366",".348","199.5",".260",".358",".332","160.0","Prone","Fr",  
"RF, CF","Furillo, Carl R  ","$8,680,000","34672",".274",".322",".394","73.0","51.3","16.3","18.6","175.3",".576","10.3","134.1","23.8","38.1","Fr","Fr",".290",".341",".414","52.4",".266",".311",".384","50.7","Normal","Pr",  
"1B, 3B","Scott, George R  ","$8,670,000","28041",".257",".315",".403","72.2","34.3","13.1","20.6","277.8",".597","6.16","120.5","28.0","32.2","Fr","Fr",".258",".313",".405","33.2",".257",".317",".402","34.6","Normal","Pr",  
"CF, LF, RF","Burks, Ellis R  ","$8,666,000","37866",".264",".334",".449","87.5","25.0","10.6","19.1","85.8",".640","7.40","90.8","28.0","40.1","Av","Av",".264",".337",".444","25.7",".265",".334",".452","24.8","Prone","Pr",  
"3B","Rolfe, Red L  ","$8,666,000","32542",".267",".325",".368","72.4","85.2","12.8","17.9","198.5",".670","8.92","110.2","24.0","59.3","Av","Fr",".255",".311",".330","123.4",".273",".333",".388","73.1","Normal","Pr",  
"1B, LF","Watson, Bob R  ","$8,661,000","28915",".284",".349",".434","88.2","34.5","11.4","18.2","398.0",".664","8.81","124.5","24.3","37.4","Av","Pr",".290",".355",".439","35.8",".280",".345",".432","33.9","Prone","Pr",  
"3B","Ensberg, Morgan R  ","$8,658,000","50895",".247",".345",".400","83.3","30.6","7.81","21.7","249.4",".630","7.67","140.0","30.9","38.2","Av","Fr",".264",".367",".439","26.5",".236",".329",".373","34.2","Normal","Pr",  
"1B","Trosky, Hal L  ","$8,654,000","58783",".264",".320",".455","85.4","23.6","13.2","18.1","218.7",".622","7.92","125.0","23.7","47.2","Av","Fr",".254",".306",".431","25.7",".269",".328",".468","22.6","Normal","Pr",  
"3B, 1B","Glaus, Troy R  ","$8,647,000","42170",".242",".346",".437","90.7","21.2","7.33","21.1","294.8",".556","5.83","189.0","28.4","40.2","Fr","Fr",".265",".379",".495","18.4",".227",".324",".399","23.5","Prone","Pr",  
"LF, 1B","Dunn, Adam L  ","$8,631,000","32290",".233",".348",".451","97.0","17.6","6.84","24.7","179.3",".628","4.20","190.9","34.7","74.5","Av","Fr",".205",".310",".370","21.6",".246",".364",".488","16.1","Normal","Pr",  
"SS, 3B","Wallace, Bobby R  ","$8,629,000","57637",".260",".324",".392","75.2","55.9","11.5","15.5","98.2",".629","7.40","82.0","21.8","47.8","Av","Av",".260",".327",".392","57.0",".259",".320",".389","56.8","Normal","Pr",  
"RF, LF, CF","Hidalgo, Richard R  ","$8,625,000","29993",".251",".322",".420","79.1","27.4","11.5","18.7","381.1",".557","6.54","179.3","23.7","38.9","Fr","Fr",".248",".315",".412","29.4",".253",".326",".425","26.4","Prone","Pr",  
"3B, LF","Hart, Jim Ray R  ","$8,591,000","33193",".274",".341",".448","88.0","25.9","11.1","20.1","501.0",".592","8.31","127.8","27.2","33.4","Av","Pr",".271",".342",".433","27.7",".275",".340",".457","25.1","Normal","Pr",  
"C","Salkeld, Bill L  ","$8,589,000","29630",".253",".375",".426","99.4","23.1","6.14","24.0","473.0",".679","7.24","589.3","30.6","44.6","Av","Pr",".204",".314",".300","42.1",".262",".386",".451","21.2","Normal","Pr",  
"C","Haller, Tom L  ","$8,582,000","14549",".257",".332",".400","81.0","35.1","10.2","20.5","342.3",".593","7.84","133.6","27.9","61.3","Pr","Fr",".220",".296",".323","50.7",".269",".345",".425","31.8","Normal","Pr",  
"CF, LF","Ellsbury, Jacoby L  ","$8,579,000","25427",".278",".334",".368","77.7","100.9","13.3","20.4","21.4",".756","13.0","90.7","29.8","82.2","Ex","Vg",".284",".337",".375","104.5",".274",".333",".365","98.0","Fragile","Fr",  
"1B","Mattingly, Don L  ","$8,568,000","28797",".276",".319",".402","75.1","48.6","16.7","16.6","564.9",".688","19.1","285.0","19.1","44.9","Fr","Pr",".264",".303",".369","59.9",".284",".330",".422","43.8","Prone","Pr",  
"LF","Matsui, Hideki L  ","$8,565,000","39310",".273",".349",".416","87.0","37.3","9.52","18.5","872.0",".586","10.0","150.2","24.3","45.2","Fr","Pr",".268",".339",".404","40.9",".276",".354",".421","35.3","Normal","Pr",  
"3B, 1B","Zimmerman, Ryan R  ","$8,556,000","35753",".266",".332",".422","80.5","32.2","11.1","18.0","504.0",".642","8.53","156.1","23.0","32.1","Av","Pr",".282",".358",".466","26.6",".257",".317",".398","36.3","Fragile","Pr",  
"1B","Clark, Will L  ","$8,553,000","31592",".272",".343",".419","87.1","37.6","10.4","17.5","182.6",".590","7.56","115.0","23.7","69.6","Fr","Fr",".253",".317",".371","49.2",".283",".357",".447","32.8","Prone","Pr",  
"2B","McPhee, Bid R  ","$8,549,000","31387",".234",".319",".341","66.6","69.4","9.18","19.1","24.6",".702","7.95","97.4","28.1","44.5","Vg","Ex",".242",".331",".360","66.1",".229",".311",".331","71.3","Normal","Pr",  
"SS","Reyes, Jose S  ","$8,530,000","35564",".281",".335",".387","80.1","97.4","13.1","17.0","25.7",".688","20.4","63.7","26.6","87.9","Vg","Vg",".274",".328",".375","109.0",".285",".338",".395","91.8","Fragile","Av",  
"LF, 3B, RF","Gordon, Sid R  ","$8,507,000","32061",".266",".348",".428","87.4","29.4","9.10","19.4","644.2",".620","9.92","151.7","26.0","32.9","Fr","Pr",".272",".356",".436","29.3",".263",".343",".421","29.7","Normal","Pr",  
"SS","Campaneris, Bert R  ","$8,500,000","28501",".261",".310",".344","66.4","134.4","16.0","19.9","16.5",".690","9.57","105.2","27.5","110.4","Vg","Ex",".263",".314",".345","152.7",".259",".308",".342","127.6","Normal","Vg",  
"RF, CF","Murcer, Bobby L  ","$8,478,000","43932",".268",".344",".428","89.7","31.1","9.63","18.6","79.2",".662","8.84","119.2","25.6","65.1","Av","Av",".253",".330",".393","36.3",".277",".353",".447","28.9","Normal","Av",  
"CF, LF, RF","Grissom, Marquis R  ","$8,464,000","30576",".262",".312",".365","70.1","68.2","14.9","20.6","24.9",".782","10.0","105.9","28.6","58.5","Ex","Vg",".274",".325",".387","59.9",".255",".305",".352","73.7","Normal","Fr",  
"SS","Rigney, Topper R  ","$8,450,000","29261",".257",".353",".364","80.2","62.5","7.89","20.3","126.9",".560","8.30","120.7","29.9","50.2","Fr","Av",".264",".361",".386","51.8",".253",".347",".350","73.0","Normal","Vg",  
"3B, 1B","Kell, George R  ","$8,449,000","25313",".285",".333",".369","73.2","153.4","15.6","17.0","201.1",".590","12.5","196.8","20.6","50.7","Fr","Fr",".296",".346",".389","121.6",".280",".325",".358","181.5","Prone","Fr",  
"CF, 1B","Judnich, Wally L  ","$8,443,000","32720",".251",".325",".398","78.7","35.0","10.3","18.8","314.5",".626","7.08","137.3","25.1","65.8","Fr","Fr",".241",".314",".373","40.2",".258",".332",".414","32.3","Normal","Pr",  
"1B","Milligan, Randy R  ","$8,441,000","69469",".255",".377",".408","94.2","33.4","6.15","18.5","326.7",".558","6.51","128.2","27.1","33.5","Fr","Fr",".265",".390",".429","30.0",".248",".368",".394","36.3","Normal","Pr",  
"LF, RF","Cruz, Jose Sr L  ","$8,402,000","29132",".280",".342",".412","84.9","46.5","11.5","17.7","53.8",".619","9.01","99.7","24.5","67.2","Av","Vg",".259",".312",".362","64.0",".290",".358",".438","40.8","Normal","Pr",  
"CF, LF, RF","Murphy, Dwayne L  ","$8,401,000","22343",".234",".338",".380","80.4","30.3","7.46","26.1","112.3",".641","5.30","133.5","39.8","59.2","Av","Av",".199",".293",".313","40.1",".249",".357",".409","27.4","Prone","Av",  
"SS","Simmons, Andrelton R  ","$8,394,000","5356",".284",".330",".359","67.8","214.2","15.2","20.2","253.0",".500","41.0","100.3","28.1","32.5","Av","Fr",".282",".327",".364","252.2",".285",".332",".357","160.8","Prone","Fr",  
"SS","Vizquel, Omar S  ","$8,387,000","33330",".262",".328",".317","64.4","537.6","11.4","23.2","38.5",".632","16.5","191.3","30.3","65.4","Av","Vg",".251",".313",".296","2004.7",".269",".336",".329","373.3","Normal","Fr",  
"2B","Knoblauch, Chuck R  ","$8,382,000","41675",".269",".355",".343","78.9","212.6","9.62","20.3","26.6",".688","13.3","104.4","29.9","72.8","Vg","Vg",".272",".358",".346","208.4",".268",".353",".343","215.9","Normal","Pr",  
"RF, LF, CF","McNair, Hurley S  ","$8,365,000","21667",".254",".329",".385","74.6","43.6","10.3","18.5","73.4",".637","8.13","150.5","24.1","37.7","Av","Av",".255",".334",".379","52.5",".254",".326",".388","39.9","Normal","Pr",  
"SS","Peckinpaugh, Roger R  ","$8,360,000","19663",".239",".313",".333","62.9","57.3","10.5","26.5","84.0",".640","7.52","291.1","33.7","48.8","Av","Av",".251",".331",".351","52.6",".232",".304",".323","60.3","Normal","Av",  
"C, CF","Bresnahan, Roger R  ","$8,344,000","22603",".263",".367",".395","90.6","50.7","7.37","15.8","66.9",".633","8.10","125.6","22.0","51.8","Av","Vg",".270",".381",".411","47.4",".259",".360",".386","52.7","Prone","Fr",  
"RF, CF","McBride, Bake L  ","$8,335,000","16568",".279",".327",".385","76.4","77.1","16.4","19.3","31.3",".726","8.77","70.8","29.7","61.6","Vg","Vg",".258",".300",".347","98.7",".290",".341",".404","69.3","Prone","Pr",  
"C, 1B","Simmons, Ted S  ","$8,326,000","36677",".271",".323",".419","77.1","37.2","14.0","16.8","2862.1",".452","12.7","157.8","20.7","31.7","Pr","Pr",".273",".328",".415","40.3",".271",".320",".421","35.6","Normal","Pr",  
"1B, LF","Siebern, Norm L  ","$8,320,000","11157",".251",".345",".364","80.2","56.1","8.04","19.8","478.3",".692","6.37","123.0","28.2","81.7","Fr","Pr",".233",".320",".313","104.9",".260",".357",".389","46.0","Normal","Pr",  
"CF, 1B, LF, RF","Van Slyke, Andy L  ","$8,318,000","30264",".259",".333",".398","82.3","47.7","10.1","16.8","25.6",".776","6.57","66.2","26.4","57.4","Ex","Vg",".234",".300",".334","71.3",".272",".350",".431","40.3","Normal","Fr",  
"3B","Keltner, Ken R  ","$8,308,000","20701",".258",".308",".414","73.9","34.0","15.6","17.4","294.9",".550","8.13","106.6","23.3","42.9","Fr","Fr",".274",".327",".447","31.8",".249",".296",".396","35.3","Prone","Pr",  
"LF, CF, RF","Lush, Billy S  ","$8,297,000","36254",".240",".356",".366","84.3","45.7","6.60","21.5","31.6",".700","7.05","85.4","37.2","52.8","Vg","Vg",".245",".360",".374","47.0",".238",".354",".362","45.0","Normal","Pr",  
"2B","Bishop, Max L  ","$8,293,000","53162",".218",".364",".294","74.7","74.8","5.48","29.4","235.2",".592","6.66","650.4","38.8","52.5","Fr","Fr",".208",".355",".269","96.9",".226",".370",".312","65.0","Normal","Pr",  
"CF, LF, RF","Bostock, Lyman L  ","$8,293,000","27877",".290",".340",".385","75.7","145.2","14.5","16.9","67.0",".637","12.0","74.2","24.5","36.5","Av","Av",".259",".298",".309","1620.8",".304",".358",".417","102.5","Prone","Pr",  
"3B, 2B","Gardner, Larry L  ","$8,285,000","24019",".263",".319",".381","72.1","59.6","13.2","18.4","81.1",".618","9.14","84.2","27.1","50.8","Av","Av",".257",".309",".364","65.7",".265",".324",".390","56.0","Normal","Fr",  
"1B, LF, RF","Kruk, John L  ","$8,285,000","24870",".280",".368",".395","87.8","53.9","8.09","19.8","150.5",".582","7.10","127.2","27.9","39.7","Av","Fr",".254",".334",".332","91.4",".294",".386",".428","44.8","Prone","Pr",  
"2B","Doerr, Bobby R  ","$8,282,000","28267",".252",".308",".415","73.9","31.0","13.3","18.1","288.5",".545","7.85","97.1","25.1","38.5","Fr","Fr",".264",".324",".431","32.1",".245",".299",".408","30.2","Normal","Pr",  
"CF","Phillips, Adolfo R  ","$8,280,000","25766",".241",".324",".383","75.1","43.2","9.77","16.7","92.9",".614","4.67","90.9","24.0","57.0","Av","Vg",".234",".312",".364","48.4",".245",".330",".394","40.7","Normal","Pr",  
"RF","Parker, Dave L  ","$8,275,000","30651",".279",".323",".435","81.3","35.1","17.1","16.5","89.2",".608","7.06","104.0","21.5","48.2","Fr","Av",".272",".310",".401","43.8",".284",".332",".457","31.4","Prone","Pr",  
"CF","Sizemore, Grady L  ","$8,272,000","17730",".251",".332",".401","83.2","40.4","9.81","16.4","30.8",".707","6.09","76.8","24.6","87.8","Vg","Vg",".238",".313",".371","47.2",".258",".343",".418","37.1","Prone","Pr",  
"DH, LF, RF","Canseco, Jose R  ","$8,270,000","36674",".253",".337",".481","94.0","17.2","9.27","21.6","77.8",".643","4.69","173.6","28.7","37.6","Av","Av",".267",".355",".516","16.0",".246",".327",".462","17.9","Prone","Pr",  
"CF, LF, RF","Kemp, Matt R  ","$8,267,000","49411",".278",".332",".447","84.0","28.7","13.1","18.2","77.5",".648","6.01","117.0","24.0","33.2","Av","Av",".305",".373",".513","23.3",".263",".310",".412","32.6","Normal","Pr",  
"1B, C","York, Rudy R  ","$8,267,000","32190",".246",".324",".438","82.6","22.4","9.74","19.5","220.7",".598","5.50","155.0","25.6","36.2","Av","Fr",".253",".334",".453","21.5",".242",".318",".429","22.9","Normal","Pr",  
"CF, LF","Damon, Johnny L  ","$8,259,000","32265",".265",".330",".367","76.8","85.4","11.2","18.5","28.2",".712","13.2","85.3","27.2","112.4","Vg","Vg",".255",".319",".339","141.2",".269",".335",".380","73.3","Normal","Fr",  
"CF, RF","Cain, Lorenzo R  ","$8,253,000","4726",".267",".329",".339","66.8","147.7","12.1","21.1","28.7",".682","9.64","227.3","26.0","40.2","Vg","Vg",".270",".339",".341","143.8",".265",".324",".339","143.0","Prone","Pr",  
"SS, 3B","Stephens, Vern R  ","$8,251,000","30919",".259",".312",".426","77.3","26.7","13.9","20.7","890.6",".603","7.27","156.7","26.4","41.9","Av","Pr",".265",".322",".447","23.9",".255",".306",".415","28.5","Normal","Pr",  
"LF","Stone, George R L  ","$8,227,000","30245",".299",".360",".425","90.5","54.2","11.6","18.2","52.5",".629","7.84","71.8","28.3","51.0","Av","Vg",".281",".339",".386","73.4",".307",".370",".445","48.0","Prone","Av",  
"3B, 1B","Joyce, Bill L  ","$8,210,000","34079",".237",".365",".403","91.4","34.6","6.58","16.6","58.3",".599","5.95","64.3","29.2","43.2","Av","Vg",".221",".345",".363","38.9",".247",".376",".427","32.4","Normal","Pr",  
"1B","Fain, Ferris L  ","$8,200,000","28401",".254",".369",".340","82.1","96.9","6.54","19.6","160.0",".597","9.74","247.0","26.1","49.8","Av","Fr",".240",".352",".305","134.1",".262",".380",".363","82.2","Normal","Pr",  
"CF","Finley, Steve L  ","$8,192,000","40043",".258",".321",".410","78.8","34.9","12.1","18.9","74.9",".653","10.5","83.3","28.1","56.4","Av","Av",".255",".314",".401","36.3",".259",".324",".414","34.0","Normal","Av",  
"CF, LF, RF","Ryan, Jimmy R  ","$8,189,000","25744",".268",".333",".407","80.1","48.7","11.4","15.1","70.8",".614","7.10","94.3","20.5","48.1","Av","Vg",".279",".347",".430","42.5",".262",".326",".396","52.7","Normal","Fr",  
"SS","Long, Herman L  ","$8,173,000","33957",".239",".294",".345","60.4","54.6","14.1","21.4","24.4",".698","7.83","252.9","26.0","53.9","Vg","Ex",".229",".278",".306","90.9",".245",".301",".365","45.5","Normal","Fr",  
"2B","Boone, Bret R  ","$8,171,000","37390",".261",".319",".399","74.3","38.5","13.3","18.9","175.8",".632","7.34","162.6","23.9","42.6","Av","Fr",".267",".326",".408","38.9",".258",".315",".394","38.3","Normal","Pr",  
"LF, CF, RF","Mack, Shane R  ","$8,166,000","27598",".280",".343",".406","81.5","52.7","12.9","17.5","95.2",".576","7.30","87.8","24.9","41.2","Av","Av",".296",".359",".435","47.7",".270",".335",".388","57.4","Prone","Pr",  
"LF, 1B, CF, RF","Mayberry, John Jr R  ","$8,154,000","35307",".249",".324",".426","80.4","27.7","10.0","16.4","256.2",".574","6.91","165.4","20.7","37.6","Av","Fr",".274",".358",".485","22.8",".218",".278",".349","38.3","Normal","Pr",  
"SS","Bell, Jay R  ","$8,144,000","25958",".251",".329",".372","73.8","56.1","9.98","17.8","208.4",".577","7.08","99.0","25.5","46.8","Fr","Fr",".275",".359",".421","42.6",".238",".312",".345","68.1","Normal","Pr",  
"CF, 1B","Hines, Paul R  ","$8,142,000","29790",".270",".323",".374","72.3","81.0","14.2","16.2","53.1",".695","9.19","184.7","19.7","50.8","Vg","Av",".276",".329",".389","71.8",".267",".320",".366","88.2","Iron","Pr",  
"CF, 1B, LF","Erstad, Darin L  ","$8,129,000","18729",".271",".320",".359","69.9","106.4","14.9","19.8","51.4",".678","9.66","114.6","26.5","76.4","Vg","Av",".263",".310",".341","130.9",".275",".326",".369","96.7","Fragile","Pr",  
"RF, CF","Mondesi, Raul R  ","$8,128,000","45930",".261",".313",".427","78.8","29.8","14.1","18.3","73.1",".618","6.82","100.9","24.8","58.0","Av","Vg",".264",".313",".431","30.2",".259",".314",".426","29.4","Normal","Pr",  
"1B","Morneau, Justin L  ","$8,126,000","29601",".267",".331",".426","82.9","31.5","11.6","17.9","265.2",".566","9.53","150.1","23.0","44.6","Fr","Fr",".244",".296",".373","41.3",".280",".349",".456","27.5","Prone","Pr",  
"LF, RF","Alou, Moises R  ","$8,124,000","24256",".281",".349",".439","90.0","29.9","10.5","19.9","98.8",".684","13.7","156.2","26.0","38.9","Vg","Fr",".303",".384",".483","26.1",".270",".330",".416","32.3","Fragile","Pr",  
"LF","Luzinski, Greg R  ","$8,124,000","36152",".257",".341",".446","90.5","22.4","9.46","19.9","463.6",".627","4.68","231.8","25.1","48.7","Av","Pr",".259",".344",".448","22.1",".255",".339",".443","22.6","Prone","Pr",  
"SP, 1B, LF, RF","Smith, Hilton R  ","$8,122,000","5488",".237",".267",".387","56.4","31.5","25.7","21.4","414.6",".452","6.34","126.2","27.5","34.1","Fr","Fr",".234",".266",".393","29.5",".239",".268",".382","33.7","Normal","Pr",  
"LF, CF","Gardner, Brett L  ","$8,121,000","20189",".256",".340",".338","77.2","148.4","9.20","20.8","20.5",".760","8.50","83.4","33.4","133.3","Ex","Vg",".244",".326",".309","327.6",".263",".348",".356","112.0","Normal","Av",  
"CF, LF, RF","Stahl, Chick L  ","$8,104,000","26838",".273",".339",".395","79.5","59.0","11.3","17.7","52.9",".625","7.61","77.9","26.6","46.9","Av","Vg",".262",".326",".370","71.9",".279",".345",".407","53.9","Normal","Fr",  
"C","Santop, Louis L  ","$8,100,000","40113",".259",".299",".417","69.6","29.2","19.1","21.1","917.1",".681","8.77","137.3","27.1","29.8","Fr","Pr",".253",".291",".397","33.3",".262",".304",".427","27.6","Normal","Pr",  
"CF, LF, RF","Cruz, Jose Jr S  ","$8,085,000","35566",".240",".325",".397","79.7","31.2","8.83","19.8","56.5",".712","5.90","105.8","28.7","65.6","Vg","Av",".247",".340",".417","27.5",".236",".317",".386","34.1","Prone","Pr",  
"CF","DiMaggio, Dom R  ","$8,078,000","19423",".258",".329",".357","71.8","82.7","10.7","18.6","153.5",".640","7.41","130.5","24.8","59.6","Av","Fr",".278",".350",".386","66.6",".248",".319",".341","94.7","Normal","Av",  
"3B","Marcell, Oliver R  ","$8,063,000","22167",".242",".317",".336","63.7","89.4","10.2","19.2","136.9",".614","7.95","142.3","25.6","42.7","Fr","Av",".254",".334",".356","78.4",".235",".308",".324","96.8","Normal","Av",  
"LF, CF","Wakamatsu, Tsutomu L  ","$8,061,000","24312",".284",".335",".387","78.3","68.3","15.6","19.3","74.6",".616","21.6","149.7","25.0","65.4","Av","Av",".271",".320",".351","97.2",".290",".342",".405","59.5","Prone","Fr",  
"SS, 3B","Petrocelli, Rico R  ","$8,058,000","24391",".237",".314",".388","72.7","31.7","10.0","20.4","1622.3",".567","6.71","141.4","27.6","44.1","Pr","Pr",".247",".328",".411","29.3",".231",".307",".375","33.3","Prone","Pr",  
"LF","Bay, Jason R  ","$8,057,000","25187",".264",".351",".454","96.1","23.3","8.70","20.7","89.6",".753","5.46","91.6","32.2","52.2","Ex","Fr",".269",".358",".466","22.8",".262",".347",".447","23.6","Fragile","Pr",  
"CF, LF, RF","Hamilton, Josh L  ","$8,047,000","33121",".267",".326",".441","85.8","26.8","12.7","18.6","100.7",".717","6.07","128.8","24.3","64.3","Vg","Fr",".248",".299",".389","33.2",".278",".341",".471","24.1","Fragile","Pr",  
"1B","Beckley, Jake L  ","$8,042,000","27396",".276",".327",".407","78.4","62.0","16.2","15.3","77.0",".609","7.67","67.2","22.5","53.0","Av","Av",".269",".318",".385","68.7",".280",".332",".418","58.7","Normal","Fr",  
"LF, CF","Manush, Heinie L  ","$8,029,000","28958",".288",".325",".417","78.2","56.8","20.4","15.8","137.1",".606","10.0","78.2","21.5","45.7","Av","Fr",".272",".307",".380","81.2",".296",".334",".437","49.3","Normal","Fr",  
"SS","Belanger, Mark R  ","$8,018,000","19613",".227",".297",".273","49.9","516.1","11.6","28.5","94.2",".631","7.83","200.3","38.5","76.1","Av","Av",".229",".299",".284","279.7",".227",".297",".268","1084.0","Normal","Av",  
"LF, SS, CF","Tresh, Tom S  ","$8,011,000","46921",".243",".328",".387","78.3","36.9","9.13","18.9","274.9",".635","7.71","115.8","26.6","60.4","Av","Fr",".246",".335",".389","36.7",".241",".323",".386","36.8","Normal","Pr",  
"RF, LF","Deer, Rob R  ","$8,009,000","61904",".228",".333",".460","94.6","16.7","7.36","22.4","256.3",".635","3.63","141.1","32.2","92.4","Av","Fr",".248",".361",".518","14.5",".198",".291",".372","21.9","Prone","Pr",  
"2B","Durham, Ray S  ","$8,004,000","55363",".266",".336",".390","78.7","59.2","10.6","16.9","39.9",".613","9.70","82.7","24.6","55.3","Av","Vg",".268",".340",".388","64.7",".265",".334",".391","56.0","Prone","Fr",  
"RF, LF","Johnson, Heavy R  ","$8,004,000","10598",".278",".337",".416","82.1","49.1","12.4","16.3","120.1",".551","8.46","73.5","23.9","45.8","Fr","Av",".279",".341",".428","43.2",".280",".337",".413","51.6","Normal","Pr",  
"RF","Tartabull, Danny R  ","$7,993,000","42098",".260",".351",".461","96.2","22.6","8.08","16.9","347.5",".553","4.63","124.4","23.2","47.5","Fr","Fr",".275",".367",".496","20.8",".253",".344",".444","23.6","Prone","Pr",  
"DH, 1B, 3B","Encarnacion, Edwin R  ","$7,988,000","51272",".259",".347",".457","94.9","20.5","8.54","22.2","226.5",".711","9.81","188.9","29.6","42.2","Vg","Pr",".273",".364",".481","20.2",".251",".338",".442","20.7","Prone","Pr",  
"C","Campanella, Roy R  ","$7,984,000","19082",".255",".326",".431","81.8","23.2","10.8","23.1","264.7",".591","7.43","293.7","28.5","35.7","Fr","Fr",".269",".342",".463","20.2",".248",".317",".414","25.4","Prone","Pr",  
"RF, LF","O'Neill, Paul L  ","$7,984,000","24980",".264",".336",".402","78.4","41.6","10.3","17.2","184.1",".631","7.86","157.2","21.9","33.7","Av","Fr",".239",".295",".346","57.3",".278",".357",".432","36.4","Normal","Pr",  
"SS","Bush, Donie S  ","$7,983,000","48867",".231",".336",".310","67.3","68.7","7.45","31.3","52.1",".626","8.79","345.1","41.8","54.8","Av","Vg",".222",".328",".287","89.3",".236",".342",".325","59.1","Iron","Av",  
"LF, CF, RF","Anderson, Garret L  ","$7,953,000","25908",".275",".304",".420","73.6","37.4","23.8","17.4","217.2",".594","10.4","134.8","21.3","47.4","Av","Fr",".270",".293",".406","40.7",".278",".310",".428","36.0","Normal","Pr",  
"RF, CF","Jensen, Jackie R  ","$7,949,000","13594",".245",".330",".387","75.2","36.2","9.03","19.5","62.6",".656","8.68","141.2","26.5","33.4","Vg","Av",".254",".341",".400","35.8",".240",".323",".380","36.3","Normal","Pr",  
"SS, 2B, 3B","Valentin, Jose S  ","$7,943,000","17130",".234",".310",".399","75.8","29.7","10.2","18.7","93.9",".615","5.92","109.2","26.1","88.3","Av","Av",".189",".244",".279","60.9",".251",".333",".444","24.9","Prone","Pr",  
"LF","Daniels, Kal L  ","$7,939,000","15362",".275",".371",".449","99.5","26.6","7.65","18.1","52.0",".694","6.05","190.8","23.8","39.5","Vg","Av",".222",".309",".317","50.7",".288",".385",".481","23.8","Fragile","Pr",  
"C, 1B, RF","Tettleton, Mickey S  ","$7,931,000","40758",".228",".345",".407","87.4","24.4","6.64","21.2","395.6",".535","4.78","140.6","30.9","54.4","Fr","Fr",".225",".339",".388","28.2",".230",".349",".417","22.8","Prone","Pr",  
"2B, 1B","Grantham, George L  ","$7,925,000","27127",".250",".341",".391","81.0","40.9","8.40","17.5","108.5",".521","6.48","108.9","25.0","52.3","Fr","Av",".238",".327",".352","50.8",".257",".349",".413","36.8","Normal","Fr",  
"SS, 2B","Hemus, Solly L  ","$7,921,000","39587",".251",".358",".355","82.0","104.2","7.87","16.6","276.4",".599","9.31","84.3","25.5","64.5","Fr","Fr",".243",".347",".324","218.4",".257",".364",".375","77.3","Normal","Pr",  
"3B, 2B, LF, CF, RF","Strang, Sammy S  ","$7,920,000","53447",".255",".361",".365","84.5","49.2","7.28","22.1","28.8",".693","7.92","332.3","28.5","50.7","Vg","Vg",".248",".353",".346","55.1",".259",".366",".376","46.5","Normal","Pr",  
"LF, RF","Ferrara, Al R  ","$7,913,000","19670",".269",".349",".441","92.5","27.3","10.0","18.3","1245.9",".581","6.01","140.2","24.5","51.4","Pr","Pr",".274",".352",".451","26.4",".265",".348",".437","27.5","Prone","Pr",  
"LF","Connolly, Joe L  ","$7,892,000","13717",".271",".355",".426","91.2","42.5","8.92","14.9","50.5",".650","7.50","68.3","22.9","47.7","Av","Vg",".240",".317",".357","73.6",".284",".371",".454","36.4","Prone","Pr",  
"SS, 3B, LF, CF, RF","Kuenn, Harvey R  ","$7,888,000","37598",".288",".335",".374","75.0","149.2","15.0","16.8","155.3",".569","14.9","150.7","20.9","61.4","Fr","Fr",".294",".343",".393","104.8",".284",".330",".363","198.1","Normal","Pr",  
"2B","Kinsler, Ian R  ","$7,883,000","27746",".261",".331",".387","78.6","48.4","11.2","17.8","29.8",".703","15.3","140.6","23.3","56.2","Vg","Vg",".277",".357",".419","39.2",".251",".315",".367","56.5","Prone","Fr",  
"SS, 3B","Jackson, Travis R  ","$7,869,000","36285",".264",".319",".396","73.4","48.6","13.7","16.9","302.0",".587","6.84","99.2","22.8","42.6","Fr","Fr",".275",".333",".417","44.5",".258",".311",".385","51.1","Normal","Fr",  
"3B","Chavez, Eric L  ","$7,840,000","23179",".251",".321",".408","77.6","30.4","10.5","19.7","272.9",".586","7.45","148.1","25.8","45.0","Av","Fr",".223",".274",".334","44.9",".265",".342",".442","26.5","Fragile","Pr",  
"DH, LF, RF","Gamble, Oscar L  ","$7,825,000","17927",".254",".340",".422","88.3","27.2","8.99","20.1","207.4",".647","8.98","138.8","27.6","68.7","Av","Fr",".232",".304",".375","32.8",".264",".356",".445","25.2","Prone","Pr",  
"RF","Markakis, Nick L  ","$7,819,000","40430",".276",".343",".370","76.7","87.7","11.0","18.7","128.9",".667","12.3","168.5","23.8","48.5","Av","Fr",".260",".322",".330","172.8",".286",".354",".394","68.0","Normal","Pr",  
"3B, 1B, SS, LF","Beckwith, John R  ","$7,815,000","46414",".267",".337",".442","86.7","25.2","10.7","21.2","272.0",".632","7.80","124.9","29.3","37.1","Av","Pr",".276",".352",".459","24.4",".262",".328",".433","25.4","Normal","Pr",  
"3B","Kurowski, Whitey R  ","$7,811,000","32380",".265",".336",".429","85.3","29.9","11.3","18.4","222.4",".550","7.20","130.1","24.8","44.3","Fr","Fr",".283",".352",".469","25.7",".256",".329",".408","32.8","Prone","Pr",  
"LF, 3B","Gordon, Alex L  ","$7,788,000","27199",".258",".335",".376","77.5","51.2","10.3","19.7","96.7",".715","7.18","134.3","26.7","55.9","Vg","Fr",".250",".321",".351","62.8",".263",".343",".389","46.6","Prone","Fr",  
"1B","Collins, Ripper S  ","$7,787,000","29251",".253",".322",".436","83.8","26.8","11.2","17.9","221.3",".685","7.02","73.9","27.5","51.7","Av","Fr",".238",".302",".404","29.1",".263",".334",".456","25.5","Normal","Pr",  
"RF, LF, CF","Sanders, Reggie R  ","$7,775,000","17832",".257",".329",".437","86.0","26.4","10.6","18.0","55.7",".667","5.36","99.0","25.4","54.2","Av","Vg",".277",".356",".487","21.9",".249",".317",".415","29.3","Fragile","Pr",  
"CF, LF","Waner, Lloyd L  ","$7,771,000","24193",".271",".314",".342","63.6","114.1","17.9","27.7","169.2",".572","12.4","130.9","38.6","59.6","Fr","Fr",".270",".309",".326","133.7",".273",".316",".352","106.8","Normal","Fr",  
"CF, LF, RF","Henderson, Dave R  ","$7,766,000","27105",".249",".313",".404","75.6","33.0","11.8","17.8","270.3",".716","5.56","152.3","22.6","59.1","Av","Fr",".263",".335",".438","27.9",".241",".299",".383","37.2","Prone","Pr",  
"C","Kendall, Jason R  ","$7,735,000","33415",".279",".350",".337","73.1","375.4","13.6","22.5","61.3",".624","20.3","180.8","29.5","49.2","Av","Av",".287",".360",".355","254.8",".274",".345",".327","520.3","Normal","Pr",  
"LF, CF, RF","Gibson, Kirk L  ","$7,731,000","20084",".250",".331",".405","83.9","32.1","9.73","19.4","37.6",".731","5.53","104.6","27.9","89.8","Vg","Vg",".240",".313",".373","36.2",".257",".341",".424","30.4","Prone","Fr",  
"RF, LF, CF","Choo, Shin-Soo L  ","$7,715,000","41116",".271",".366",".396","91.5","46.9","8.46","19.1","42.0",".690","6.47","132.7","26.7","69.6","Vg","Av",".238",".329",".317","89.9",".288",".385",".437","37.5","Prone","Fr",  
"LF","Mitchell, Dale L  ","$7,715,000","23263",".288",".326",".373","72.7","139.3","18.4","19.7","174.8",".544","14.1","83.3","28.1","80.6","Fr","Fr",".286",".323",".366","141.5",".290",".331",".378","133.3","Normal","Pr",  
"C, 1B","Freehan, Bill R  ","$7,704,000","33222",".255",".326",".380","74.9","45.3","12.0","20.2","733.8",".637","10.2","121.1","28.1","47.1","Av","Pr",".266",".345",".406","38.2",".250",".318",".369","50.5","Normal","Pr",  
"2B","Pratt, Del R  ","$7,689,000","22713",".269",".314",".400","73.1","53.1","16.2","15.8","76.8",".625","8.71","97.4","20.9","47.7","Av","Vg",".279",".326",".414","53.6",".263",".307",".392","52.7","Normal","Fr",  
"RF, LF","Titus, John L  ","$7,686,000","16981",".264",".348",".403","85.5","46.7","9.54","15.8","102.0",".615","8.50","99.9","22.3","52.8","Av","Av",".250",".322",".368","62.9",".271",".361",".421","41.6","Normal","Fr",  
"SS, 3B","Valentin, John R  ","$7,659,000","33428",".249",".324",".380","74.4","53.9","10.4","15.2","258.6",".658","10.8","110.4","20.3","45.9","Av","Fr",".248",".326",".384","52.3",".250",".324",".381","55.1","Prone","Pr",  
"1B","Jordan, Tim L  ","$7,650,000","12734",".265",".353",".428","91.1","34.5","8.30","15.4","106.8",".630","7.71","103.8","21.6","45.5","Av","Av",".261",".345",".418","36.8",".267",".357",".432","33.8","Prone","Pr",  
"LF, 1B","Klesko, Ryan L  ","$7,648,000","23188",".265",".348",".452","92.8","25.3","8.76","17.0","189.3",".609","7.24","123.2","23.0","41.4","Av","Fr",".228",".295",".354","43.0",".281",".371",".495","21.4","Prone","Pr",  
"CF","West, Sam L  ","$7,646,000","21723",".255",".317",".358","68.4","72.4","12.1","19.8","251.8",".565","7.55","97.5","28.4","59.7","Fr","Fr",".242",".301",".324","111.9",".261",".326",".374","62.7","Normal","Pr",  
"1B","Davis, Glenn R  ","$7,645,000","38879",".252",".316",".449","83.2","21.5","13.0","19.4","269.8",".637","7.60","182.9","24.4","41.5","Av","Fr",".263",".334",".475","20.3",".245",".304",".433","22.4","Prone","Pr",  
"LF","Harimoto, Isao L  ","$7,639,000","25832",".279",".349",".396","85.0","47.8","10.6","22.2","43.0",".701","16.7","118.2","31.6","58.2","Vg","Av",".271",".338",".372","60.5",".285",".357",".412","42.8","Normal","Pr",  
"CF, LF","Hoy, William L  ","$7,635,000","27709",".239",".323",".333","68.0","69.3","9.64","23.4","19.2",".706","8.44","150.2","32.8","54.7","Vg","Ex",".228",".316",".299","119.3",".245",".327",".350","57.2","Iron","Vg",  
"2B, RF","Murphy, Danny R  ","$7,628,000","24289",".272",".325",".408","77.6","56.1","14.3","14.3","49.8",".626","7.68","91.8","19.2","48.2","Av","Vg",".277",".333",".417","53.7",".270",".321",".404","56.9","Normal","Fr",  
"CF, LF, RF","Winn, Randy S  ","$7,626,000","23528",".274",".330",".365","72.4","115.9","13.2","18.4","45.8",".604","9.69","103.5","25.1","68.5","Av","Vg",".271",".324",".350","189.5",".276",".333",".375","95.1","Normal","Fr",  
"1B","Vernon, Mickey L  ","$7,617,000","18444",".266",".319",".397","75.4","56.1","13.7","15.3","273.9",".565","8.63","87.7","20.8","54.6","Fr","Fr",".245",".297",".352","80.7",".276",".331",".419","49.4","Normal","Pr",  
"1B, LF, RF","Duda, Lucas L  ","$7,588,000","19751",".253",".342",".451","93.1","22.1","8.80","18.3","874.5",".605","6.06","154.7","24.3","52.8","Fr","Pr",".212",".287",".332","35.6",".259",".351",".469","20.9","Prone","Pr",  
"C","Dietz, Dick R  ","$7,584,000","49194",".257",".382",".415","97.9","29.8","5.98","18.6","1871.2",".571","5.84","307.1","24.5","35.8","Pr","Pr",".275",".404",".453","24.7",".244",".367",".390","34.5","Prone","Pr",  
"SS, 3B","Fregosi, Jim R  ","$7,569,000","24171",".268",".335",".394","79.4","56.0","11.1","17.0","200.3",".631","7.55","79.3","25.0","55.1","Av","Fr",".271",".330",".396","66.7",".265",".335",".393","50.9","Normal","Fr",  
"CF","Griffin, Mike L  ","$7,563,000","13402",".244",".329",".353","72.9","67.3","9.19","17.6","15.8",".721","7.56","138.3","23.4","50.2","Vg","Ex",".234",".312",".322","100.2",".250",".337",".370","57.9","Normal","Pr",  
"CF, LF","Paskert, Dode R  ","$7,560,000","23550",".251",".331",".370","75.8","53.8","9.56","18.0","77.9",".660","6.56","141.8","24.0","63.2","Av","Vg",".261",".342",".395","48.7",".243",".324",".352","58.8","Normal","Av",  
"2B, 3B","Hunt, Ron R  ","$7,549,000","48496",".265",".363",".334","79.5","175.7","10.4","21.1","214.6",".543","18.0","256.9","27.6","64.6","Fr","Fr",".268",".364",".346","141.9",".264",".362",".327","208.9","Normal","Pr",  
"2B","Phillips, Brandon R  ","$7,547,000","25287",".269",".317",".374","69.7","60.8","17.0","21.3","33.7",".693","13.8","131.7","28.1","43.3","Vg","Vg",".276",".325",".387","53.2",".264",".311",".363","67.7","Normal","Pr",  
"1B","May, Lee R  ","$7,543,000","42888",".259",".303",".450","77.4","22.3","18.0","19.6","266.9",".629","5.55","189.2","23.7","36.4","Av","Fr",".272",".318",".481","20.6",".251",".294",".433","23.4","Normal","Pr",  
"2B, 3B, LF, CF","Richardson, Hardy R  ","$7,535,000","15854",".265",".316",".380","70.3","65.5","14.6","17.0","62.0",".679","7.16","100.0","22.8","45.5","Vg","Av",".271",".328",".393","58.6",".262",".310",".374","71.4","Normal","Pr",  
"2B, SS","Dozier, Brian R  ","$7,519,000","19985",".246",".328",".396","79.1","35.4","9.40","18.3","52.9",".687","8.57","105.9","26.0","49.6","Vg","Av",".270",".364",".448","27.6",".231",".305",".363","43.4","Normal","Fr",  
"SS","Moore, Dobie R  ","$7,519,000","24925",".276",".310",".399","72.7","58.5","23.5","16.1","154.2",".678","10.4","114.0","20.3","57.9","Av","Fr",".291",".327",".433","48.2",".267",".300",".377","68.3","Prone","Pr",  
"CF, RF","Baro, Bernardo L  ","$7,506,000","16475",".264",".322",".372","72.9","84.9","12.8","17.1","33.8",".678","10.1","78.1","24.9","67.1","Vg","Vg",".246",".305",".346","85.7",".267",".327",".375","90.6","Normal","Pr",  
"1B","Howard, Ryan L  ","$7,505,000","33742",".243",".318",".443","83.3","20.0","10.4","23.4","996.9",".567","4.20","146.3","32.0","51.0","Pr","Pr",".217",".283",".372","26.1",".256",".335",".479","18.0","Prone","Pr",  
"2B, 3B","Avila, Bobby R  ","$7,490,000","56314",".272",".340",".360","74.8","87.7","11.1","22.0","141.1",".668","9.77","137.8","30.5","50.5","Av","Fr",".278",".351",".370","78.6",".269",".334",".354","94.7","Normal","Vg",  
"SS, 3B","Fernandez, Tony S  ","$7,471,000","38707",".269",".324",".348","67.5","261.5","13.7","18.8","38.8",".625","13.7","79.6","27.8","59.1","Av","Vg",".263",".318",".337","522.8",".272",".326",".353","204.9","Normal","Av",  
"RF, LF, CF","Cooke, Dusty L  ","$7,449,000","21893",".258",".352",".394","83.5","45.3","8.00","17.1","132.2",".547","5.37","107.6","24.3","42.1","Fr","Av",".246",".338",".365","54.6",".264",".360",".406","42.1","Normal","Fr",  
"LF, CF, RF","Smith, Lonnie R  ","$7,448,000","23240",".277",".361",".386","86.3","72.2","9.50","17.8","19.8",".613","7.75","101.6","25.4","92.5","Av","Ex",".283",".365",".398","68.8",".273",".359",".380","74.1","Prone","Fr",  
"LF, RF","Woodling, Gene L  ","$7,446,000","19942",".269",".353",".389","85.5","52.6","8.74","18.5","206.8",".597","10.00","131.9","25.4","65.0","Fr","Fr",".252",".335",".356","63.6",".278",".365",".408","48.1","Prone","Pr",  
"3B, 1B","Shaw, Travis L  ","$7,433,000","5880",".237",".309",".391","71.9","28.5","10.6","22.2","160.4",".631","6.29","243.5","27.6","47.3","Av","Fr",".218",".289",".331","37.5",".245",".319",".421","26.5","Normal","Pr",  
"DH","Hafner, Travis L  ","$7,429,000","28590",".262",".356",".453","96.7","24.2","8.43","17.4","1510.7",".647","6.15","112.7","24.7","44.6","Fr","Pr",".239",".329",".396","30.6",".275",".370",".487","21.5","Fragile","Pr",  
"3B, 1B","Seitzer, Kevin R  ","$7,423,000","33175",".274",".351",".353","76.5","151.5","9.56","19.6","135.8",".627","11.7","133.4","26.7","47.3","Av","Fr",".277",".357",".361","122.9",".272",".348",".349","175.5","Normal","Fr",  
"SS","Glasscock, Jack R  ","$7,409,000","29448",".264",".316",".345","64.5","104.4","15.6","21.9","40.1",".658","10.6","161.1","28.1","47.9","Vg","Vg",".266",".321",".354","93.9",".263",".313",".341","112.4","Normal","Pr",  
"LF, 2B","Soriano, Alfonso R  ","$7,406,000","45222",".257",".304",".445","81.1","24.2","16.4","17.3","36.3",".715","6.11","154.8","21.3","68.4","Vg","Vg",".269",".317",".474","22.5",".249",".297",".428","25.3","Prone","Pr",  
"RF, LF","Goodman, Ival L  ","$7,405,000","27919",".255",".324",".418","81.4","34.0","11.7","17.5","285.1",".539","7.36","65.3","28.2","57.8","Fr","Fr",".251",".317",".415","31.1",".258",".329",".420","35.7","Normal","Pr",  
"CF, LF","McCosky, Barney L  ","$7,383,000","24890",".273",".333",".349","71.2","230.5","12.6","19.5","127.2",".614","9.66","99.8","27.8","68.1","Av","Fr",".264",".317",".330","315.6",".280",".342",".360","202.5","Normal","Av",  
"2B","White, Frank R  ","$7,357,000","11842",".245",".283",".358","58.8","53.8","20.0","19.6","95.5",".624","8.52","171.6","24.0","57.0","Av","Av",".252",".289",".362","56.5",".240",".279",".354","53.5","Prone","Av",  
"3B","Soderholm, Eric R  ","$7,356,000","21027",".249",".320",".384","72.0","35.7","11.2","22.5","237.9",".579","8.68","199.6","28.8","38.2","Fr","Fr",".263",".332",".414","32.5",".241",".313",".366","37.8","Normal","Pr",  
"DH, LF, RF","McRae, Hal R  ","$7,351,000","24882",".279",".341",".422","84.6","55.3","12.8","12.8","112.4",".600","10.9","100.9","16.6","43.5","Fr","Av",".298",".364",".459","44.9",".268",".327",".401","62.8","Prone","Pr",  
"C","Bassler, Johnny L  ","$7,347,000","30910",".257",".365",".318","76.9","98.8","7.06","34.1","338.4",".667","10.3","729.8","43.5","50.0","Av","Pr",".244",".351",".288","158.1",".264",".372",".334","81.8","Normal","Pr",  
"2B","Evers, Johnny L  ","$7,335,000","19330",".265",".341",".358","75.0","75.5","9.85","21.4","44.4",".644","9.52","164.5","28.9","50.5","Av","Vg",".252",".323",".326","126.9",".271",".351",".375","62.1","Prone","Vg",  
"CF, LF, RF","Gutierrez, Franklin R  ","$7,333,000","17844",".264",".319",".391","72.7","43.6","13.3","19.4","38.3",".679","6.44","159.2","24.5","40.4","Vg","Vg",".293",".360",".454","33.0",".240",".287",".336","66.0","Prone","Pr",  
"C","Molina, Yadier R  ","$7,328,000","5607",".287",".332",".388","73.0","73.8","16.1","18.6","164.1",".627","25.1","184.0","22.6","30.7","Av","Fr",".308",".351",".428","76.8",".283",".327",".376","80.5","Prone","Pr",  
"3B, 2B, LF, RF","Thompson, Hank L  ","$7,323,000","29332",".253",".344",".388","83.2","38.7","8.46","21.2","264.8",".522","7.51","113.7","31.2","71.2","Fr","Fr",".234",".321",".331","64.1",".263",".357",".421","31.1","Normal","Pr",  
"3B","DeCinces, Doug R  ","$7,306,000","29392",".246",".319",".412","76.1","31.2","10.5","16.4","333.2",".562","7.25","134.1","21.4","34.5","Fr","Fr",".259",".340",".444","27.1",".239",".308",".394","34.0","Prone","Fr",  
"3B","Caminiti, Ken S  ","$7,302,000","28914",".254",".327",".400","77.1","34.8","10.4","18.6","196.4",".602","7.42","191.8","23.4","40.8","Av","Fr",".255",".325",".402","36.5",".254",".328",".400","33.6","Prone","Pr",  
"1B","Fletcher, Elbie L  ","$7,302,000","21745",".248",".351",".367","81.3","48.5","7.58","20.8","272.5",".573","7.25","128.7","30.3","53.2","Fr","Fr",".238",".345",".337","66.1",".253",".354",".384","42.1","Normal","Pr",  
"1B, LF","Sexson, Richie R  ","$7,293,000","35408",".246",".327",".446","85.3","20.9","9.45","20.2","1675.8",".471","5.06","159.0","26.9","37.0","Fr","Pr",".255",".335",".457","21.2",".241",".322",".441","20.5","Prone","Pr",  
"C, SP","Radcliffe, Double Duty R  ","$7,281,000","7506",".251",".296",".346","58.0","79.0","17.6","20.3","280.6",".580","8.35","133.4","26.4","38.7","Av","Fr",".256",".303",".362","68.2",".246",".290",".333","90.7","Normal","Pr",  
"RF, LF, CF","Tiernan, Mike L  ","$7,280,000","21155",".266",".341",".408","84.3","45.3","9.72","17.0","17.5",".697","7.36","66.2","26.9","48.6","Vg","Ex",".252",".324",".379","51.1",".273",".350",".425","43.0","Normal","Pr",  
"SS","Logan, Johnny R  ","$7,272,000","28767",".260",".319",".359","68.4","75.1","13.3","20.2","697.7",".639","10.4","118.9","27.8","48.2","Fr","Pr",".260",".317",".361","74.9",".260",".320",".358","74.9","Normal","Pr",  
"RF","Pence, Hunter R  ","$7,252,000","23466",".275",".332",".421","80.9","37.2","12.7","18.8","97.7",".599","8.13","96.9","26.2","41.6","Av","Av",".281",".343",".428","36.0",".272",".326",".416","38.1","Normal","Pr",  
"SS","Fletcher, Art R  ","$7,251,000","22925",".258",".306",".358","64.2","77.7","22.9","19.1","81.5",".612","9.54","126.8","25.0","50.9","Av","Av",".263",".314",".373","59.2",".255",".302",".349","92.1","Normal","Fr",  
"CF, LF","Lankford, Ray L  ","$7,251,000","14871",".252",".338",".419","86.4","33.3","8.72","15.6","48.8",".633","4.81","86.0","22.6","71.5","Av","Vg",".227",".298",".354","46.7",".264",".355",".450","29.4","Prone","Pr",  
"LF, 1B, CF, RF","Ward, Gary R  ","$7,244,000","20346",".263",".315",".387","68.6","47.3","14.2","20.4","237.9",".664","6.78","90.3","29.5","31.0","Av","Fr",".275",".332",".417","40.4",".256",".307",".372","51.7","Normal","Pr",  
"CF, LF","Pierre, Juan L  ","$7,243,000","40049",".280",".328",".324","68.0","1430.3","16.6","30.9","12.8",".703","41.8","120.1","47.1","100.6","Vg","Ex",".273",".321",".316","1228.1",".283",".332",".327","1589.1","Normal","Vg",  
"SS","Hollocher, Charlie L  ","$7,237,000","17430",".273",".347",".368","77.6","83.4","10.5","18.9","57.8",".563","11.0","201.5","24.3","53.3","Fr","Vg",".255",".328",".325","112.1",".285",".359",".393","72.9","Fragile","Av",  
"1B, 2B","Kelly, George R  ","$7,228,000","21394",".267",".317",".425","78.4","32.0","15.1","17.4","304.1",".524","6.04","145.4","22.0","48.3","Fr","Fr",".266",".323",".439","28.1",".267",".313",".418","34.6","Prone","Pr",  
"3B","Lowell, Mike R  ","$7,221,000","25116",".267",".327",".420","79.8","35.6","12.2","16.1","318.8",".524","11.8","181.3","19.7","37.8","Fr","Fr",".272",".339",".433","35.2",".264",".321",".410","36.5","Prone","Pr",  
"CF","White, Devon S  ","$7,214,000","21885",".251",".304",".375","69.6","58.8","15.4","16.9","36.1",".720","6.50","80.8","23.9","80.3","Vg","Vg",".244",".299",".357","66.5",".253",".306",".382","55.7","Prone","Av",  
"C","Smith, Earl L  ","$7,213,000","13361",".261",".344",".393","81.6","36.4","9.00","20.9","193.1",".556","10.4","663.2","24.8","44.5","Av","Fr",".228",".298",".292","93.7",".266",".350",".406","33.8","Normal","Pr",  
"1B","Daubert, Jake L  ","$7,212,000","21121",".281",".336",".389","77.4","60.5","13.5","21.7","48.7",".648","8.98","87.5","33.4","47.2","Av","Vg",".277",".328",".371","80.1",".282",".340",".397","54.9","Normal","Av",  
"1B","Easter, Luke L  ","$7,211,000","39822",".266",".320",".452","83.4","21.1","15.6","27.1","1404.1",".477","5.15","142.7","37.5","43.0","Pr","Pr",".254",".308",".418","24.4",".271",".326",".468","19.9","Prone","Pr",  
"CF, LF, RF","Hisle, Larry R  ","$7,209,000","25181",".255",".331",".422","82.4","28.7","10.4","18.6","143.5",".581","5.06","126.8","25.1","46.0","Av","Av",".270",".350",".450","26.2",".246",".320",".406","30.4","Prone","Pr",  
"RF, 1B, LF, CF","Swisher, Nick S  ","$7,207,000","31651",".244",".343",".410","86.5","28.3","7.71","19.0","1120.3",".559","5.98","164.3","25.6","52.9","Pr","Pr",".254",".359",".439","25.0",".238",".334",".392","30.7","Prone","Pr",  
"C","Hiatt, Jack R  ","$7,203,000","25743",".256",".376",".380","90.1","45.8","6.26","19.4","1725.4",".621","4.95","175.5","26.9","42.6","Pr","Pr",".273",".395",".422","37.4",".245",".362",".352","53.4","Prone","Pr",  
"1B","Davis, Harry R  ","$7,180,000","23545",".263",".322",".437","82.9","38.2","12.6","12.9","47.7",".717","7.71","59.4","18.8","42.6","Vg","Vg",".273",".337",".461","33.9",".257",".313",".425","40.5","Prone","Pr",  
"CF","Moore, Terry R  ","$7,173,000","23764",".255",".312",".373","70.0","52.3","13.5","18.7","95.4",".663","8.24","168.2","23.5","63.5","Av","Av",".256",".315",".374","51.6",".254",".310",".372","52.8","Prone","Fr",  
"C","Mackey, Biz S  ","$7,156,000","21533",".256",".324",".359","67.1","68.1","11.3","19.6","135.9",".548","9.38","144.9","25.7","33.8","Fr","Av",".260",".330",".365","71.0",".253",".321",".355","66.9","Normal","Pr",  
"3B, 2B","Zimmerman, Heinie R  ","$7,153,000","27399",".279",".317",".411","75.5","55.6","19.8","15.3","80.5",".677","8.62","85.3","20.6","45.2","Av","Av",".282",".323",".419","53.9",".278",".314",".407","56.5","Normal","Av",  
"CF, LF","Inciarte, Ender L  ","$7,149,000","3521",".260",".312",".314","59.8","352.1","14.1","26.9","45.8",".613","18.0","132.7","37.7","78.5","Av","Vg",".258",".322",".304","937.0",".267",".315",".325","324.6","Prone","Av",  
"SS, 3B","Peralta, Jhonny R  ","$7,148,000","38054",".256",".322",".383","71.2","45.9","11.2","18.7","1693.7",".454","6.63","133.2","24.6","34.2","Fr","Pr",".263",".332",".394","45.4",".252",".316",".377","46.2","Normal","Pr",  
"RF","Webb, Earl L  ","$7,134,000","23380",".269",".343",".435","88.1","31.0","9.93","16.3","552.2",".649","7.12","138.8","21.3","40.2","Av","Pr",".259",".328",".411","34.0",".275",".351",".450","29.6","Normal","Fr",  
"1B","Hrbek, Kent L  ","$7,131,000","25715",".264",".339",".416","83.9","28.8","9.80","22.0","212.1",".581","9.80","363.3","26.7","42.4","Fr","Fr",".245",".310",".361","36.8",".273",".353",".447","25.5","Prone","Pr",  
"1B, LF","Hargrove, Mike L  ","$7,129,000","21021",".267",".363",".352","80.9","88.3","7.93","22.4","647.3",".551","10.9","177.0","30.7","47.6","Pr","Pr",".251",".343",".307","183.4",".275",".374",".377","68.5","Normal","Fr",  
"RF, LF","Aoki, Nori L  ","$7,124,000","37145",".275",".342",".341","73.0","299.6","12.0","21.1","52.9",".622","46.3","136.8","28.6","66.2","Av","Vg",".269",".340",".329","269.2",".279",".344",".348","320.8","Prone","Fr",  
"1B","Fielder, Cecil R  ","$7,115,000","38155",".245",".329",".446","84.9","19.1","9.12","26.7","1979.5",".478","5.04","183.8","36.5","32.9","Pr","Pr",".263",".356",".483","18.0",".232",".307",".419","19.8","Normal","Pr",  
"3B, 1B","Gaetti, Gary R  ","$7,114,000","20291",".238",".285",".394","64.8","30.1","17.7","21.1","243.6",".634","7.10","137.9","27.3","45.7","Fr","Fr",".241",".284",".401","28.5",".236",".284",".387","31.2","Prone","Pr",  
"2B","Uggla, Dan R  ","$7,114,000","41583",".235",".324",".412","81.8","24.3","8.89","22.4","769.6",".590","5.12","125.9","32.3","61.6","Fr","Pr",".227",".313",".385","27.1",".240",".332",".428","23.1","Normal","Pr",  
"LF, C, 1B, 3B, CF, RF","O'Rourke, Jim R  ","$7,110,000","19110",".274",".330",".377","73.9","93.7","13.4","16.4","49.5",".675","9.22","111.4","21.5","46.0","Vg","Av",".286",".344",".407","82.2",".268",".325",".363","97.1","Normal","Pr",  
"LF, RF","Shannon, Spike S  ","$7,109,000","18364",".264",".342",".340","73.9","68.8","9.63","32.6","27.0",".696","8.23","430.9","41.1","61.6","Vg","Vg",".268",".343",".348","66.7",".262",".342",".339","68.5","Normal","Av",  
"CF, LF, RF","Victorino, Shane S  ","$7,100,000","14835",".268",".329",".368","75.7","106.0","13.5","18.2","29.2",".707","16.6","67.0","28.9","85.5","Vg","Vg",".277",".345",".393","85.3",".263",".320",".355","121.0","Fragile","Fr",  
"DH, 1B","Phelps, Ken L  ","$7,087,000","21206",".222",".353",".426","95.8","18.9","6.06","27.2","738.0",".556","5.48","141.9","43.2","77.1","Av","Pr",".188",".303",".344","23.9",".233",".370",".454","17.6","Normal","Pr",  
"C, 1B, 2B, 3B, RF","Ewing, Buck R  ","$7,073,000","19043",".264",".316",".396","74.5","67.5","14.1","15.3","19.1",".705","8.79","48.7","25.3","47.2","Vg","Ex",".272",".325",".420","65.4",".260",".311",".385","68.5","Prone","Pr",  
"1B","Mincher, Don L  ","$7,071,000","22282",".252",".341",".438","89.1","24.1","8.49","18.7","244.7",".541","7.87","144.3","25.4","44.1","Fr","Fr",".208",".287",".331","42.3",".265",".357",".471","21.2","Normal","Pr",  
"C","Phelps, Babe L  ","$7,069,000","15452",".278",".332",".435","82.6","36.4","14.1","15.1","268.5",".630","8.76","136.4","18.8","34.7","Av","Fr",".255",".305",".371","57.7",".284",".339",".452","33.2","Normal","Pr",  
"2B","Rath, Morrie L  ","$7,069,000","11791",".238",".328",".312","65.2","59.9","8.73","45.0","46.0",".698","8.95","761.4","56.2","52.7","Av","Vg",".244",".336",".316","61.7",".238",".326",".314","57.5","Normal","Pr",  
"LF","Davis, Khris R  ","$7,049,000","37514",".248",".322",".453","84.0","20.1","10.7","21.5","547.5",".621","5.41","136.4","29.4","33.6","Av","Pr",".249",".322",".457","19.5",".248",".322",".450","20.4","Prone","Pr",  
"3B, LF, CF, RF","Lindstrom, Freddy R  ","$7,049,000","12601",".273",".317",".391","72.0","60.6","16.6","17.4","83.0",".596","9.25","97.1","23.5","46.4","Fr","Av",".286",".331",".420","50.9",".265",".308",".374","68.1","Prone","Pr",  
"LF, CF, RF","Baker, Dusty R  ","$7,034,000","25369",".261",".327",".408","79.4","32.1","11.6","20.4","74.0",".642","8.09","241.6","25.1","50.0","Av","Av",".261",".324",".398","37.9",".261",".328",".413","29.7","Normal","Pr",  
"3B","Kamm, Willie R  ","$7,033,000","10452",".250",".330",".353","71.9","82.3","9.71","17.7","117.8",".613","8.23","116.6","25.0","53.7","Fr","Av",".250",".329",".361","63.8",".250",".331",".349","100.3","Normal","Fr",  
"1B","Weintraub, Phil L  ","$7,033,000","23911",".267",".366",".396","88.8","48.3","7.51","18.1","650.4",".581","5.95","103.6","26.6","44.7","Pr","Pr",".252",".346",".359","60.9",".275",".376",".416","43.0","Normal","Pr",  
"C, 3B, LF","Schang, Wally S  ","$7,028,000","19033",".247",".345",".357","77.4","61.6","8.45","19.3","74.1",".604","6.69","124.3","27.7","55.8","Av","Av",".247",".340",".353","65.0",".248",".350",".361","60.5","Normal","Fr",  
"1B","Blue, Lu S  ","$7,001,000","29818",".239",".346",".343","75.7","70.5","7.24","20.4","83.1",".659","8.05","98.3","32.0","48.2","Av","Av",".234",".344",".332","75.4",".242",".348",".349","67.9","Prone","Fr",  
"1B","Barton, Daric L  ","$6,996,000","18683",".252",".356",".339","79.8","105.0","7.37","20.0","692.6",".627","8.77","143.9","28.5","79.4","Fr","Pr",".261",".368",".367","65.7",".250",".352",".327","149.8","Prone","Pr",  
"SS, 3B, RF","Travis, Cecil L  ","$6,983,000","21241",".274",".316",".359","66.2","114.8","18.5","20.2","193.7",".589","9.79","110.8","27.4","46.0","Fr","Fr",".266",".305",".333","146.5",".278",".324",".374","101.8","Normal","Pr",  
"C","DeLancey, Bill L  ","$6,981,000","25917",".245",".348",".419","89.1","27.5","7.42","20.3","2759.2",".647","6.44","74.9","34.8","47.4","Pr","Pr",".215",".311",".333","45.3",".252",".355",".438","25.4","Prone","Pr",  
"C","Fisk, Carlton R  ","$6,981,000","23507",".252",".323",".409","79.3","31.4","11.7","19.0","150.7",".665","7.14","125.6","25.7","50.8","Av","Fr",".255",".323",".413","29.7",".251",".324",".408","32.4","Prone","Pr",  
"2B","Hughes, Sammy R  ","$6,977,000","26962",".273",".326",".359","69.2","119.8","14.0","19.5","87.5",".644","18.9","121.7","26.0","44.1","Av","Av",".283",".336",".375","102.4",".268",".320",".350","132.3","Normal","Fr",  
"SS","Hardy, J.J. R  ","$6,967,000","25660",".257",".306",".370","65.3","52.0","15.0","20.7","996.2",".609","10.4","159.4","26.2","39.4","Fr","Pr",".262",".310",".382","46.1",".254",".302",".362","56.5","Prone","Pr",  
"C","Parrish, Lance R  ","$6,967,000","27083",".247",".303",".416","72.0","26.9","13.5","20.2","380.2",".513","5.61","133.6","26.5","36.5","Fr","Fr",".258",".318",".450","22.9",".240",".293",".395","30.2","Normal","Pr",  
"2B","Schoendienst, Red S  ","$6,960,000","29080",".271",".315",".350","64.9","232.6","16.8","17.4","265.9",".572","16.0","129.7","22.1","50.2","Fr","Fr",".275",".321",".356","200.9",".267",".311",".346","254.6","Normal","Fr",  
"3B, 2B, CF","Figgins, Chone S  ","$6,953,000","28203",".263",".341",".325","72.9","408.7","9.56","24.2","14.8",".709","9.55","87.5","40.6","85.2","Vg","Ex",".283",".367",".366","232.5",".252",".325",".302","710.2","Prone","Av",  
"C","Romano, Johnny R  ","$6,952,000","14357",".244",".336",".403","81.3","27.9","8.58","21.9","3313.0",".500","6.64","204.5","28.8","39.8","Pr","Pr",".252",".348",".435","24.2",".240",".331",".387","30.1","Prone","Pr",  
"1B","Johnson, Nick L  ","$6,950,000","29288",".260",".374",".389","90.4","45.5","6.98","17.5","228.8",".597","7.67","202.5","23.5","37.0","Fr","Fr",".263",".384",".396","41.5",".257",".368",".385","47.7","Fragile","Pr",  
"SS","Marion, Marty R  ","$6,950,000","22288",".240",".293",".315","53.2","141.1","15.3","21.2","265.6",".560","7.42","175.2","27.1","48.1","Fr","Fr",".244",".297",".316","170.2",".238",".290",".315","127.6","Normal","Fr",  
"SP, RF","Radbourn, Charley R  ","$6,937,000","1193",".206",".280",".244","38.5","198.8","11.5","45.9","148.4",".692","6.89","1336.0","53.4","47.7","Av","Fr",".210",".291",".265","96.0",".209",".279",".238","669.0","Normal","Pr",  
"LF, CF, RF","Cabrera, Melky S  ","$6,932,000","20056",".280",".331",".372","73.2","112.0","13.9","17.9","98.4",".743","17.8","108.0","23.9","44.5","Vg","Fr",".282",".333",".383","95.5",".278",".330",".366","125.1","Normal","Fr",  
"SS","Chapman, Ray R  ","$6,932,000","16179",".246",".312",".362","67.1","55.4","11.8","19.9","52.8",".610","6.57","97.1","29.2","52.5","Av","Vg",".248",".316",".362","55.6",".245",".309",".361","56.5","Prone","Vg",  
"LF, CF","Brantley, Michael L  ","$6,928,000","3971",".284",".342",".379","78.5","116.8","12.6","16.3","51.6",".714","20.6","141.4","20.6","51.0","Vg","Fr",".275",".327",".353","227.2",".290",".353",".394","84.3","Fragile","Fr",  
"RF, LF","Lezcano, Sixto R  ","$6,924,000","20105",".256",".346",".423","88.2","29.0","8.35","18.2","301.3",".558","6.14","135.7","24.8","47.3","Fr","Fr",".280",".378",".471","23.8",".242",".327",".396","32.9","Prone","Pr",  
"SS","Chacon, Pelayo R  ","$6,916,000","22591",".249",".307",".309","56.1","358.6","13.7","21.8","295.7",".531","11.8","178.3","28.1","47.1","Fr","Fr",".244",".299",".299","763.5",".252",".312",".315","272.9","Normal","Fr",  
"1B","Davis, Ike L  ","$6,912,000","27725",".247",".338",".402","81.7","31.2","8.19","18.3","1029.8",".500","6.41","259.5","23.0","42.1","Fr","Pr",".223",".304",".345","39.3",".254",".349",".419","29.8","Prone","Pr",  
"1B","McCormick, Frank R  ","$6,909,000","19736",".272",".315",".392","71.0","47.4","17.6","18.7","161.6",".644","12.1","323.1","21.5","39.3","Av","Fr",".279",".324",".399","47.5",".268",".310",".388","47.4","Normal","Pr",  
"3B, 2B, LF","Gilliam, Jim S  ","$6,906,000","31299",".249",".343",".311","70.7","295.3","8.14","21.6","54.4",".651","19.6","223.4","28.3","95.8","Av","Av",".248",".344",".312","292.1",".250",".342",".310","293.6","Normal","Fr",  
"3B","Pendleton, Terry S  ","$6,906,000","19275",".264",".308",".372","65.0","64.5","16.9","18.7","158.6",".601","10.0","132.3","23.7","36.8","Av","Fr",".271",".315",".382","59.8",".261",".304",".368","65.8","Prone","Pr",  
"SS, 2B","Bartell, Dick R  ","$6,902,000","26623",".251",".319",".345","67.1","100.5","12.4","18.1","291.0",".507","7.80","138.8","24.1","63.8","Fr","Fr",".255",".327",".353","94.2",".248",".313",".338","107.9","Normal","Av",  
"1B","Epstein, Mike L  ","$6,888,000","18678",".250",".348",".430","91.1","23.1","8.43","24.2","988.2",".629","5.34","122.8","36.5","51.9","Pr","Pr",".219",".308",".354","31.4",".260",".361",".454","21.5","Prone","Pr",  
"LF, RF","Parnell, Roy R  ","$6,879,000","22207",".258",".337",".395","79.7","43.5","9.48","18.6","116.5",".664","6.17","82.9","28.4","43.6","Av","Av",".256",".339",".395","42.9",".259",".337",".395","43.8","Normal","Vg",  
"2B, SS","Ritchey, Claude S  ","$6,878,000","29108",".250",".324",".348","68.5","62.9","10.6","22.0","74.9",".611","8.05","263.2","27.9","51.6","Av","Av",".255",".329",".354","65.1",".248",".322",".345","61.8","Normal","Fr",  
"C","Meyers, Chief R  ","$6,877,000","17329",".277",".346",".375","78.5","73.1","12.3","20.2","212.2",".571","9.12","155.0","26.7","50.3","Fr","Fr",".278",".354",".382","65.3",".276",".341",".370","78.2","Normal","Pr",  
"LF, C, 1B, 3B, RF","Surhoff, B.J. L  ","$6,875,000","19591",".268",".315",".366","68.2","76.2","15.3","19.1","74.0",".612","15.6","156.7","24.0","52.8","Av","Av",".269",".320",".372","63.8",".267",".312",".363","85.3","Prone","Pr",  
"LF, CF, RF","Roenicke, Gary R  ","$6,859,000","37233",".240",".341",".400","83.4","28.4","7.98","20.0","397.0",".579","7.23","245.3","26.0","41.3","Fr","Fr",".256",".361",".432","24.7",".231",".330",".382","31.1","Normal","Pr",  
"LF, CF","Gant, Ron R  ","$6,854,000","21015",".243",".322",".431","83.0","23.3","9.65","20.8","60.1",".620","6.07","110.4","29.9","56.0","Av","Vg",".253",".329",".456","20.5",".238",".318",".416","25.2","Prone","Fr",  
"SS","Furcal, Rafael S  ","$6,849,000","31307",".270",".334",".350","74.1","173.0","11.2","20.0","30.2",".705","11.9","85.2","30.2","92.0","Vg","Vg",".264",".328",".329","307.4",".272",".337",".362","139.2","Prone","Av",  
"CF, LF, RF","Span, Denard L  ","$6,849,000","15711",".274",".338",".366","76.8","136.6","11.6","18.1","41.9",".693","17.2","73.7","27.9","68.8","Vg","Av",".259",".325",".328","225.0",".283",".346",".387","112.6","Prone","Av",  
"2B","Dunlap, Fred R  ","$6,847,000","15747",".253",".323",".354","69.2","82.9","11.0","17.4","54.2",".718","7.52","157.7","22.3","49.6","Vg","Av",".269",".344",".382","72.7",".244",".312",".338","91.7","Normal","Pr",  
"LF, RF","Ennis, Del R  ","$6,847,000","30028",".268",".319",".438","80.7","29.0","14.7","17.6","204.6",".595","7.90","108.1","23.3","41.0","Fr","Fr",".282",".341",".456","30.7",".262",".307",".431","28.0","Normal","Pr",  
"3B, 1B","Hebner, Richie L  ","$6,825,000","21904",".264",".335",".417","84.0","33.4","11.2","18.7","206.7",".581","8.78","121.2","25.3","58.0","Pr","Fr",".247",".308",".376","40.8",".273",".349",".438","30.5","Prone","Pr",  
"SS","Aparicio, Luis R  ","$6,815,000","19528",".252",".299",".317","57.2","295.9","16.3","21.2","28.1",".715","16.7","129.5","28.1","62.1","Vg","Vg",".280",".332",".373","132.7",".235",".279",".285","1188.6","Normal","Av",  
"3B, 2B","Roberts, Ryan R  ","$6,812,000","3282",".252",".326",".357","73.1","61.9","10.3","20.5","48.7",".724","7.54","142.3","27.6","74.0","Av","Av",".255",".328",".375","50.4",".248",".328",".344","69.5","Normal","Pr",  
"LF","McHenry, Austin R  ","$6,810,000","30212",".278",".332",".435","83.4","39.0","13.4","14.9","99.5",".545","6.01","85.3","20.3","44.9","Fr","Av",".281",".338",".437","41.1",".276",".328",".433","38.8","Normal","Av",  
"2B","Mazeroski, Bill R  ","$6,807,000","17741",".241",".277",".341","53.3","66.4","21.1","21.8","676.2",".718","12.1","117.6","29.0","42.9","Fr","Pr",".237",".271",".329","77.5",".245",".282",".349","61.7","Normal","Pr",  
"RF, 1B","Freeman, Buck L  ","$6,796,000","31620",".269",".327",".449","86.1","34.8","13.6","14.2","85.8",".650","7.89","47.4","23.5","46.9","Av","Av",".259",".310",".422","38.2",".274",".336",".463","33.3","Normal","Pr",  
"SS","Gregorius, Didi L  ","$6,792,000","8393",".254",".303",".360","64.7","66.1","16.6","20.0","140.2",".586","16.5","100.1","27.8","62.0","Av","Fr",".238",".288",".330","81.4",".260",".309",".373","61.5","Prone","Fr",  
"LF, CF, RF","Jackson, Bo R  ","$6,783,000","50694",".239",".296",".441","76.3","19.1","13.5","27.9","59.6",".617","3.32","122.0","40.7","59.4","Av","Vg",".239",".295",".440","19.3",".239",".298",".441","18.8","Prone","Pr",  
"RF, 1B, LF, CF","Griffey, Ken Sr L  ","$6,781,000","22898",".279",".347",".383","82.7","91.6","10.6","17.2","39.6",".707","9.12","85.2","24.8","73.3","Vg","Av",".277",".343",".378","99.8",".279",".349",".384","88.0","Prone","Av",  
"1B","Thornton, Andre R  ","$6,773,000","16632",".238",".343",".422","88.0","23.9","7.36","20.0","219.8",".574","7.62","146.0","28.0","43.3","Fr","Fr",".269",".381",".485","20.0",".218",".317",".380","27.4","Prone","Pr",  
"RF","Buhner, Jay R  ","$6,769,000","31928",".243",".338",".453","91.4","19.4","8.06","21.9","1275.4",".518","4.66","115.9","32.5","44.3","Pr","Pr",".259",".356",".479","19.2",".233",".328",".438","19.6","Prone","Pr",  
"3B","Koskie, Corey L  ","$6,768,000","11459",".258",".340",".402","81.8","36.7","9.50","18.1","89.4",".646","5.89","159.2","23.7","44.6","Av","Av",".232",".306",".325","78.9",".265",".349",".424","31.9","Fragile","Pr",  
"3B, 1B","Frazier, Todd R  ","$6,766,000","39578",".242",".319",".398","75.6","30.2","10.7","20.4","115.2",".627","6.91","136.3","27.8","45.4","Av","Av",".248",".331",".409","30.5",".238",".312",".391","30.4","Normal","Fr",  
"SS, 2B, 3B","Young, Michael R  ","$6,766,000","31209",".280",".332",".381","74.1","78.8","13.7","18.7","99.3",".702","9.96","115.4","24.9","40.9","Vg","Fr",".290",".346",".400","72.0",".274",".324",".372","80.7","Normal","Pr",  
"DH, RF","Baines, Harold L  ","$6,757,000","14961",".273",".337",".413","80.6","34.9","11.2","20.7","1187.8",".500","9.55","173.2","26.5","34.3","Pr","Pr",".228",".280",".308","61.6",".289",".357",".454","29.8","Prone","Pr",  
"C","Hargrave, Bubbles R  ","$6,756,000","18732",".261",".329",".402","78.8","47.8","11.8","15.5","411.7",".586","8.04","78.6","22.4","44.6","Fr","Fr",".270",".340",".424","43.3",".255",".323",".390","50.8","Normal","Pr",  
"CF","Kiermaier, Kevin L  ","$6,751,000","2415",".252",".307",".362","67.7","89.4","14.5","17.6","35.1",".728","7.12","54.9","29.6","73.2","Vg","Vg",".231",".281",".344","130.3",".262",".319",".371","77.8","Fragile","Fr",  
"C","Hoiles, Chris R  ","$6,745,000","13308",".250",".343",".419","86.9","25.0","8.46","23.5","2567.0",".400","6.43","177.0","32.2","43.4","Fr","Pr",".266",".368",".460","21.4",".243",".331",".399","27.4","Prone","Pr",  
"C","Robinson, Aaron L  ","$6,745,000","19664",".248",".343",".388","83.0","32.2","7.89","23.3","1340.9",".607","7.37","265.1","30.1","61.6","Pr","Pr",".220",".308",".309","52.4",".257",".353",".411","29.5","Normal","Pr",  
"LF, RF","Selbach, Kip R  ","$6,738,000","14608",".261",".346",".394","82.7","52.5","8.78","16.8","41.7",".630","7.48","70.4","26.5","50.3","Av","Vg",".274",".366",".414","45.3",".254",".335",".382","58.6","Normal","Fr",  
"LF, 1B, CF, RF","Moon, Wally L  ","$6,735,000","25973",".268",".345",".395","81.5","51.3","9.49","17.7","101.5",".545","8.51","92.9","25.6","45.6","Fr","Av",".255",".328",".369","57.6",".275",".355",".410","47.8","Normal","Pr",  
"RF, 1B, LF, CF","Myers, Wil R  ","$6,726,000","842",".254",".313",".380","71.1","46.8","12.5","20.5","57.9",".800","5.09","84.2","30.9","48.7","Vg","Av",".259",".311",".396","48.8",".251",".314",".372","45.8","Fragile","Fr",  
"RF","Nixon, Trot L  ","$6,725,000","12911",".254",".347",".416","88.4","30.1","7.99","18.4","194.4",".597","8.50","134.9","25.4","52.0","Av","Fr",".195",".272",".266","82.2",".268",".365",".453","26.0","Prone","Pr",  
"LF, RF","McIntyre, Matty L  ","$6,724,000","10654",".259",".340",".381","78.4","51.5","9.30","19.2","96.5",".624","7.50","100.5","28.0","46.2","Av","Av",".239",".312",".334","56.9",".269",".352",".402","49.4","Prone","Pr",  
"CF, RF","Frederick, Johnny L  ","$6,722,000","21697",".269",".325",".422","80.4","35.2","14.0","16.2","581.2",".612","9.65","165.5","20.0","45.0","Fr","Pr",".260",".313",".404","37.0",".273",".331",".432","34.3","Prone","Fr",  
"LF","Willingham, Josh R  ","$6,695,000","26372",".249",".353",".429","91.8","24.8","7.96","19.5","508.1",".610","5.90","145.5","27.2","41.7","Av","Pr",".253",".364",".443","23.3",".246",".347",".421","25.6","Fragile","Pr",  
"CF, LF","Anderson, Brady L  ","$6,693,000","14658",".248",".345",".390","85.4","45.5","8.83","16.2","41.9",".625","7.91","80.1","24.6","108.0","Av","Vg",".237",".328",".357","64.1",".254",".354",".408","39.2","Prone","Fr",  
"2B, 1B, 3B","Baerga, Carlos S  ","$6,690,000","30966",".275",".313",".377","67.5","62.4","22.0","20.8","128.5",".624","14.5","166.4","25.8","38.2","Av","Fr",".268",".300",".353","99.7",".278",".320",".391","50.8","Normal","Pr",  
"1B, LF, RF","White, Bill L  ","$6,687,000","11451",".251",".315",".367","70.4","58.4","11.8","18.8","96.5",".629","7.96","95.8","26.8","68.8","Av","Av",".225",".278",".307","92.7",".262",".332",".393","50.5","Normal","Pr",  
"SP, LF","Brown, Ray S  ","$6,682,000","1134",".179",".209",".218","13.2","226.8","29.9","43.6","1196.0","1.00","5.75","398.7","52.0","31.5","Pr","Pr",".170",".190",".210","188.5",".184",".218",".222","252.3","Normal","Pr",  
"C, RF","Daulton, Darren L  ","$6,667,000","14896",".228",".333",".376","80.6","37.2","7.37","17.7","108.7",".725","6.34","111.4","25.6","88.8","Vg","Fr",".224",".328",".352","47.1",".233",".339",".391","33.8","Prone","Pr",  
"DH, C, LF","Downing, Brian R  ","$6,663,000","19461",".249",".346",".387","83.1","38.0","8.32","19.5","514.2",".647","8.14","149.8","26.7","51.1","Fr","Pr",".259",".357",".414","34.5",".244",".341",".373","40.2","Prone","Pr",  
"SP, LF, RF","Caruthers, Bob L  ","$6,657,000","6329",".266",".367",".402","91.7","46.9","7.36","17.1","62.3",".635","7.19","86.9","26.2","51.5","Av","Vg",".249",".331",".379","47.0",".272",".381",".411","46.8","Prone","Pr",  
"LF, RF","Horton, Willie R  ","$6,651,000","29987",".266",".320",".430","78.6","27.7","14.2","21.1","763.1",".597","6.46","144.6","27.4","34.3","Pr","Pr",".272",".327",".441","26.5",".263",".317",".423","28.4","Prone","Pr",  
"SS","Groat, Dick R  ","$6,642,000","38822",".264",".312",".331","60.0","252.1","16.2","20.3","906.7",".534","15.7","188.6","25.2","40.4","Pr","Pr",".268",".316",".341","196.4",".262",".309",".326","300.5","Normal","Pr",  
"2B","Viox, Jim R  ","$6,635,000","18565",".266",".351",".389","83.3","49.8","8.74","18.5","100.8",".548","10.0","140.6","25.0","51.4","Fr","Av",".273",".358",".398","51.2",".263",".348",".386","48.4","Prone","Pr",  
"CF, RF","Heidrick, Emmet L  ","$6,622,000","20207",".272",".311",".386","70.9","62.8","18.1","19.3","19.0",".697","7.68","71.0","29.3","51.6","Vg","Ex",".270",".304",".372","71.7",".270",".313",".392","60.2","Normal","Pr",  
"2B, 3B, SS","Warfield, Frank R  ","$6,619,000","17561",".243",".307",".296","54.8","214.2","12.8","27.8","41.9",".627","9.96","473.4","33.7","58.5","Av","Vg",".261",".323",".325","136.7",".233",".297",".278","334.5","Normal","Vg",  
"CF","Jones, Adam R  ","$6,618,000","27645",".274",".320",".412","76.3","38.0","18.2","19.9","96.8",".708","9.36","128.3","25.9","39.9","Vg","Fr",".253",".296",".360","52.5",".285",".333",".439","33.3","Normal","Fr",  
"1B","Kluszewski, Ted L  ","$6,615,000","26326",".269",".311",".422","75.9","29.3","17.6","21.4","915.0",".620","11.6","238.4","25.6","40.9","Fr","Pr",".250",".288",".364","39.7",".278",".323",".451","26.0","Normal","Pr",  
"LF","Crawford, Carl L  ","$6,612,000","11852",".272",".318",".391","76.9","83.5","16.3","16.6","22.0",".771","9.76","47.3","28.8","85.7","Ex","Vg",".255",".294",".351","111.9",".279",".327",".407","75.8","Fragile","Pr",  
"CF","Mostil, Johnny R  ","$6,610,000","29454",".258",".335",".387","78.0","60.7","10.9","16.0","58.4",".629","6.72","66.5","24.9","49.3","Av","Vg",".268",".348",".412","50.8",".252",".328",".374","67.7","Prone","Fr",  
"3B","May, Pinky R  ","$6,603,000","8362",".264",".340",".346","71.1","94.0","10.1","21.8","560.5",".586","9.59","280.2","27.3","38.6","Fr","Pr",".275",".350",".352","92.0",".259",".335",".343","94.9","Normal","Pr",  
"CF, SP, RF","Seymour, Cy L  ","$6,597,000","18076",".275",".322",".392","74.1","53.8","15.5","19.7","52.4",".635","8.18","104.0","27.2","52.6","Av","Vg",".257",".299",".350","73.0",".285",".333",".414","47.3","Normal","Fr",  
"LF","Kadota, Hiromitsu L  ","$6,596,000","24829",".249",".335",".411","82.2","24.2","8.90","29.8","833.0",".618","5.43","311.2","38.2","44.8","Fr","Pr",".237",".324",".375","27.6",".257",".341",".432","22.6","Prone","Pr",  
"1B","Pena, Carlos L  ","$6,591,000","19599",".227",".333",".427","88.3","20.6","7.52","22.3","267.5",".619","4.53","122.4","33.3","76.7","Fr","Fr",".207",".302",".372","24.8",".235",".345",".448","19.5","Prone","Fr",  
"SS","Maranville, Rabbit R  ","$6,590,000","17640",".236",".301",".339","60.1","71.1","11.9","20.9","70.6",".619","7.87","84.5","32.3","46.5","Av","Vg",".241",".312",".355","62.7",".234",".297",".332","76.6","Normal","Av",  
"CF","Jenkins, Fats L  ","$6,583,000","23003",".270",".330",".356","71.5","129.2","12.4","19.9","44.0",".606","7.71","93.2","28.7","83.4","Av","Vg",".258",".318",".328","252.9",".277",".337",".371","101.1","Normal","Fr",  
"CF","DiMaggio, Vince R  ","$6,572,000","22092",".225",".296",".390","67.8","27.4","11.2","20.0","139.7",".564","3.92","223.5","24.7","55.0","Fr","Av",".231",".304",".400","25.5",".222",".291",".385","28.6","Normal","Pr",  
"2B, 3B","Williams, Jimmy R  ","$6,569,000","28191",".252",".316",".395","74.3","47.5","11.6","16.2","88.3",".628","7.61","60.3","25.7","50.7","Av","Av",".268",".334",".423","41.0",".243",".307",".381","52.4","Normal","Pr",  
"SS, 2B, 3B","Elberfeld, Kid R  ","$6,557,000","15581",".247",".333",".340","70.9","69.2","10.8","23.1","39.8",".647","7.66","174.6","31.5","60.7","Av","Vg",".250",".336",".357","55.6",".245",".331",".331","81.7","Prone","Fr",  
"CF","Maddox, Garry R  ","$6,556,000","20546",".267",".302",".377","66.8","71.8","22.3","17.0","63.4",".653","8.61","107.2","21.7","62.5","Av","Vg",".280",".323",".408","52.6",".259",".290",".361","90.3","Prone","Pr",  
"3B","Mueller, Bill S  ","$6,556,000","20300",".275",".351",".365","78.9","115.3","9.48","18.0","480.5",".552","11.8","138.9","23.9","49.5","Fr","Pr",".271",".346",".353","139.3",".276",".353",".366","113.3","Fragile","Pr",  
"LF","Lee, Carlos R  ","$6,554,000","25765",".267",".322",".415","77.5","32.4","13.1","20.1","77.7",".677","12.5","200.5","24.8","36.0","Vg","Av",".273",".327",".418","35.3",".264",".319",".413","30.8","Normal","Pr",  
"1B, LF, RF","Cunningham, Joe L  ","$6,542,000","26855",".264",".371",".351","85.3","108.7","7.28","19.4","265.1",".529","10.1","150.1","27.1","72.0","Fr","Fr",".249",".352",".318","166.8",".272",".381",".368","90.5","Normal","Pr",  
"3B, 1B","McMullen, Ken R  ","$6,542,000","17134",".252",".313",".385","70.1","37.9","12.3","21.6","996.1",".613","7.16","136.2","29.0","39.3","Fr","Pr",".264",".328",".416","31.9",".246",".305",".369","43.7","Normal","Pr",  
"LF, 2B, CF, RF","Mertes, Sam R  ","$6,523,000","14295",".252",".324",".389","76.8","48.3","10.4","17.1","23.7",".707","7.77","69.4","26.9","47.3","Vg","Ex",".253",".332",".404","39.8",".252",".320",".381","54.4","Normal","Av",  
"RF, LF","Hahn, Ed L  ","$6,518,000","21681",".251",".348",".361","78.6","48.7","8.46","24.9","72.4",".635","8.06","133.0","37.5","49.6","Av","Av",".243",".345",".348","49.4",".255",".349",".368","48.4","Normal","Fr",  
"RF, 1B, LF, CF","Alou, Felipe R  ","$6,514,000","20236",".279",".327",".414","80.3","42.8","16.5","17.7","71.5",".629","11.1","129.1","22.6","63.8","Av","Av",".289",".343",".430","38.2",".274",".318",".404","45.6","Prone","Pr",  
"RF, 1B, LF","Gessler, Doc L  ","$6,502,000","20844",".274",".361",".413","90.3","44.4","9.67","16.6","67.7",".634","7.88","96.9","23.8","45.8","Av","Vg",".255",".342",".375","54.3",".283",".371",".434","40.5","Normal","Pr",  
"SS, 2B, 3B","Cabrera, Asdrubal S  ","$6,493,000","23305",".267",".328",".387","75.1","58.7","12.4","16.8","168.1",".644","9.49","111.6","22.4","43.0","Av","Fr",".257",".314",".363","71.0",".271",".335",".400","54.0","Prone","Fr",  
"CF, LF","Bay, Harry L  ","$6,479,000","15754",".266",".329",".370","73.8","49.5","12.0","29.5","18.2",".694","8.01","120.8","45.5","50.1","Vg","Ex",".246",".311",".334","57.4",".274",".336",".383","47.2","Prone","Fr",  
"C","Varitek, Jason S  ","$6,479,000","37208",".246",".321",".385","73.3","37.2","10.3","20.0","385.0",".596","6.05","138.0","26.9","42.4","Av","Fr",".251",".328",".399","34.2",".242",".316",".375","39.2","Normal","Pr",  
"CF","Douthit, Taylor R  ","$6,474,000","18767",".241",".318",".313","60.3","104.3","10.4","24.2","197.1",".532","7.79","373.4","29.7","48.5","Av","Fr",".247",".321",".327","90.2",".237",".316",".306","115.6","Normal","Fr",  
"C, 1B","Jaso, John L  ","$6,469,000","11790",".266",".361",".391","87.1","57.0","7.99","15.8","508.3",".614","11.8","134.6","21.2","45.9","Fr","Pr",".224",".315",".296","151.2",".273",".369",".407","51.1","Prone","Pr",  
"C","McCann, Brian L  ","$6,468,000","23739",".257",".326",".404","77.3","31.9","10.9","21.3","649.0",".651","10.5","171.7","27.7","36.0","Av","Pr",".240",".307",".366","34.7",".263",".334",".419","31.0","Prone","Fr",  
"1B","Bissonette, Del L  ","$6,465,000","21504",".269",".337",".431","85.4","34.2","10.9","17.5","247.6",".634","5.97","66.2","27.8","45.7","Fr","Fr",".259",".323",".407","35.6",".275",".344",".443","33.5","Normal","Pr",  
"1B","Mayberry, John Sr L  ","$6,464,000","21872",".239",".339",".407","85.2","23.3","7.88","27.3","509.5",".667","7.82","480.7","34.0","56.0","Av","Pr",".220",".315",".367","25.6",".248",".349",".426","22.3","Normal","Pr",  
"1B","Tenney, Fred L  ","$6,462,000","12782",".269",".346",".354","75.6","80.9","9.65","23.9","78.3",".580","8.02","198.9","31.9","56.4","Av","Av",".260",".333",".326","101.9",".273",".353",".368","73.1","Normal","Fr",  
"3B, 1B","Horner, Bob R  ","$6,459,000","24061",".258",".320",".454","83.6","21.5","12.0","19.9","200.5",".639","8.44","181.4","25.2","33.8","Fr","Fr",".264",".327",".471","20.7",".252",".315",".442","22.0","Fragile","Pr",  
"3B, 1B","Rader, Doug R  ","$6,456,000","22627",".244",".314",".400","72.8","33.2","11.3","17.8","227.6",".587","5.57","112.3","24.2","37.0","Fr","Fr",".245",".323",".407","32.5",".243",".309",".397","34.2","Normal","Pr",  
"C","Kling, Johnny R  ","$6,437,000","20720",".259",".312",".375","69.3","57.7","14.0","18.1","97.1",".637","8.00","124.7","23.7","53.1","Av","Av",".267",".323",".389","56.2",".256",".306",".369","58.5","Normal","Fr",  
"3B","Foy, Joe R  ","$6,431,000","36638",".243",".342",".356","75.9","54.8","7.85","20.2","49.2",".660","7.98","143.8","28.1","48.4","Av","Vg",".252",".347",".376","49.7",".238",".339",".344","58.3","Normal","Fr",  
"CF, LF, RF","Leiber, Hank R  ","$6,426,000","31643",".267",".332",".433","83.2","29.5","11.6","18.1","1362.2",".703","6.57","121.3","24.3","34.4","Fr","Pr",".279",".347",".448","29.0",".260",".324",".425","29.6","Prone","Pr",  
"1B","McInnis, Stuffy R  ","$6,415,000","21405",".293",".324",".392","74.0","67.1","23.7","21.5","67.3",".643","11.8","148.3","27.6","52.3","Av","Av",".299",".333",".405","61.4",".289",".317",".383","71.0","Normal","Av",  
"CF","Beaumont, Ginger L  ","$6,403,000","25362",".282",".333",".389","76.9","53.4","14.1","23.0","48.6",".641","7.72","145.2","30.7","56.0","Av","Vg",".265",".313",".356","62.2",".292",".344",".410","49.1","Prone","Av",  
"DH, LF, RF","Cust, Jack L  ","$6,399,000","29520",".238",".363",".410","94.4","23.5","6.11","26.3","1370.7",".520","3.55","209.6","37.4","74.4","Pr","Pr",".215",".333",".339","30.9",".247",".374",".438","21.6","Normal","Pr",  
"RF, 1B, LF","Wertz, Vic L  ","$6,394,000","15735",".261",".332",".440","87.2","23.9","10.5","20.7","1471.5",".667","7.24","223.5","25.9","54.0","Fr","Pr",".235",".287",".350","36.9",".268",".343",".463","21.9","Prone","Pr",  
"LF, RF","Meusel, Bob R  ","$6,392,000","19385",".268",".314",".433","77.9","34.1","16.1","15.0","75.3",".560","6.09","102.8","19.4","44.9","Fr","Vg",".279",".330",".458","32.3",".263",".306",".421","35.5","Prone","Fr",  
"1B","Judge, Joe L  ","$6,387,000","12159",".261",".334",".392","79.3","48.4","10.4","17.6","93.2",".576","8.86","87.3","26.0","57.0","Fr","Av",".262",".333",".376","70.2",".260",".334",".401","41.6","Prone","Pr",  
"LF, CF, RF","Cree, Birdie R  ","$6,383,000","20501",".272",".343",".410","84.5","53.8","11.0","15.4","34.3",".687","8.16","66.6","23.3","48.0","Vg","Vg",".284",".359",".434","50.2",".265",".334",".396","55.9","Prone","Av",  
"CF, LF, RF","Bradley, Milton S  ","$6,374,000","18291",".265",".350",".401","84.3","40.5","8.85","18.9","63.1",".639","6.54","128.9","26.1","41.4","Av","Av",".277",".370",".423","37.7",".258",".338",".388","42.3","Prone","Fr",  
"SS, 2B, 3B","Joost, Eddie R  ","$6,374,000","36752",".218",".330",".350","75.0","38.0","7.09","21.4","240.9",".560","5.96","180.2","29.5","98.2","Fr","Fr",".223",".337",".363","36.0",".214",".325",".342","39.4","Normal","Pr",  
"CF, LF, RF","Jacobson, Baby Doll R  ","$6,373,000","23298",".269",".310",".397","71.2","53.7","18.4","16.3","89.8",".578","7.62","95.2","21.7","47.2","Fr","Av",".280",".325",".422","46.7",".262",".302",".384","57.7","Normal","Fr",  
"3B, 1B, RF","Blake, Casey R  ","$6,372,000","23958",".251",".324",".391","75.0","39.4","11.0","18.4","240.2",".563","6.28","115.5","25.2","45.5","Fr","Fr",".265",".345",".425","31.9",".241",".309",".369","45.7","Normal","Pr",  
"RF, LF, CF","Gonzalez, Carlos L  ","$6,362,000","23386",".263",".317",".421","78.9","32.8","13.4","17.7","54.6",".709","6.27","106.3","23.8","51.3","Vg","Av",".237",".280",".354","52.8",".276",".336",".454","27.7","Prone","Av",  
"CF, LF, RF","Monday, Rick L  ","$6,347,000","12725",".249",".335",".415","85.3","29.5","8.78","19.4","106.4",".571","4.69","91.1","29.4","93.4","Fr","Av",".215",".294",".316","43.8",".258",".346",".442","27.1","Prone","Av",  
"3B, SS, LF, CF, RF","Johnson, Howard S  ","$6,345,000","27225",".239",".324",".429","85.8","23.1","9.06","19.4","35.1",".694","5.87","142.3","26.2","82.5","Vg","Vg",".235",".315",".412","26.5",".241",".328",".438","21.5","Prone","Fr",  
"1B, 3B","Driessen, Dan L  ","$6,334,000","14623",".259",".339",".386","78.7","43.7","9.30","18.9","67.9",".645","9.25","198.1","24.1","40.7","Av","Av",".225",".299",".309","65.0",".270",".353",".411","39.6","Normal","Pr",  
"2B, 3B, SS","Oquendo, Jose S  ","$6,332,000","26619",".242",".325",".292","59.5","251.1","9.09","32.0","269.6",".574","11.6","162.1","47.3","51.7","Fr","Fr",".243",".332",".301","198.6",".242",".322",".286","303.3","Normal","Fr",  
"DH, LF, RF","Davis, Chili S  ","$6,331,000","25090",".257",".336",".409","81.1","30.0","9.32","21.4","186.9",".606","6.44","227.2","27.1","39.0","Av","Fr",".260",".334",".424","28.2",".257",".337",".404","30.7","Prone","Pr",  
"RP, SP, 2B","Crandall, Doc R  ","$6,324,000","3761",".269",".345",".401","82.1","54.5","9.55","17.0","213.5",".690","7.02","63.7","27.7","37.8","Av","Fr",".291",".363",".429","52.2",".248",".328",".373","57.0","Normal","Pr",  
"LF, 1B, RF","Floyd, Cliff L  ","$6,322,000","27904",".264",".334",".425","86.1","30.3","11.3","18.3","47.8",".702","7.43","154.6","23.6","60.6","Vg","Av",".257",".323",".401","36.7",".268",".340",".437","27.9","Fragile","Pr",  
"CF, SP, 1B, LF, RF","Cooney, Johnny R  ","$6,301,000","5244",".260",".310",".310","55.9","249.7","15.7","29.6","238.2",".453","11.6","259.9","36.9","49.7","Fr","Fr",".269",".318",".324","173.1",".251",".303",".298","402.9","Prone","Fr",  
"LF, 2B","Stephenson, Riggs R  ","$6,299,000","24384",".283",".357",".406","86.8","56.8","10.2","16.0","231.5",".541","9.08","148.1","20.6","46.2","Fr","Fr",".292",".368",".423","49.2",".279",".350",".397","62.4","Prone","Pr",  
"RF, LF, CF","Green, Danny L  ","$6,296,000","15221",".273",".338",".397","79.6","45.8","11.6","20.9","69.1",".636","7.52","100.6","30.4","46.8","Av","Vg",".253",".315",".353","58.7",".281",".348",".416","41.7","Normal","Pr",  
"2B, 3B","Myer, Buddy L  ","$6,293,000","14714",".261",".338",".356","73.9","89.2","9.89","20.4","249.7",".549","8.76","90.9","31.2","52.9","Fr","Fr",".247",".325",".322","139.7",".270",".346",".376","73.6","Normal","Fr",  
"RF, CF","Rios, Alex R  ","$6,284,000","25473",".265",".312",".381","67.8","65.8","15.9","17.1","40.2",".708","8.82","86.4","23.6","33.6","Vg","Vg",".275",".322",".400","57.0",".258",".305",".369","73.1","Normal","Pr",  
"2B","Doran, Bill S  ","$6,277,000","24789",".254",".338",".347","73.6","79.5","9.05","21.9","38.7",".627","11.6","125.3","31.3","72.4","Av","Vg",".245",".327",".320","133.6",".259",".343",".362","64.1","Prone","Pr",  
"1B","Alexander, Dale R  ","$6,274,000","31847",".288",".348",".429","87.7","38.6","11.7","18.0","270.3",".557","7.63","143.3","23.3","45.0","Pr","Fr",".286",".355",".427","37.2",".289",".345",".427","40.9","Prone","Pr",  
"LF, CF, RF","Cerv, Bob R  ","$6,270,000","24335",".268",".320",".440","80.1","28.7","14.7","18.1","211.2",".660","5.99","94.4","25.0","34.1","Av","Fr",".270",".326",".456","26.8",".268",".317",".432","29.8","Normal","Pr",  
"2B, SS","DeMoss, Bingo R  ","$6,266,000","19620",".258",".318",".300","59.6","1090.0","12.9","26.9","192.5",".659","21.8","507.5","32.5","59.7","Av","Fr",".270",".327",".323","605.9",".251",".312",".286","2027.2","Normal","Av",  
"RF, LF","Reddick, Josh L  ","$6,264,000","13600",".265",".322",".392","75.7","49.3","12.7","18.9","128.9",".707","12.1","86.5","27.3","54.4","Vg","Fr",".246",".303",".354","58.0",".275",".332",".411","46.1","Prone","Fr",  
"2B, 1B, 3B, SS, LF, RF","Scales, George R  ","$6,263,000","20088",".261",".334",".388","77.5","45.3","10.5","18.1","223.9",".623","8.87","176.7","23.1","42.4","Fr","Fr",".265",".336",".394","44.8",".259",".332",".387","45.8","Normal","Pr",  
"LF, RF","Nieman, Bob R  ","$6,261,000","18602",".280",".355",".443","90.8","33.3","9.60","16.0","244.6",".589","6.69","102.1","22.0","33.4","Pr","Fr",".299",".383",".502","25.7",".269",".338",".410","40.5","Prone","Pr",  
"1B","Torre, Frank L  ","$6,257,000","14217",".266",".337",".345","70.1","258.5","12.1","17.1","176.6",".641","22.5","128.6","22.8","36.4","Av","Fr",".254",".328",".324","323.4",".273",".343",".358","220.6","Normal","Fr",  
"LF","O'Neill, Tip R  ","$6,255,000","18840",".281",".335",".401","78.5","65.2","13.5","16.0","62.8",".614","7.15","91.7","21.8","45.4","Av","Av",".292",".352",".418","68.1",".275",".326",".393","63.7","Normal","Pr",  
"CF, LF, RF","Hall, Jimmie L  ","$6,248,000","15637",".265",".331",".429","84.2","29.6","10.9","18.8","229.1",".608","7.56","129.0","24.9","50.2","Av","Fr",".204",".242",".286","66.8",".276",".347",".454","26.8","Prone","Pr",  
"CF, LF","Jennings, Desmond R  ","$6,244,000","7175",".244",".326",".363","74.5","56.5","9.43","19.3","34.7",".720","7.33","80.3","30.3","68.2","Vg","Vg",".247",".330",".364","51.2",".242",".323",".362","59.9","Prone","Fr",  
"RF, LF, CF","Ross, Cody R  ","$6,239,000","20140",".266",".331",".430","83.7","31.2","11.6","16.5","155.9",".683","7.51","171.4","20.6","41.9","Av","Fr",".290",".362",".487","25.3",".233",".288",".352","44.6","Fragile","Pr",  
"SS, 3B","Guillen, Carlos S  ","$6,231,000","25938",".269",".334",".382","75.5","75.8","11.1","16.7","215.6",".556","9.00","79.4","24.3","42.3","Fr","Fr",".256",".316",".350","112.0",".277",".344",".402","63.7","Prone","Pr",  
"3B","Cross, Lave R  ","$6,220,000","15841",".268",".303",".369","64.3","66.0","20.5","20.0","44.9",".626","7.76","178.7","24.3","50.8","Av","Vg",".281",".317",".391","62.8",".261",".293",".359","65.7","Normal","Pr",  
"1B","Bonura, Zeke R  ","$6,204,000","22498",".272",".336",".430","84.3","31.4","11.7","17.2","432.4",".674","10.2","288.2","20.5","37.0","Av","Pr",".275",".340",".429","31.0",".270",".334",".430","31.6","Prone","Pr",  
"1B, C","Sweeney, Mike R  ","$6,192,000","21300",".271",".336",".408","81.1","39.0","11.8","18.0","182.7",".653","13.5","252.7","21.8","39.5","Av","Fr",".263",".316",".377","49.5",".276",".347",".426","35.1","Fragile","Pr",  
"C","Sims, Duke L  ","$6,180,000","22159",".237",".324",".384","75.0","29.5","9.33","25.0","721.8",".547","5.92","208.8","32.9","47.5","Pr","Pr",".234",".325",".365","30.7",".237",".321",".387","29.5","Normal","Pr",  
"SS","Bartlett, Jason R  ","$6,178,000","29879",".269",".337",".335","70.4","328.3","11.4","21.1","30.3",".679","9.59","122.4","29.3","62.2","Vg","Vg",".290",".369",".379","171.0",".255",".316",".306","821.8","Prone","Pr",  
"3B, 1B, LF, RF","Ward, Pete L  ","$6,178,000","17462",".260",".336",".397","81.5","40.1","10.4","18.4","234.5",".549","7.52","143.8","24.3","70.4","Fr","Fr",".239",".300",".340","67.6",".266",".348",".415","35.2","Normal","Pr",  
"DH","Horn, Sam L  ","$6,172,000","23819",".246",".330",".470","87.9","18.1","9.05","19.7","3871.9",".467","4.27","161.3","26.0","28.7","Pr","Pr",".199",".259",".336","26.7",".253",".340",".490","17.2","Normal","Pr",  
"SS, 2B","Sanchez, Rey R  ","$6,167,000","13582",".254",".289",".294","47.6","1234.7","22.9","30.1","116.5",".638","14.3","214.1","38.0","42.3","Av","Fr",".268",".305",".312","966.2",".249",".282",".288","1381.2","Prone","Fr",  
"LF, 1B","Carty, Rico R  ","$6,161,000","26280",".277",".347",".404","82.0","40.6","10.1","20.1","468.6",".716","9.74","307.5","24.4","32.3","Fr","Pr",".278",".340",".394","44.7",".278",".353",".412","38.5","Prone","Pr",  
"SS","Cardenas, Leo R  ","$6,160,000","18375",".244",".291",".340","56.6","84.7","16.3","18.8","294.5",".493","6.56","141.0","24.0","45.4","Fr","Fr",".255",".308",".369","66.0",".236",".281",".322","102.7","Normal","Pr",  
"1B, LF","Conine, Jeff R  ","$6,153,000","12408",".260",".328",".371","71.6","53.9","10.8","20.3","151.9",".636","9.29","177.3","25.9","38.6","Av","Fr",".275",".355",".423","35.4",".251",".311",".341","77.8","Normal","Pr",  
"CF, LF, RF","Nixon, Otis S  ","$6,140,000","24572",".251",".321",".281","59.7","1365.1","10.8","42.6","10.8",".704","11.0","254.6","59.3","87.3","Vg","Ex",".252",".318",".279","1662.8",".251",".324",".283","1196.1","Prone","Vg",  
"2B","Grant, Frank R  ","$6,139,000","23788",".253",".315",".393","73.7","48.1","12.4","16.1","67.2",".674","8.11","70.3","23.9","48.6","Av","Vg",".259",".319",".397","57.6",".249",".313",".388","45.6","Normal","Pr",  
"RF, 1B","Hart, Corey R  ","$6,137,000","22606",".270",".326",".440","83.4","30.3","13.6","16.7","106.1",".630","6.69","98.6","22.7","41.2","Av","Av",".275",".331",".456","29.3",".266",".323",".429","30.8","Prone","Fr",  
"2B","Kilduff, Pete R  ","$6,136,000","18623",".247",".325",".368","71.4","63.6","9.82","16.5","315.4",".558","6.98","85.6","23.9","42.4","Fr","Fr",".256",".337",".390","50.5",".243",".319",".358","73.8","Normal","Pr",  
"1B, LF, CF, RF","Cavarretta, Phil L  ","$6,131,000","18959",".271",".345",".388","82.1","68.2","10.2","16.7","265.8",".500","7.97","90.4","24.1","66.9","Fr","Fr",".255",".327",".344","126.1",".281",".356",".412","55.1","Prone","Pr",  
"DH, 1B","Durazo, Erubiel L  ","$6,131,000","10844",".269",".360",".432","95.7","28.2","8.03","19.9","837.0",".682","6.53","176.8","26.4","66.4","Fr","Pr",".235",".319",".352","37.7",".281",".375",".460","25.7","Fragile","Pr",  
"3B, 2B","Alfonzo, Edgardo R  ","$6,128,000","17639",".266",".333",".366","74.8","64.6","10.9","21.5","105.6",".693","12.7","147.3","28.7","55.9","Vg","Fr",".260",".329",".345","77.5",".268",".335",".377","59.6","Prone","Pr",  
"C","Johjima, Kenji R  ","$6,127,000","22695",".256",".302",".361","62.0","55.1","22.0","21.9","1223.2",".526","20.4","203.9","26.8","35.7","Fr","Pr",".256",".298",".354","67.7",".257",".303",".368","49.4","Normal","Pr",  
"2B, 3B, LF, CF","Roberts, Bip S  ","$6,125,000","23624",".276",".336",".335","69.8","393.7","12.5","22.8","32.8",".635","10.6","159.0","30.0","84.9","Av","Vg",".270",".321",".316","1000.9",".280",".344",".345","299.1","Prone","Fr",  
"RF, LF, CF","Miller, Bing R  ","$6,120,000","14304",".266",".308",".388","69.9","58.6","20.5","16.3","95.1",".646","9.04","114.6","21.1","48.6","Fr","Av",".276",".324",".401","56.6",".258",".297",".375","61.5","Normal","Fr",  
"1B, 3B, RF","Huff, Aubrey L  ","$6,115,000","19707",".266",".327",".418","80.4","31.6","12.1","19.8","184.8",".628","11.0","165.2","25.3","42.7","Fr","Fr",".245",".304",".376","39.8",".275",".338",".436","29.0","Normal","Pr",  
"LF, RF","Jenkins, Geoff L  ","$6,112,000","19172",".259",".317",".419","76.8","32.0","14.6","17.0","242.2",".617","5.37","145.3","21.4","39.5","Av","Fr",".241",".293",".358","57.2",".268",".328",".446","27.2","Prone","Pr",  
"2B","Veras, Quilvio S  ","$6,112,000","19884",".254",".345",".316","70.2","218.5","8.54","23.9","39.8",".603","9.46","168.3","32.9","80.3","Av","Vg",".255",".340",".312","249.1",".255",".349",".320","201.5","Fragile","Pr",  
"CF, LF, RF","Piersall, Jim R  ","$6,111,000","17961",".241",".292",".323","54.5","110.2","15.2","21.5","75.6",".650","9.31","121.3","29.2","48.3","Av","Av",".259",".312",".364","72.1",".230",".279",".299","160.8","Normal","Fr",  
"2B, 3B, SS","McAuliffe, Dick L  ","$6,107,000","16267",".240",".329",".372","77.6","45.3","8.55","19.0","233.5",".645","7.81","84.9","29.5","93.9","Fr","Fr",".204",".281",".285","91.5",".249",".342",".395","39.9","Prone","Pr",  
"LF, RF","Kemp, Steve L  ","$6,106,000","15048",".257",".350",".383","81.3","43.1","8.15","20.7","135.8",".677","7.49","147.3","28.6","39.1","Av","Fr",".247",".327",".355","51.4",".261",".358",".397","39.2","Normal","Pr",  
"3B, 1B, SS","Boone, Ray R  ","$6,104,000","23492",".258",".333",".380","75.2","44.8","10.0","22.0","591.1",".662","8.64","118.7","31.6","37.3","Av","Pr",".267",".342",".399","42.3",".253",".328",".370","45.8","Prone","Pr",  
"2B","Roberts, Brian S  ","$6,088,000","21421",".254",".330",".346","73.8","171.4","9.83","15.7","22.4",".756","11.6","107.0","21.2","79.0","Ex","Vg",".252",".321",".332","334.9",".255",".334",".352","139.6","Prone","Pr",  
"3B, 2B","Madlock, Bill R  ","$6,082,000","30760",".288",".342",".409","81.7","53.5","14.2","17.4","60.3",".627","14.2","151.8","21.8","40.5","Av","Av",".295",".351",".432","46.1",".284",".338",".396","58.5","Prone","Fr",  
"2B, 1B","Johnson, Davey R  ","$6,079,000","22425",".254",".327",".387","75.2","43.0","10.8","17.6","322.9",".624","8.54","174.9","22.2","41.4","Fr","Fr",".262",".336",".404","41.4",".249",".322",".377","43.5","Normal","Pr",  
"2B","Ellis, Mark R  ","$6,078,000","11870",".257",".324",".352","70.0","83.6","12.2","19.8","108.3",".719","10.2","140.2","26.3","57.9","Vg","Fr",".269",".342",".363","76.6",".251",".314",".346","88.0","Fragile","Fr",  
"3B, SS","Boyer, Clete R  ","$6,077,000","13454",".243",".294",".363","61.8","42.3","15.1","23.8","218.4",".598","7.08","150.9","31.3","47.4","Fr","Fr",".273",".335",".426","32.2",".226",".270",".327","52.0","Normal","Pr",  
"C","Martin, Russell R  ","$6,076,000","7123",".244",".329",".357","69.9","43.7","9.44","25.8","145.6",".615","7.72","181.2","35.3","34.3","Av","Fr",".253",".340",".371","44.6",".239",".323",".349","43.0","Normal","Pr",  
"RF, CF","Moses, Wally L  ","$6,075,000","16948",".269",".326",".378","75.0","76.0","13.1","17.3","74.0",".656","9.64","93.7","24.0","72.8","Av","Av",".258",".310",".342","152.3",".276",".335",".400","58.3","Normal","Fr",  
"2B, SS","Espinosa, Danny S  ","$6,074,000","14017",".223",".292",".363","64.5","36.2","13.6","21.2","70.0",".712","4.73","110.8","30.0","79.3","Vg","Av",".229",".306",".378","32.7",".219",".284",".355","38.6","Normal","Av",  
"2B","Pfeffer, Fred R  ","$6,062,000","19452",".226",".286",".353","59.0","43.1","13.0","21.4","24.8",".688","7.01","105.0","30.4","46.3","Vg","Ex",".235",".300",".371","41.3",".221",".279",".342","44.2","Normal","Pr",  
"CF, LF, RF","Van Haltren, George L  ","$6,059,000","18932",".267",".328",".372","74.0","69.3","12.0","21.6","17.7",".691","7.23","73.8","35.3","53.7","Vg","Ex",".265",".322",".357","84.2",".269",".332",".381","63.2","Iron","Fr",  
"2B","Cash, Dave R  ","$6,042,000","22037",".266",".318",".333","63.0","234.4","14.2","21.5","58.0",".655","17.8","142.4","28.1","49.4","Av","Av",".272",".330",".347","201.4",".262",".311",".324","258.9","Normal","Pr",  
"RF, LF, CF","Roth, Braggo R  ","$6,039,000","14191",".262",".336",".418","82.2","43.7","10.4","15.2","42.7",".619","5.82","53.0","25.5","40.9","Av","Ex",".267",".341",".420","43.0",".259",".332",".417","44.1","Prone","Pr",  
"3B","Lyons, Denny R  ","$6,035,000","13794",".261",".341",".387","79.8","48.1","9.71","17.5","53.2",".617","6.72","176.8","22.6","50.4","Av","Vg",".276",".353",".411","47.9",".253",".334",".374","48.1","Prone","Pr",  
"2B","Spivey, Junior R  ","$6,033,000","26711",".265",".355",".399","86.5","43.3","8.79","18.1","91.4",".598","6.81","127.3","25.0","53.0","Av","Av",".296",".394",".465","31.2",".225",".301",".311","88.7","Fragile","Pr",  
"1B, LF, RF","Fairly, Ron L  ","$6,026,000","12294",".257",".342",".369","78.3","49.0","8.89","22.0","186.4",".608","9.70","184.0","29.5","54.5","Av","Fr",".232",".311",".293","117.2",".269",".357",".408","37.9","Normal","Pr",  
"CF, LF, RF","Milner, Eddie L  ","$6,025,000","10469",".229",".310",".329","63.6","72.7","9.58","21.6","35.3",".644","10.5","89.2","33.7","75.1","Av","Ex",".186",".257",".236","227.4",".243",".326",".359","59.9","Prone","Fr",  
"3B, 1B","Magadan, Dave L  ","$6,022,000","17054",".269",".370",".341","81.6","134.3","7.19","22.3","312.8",".667","11.2","224.9","29.6","49.1","Av","Pr",".246",".342",".284","426.7",".275",".377",".360","113.6","Prone","Pr",  
"3B, 1B","Freese, David R  ","$6,015,000","22576",".274",".347",".384","77.2","54.9","10.8","20.6","635.5",".656","6.37","168.3","26.9","29.7","Pr","Pr",".297",".378",".419","51.1",".261",".329",".364","57.1","Fragile","Pr",  
"3B, 1B","Lansford, Carney R  ","$6,014,000","23577",".274",".329",".382","74.6","63.5","14.0","19.2","68.5",".645","11.9","124.9","25.5","48.2","Av","Av",".272",".326",".379","67.5",".275",".331",".385","60.6","Normal","Pr",  
"RF","Lumley, Harry L  ","$6,012,000","17268",".278",".332",".446","85.8","38.0","13.1","14.4","69.2",".616","7.53","55.6","22.4","42.7","Av","Vg",".275",".328",".437","38.9",".280",".335",".451","37.1","Fragile","Av",  
"3B, 1B, 2B, SS","McManus, Marty R  ","$6,010,000","11956",".245",".314",".362","67.4","55.9","11.0","17.8","156.2",".531","7.16","150.9","23.1","47.5","Fr","Av",".251",".325",".386","48.3",".241",".308",".348","61.2","Normal","Fr",  
"SS, 3B","Escobar, Yunel R  ","$6,005,000","21870",".273",".343",".344","69.8","170.9","10.8","21.6","201.7",".595","16.8","159.8","28.6","32.6","Fr","Fr",".287",".359",".370","135.0",".265",".333",".328","204.6","Fragile","Pr",  
"C","Whitt, Ernie L  ","$6,002,000","13466",".241",".316",".364","68.3","41.2","9.98","22.7","379.0",".556","9.54","178.3","29.8","41.2","Fr","Fr",".203",".266",".258","87.6",".248",".325",".382","37.8","Normal","Pr",  
"CF, LF, RF","Thomas, Gorman R  ","$5,992,000","35197",".210",".312",".430","81.5","17.9","7.92","21.8","311.6",".612","3.98","179.8","29.5","58.5","Fr","Fr",".219",".323",".450","17.5",".206",".306",".419","18.1","Prone","Pr",  
"LF, RF","Litwhiler, Danny R  ","$5,983,000","21209",".265",".316",".423","77.6","29.4","15.3","20.8","722.5",".552","6.73","143.6","26.9","44.5","Av","Pr",".266",".321",".416","30.9",".265",".313",".426","28.6","Normal","Pr",  
"3B, SS","Fryman, Travis R  ","$5,980,000","20200",".251",".309",".371","67.4","50.2","13.2","20.0","161.8",".678","5.93","109.2","27.4","47.2","Av","Fr",".256",".315",".382","47.3",".248",".306",".364","52.3","Normal","Pr",  
"2B, LF, CF","Ackley, Dustin L  ","$5,976,000","15060",".250",".315",".346","66.8","87.1","11.6","20.2","67.1",".640","9.03","98.9","29.0","78.8","Av","Av",".242",".298",".335","102.4",".255",".323",".354","79.7","Normal","Pr",  
"SS, 2B, 3B, LF","Hernandez, Jose R  ","$5,971,000","20960",".247",".301",".378","64.3","39.1","14.1","22.7","282.2",".551","4.32","105.8","32.4","37.3","Fr","Fr",".265",".327",".412","34.5",".237",".285",".358","42.6","Normal","Pr",  
"DH, C, 1B, LF","Johnson, Cliff R  ","$5,970,000","19776",".247",".342",".437","90.2","21.9","8.54","20.5","1909.2",".444","6.29","272.7","26.0","47.4","Pr","Pr",".267",".363",".478","19.1",".236",".329",".412","24.3","Prone","Pr",  
"2B, 3B, LF","Johnson, Kelly L  ","$5,962,000","22689",".249",".324",".380","75.0","44.1","9.94","19.3","110.4",".606","6.21","93.1","28.5","64.8","Av","Av",".238",".315",".358","48.2",".254",".327",".391","42.3","Normal","Pr",  
"2B","Hudson, Orlando S  ","$5,947,000","18284",".258",".323",".348","66.4","133.5","11.3","19.0","102.1",".703","9.51","73.1","29.7","38.6","Vg","Fr",".265",".332",".368","112.6",".253",".319",".337","149.3","Fragile","Pr",  
"SS, 1B, 2B, 3B","Aurilia, Rich R  ","$5,941,000","19139",".254",".304",".364","64.5","54.2","14.5","20.4","210.4",".589","9.53","169.4","25.6","45.5","Av","Fr",".260",".312",".370","59.5",".250",".300",".361","51.7","Prone","Fr",  
"C","Lombardi, Ernie R  ","$5,934,000","15701",".277",".329",".419","77.8","29.8","15.1","25.2","535.6",".711","10.6","816.2","28.5","29.2","Av","Pr",".281",".343",".441","25.1",".274",".321",".407","32.8","Prone","Pr",  
"2B, C, 3B","Daly, Tom S  ","$5,929,000","14927",".242",".320",".355","68.8","60.7","9.81","18.5","43.0",".688","6.29","120.6","25.3","46.1","Vg","Vg",".245",".324",".351","59.8",".241",".318",".357","61.1","Normal","Fr",  
"RF, LF","Crawford, Willie L  ","$5,928,000","15082",".264",".337",".401","82.0","43.3","10.0","17.6","242.4",".593","6.16","101.0","24.6","61.5","Fr","Fr",".217",".279",".285","134.0",".277",".353",".434","36.3","Normal","Pr",  
"3B","Nagashima, Shigeo R  ","$5,909,000","16594",".251",".312",".364","65.0","58.4","12.4","19.6","83.2",".636","11.9","102.8","27.4","32.7","Av","Av",".263",".328",".384","56.2",".244",".304",".353","59.8","Normal","Pr",  
"DH, 1B, LF, RF","Baylor, Don R  ","$5,888,000","20370",".254",".330",".418","82.0","28.4","12.2","19.2","42.8",".623","9.25","193.1","24.3","48.1","Av","Vg",".271",".355",".451","26.2",".243",".313",".396","30.3","Normal","Pr",  
"C","Gattis, Evan R  ","$5,885,000","50642",".248",".305",".431","75.6","23.6","13.6","21.2","1792.6",".554","7.19","123.2","28.6","35.3","Fr","Pr",".253",".309",".447","21.5",".245",".303",".421","25.2","Prone","Pr",  
"3B, 1B","Alvarez, Pedro L  ","$5,878,000","13517",".237",".313",".420","77.0","22.2","9.93","24.1","543.0",".651","4.56","163.5","32.4","40.8","Av","Pr",".197",".256",".312","34.2",".245",".325",".447","20.2","Normal","Pr",  
"CF","Statz, Jigger R  ","$5,878,000","18341",".248",".305",".331","58.0","119.9","13.5","20.1","87.6",".532","6.98","132.5","26.4","46.9","Fr","Vg",".254",".314",".350","85.5",".245",".301",".320","163.9","Normal","Av",  
"2B, 1B, 3B","Walker, Neil S  ","$5,878,000","20034",".263",".329",".382","75.2","53.4","11.5","18.8","719.4",".544","9.42","112.1","25.8","48.1","Fr","Pr",".251",".310",".350","68.2",".271",".340",".403","45.6","Prone","Pr",  
"SS","Renteria, Edgar R  ","$5,873,000","27236",".275",".337",".356","71.2","123.2","11.5","19.4","49.8",".629","11.6","200.0","24.2","39.0","Av","Vg",".296",".368",".405","68.3",".262",".318",".327","241.8","Prone","Pr",  
"3B","Gruber, Kelly R  ","$5,867,000","20389",".246",".297",".392","67.6","35.8","16.9","19.6","82.7",".694","8.26","99.8","27.0","43.1","Av","Av",".250",".294",".392","38.8",".244",".298",".392","34.2","Prone","Pr",  
"CF, 3B, LF","Thomson, Bobby R  ","$5,860,000","18321",".257",".313",".415","75.2","32.7","13.5","17.9","295.8",".591","6.71","96.2","24.8","39.3","Fr","Fr",".276",".343",".468","26.1",".243",".294",".381","39.3","Prone","Pr",  
"3B, 2B, SS","Batista, Tony R  ","$5,854,000","22705",".235",".279",".383","61.0","30.7","18.1","23.0","246.3",".615","7.85","145.1","29.8","43.5","Av","Fr",".230",".272",".371","33.0",".236",".282",".390","29.2","Normal","Pr",  
"CF, LF","Rivers, Mickey L  ","$5,854,000","12704",".278",".315",".366","70.6","135.1","20.9","19.0","26.8",".687","11.9","83.2","27.1","125.3","Vg","Vg",".263",".299",".328","368.9",".287",".324",".385","103.1","Prone","Av",  
"CF, LF, RF","Jones, Mack L  ","$5,847,000","13641",".242",".338",".409","85.0","28.8","8.94","19.1","73.8",".615","5.05","117.9","27.2","64.2","Av","Av",".210",".292",".322","47.8",".251",".351",".434","25.8","Prone","Pr",  
"RF","Miller, Dusty L  ","$5,836,000","22452",".250",".302",".371","65.5","59.2","14.9","16.5","42.3",".696","7.22","109.1","21.8","45.1","Vg","Vg",".247",".295",".354","70.5",".251",".305",".379","54.4","Normal","Fr",  
"2B, LF","Wiggins, Alan S  ","$5,834,000","18765",".255",".324",".300","63.9","721.7","11.1","30.0","12.1",".692","16.8","156.2","43.4","110.7","Vg","Ex",".265",".337",".320","375.7",".250",".316",".290","1484.6","Normal","Vg",  
"2B, SS, CF","Strange-Gordon, Dee L  ","$5,830,000","8160",".283",".319",".326","64.0","1020.0","21.2","32.4","12.8",".691","14.4","117.9","49.0","84.7","Vg","Ex",".277",".315",".313","2436.0",".283",".319",".331","723.1","Prone","Ex",  
"CF","Tucker, Thurman L  ","$5,829,000","15524",".241",".314",".307","60.6","150.7","10.4","26.4","50.9",".662","7.01","147.0","36.8","95.3","Av","Vg",".230",".297",".279","307.0",".247",".323",".320","119.8","Normal","Pr",  
"RF, 1B, LF, CF","Hayes, Von L  ","$5,828,000","4968",".259",".335",".386","77.5","49.7","9.90","17.6","39.0",".626","8.07","116.9","23.9","46.8","Av","Vg",".250",".315",".337","81.8",".263",".344",".407","42.6","Prone","Pr",  
"C","Lopez, Javy R  ","$5,825,000","21368",".262",".309",".416","73.1","29.9","16.7","22.0","1547.5",".600","7.46","127.5","29.4","34.0","Pr","Pr",".262",".310",".428","25.6",".260",".306",".406","33.1","Prone","Pr",  
"SS","Andrus, Elvis R  ","$5,821,000","9015",".264",".321",".337","65.1","250.4","13.4","19.1","27.6",".697","16.2","125.4","25.3","46.9","Vg","Vg",".272",".329",".363","149.9",".256",".314",".319","462.6","Normal","Pr",  
"SS, 2B, 3B","Scutaro, Marco R  ","$5,812,000","25723",".267",".333",".347","70.4","120.8","11.1","20.4","165.6",".644","15.8","182.3","26.1","48.5","Av","Fr",".263",".331",".331","213.7",".269",".335",".356","96.7","Normal","Pr",  
"2B","McConnell, Amby L  ","$5,806,000","29386",".264",".325",".361","70.4","60.3","13.4","26.7","35.1",".709","7.91","116.1","39.9","44.3","Vg","Vg",".258",".322",".345","65.2",".267",".328",".370","58.0","Prone","Pr",  
"RF, LF","Harris, Dave R  ","$5,805,000","10436",".244",".337",".422","85.1","28.8","8.25","17.5","119.6",".601","5.24","69.0","28.8","44.4","Fr","Av",".260",".353",".462","24.7",".217",".305",".351","41.3","Normal","Fr",  
"RF, 1B","Stairs, Matt L  ","$5,797,000","16689",".250",".332",".421","83.9","25.6","9.28","21.4","463.2",".603","6.91","153.2","29.0","48.2","Fr","Pr",".225",".302",".361","34.3",".259",".342",".443","23.4","Normal","Pr",  
"CF, LF, RF","Strunk, Amos L  ","$5,797,000","16060",".260",".326",".371","71.8","59.5","11.1","20.3","84.8",".589","8.29","102.7","29.1","46.9","Fr","Vg",".247",".310",".323","105.7",".265",".333",".390","50.3","Prone","Av",  
"C","Sanguillen, Manny R  ","$5,795,000","20246",".275",".299",".365","60.9","96.0","31.8","20.6","279.4",".567","15.4","107.8","27.0","37.7","Fr","Fr",".282",".312",".379","83.0",".271",".292",".356","108.3","Normal","Fr",  
"1B","Wesley, Edgar L  ","$5,795,000","6541",".257",".317",".413","77.3","27.8","13.0","24.0","67.1",".663","6.13","161.0","31.9","48.0","Av","Av",".259",".316",".408","26.4",".256",".317",".415","28.7","Normal","Pr",  
"CF","Wells, Vernon R  ","$5,790,000","24772",".259",".312",".401","73.1","37.1","13.9","19.0","126.5",".667","11.0","136.0","24.5","40.6","Vg","Fr",".269",".322",".418","33.6",".254",".307",".391","39.6","Normal","Pr",  
"1B","Hosmer, Eric L  ","$5,779,000","7147",".276",".330",".389","75.3","52.9","13.1","21.3","170.6",".561","10.1","122.6","29.0","43.6","Av","Fr",".262",".314",".352","70.2",".281",".337",".405","45.4","Normal","Fr",  
"RF, LF, CF","Burnitz, Jeromy L  ","$5,769,000","22813",".233",".312",".422","79.0","22.8","10.2","20.9","259.7",".566","5.47","122.5","29.2","58.8","Fr","Fr",".216",".291",".381","25.3",".242",".323",".443","21.7","Normal","Pr",  
"RF, 1B, 3B","Cuddyer, Michael R  ","$5,762,000","23295",".264",".329",".411","78.8","39.8","11.3","16.3","107.9",".712","7.97","103.6","22.0","34.8","Vg","Fr",".283",".359",".463","31.8",".252",".309",".378","47.8","Prone","Pr",  
"C","Danning, Harry R  ","$5,757,000","18168",".269",".312",".376","66.3","76.7","17.6","16.5","265.1",".617","8.72","135.3","20.5","34.4","Av","Fr",".279",".331",".393","71.1",".263",".302",".368","78.8","Normal","Pr",  
"RF, LF, CF","Walker, Dixie L  ","$5,755,000","14273",".269",".333",".395","79.8","60.2","11.5","16.0","156.5",".554","10.0","78.6","23.2","68.2","Fr","Fr",".258",".317",".373","78.7",".271",".339",".404","52.3","Prone","Pr",  
"1B","Kuhel, Joe L  ","$5,753,000","17518",".248",".323",".365","71.5","55.3","10.2","19.0","113.1",".651","8.46","111.2","26.6","50.1","Av","Av",".237",".312",".335","74.4",".253",".328",".379","49.1","Normal","Fr",  
"RF, LF, CF","Valentine, Ellis R  ","$5,749,000","13290",".270",".318",".435","79.0","28.3","15.3","18.6","74.6",".643","7.30","208.8","22.3","37.7","Av","Av",".296",".353",".495","23.6",".250",".291",".389","33.5","Prone","Pr",  
"LF, CF","Bescher, Bob S  ","$5,746,000","19611",".246",".336",".369","77.7","54.2","8.64","17.9","17.1",".696","7.53","98.3","26.0","57.2","Vg","Ex",".238",".323",".343","71.2",".250",".342",".383","47.7","Normal","Fr",  
"1B, 2B, 3B, RF","Hickman, Charlie R  ","$5,745,000","22115",".278",".320",".439","81.5","38.9","18.8","14.5","91.2",".608","7.88","70.7","20.1","47.9","Av","Av",".285",".329",".452","36.0",".273",".315",".432","39.5","Normal","Pr",  
"1B","Pipp, Wally L  ","$5,745,000","13381",".257",".313",".380","69.7","55.1","13.3","18.4","83.2",".622","7.46","75.5","27.8","45.5","Av","Av",".244",".302",".345","66.7",".263",".318",".399","50.5","Normal","Pr",  
"C","Bailey, Ed L  ","$5,742,000","17525",".247",".339",".384","80.3","34.6","8.33","22.7","921.1",".611","7.24","173.2","30.9","50.8","Fr","Pr",".225",".308",".314","53.0",".252",".346",".401","32.0","Prone","Pr",  
"3B, SS","Lobert, Hans R  ","$5,742,000","23038",".263",".321",".374","73.4","60.2","13.1","20.0","18.9",".711","9.33","96.5","29.0","54.0","Vg","Ex",".276",".338",".391","60.5",".256",".312",".366","60.0","Prone","Vg",  
"1B","O'Neil, Buck R  ","$5,737,000","9818",".270",".304",".362","63.3","119.7","21.2","17.4","152.5",".515","20.6","110.7","22.5","46.8","Fr","Fr",".274",".308",".377","97.4",".266",".298",".351","127.4","Normal","Pr",  
"3B, 1B, 2B, LF","Prado, Martin R  ","$5,724,000","10102",".273",".325",".362","68.2","108.6","13.8","18.6","234.7",".595","19.8","134.5","24.0","36.4","Fr","Fr",".280",".344",".371","90.2",".270",".316",".357","134.5","Prone","Pr",  
"RF, LF, CF","Northrup, Jim L  ","$5,721,000","17521",".267",".327",".407","77.2","44.9","12.6","15.9","327.7",".546","8.60","102.8","21.2","36.6","Fr","Fr",".244",".296",".356","63.2",".276",".339",".427","40.4","Normal","Pr",  
"LF","Zernial, Gus R  ","$5,713,000","24988",".246",".301",".443","77.0","20.2","14.1","23.8","1604.5",".405","5.09","174.8","30.5","41.6","Fr","Pr",".259",".321",".473","19.0",".240",".289",".427","20.8","Normal","Pr",  
"1B","Thompson, Jason L  ","$5,712,000","16914",".243",".345",".396","83.8","28.0","7.44","23.2","706.2",".651","6.26","346.9","29.4","45.1","Fr","Pr",".212",".309",".299","52.1",".252",".355",".425","24.7","Normal","Pr",  
"CF, LF","Rowand, Aaron R  ","$5,706,000","15104",".258",".315",".385","70.2","46.8","17.1","18.0","81.8",".609","6.99","143.9","23.0","39.4","Av","Av",".278",".346",".430","36.3",".244",".294",".358","54.5","Normal","Pr",  
"LF, RF","Maxwell, Charlie L  ","$5,694,000","14211",".242",".325",".379","77.1","34.9","9.30","24.8","273.9",".686","6.09","112.2","37.6","90.8","Vg","Pr",".232",".315",".373","30.8",".249",".331",".384","37.3","Normal","Pr",  
"CF, LF, RF","Landis, Jim R  ","$5,693,000","19281",".239",".328",".344","71.9","71.4","9.24","20.4","56.9",".671","6.23","84.9","32.5","81.8","Vg","Av",".239",".329",".344","81.6",".240",".328",".344","66.6","Normal","Av",  
"LF, CF, RF","Miller, Ward L  ","$5,693,000","16664",".256",".345",".349","74.7","70.6","8.83","22.8","82.6",".600","6.90","170.3","31.1","50.7","Av","Av",".247",".331",".324","96.0",".262",".354",".365","61.3","Normal","Pr",  
"SS, 2B, 3B","Uribe, Juan R  ","$5,693,000","17456",".251",".298",".372","63.6","49.6","16.2","19.4","394.6",".545","7.56","127.1","25.3","42.3","Fr","Fr",".258",".303",".384","44.4",".247",".295",".365","52.9","Prone","Pr",  
"LF, RF","Scott, Luke L  ","$5,689,000","14397",".255",".325",".426","83.3","30.3","10.8","16.3","536.2",".732","6.36","99.9","22.2","59.8","Av","Pr",".240",".309",".390","37.5",".260",".331",".440","28.3","Fragile","Pr",  
"SS, 2B, 3B, LF, CF, RF","Held, Woodie R  ","$5,686,000","33101",".239",".318",".399","75.5","28.7","10.3","21.5","604.3",".667","4.89","123.7","30.3","45.2","Av","Pr",".253",".334",".425","27.1",".233",".309",".386","29.7","Normal","Pr",  
"2B, 3B, SS, LF","Velarde, Randy R  ","$5,685,000","22856",".259",".330",".353","68.9","79.4","10.9","21.4","199.7",".656","6.57","120.0","29.9","37.4","Av","Fr",".265",".340",".366","65.9",".256",".324",".345","91.2","Prone","Pr",  
"C","Hershberger, Willard R  ","$5,684,000","16491",".294",".338",".368","72.2","123.1","19.5","24.0","542.5",".541","12.5","132.6","32.4","38.3","Fr","Pr",".273",".303",".305","1840.0",".299",".348",".386","97.1","Prone","Pr",  
"CF, LF","Lyons, Jimmie L  ","$5,681,000","11452",".266",".307",".341","63.2","249.0","18.1","22.6","15.8",".699","11.9","58.5","41.7","63.9","Vg","Ex",".265",".302",".334","226.7",".267",".309",".345","263.2","Normal","Vg",  
"LF","Vaughn, Greg R  ","$5,680,000","17133",".234",".318",".440","84.3","19.9","9.23","21.0","120.2",".604","5.50","141.1","28.7","59.0","Av","Av",".240",".325",".462","18.0",".232",".315",".431","21.0","Prone","Pr",  
"2B, 1B, 3B, SS","Gyorko, Jedd R  ","$5,677,000","11960",".243",".308",".389","69.0","30.0","11.6","24.8","736.1",".818","6.77","179.1","32.5","34.1","Fr","Pr",".267",".343",".446","24.7",".230",".290",".361","33.3","Prone","Pr",  
"2B, 1B, SS","Runnels, Pete L  ","$5,676,000","22654",".257",".330",".328","65.9","184.2","10.3","21.4","209.2",".589","9.63","140.2","29.2","45.7","Fr","Fr",".238",".310",".292","277.6",".267",".341",".346","157.9","Normal","Pr",  
"CF, LF, RF","Pearson, Albie L  ","$5,672,000","29256",".260",".352",".333","77.3","178.4","8.22","20.8","44.6",".696","17.1","161.4","28.4","83.3","Vg","Av",".247",".338",".300","586.4",".267",".359",".349","131.2","Normal","Fr",  
"1B","McQuinn, George L  ","$5,667,000","16057",".252",".322",".384","75.2","44.6","10.9","18.0","245.2",".561","7.13","119.4","24.5","65.5","Fr","Fr",".242",".306",".358","55.5",".256",".329",".395","41.0","Normal","Pr",  
"3B","Jones, Willie R  ","$5,662,000","16620",".242",".320",".370","71.6","42.2","9.71","20.1","201.0",".644","9.32","153.6","26.9","45.0","Av","Fr",".247",".327",".394","35.9",".239",".317",".357","46.5","Normal","Pr",  
"LF, CF","Taylor, Danny R  ","$5,661,000","17565",".264",".345",".404","83.2","46.0","9.19","17.3","82.2",".612","5.90","69.6","27.5","42.8","Av","Av",".266",".348",".409","42.6",".264",".344",".401","47.8","Normal","Pr",  
"SS","Templeton, Garry S  ","$5,654,000","22057",".254",".281",".331","51.5","193.5","28.1","21.0","45.2",".620","7.78","79.6","30.4","50.2","Av","Vg",".253",".283",".332","215.0",".255",".281",".331","183.9","Prone","Fr",  
"C","Collins, Pat R  ","$5,650,000","10715",".230",".343",".360","76.8","30.7","6.85","31.9","1154.7",".647","4.86","977.1","39.3","42.1","Pr","Pr",".234",".344",".364","31.2",".227",".341",".357","30.6","Normal","Pr",  
"RF, LF, CF","Puhl, Terry L  ","$5,647,000","10631",".272",".341",".387","81.0","62.9","11.0","18.2","43.8",".616","11.0","96.5","26.0","82.5","Av","Vg",".221",".270",".266","363.2",".286",".358",".417","52.8","Prone","Fr",  
"1B","Aikens, Willie L  ","$5,637,000","10671",".262",".343",".435","86.1","24.1","9.27","21.3","935.3",".650","6.59","608.0","25.3","30.2","Fr","Pr",".223",".289",".347","31.4",".270",".355",".454","23.0","Normal","Pr",  
"1B, LF","Lind, Adam L  ","$5,636,000","14630",".270",".326",".414","78.1","36.0","12.8","18.6","1784.9",".692","7.76","150.1","23.6","38.3","Pr","Pr",".218",".252",".309","70.0",".286",".347",".447","31.4","Normal","Pr",  
"LF, RF","Greer, Rusty L  ","$5,635,000","14785",".273",".351",".382","82.3","79.5","9.31","15.8","167.8",".592","10.8","130.1","20.8","52.6","Av","Fr",".251",".330",".337","116.2",".284",".362",".405","69.4","Prone","Pr",  
"1B","Loney, James L  ","$5,633,000","13498",".282",".331",".366","70.5","115.4","14.4","19.4","226.0",".739","17.4","179.1","24.0","35.9","Av","Pr",".256",".292",".305","488.3",".291",".344",".386","91.6","Normal","Pr",  
"C","Clarke, Tommy R  ","$5,624,000","15571",".256",".341",".377","78.8","53.5","8.87","19.4","293.5",".598","7.63","83.7","30.4","48.8","Fr","Fr",".272",".354",".408","43.4",".248",".334",".362","60.0","Normal","Pr",  
"C","Trouppe, Quincy S  ","$5,621,000","20874",".235",".300",".377","64.4","29.1","12.0","26.5","2104.7",".579","6.63","625.7","30.9","33.7","Pr","Pr",".247",".316",".401","27.0",".225",".288",".362","30.0","Normal","Pr",  
"1B, 2B, LF","Power, Vic R  ","$5,611,000","11611",".273",".295",".377","63.7","88.6","32.4","16.7","249.6",".527","19.3","105.4","21.1","49.9","Fr","Fr",".287",".312",".409","72.0",".264",".284",".357","103.5","Normal","Pr",  
"C, RF","Ferguson, Joe R  ","$5,603,000","8496",".223",".337",".380","77.5","28.3","6.86","22.5","457.9",".537","5.45","179.9","31.4","35.3","Av","Fr",".228",".346",".401","24.5",".221",".332",".370","30.6","Prone","Pr",  
"3B, C, 1B, LF","Nevin, Phil R  ","$5,603,000","29319",".265",".332",".430","82.6","26.7","10.9","21.5","573.5",".620","5.67","167.6","28.0","36.1","Av","Pr",".280",".355",".474","23.0",".256",".319",".404","29.4","Fragile","Pr",  
"1B, 3B, LF, RF","Carr, Tank S  ","$5,596,000","28667",".257",".313",".414","73.9","37.9","13.4","16.9","63.1",".626","4.72","57.6","27.2","38.4","Av","Vg",".259",".314",".422","38.4",".256",".311",".411","37.4","Normal","Pr",  
"CF, LF","Morgan, Nyjer L  ","$5,584,000","10645",".281",".342",".335","73.9","1774.2","13.7","25.2","24.2",".713","9.93","88.6","41.2","117.6","Vg","Vg",".240",".291",".282","1867.0",".290",".353",".346","1659.0","Fragile","Vg",  
"1B","Casey, Sean L  ","$5,580,000","18370",".284",".336",".382","74.9","78.5","14.4","18.8","527.7",".528","15.6","164.4","23.5","37.8","Av","Pr",".264",".316",".347","102.9",".292",".345",".396","71.0","Prone","Pr",  
"C","Pena, Tony F R  ","$5,575,000","15540",".256",".302",".352","59.8","80.5","16.8","19.7","205.3",".569","9.17","141.5","25.2","35.4","Fr","Fr",".268",".319",".383","58.3",".248",".290",".329","111.3","Normal","Pr",  
"LF, CF, RF","White, Chaney R  ","$5,573,000","20978",".274",".332",".385","74.9","59.6","13.4","19.2","70.3",".645","7.22","124.4","25.5","41.6","Av","Av",".279",".340",".395","54.6",".271",".328",".382","62.1","Normal","Pr",  
"1B","Joyner, Wally L  ","$5,564,000","15932",".275",".338",".396","80.1","53.5","11.6","17.4","123.9",".650","12.1","145.2","22.3","47.5","Av","Fr",".242",".292",".315","148.9",".288",".356",".428","42.8","Prone","Pr",  
"1B, 2B","McGann, Dan S  ","$5,563,000","18075",".256",".334",".370","74.9","57.4","13.1","20.0","49.9",".641","7.91","97.6","29.6","47.6","Av","Vg",".251",".331",".359","70.3",".258",".336",".375","52.5","Normal","Pr",  
"CF","Bruton, Bill L  ","$5,556,000","17681",".260",".311",".348","65.4","124.5","15.0","20.2","46.0",".607","7.76","74.8","31.2","96.9","Av","Vg",".246",".297",".311","266.6",".268",".321",".370","94.2","Normal","Av",  
"3B, LF","Howell, Jack L  ","$5,553,000","28240",".239",".317",".411","78.7","29.7","9.76","16.5","327.9",".567","5.61","103.3","22.7","63.0","Fr","Fr",".183",".238",".263","80.6",".246",".327",".431","27.3","Fragile","Pr",  
"3B, C","Inge, Brandon R  ","$5,545,000","16345",".226",".294",".350","60.3","45.2","11.9","20.9","324.5",".602","5.31","108.8","29.6","48.9","Fr","Fr",".239",".317",".374","42.4",".216",".277",".333","47.4","Prone","Pr",  
"C, 1B","Tabuchi, Kouichi R  ","$5,539,000","11567",".231",".319",".368","69.4","28.8","10.2","34.9","944.4",".518","8.81","314.8","45.8","34.9","Pr","Pr",".233",".321",".375","26.8",".230",".318",".364","30.0","Prone","Pr",  
"LF, RF","Sauer, Hank R  ","$5,531,000","27844",".246",".317",".447","83.6","19.3","11.0","24.1","1417.1",".611","6.25","328.2","29.4","44.9","Fr","Pr",".255",".325",".468","17.5",".240",".312",".433","20.6","Prone","Pr",  
"SS, 3B","Crosetti, Frankie R  ","$5,528,000","42726",".228",".313",".333","62.7","61.7","10.2","21.0","124.1",".636","6.24","119.8","30.0","43.5","Av","Av",".232",".322",".347","51.7",".226",".308",".325","71.7","Normal","Pr",  
"CF","Pike, Lip L  ","$5,528,000","21791",".264",".324",".403","77.1","57.2","12.7","14.4","76.0",".630","6.98","62.7","21.4","50.5","Av","Av",".248",".301",".364","64.8",".274",".336",".428","53.3","Normal","Pr",  
"2B, 3B","Hill, Aaron R  ","$5,524,000","11552",".253",".313",".360","66.5","66.0","12.8","18.5","180.0",".634","11.9","146.9","23.8","42.2","Av","Fr",".257",".318",".365","67.2",".252",".311",".358","65.0","Prone","Pr",  
"1B","Konerko, Paul R  ","$5,519,000","31175",".259",".331",".417","79.8","28.1","10.6","21.9","897.2",".520","9.46","209.5","27.9","32.4","Fr","Pr",".280",".356",".467","23.7",".245",".313",".383","32.1","Normal","Pr",  
"CF, 1B, LF, RF","Alou, Matty L  ","$5,504,000","31689",".283",".322",".346","66.5","204.4","19.4","23.5","47.8",".619","17.6","195.7","29.0","67.0","Av","Av",".273",".307",".326","290.8",".289",".330",".356","177.1","Normal","Fr",  
"RF, LF","Kielty, Bobby S  ","$5,502,000","27957",".254",".352",".384","82.0","44.9","7.63","18.2","181.5",".632","8.04","147.2","24.8","36.4","Av","Fr",".273",".377",".430","34.6",".225",".312",".313","83.1","Normal","Pr",  
"CF, 1B, LF","Mazzilli, Lee S  ","$5,498,000","21008",".249",".343",".361","78.3","53.7","8.12","20.7","36.3",".642","7.78","148.0","28.6","74.0","Av","Vg",".235",".325",".327","80.5",".256",".352",".378","45.7","Normal","Pr",  
"C, 1B, LF","Howard, Elston R  ","$5,496,000","10760",".265",".303",".392","66.8","43.6","20.4","20.7","2301.4",".454","7.21","115.1","27.3","35.8","Fr","Pr",".282",".331",".442","33.4",".256",".286",".365","51.9","Prone","Pr",  
"RF, LF, CF","Marshall, Willard L  ","$5,470,000","21225",".261",".322",".391","73.9","41.4","12.2","20.9","1065.6",".512","12.1","120.8","28.6","39.7","Fr","Pr",".234",".294",".351","42.8",".274",".337",".409","40.8","Normal","Pr",  
"RF","Seybold, Socks R  ","$5,468,000","17952",".277",".337",".432","85.2","40.2","12.5","14.1","130.4",".571","8.34","120.9","18.0","44.8","Fr","Av",".278",".343",".442","35.4",".276",".334",".427","43.3","Prone","Pr",  
"CF","Pettis, Gary S  ","$5,467,000","16670",".221",".314",".266","55.1","1852.2","8.49","30.4","14.0",".698","4.61","110.4","51.2","86.9","Vg","Ex",".218",".310",".253",".000",".223",".316",".273","1184.3","Normal","Av",  
"3B","Johnson, Billy R  ","$5,463,000","18853",".255",".311",".368","64.6","58.9","14.0","18.8","714.8",".644","7.88","119.1","25.1","29.9","Fr","Pr",".263",".325",".380","55.9",".250",".304",".361","60.7","Normal","Pr",  
"RF, LF","Robinson, Floyd L  ","$5,460,000","18845",".278",".353",".395","86.6","61.6","10.0","17.9","120.7",".646","14.4","93.7","25.8","72.4","Av","Fr",".239",".313",".315","107.2",".291",".366",".421","53.6","Normal","Pr",  
"SS, 2B","Alley, Gene R  ","$5,448,000","25923",".239",".293",".337","56.5","76.7","14.7","20.6","221.1",".653","7.31","104.0","28.6","41.2","Av","Fr",".245",".295",".344","81.7",".234",".291",".332","72.4","Prone","Pr",  
"SS","Greene, Khalil R  ","$5,448,000","20202",".242",".299",".385","66.5","40.5","14.4","16.5","137.2",".665","6.49","133.9","20.8","41.8","Vg","Fr",".247",".307",".389","39.6",".237",".293",".381","40.1","Fragile","Pr",  
"RF, LF, CF","Ethier, Andre L  ","$5,446,000","15536",".275",".343",".414","84.2","47.1","11.1","15.9","208.9",".561","8.31","91.3","22.0","47.5","Fr","Fr",".240",".299",".333","97.3",".288",".358",".444","39.6","Prone","Pr",  
"RF, 1B, LF, CF","Swartwood, Ed L  ","$5,445,000","13871",".265",".346",".354","76.1","121.7","9.79","19.1","37.4",".702","6.46","91.1","28.5","53.8","Vg","Av",".256",".333",".324","278.5",".269",".352",".370","94.2","Normal","Pr",  
"RF, 3B, LF, CF","Smith, Al E R  ","$5,437,000","15159",".255",".332",".382","76.3","51.0","10.5","17.4","158.9",".628","6.93","112.9","23.8","48.5","Av","Fr",".256",".335",".396","45.6",".255",".329",".374","54.7","Normal","Pr",  
"1B","Clark, Tony S  ","$5,435,000","43380",".247",".319",".420","77.0","24.9","10.4","21.8","1865.9",".634","5.05","188.0","27.9","33.6","Pr","Pr",".249",".315",".423","26.4",".246",".321",".417","24.0","Prone","Pr",  
"SS, 2B","Eckstein, David R  ","$5,429,000","24585",".267",".332",".310","64.3","910.6","15.1","28.0","161.2",".570","24.3","328.2","34.7","62.5","Av","Fr",".265",".330",".305","1966.8",".269",".334",".313","745.2","Prone","Av",  
"3B","Nash, Billy R  ","$5,429,000","12913",".233",".322",".340","67.3","61.5","8.66","19.1","51.8",".651","6.91","218.4","24.4","50.7","Av","Vg",".244",".335",".355","61.0",".227",".316",".330","62.6","Normal","Pr",  
"C","Battey, Earl R  ","$5,428,000","12469",".257",".327",".365","69.9","63.3","11.2","19.6","823.8",".515","8.74","118.7","27.1","34.7","Fr","Pr",".257",".328",".351","89.2",".257",".326",".371","55.9","Prone","Pr",  
"CF, SS, LF, RF","Flagstead, Ira R  ","$5,428,000","10470",".246",".323",".359","69.7","58.5","10.7","18.1","140.7",".525","7.55","168.9","23.2","50.3","Fr","Av",".259",".337",".381","54.9",".239",".315",".348","60.6","Prone","Pr",  
"C","Nomura, Katsuya R  ","$5,425,000","27499",".239",".312",".355","64.0","37.3","11.3","31.3","164.5",".661","9.09","301.6","39.6","32.3","Av","Fr",".246",".317",".375","31.7",".235",".308",".342","42.5","Iron","Pr",  
"SS, 2B","Ryan, Brendan R  ","$5,425,000","12313",".234",".295",".292","51.8","586.3","13.6","21.6","54.7",".675","9.20","170.4","27.8","63.7","Vg","Av",".250",".314",".322","342.6",".224",".283",".273","1008.1","Prone","Fr",  
"CF, RF","Rice, Harry L  ","$5,424,000","18816",".264",".330",".360","71.2","72.4","11.5","21.9","100.4",".582","9.09","126.2","30.5","48.6","Fr","Av",".262",".329",".343","94.7",".264",".331",".368","64.8","Normal","Fr",  
"LF, 1B","Duncan, Chris L  ","$5,418,000","28183",".249",".337",".423","85.5","24.8","8.53","22.6","1241.9",".605","5.07","140.4","31.8","48.2","Fr","Pr",".236",".316",".395","25.7",".255",".346",".435","24.4","Prone","Pr",  
"1B, LF, CF, RF","Durham, Leon L  ","$5,418,000","14469",".259",".326",".435","85.5","27.8","11.0","17.5","87.6",".662","6.21","93.7","24.6","71.3","Av","Av",".225",".276",".351","40.5",".268",".338",".456","26.2","Prone","Pr",  
"2B, 3B","Serrell, Bonnie L  ","$5,396,000","19676",".259",".303",".341","60.4","99.9","18.4","22.5","79.7",".604","15.0","141.1","29.7","53.1","Av","Av",".248",".286",".320","119.5",".264",".311",".352","91.5","Normal","Av",  
"2B, 3B, SS","Louden, Baldy R  ","$5,394,000","15577",".232",".323",".326","68.0","52.6","8.99","29.6","24.6",".756","7.19","297.1","38.9","54.3","Ex","Vg",".243",".337",".354","42.6",".225",".315",".310","61.3","Normal","Pr",  
"SS","Carrasquel, Chico R  ","$5,390,000","16158",".242",".304",".313","56.5","109.2","12.7","26.1","245.9",".598","8.74","221.6","33.4","49.3","Fr","Fr",".246",".312",".312","131.6",".240",".300",".314","99.7","Normal","Fr",  
"LF, CF","White, Rondell R  ","$5,382,000","10371",".273",".325",".408","76.3","43.8","16.0","17.9","69.0",".631","8.46","106.7","24.0","38.5","Av","Av",".286",".340",".425","40.9",".266",".316",".398","45.5","Fragile","Pr",  
"C","Lollar, Sherm R  ","$5,372,000","10936",".246",".324",".361","69.6","46.9","11.4","21.2","590.2",".677","9.81","275.4","26.4","37.0","Av","Pr",".252",".330",".365","47.4",".242",".321",".359","46.5","Prone","Pr",  
"3B","Castilla, Vinny R  ","$5,371,000","24511",".249",".291",".400","64.9","29.1","18.7","23.4","328.3",".506","9.53","208.4","28.5","32.3","Fr","Fr",".261",".308",".431","26.3",".242",".280",".383","30.7","Normal","Pr",  
"SS","Wright, Glenn R  ","$5,369,000","23501",".250",".292",".391","65.1","37.0","17.7","20.6","278.1",".503","6.61","97.7","28.6","43.9","Fr","Fr",".270",".317",".440","29.2",".238",".277",".362","43.8","Normal","Pr",  
"CF, RF","Welsh, Jimmy L  ","$5,364,000","13899",".256",".310",".372","67.1","59.9","16.9","18.8","363.7",".609","9.10","88.3","27.0","40.7","Fr","Fr",".253",".304",".359","68.4",".258",".313",".378","56.6","Normal","Av",  
"3B, 1B, 2B, SS","Dykes, Jimmy R  ","$5,358,000","14514",".246",".319",".365","69.2","54.6","11.4","17.7","282.5",".513","6.08","154.6","22.9","44.5","Fr","Fr",".262",".338",".402","42.4",".237",".309",".343","65.6","Normal","Pr",  
"1B","Solaita, Tony L  ","$5,349,000","17193",".242",".339",".406","85.0","25.6","7.79","22.1","949.8",".656","4.26","687.8","26.7","65.2","Pr","Pr",".231",".321",".390","26.2",".247",".347",".413","25.5","Normal","Pr",  
"CF, LF, RF","Jones, Ruppert L  ","$5,338,000","5737",".236",".315",".358","69.1","51.7","9.93","18.4","46.2",".633","6.00","129.2","24.7","79.8","Av","Vg",".206",".277",".301","73.8",".253",".335",".388","44.6","Prone","Pr",  
"SS, SP, 2B, CF, RF","Ward, Monte L  ","$5,338,000","10724",".254",".305",".320","58.3","129.2","15.1","27.2","18.1",".701","9.51","182.4","35.4","51.0","Vg","Ex",".244",".292",".295","151.8",".261",".311",".333","117.5","Iron","Pr",  
"CF, LF","Chapman, Sam R  ","$5,318,000","31927",".242",".302",".400","69.6","28.8","12.9","22.3","596.9",".496","6.05","125.8","30.6","39.7","Fr","Fr",".248",".311",".412","26.9",".239",".297",".394","29.7","Normal","Pr",  
"CF, 3B, LF, RF","Estalella, Bobby R  ","$5,316,000","14420",".261",".347",".403","81.5","40.7","8.66","18.3","261.6",".594","6.77","83.2","27.8","30.9","Fr","Fr",".281",".368",".451","32.7",".249",".335",".376","47.2","Normal","Pr",  
"CF, LF, RF","Becker, Rich S  ","$5,309,000","15976",".248",".347",".336","73.8","95.1","7.61","21.6","107.5",".641","5.23","112.8","32.4","53.0","Av","Av",".201",".268",".226","689.0",".258",".362",".359","80.5","Normal","Fr",  
"2B, 3B, SS","Counsell, Craig L  ","$5,308,000","8968",".234",".308",".272","52.8","1793.6","10.7","31.4","67.1",".670","12.4","261.6","41.3","68.9","Av","Av",".230",".299",".261",".000",".236",".312",".277","1251.8","Prone","Fr",  
"SS, 2B, RF","Keister, Bill L  ","$5,306,000","22432",".268",".310",".403","73.5","57.2","21.6","15.0","35.0",".721","7.65","64.9","21.4","48.3","Vg","Vg",".257",".294",".374","66.8",".272",".317",".417","53.7","Normal","Pr",  
"1B, LF","Katou, Hideji L  ","$5,305,000","11218",".260",".329",".384","77.3","48.4","11.5","18.7","196.4",".703","8.42","133.7","24.8","65.1","Av","Fr",".245",".307",".342","76.0",".266",".338",".403","41.1","Normal","Pr",  
"LF, CF","Jones, Charley R  ","$5,304,000","23486",".266",".329",".416","80.6","43.1","12.5","16.3","275.0",".679","6.18","58.7","26.1","44.5","Vg","Pr",".279",".347",".431","45.2",".259",".319",".409","41.8","Normal","Pr",  
"CF, RF","Kotsay, Mark L  ","$5,304,000","9546",".275",".331",".371","72.8","103.8","12.7","18.1","319.7",".589","15.0","95.9","25.4","41.9","Fr","Fr",".265",".316",".356","103.4",".279",".336",".377","103.9","Fragile","Fr",  
"1B","Stuart, Dick R  ","$5,304,000","28300",".245",".299",".442","75.1","20.6","14.1","23.1","1715.5",".486","4.65","136.6","30.9","34.8","Pr","Pr",".257",".314",".479","17.9",".237",".291",".417","23.1","Normal","Pr",  
"LF","Wakefield, Dick L  ","$5,304,000","14880",".263",".353",".395","84.1","42.8","8.29","19.7","438.8",".464","6.50","109.0","28.5","43.2","Pr","Fr",".265",".348",".389","44.3",".262",".355",".398","41.9","Normal","Pr",  
"1B, LF, CF, RF","Hopp, Johnny L  ","$5,302,000","14215",".279",".335",".389","79.5","83.6","13.1","16.5","76.1",".669","8.12","79.2","23.7","83.9","Av","Av",".235",".281",".284","546.0",".292",".350",".420","66.7","Normal","Pr",  
"LF, CF, RF","Walker, Tilly R  ","$5,297,000","15610",".252",".305",".399","71.3","36.0","14.2","18.7","111.9",".677","6.82","108.4","25.3","46.9","Av","Av",".258",".315",".420","31.8",".247",".300",".387","38.8","Normal","Pr",  
"3B","Smith, Red R  ","$5,294,000","19803",".264",".343",".383","79.7","52.8","9.74","17.5","106.5",".633","7.25","211.0","22.2","47.4","Av","Av",".273",".353",".400","52.8",".259",".338",".374","52.8","Normal","Fr",  
"1B","Torgeson, Earl L  ","$5,292,000","25353",".250",".361",".384","87.8","42.3","6.84","19.3","94.0",".638","7.08","114.3","28.8","57.3","Av","Av",".231",".335",".332","65.4",".259",".373",".408","36.0","Prone","Pr",  
"2B, 3B, SS","Stirnweiss, Snuffy R  ","$5,287,000","9228",".240",".318",".332","65.0","106.1","9.93","19.5","86.7",".608","6.43","89.7","29.4","64.4","Av","Av",".253",".336",".352","105.1",".234",".308",".323","106.5","Normal","Fr",  
"2B","Wills, Bump S  ","$5,284,000","26841",".253",".323",".334","68.5","113.7","11.0","21.5","14.1",".685","7.67","143.3","29.4","89.9","Vg","Ex",".247",".311",".314","169.5",".256",".330",".345","96.4","Normal","Av",  
"LF, CF","Bradley, Phil R  ","$5,276,000","22102",".276",".354",".383","82.0","82.5","10.3","17.6","37.9",".618","6.42","81.4","26.5","51.9","Av","Vg",".272",".349",".377","85.5",".280",".357",".388","81.0","Normal","Pr",  
"2B, 3B, LF","Ready, Randy R  ","$5,274,000","19174",".249",".348",".364","79.8","68.0","7.71","17.0","155.5",".673","9.93","92.1","25.4","51.0","Av","Fr",".265",".367",".398","57.0",".241",".339",".348","75.6","Prone","Pr",  
"3B, 2B, SS, CF","Hall, Bill R  ","$5,270,000","18419",".245",".306",".387","68.4","42.2","12.4","16.7","153.6",".528","4.54","99.9","22.5","47.0","Fr","Av",".250",".316",".408","35.9",".242",".301",".375","46.8","Normal","Pr",  
"SS","Scott, Everett R  ","$5,268,000","16484",".228",".257",".313","43.8","69.6","28.7","27.9","123.8",".563","10.3","182.5","35.8","52.5","Fr","Av",".238",".273",".339","55.3",".224",".248",".300","79.7","Iron","Av",  
"RF, LF","Boone, Ike L  ","$5,261,000","26165",".271",".339",".422","84.7","32.0","10.6","18.6","1081.3",".482","8.21","369.6","22.0","45.5","Pr","Pr",".268",".331",".402","36.1",".273",".343",".432","30.2","Normal","Pr",  
"SS","Myers, Billy R  ","$5,260,000","19139",".239",".315",".363","70.2","41.0","10.2","25.3","189.7",".667","4.76","98.3","40.3","75.6","Av","Fr",".249",".328",".391","33.8",".233",".308",".348","46.4","Normal","Av",  
"2B, 3B","Sanchez, Freddy R  ","$5,259,000","4809",".274",".311",".345","62.9","229.0","20.7","19.9","396.8",".542","14.3","135.7","25.3","50.6","Fr","Pr",".286",".324",".367","131.4",".268",".305",".335","359.1","Fragile","Pr",  
"SS, 3B","Hansen, Ron R  ","$5,258,000","10746",".232",".311",".335","60.5","59.0","9.85","21.9","2027.8",".429","7.93","181.6","28.8","33.3","Pr","Pr",".244",".323",".356","56.2",".224",".303",".321","61.1","Normal","Pr",  
"2B","Andrews, Mike R  ","$5,255,000","34979",".252",".344",".353","77.4","60.8","8.16","20.9","258.8",".575","9.67","290.2","26.5","71.0","Fr","Fr",".255",".347",".343","67.8",".250",".343",".358","57.6","Normal","Pr",  
"LF, RF","Matthews, Gary Sr R  ","$5,254,000","22124",".266",".345",".410","85.0","37.8","9.33","18.5","72.1",".621","7.68","104.1","26.3","48.7","Av","Av",".279",".361",".446","32.1",".259",".336",".391","41.9","Normal","Pr",  
"SS","McKean, Ed R  ","$5,247,000","26041",".262",".315",".370","68.2","80.4","13.8","18.0","40.3",".632","8.58","71.7","27.2","47.9","Av","Vg",".271",".327",".393","64.4",".257",".309",".358","91.9","Iron","Pr",  
"3B, 2B","Castino, John R  ","$5,240,000","7221",".263",".318",".357","67.6","98.9","13.7","20.8","318.6",".544","8.12","71.1","33.8","52.7","Fr","Fr",".270",".334",".376","100.9",".262",".313",".350","96.6","Fragile","Pr",  
"C","Roseboro, Johnny L  ","$5,233,000","10680",".244",".313",".362","69.2","55.1","11.4","18.8","195.7",".586","8.74","113.7","25.8","75.1","Fr","Fr",".213",".266",".286","145.1",".255",".328",".386","46.0","Normal","Pr",  
"2B, 1B","Murphy, Daniel T L  ","$5,232,000","22029",".285",".328",".399","76.3","75.7","16.1","15.1","145.6",".622","18.8","136.4","18.4","44.4","Av","Fr",".263",".301",".352","111.5",".295",".340",".420","65.9","Prone","Pr",  
"3B, SS","Werber, Billy R  ","$5,232,000","16996",".235",".318",".347","67.2","58.8","9.72","19.2","56.0",".655","8.56","133.7","26.1","48.5","Av","Vg",".237",".320",".348","57.6",".234",".317",".346","59.2","Prone","Fr",  
"2B, 3B","Garner, Phil R  ","$5,229,000","18109",".249",".313",".372","69.3","63.1","12.0","16.4","62.9",".615","8.21","75.9","23.9","52.1","Av","Vg",".241",".306",".357","86.3",".252",".316",".379","55.1","Normal","Pr",  
"LF, 1B, RF","Cromartie, Warren L  ","$5,224,000","11264",".263",".313",".364","65.4","96.3","15.4","16.2","167.7",".670","11.0","127.5","20.4","36.0","Fr","Fr",".239",".278",".319","152.7",".270",".323",".378","85.1","Normal","Pr",  
"CF, LF, RF","Cramer, Doc L  ","$5,221,000","16745",".265",".298",".327","55.6","212.0","24.6","24.0","281.2",".571","11.3","156.5","30.8","44.7","Fr","Fr",".247",".276",".295","335.5",".274",".310",".344","178.1","Normal","Fr",  
"CF, LF, RF","Shotton, Burt L  ","$5,219,000","9467",".255",".342",".349","73.2","66.2","8.51","24.5","46.1",".620","7.48","140.6","35.0","48.8","Av","Vg",".244",".326",".323","89.4",".260",".350",".363","57.8","Normal","Pr",  
"CF","Tasby, Willie R  ","$5,216,000","38876",".252",".324",".359","68.8","50.0","10.9","25.4","275.6",".541","6.16","157.8","34.6","42.0","Pr","Fr",".253",".322",".361","47.5",".252",".325",".358","51.7","Normal","Pr",  
"CF, LF, RF","Wilson, Mookie S  ","$5,213,000","14551",".258",".297",".353","63.5","111.9","19.9","18.9","16.7",".706","7.00","69.0","28.5","88.8","Vg","Ex",".259",".298",".362","103.6",".257",".296",".349","115.3","Normal","Fr",  
"SS, 3B","Weaver, Buck S  ","$5,211,000","25988",".250",".280",".348","55.1","71.2","29.5","21.1","54.1",".641","9.10","129.0","27.5","49.1","Av","Vg",".252",".284",".339","89.1",".250",".279",".353","64.3","Normal","Vg",  
"3B, 1B, LF","Branyan, Russ L  ","$5,209,000","27978",".227",".313",".446","85.5","18.0","9.19","22.9","883.8",".571","3.44","137.7","32.1","98.5","Av","Pr",".215",".295",".416","19.6",".232",".322",".459","17.4","Fragile","Pr",  
"3B, 2B","Grabarkewitz, Billy R  ","$5,203,000","16336",".230",".335",".343","72.0","60.7","7.47","20.1","101.4",".569","4.23","85.6","32.6","60.5","Av","Av",".214",".313",".308","74.7",".238",".346",".361","55.2","Prone","Pr",  
"1B","Robinson, Eddie L  ","$5,182,000","29839",".248",".314",".399","74.9","28.3","12.4","25.2","2072.2",".593","8.58","263.1","31.3","52.2","Pr","Pr",".241",".311",".374","31.0",".252",".316",".411","27.0","Normal","Pr",  
"1B","Chambliss, Chris L  ","$5,181,000","12493",".256",".307",".368","66.2","58.7","15.0","18.6","176.8",".636","9.29","164.0","23.1","49.0","Av","Fr",".243",".280",".332","97.2",".262",".319",".385","49.5","Normal","Pr",  
"2B, 1B, 3B, SS","Loretta, Mark R  ","$5,156,000","18834",".277",".341",".348","72.0","159.6","12.0","21.8","154.5",".594","16.6","192.8","27.9","48.3","Fr","Fr",".272",".335",".335","185.4",".280",".344",".355","147.8","Prone","Pr",  
"2B, 3B, SS","Carroll, Jamey R  ","$5,151,000","10018",".254",".329",".293","61.5","2003.6","10.5","31.9","137.8",".624","11.0","184.5","45.4","70.6","Av","Fr",".256",".338",".297",".000",".252",".323",".291","1226.2","Normal","Pr",  
"RF, CF","Eaton, Adam L  ","$5,146,000","10314",".272",".346",".347","77.9","245.6","11.0","20.5","46.3",".705","10.3","85.6","31.9","136.3","Vg","Av",".263",".331",".310","3163.0",".278",".354",".365","164.1","Prone","Vg",  
"1B, LF, RF","Collins, Joe L  ","$5,133,000","11871",".243",".323",".395","76.9","32.6","9.47","20.0","236.5",".564","8.11","123.7","27.8","51.7","Fr","Fr",".200",".270",".306","42.9",".257",".339",".423","30.3","Normal","Pr",  
"3B","Radcliff, Alec R  ","$5,129,000","16358",".276",".321",".397","74.3","58.4","16.3","17.3","105.6",".562","7.78","92.4","23.7","50.7","Fr","Av",".285",".331",".421","45.9",".270",".315",".383","68.0","Normal","Pr",  
"2B","Vina, Fernando L  ","$5,121,000","17981",".260",".324",".316","63.7","580.0","17.4","23.9","68.4",".656","30.9","117.5","34.4","64.9","Av","Av",".248",".306",".291","1100.6",".266",".333",".330","472.0","Prone","Fr",  
"CF, LF, RF","Roenicke, Ron S  ","$5,117,000","36191",".238",".351",".344","78.6","63.2","6.84","19.4","110.5",".686","7.16","173.4","26.7","62.2","Vg","Fr",".254",".371",".382","52.2",".222",".331",".306","80.7","Normal","Pr",  
"2B","Vidro, Jose S  ","$5,111,000","27474",".273",".333",".369","73.9","79.9","12.1","18.3","375.1",".664","15.8","281.3","21.8","47.8","Fr","Pr",".279",".342",".375","94.5",".269",".329",".364","75.8","Prone","Pr",  
"LF, RF","Blades, Ray R  ","$5,098,000","21795",".249",".345",".397","84.0","39.8","8.70","17.5","244.3",".605","5.66","76.8","27.8","50.6","Fr","Fr",".261",".358",".413","34.7",".244",".338",".389","42.6","Normal","Pr",  
"CF, LF, RF","Clark, Brady R  ","$5,091,000","27805",".268",".345",".328","70.4","197.2","11.4","25.0","58.6",".644","13.7","216.8","33.0","46.1","Av","Av",".267",".340",".327","185.3",".268",".348",".329","205.1","Normal","Pr",  
"LF, RF","Higginson, Bobby L  ","$5,091,000","10607",".259",".342",".392","83.3","44.4","9.02","18.6","61.6",".663","9.84","103.7","26.8","69.3","Av","Av",".229",".307",".310","95.3",".269",".353",".417","38.1","Prone","Pr",  
"LF, RF","Covington, Wes L  ","$5,090,000","15070",".269",".323",".434","81.3","28.3","14.1","19.3","1268.0",".684","8.67","147.2","24.6","40.2","Fr","Pr",".233",".269",".339","44.9",".279",".337",".459","25.8","Prone","Pr",  
"DH, LF","Page, Mitchell L  ","$5,082,000","10714",".256",".331",".416","82.3","31.0","10.2","19.3","51.8",".588","5.18","94.4","28.3","63.2","Av","Vg",".239",".311",".371","37.6",".263",".340",".436","28.7","Normal","Pr",  
"CF","Hahn, Don R  ","$5,079,000","19231",".249",".333",".338","68.4","92.5","9.02","20.1","253.1",".635","8.66","161.9","26.8","39.5","Av","Fr",".270",".361",".390","62.3",".221",".295",".268","258.1","Normal","Pr",  
"2B, SS","Reed, Jody R  ","$5,074,000","13523",".251",".327",".306","61.9","901.5","10.2","21.2","255.4",".540","16.4","283.7","26.2","50.7","Fr","Fr",".249",".320",".297","2306.5",".253",".330",".311","685.4","Normal","Fr",  
"3B, SS, LF, CF","Mora, Melvin R  ","$5,072,000","8138",".256",".328",".368","72.0","49.6","11.9","22.4","79.1",".610","8.79","176.5","29.4","42.7","Av","Av",".268",".337",".375","51.5",".249",".324",".362","48.7","Fragile","Av",  
"RF, LF, CF","Jordan, Brian R  ","$5,070,000","6921",".253",".307",".384","68.7","41.4","15.2","20.6","66.4",".633","9.54","116.5","27.9","44.8","Av","Av",".271",".336",".430","31.5",".240",".287",".351","53.1","Fragile","Pr",  
"2B","Perconte, Jack L  ","$5,062,000","29161",".260",".331",".309","67.7","857.7","10.9","28.0","22.1",".761","14.8","113.3","44.2","85.1","Ex","Vg",".249",".322",".297","1035.0",".267",".337",".317","801.0","Normal","Vg",  
"CF, LF, RF","Byrd, Sammy R  ","$5,059,000","24784",".257",".332",".386","77.7","40.5","10.00","18.7","184.5",".641","6.98","667.8","21.9","51.4","Av","Fr",".256",".329",".392","38.2",".258",".334",".383","42.0","Normal","Fr",  
"1B, RF","Morgan, Ed R  ","$5,059,000","15407",".267",".347",".402","83.9","46.1","9.22","16.7","194.0",".583","7.65","110.3","23.1","43.8","Fr","Fr",".279",".357",".431","43.4",".259",".341",".387","47.2","Normal","Pr",  
"LF, RF","Oglivie, Ben L  ","$5,059,000","11582",".252",".315",".398","73.5","33.0","12.3","20.7","94.3",".581","6.99","166.6","26.6","48.6","Fr","Av",".235",".287",".350","43.7",".262",".329",".424","29.4","Normal","Pr",  
"1B","Sanchez, Gaby R  ","$5,053,000","10330",".261",".340",".422","86.1","33.5","9.28","15.7","287.1",".631","10.7","141.8","20.4","43.4","Vg","Pr",".283",".365",".469","29.5",".235",".313",".369","39.8","Normal","Pr",  
"2B","Hernandez, Cesar S  ","$5,046,000","14377",".270",".336",".326","67.8","463.8","11.2","25.4","61.5",".624","9.91","111.5","38.1","63.5","Av","Av",".284",".348",".346","367.1",".263",".332",".315","645.8","Normal","Vg",  
"C","Cooper, Walker R  ","$5,045,000","17039",".263",".302",".424","72.3","29.9","20.0","19.1","1014.4",".562","8.77","126.8","24.3","34.2","Fr","Pr",".265",".307",".425","29.5",".262",".299",".423","30.2","Prone","Pr",  
"1B","Galarraga, Andres R  ","$5,044,000","21624",".258",".309",".436","78.4","24.4","18.3","20.8","86.1",".623","4.94","167.9","26.1","50.5","Av","Av",".269",".327",".459","23.4",".253",".299",".424","24.9","Prone","Pr",  
"CF, 1B, LF, RF","Repoz, Roger L  ","$5,043,000","12512",".229",".310",".394","75.4","28.9","9.61","19.5","353.8",".615","5.40","105.6","28.0","90.7","Fr","Fr",".194",".266",".297","47.3",".237",".319",".416","26.6","Normal","Pr",  
"2B, SS","Clarke, Horace S  ","$5,039,000","20460",".263",".311",".311","58.2","365.4","15.3","28.1","50.4",".697","18.2","232.5","34.8","58.0","Vg","Av",".266",".316",".315","413.2",".263",".309",".311","336.6","Normal","Pr",  
"CF, LF, RF","Gonzalez, Tony L  ","$5,029,000","10987",".270",".333",".379","75.6","76.8","12.5","17.4","178.7",".708","8.92","86.2","24.7","48.6","Fr","Fr",".230",".276",".285","269.8",".282",".350",".409","62.3","Prone","Pr",  
"CF, LF, RF","Thompson, Milt L  ","$5,025,000","16391",".260",".316",".343","65.8","100.6","13.6","23.1","29.7",".683","8.18","101.7","33.5","65.3","Vg","Vg",".212",".258",".235",".000",".274",".333",".375","77.8","Normal","Pr",  
"C, 1B","McCarver, Tim L  ","$5,014,000","10475",".262",".323",".367","72.4","87.3","12.3","16.7","178.7",".631","16.4","106.6","22.4","63.5","Fr","Fr",".255",".313",".340","120.8",".265",".328",".377","80.4","Prone","Pr",  
"DH, LF, RF","Velez, Otto R  ","$5,010,000","20746",".231",".345",".405","86.1","26.4","6.80","19.8","850.5",".604","4.98","122.1","29.2","44.4","Fr","Pr",".232",".351",".400","29.0",".230",".342",".408","25.0","Normal","Pr",  
"C, 1B, LF, CF, RF","Carroll, Fred R  ","$5,008,000","11646",".251",".333",".361","72.9","74.2","9.99","17.0","112.2",".628","7.54","105.9","23.6","43.9","Av","Vg",".247",".329",".351","81.1",".253",".335",".367","70.9","Normal","Pr",  
"LF, RF","Smith, Seth L  ","$5,006,000","8028",".254",".333",".397","79.1","43.2","9.50","16.0","206.9",".611","8.08","103.4","21.9","43.3","Fr","Fr",".210",".272",".286","103.9",".266",".349",".426","37.4","Normal","Fr",  
"1B","Snow, J.T. S  ","$4,998,000","11441",".252",".336",".370","74.6","50.2","9.15","20.1","593.9",".629","7.53","129.4","28.0","39.5","Fr","Pr",".218",".293",".290","111.1",".265",".352",".401","41.3","Normal","Pr",  
"RF, LF, CF","Abrams, Cal L  ","$4,997,000","19311",".244",".349",".346","78.2","63.5","7.30","22.4","181.6",".548","5.31","118.8","33.8","95.8","Fr","Fr",".239",".338",".318","109.0",".246",".353",".358","54.3","Normal","Pr",  
"2B, 3B","Bellhorn, Mark S  ","$4,997,000","49427",".226",".335",".359","76.9","42.0","7.14","19.7","239.0",".715","3.98","100.5","30.1","83.1","Av","Fr",".234",".350",".377","37.0",".219",".324",".348","45.9","Normal","Pr",  
"1B","Choi, Hee Seop L  ","$4,981,000","12703",".242",".342",".403","84.4","31.4","7.73","17.4","1491.0",".500","5.03","134.3","24.2","45.5","Fr","Pr",".214",".299",".309","60.7",".247",".350",".420","28.9","Normal","Pr",  
"SS","Buddin, Don R  ","$4,980,000","31252",".216",".324",".303","61.5","112.8","7.48","19.2","634.4",".674","6.29","147.2","26.7","44.8","Av","Pr",".217",".326",".307","117.5",".215",".322",".300","109.9","Normal","Pr",  
"LF, CF, RF","Daniels, Bert R  ","$4,976,000","9237",".238",".328",".363","74.6","53.1","10.8","18.0","22.9",".721","7.69","91.2","26.9","50.1","Vg","Ex",".252",".342",".398","40.6",".229",".319",".341","66.2","Normal","Fr",  
"2B, SS","Yamazaki, Hiroyuki R  ","$4,962,000","18921",".242",".314",".339","65.3","74.5","10.8","20.6","108.8",".572","8.21","130.4","28.7","63.1","Fr","Av",".244",".321",".343","76.2",".241",".311",".339","70.8","Normal","Fr",  
"RF, LF, CF","Valentine, Fred S  ","$4,958,000","22070",".258",".338",".371","76.4","55.3","10.2","19.9","49.5",".688","8.50","132.1","27.3","44.9","Vg","Av",".263",".347",".380","49.6",".255",".333",".365","59.4","Normal","Pr",  
"C","Easterly, Ted L  ","$4,954,000","13242",".276",".313",".388","70.1","67.9","19.1","18.0","474.7",".536","8.30","88.5","24.8","45.2","Pr","Pr",".266",".300",".370","72.6",".280",".319",".395","65.9","Normal","Pr",  
"LF, RF","Bell, George R  ","$4,953,000","14992",".270",".307",".432","76.4","30.5","20.9","18.1","130.1",".651","9.93","121.2","23.0","42.9","Av","Fr",".278",".316",".445","29.3",".266",".303",".426","31.0","Normal","Pr",  
"CF, LF, RF","Rosenthal, Larry L  ","$4,950,000","8980",".241",".338",".369","77.7","49.9","7.92","18.2","373.7",".549","6.17","93.4","27.5","56.0","Av","Fr",".247",".336",".365","48.7",".239",".338",".370","50.3","Prone","Fr",  
"2B, 3B","Backman, Wally S  ","$4,949,000","26419",".271",".346",".333","71.9","290.3","9.76","22.1","63.4",".640","9.37","170.5","29.5","55.2","Av","Av",".227",".285",".252","2456.0",".282",".361",".353","238.3","Prone","Fr",  
"CF","Herrera, Odubel L  ","$4,948,000","7175",".272",".323",".361","69.9","98.3","14.6","20.3","52.9",".676","8.64","124.2","26.9","59.7","Vg","Av",".269",".317",".341","134.1",".273",".327",".373","78.7","Prone","Av",  
"1B, 3B","Davis, Chris L  ","$4,943,000","18309",".230",".310",".415","78.0","22.1","9.96","23.2","1030.9",".556","3.86","190.9","30.3","76.9","Fr","Pr",".209",".284",".368","23.8",".241",".322",".438","21.2","Prone","Pr",  
"LF, CF, RF","Mota, Manny R  ","$4,939,000","14261",".283",".334",".351","70.0","279.6","14.4","22.5","201.8",".578","14.0","84.6","35.1","45.9","Fr","Fr",".277",".324",".339","438.9",".286",".340",".358","230.6","Prone","Pr",  
"SS, 2B, 3B","Rogell, Billy S  ","$4,934,000","10114",".227",".299",".307","55.4","104.3","11.2","23.9","208.6",".663","8.19","126.1","34.6","53.1","Fr","Fr",".224",".296",".299","89.2",".231",".303",".314","111.1","Normal","Fr",  
"1B","Chase, Hal R  ","$4,932,000","14714",".267",".298",".393","68.1","53.3","24.6","17.6","35.7",".695","7.76","87.6","23.8","55.0","Vg","Vg",".279",".315",".421","49.3",".260",".286",".374","56.3","Normal","Fr",  
"RF, LF, CF","Whiten, Mark S  ","$4,932,000","18456",".243",".318",".364","67.7","44.2","10.2","24.1","99.6",".640","5.75","99.1","37.1","37.8","Av","Av",".236",".309",".347","51.8",".247",".323",".373","40.8","Prone","Pr",  
"C","Soto, Geovany R  ","$4,927,000","10553",".251",".339",".419","84.2","28.0","8.50","18.4","2022.3",".667","6.06","183.8","24.0","37.1","Pr","Pr",".265",".359",".456","23.7",".235",".315",".375","35.9","Fragile","Pr",  
"CF, LF","LeFlore, Ron R  ","$4,917,000","15197",".267",".322",".351","69.4","144.7","13.7","20.1","12.7",".697","5.33","81.5","30.2","67.9","Vg","Ex",".271",".324",".358","165.0",".265",".321",".347","135.0","Normal","Pr",  
"3B, 1B","Zeile, Todd R  ","$4,917,000","17783",".261",".337",".404","80.3","35.8","9.81","19.1","245.2",".539","9.04","170.4","24.8","38.4","Fr","Fr",".266",".343",".417","34.8",".258",".333",".396","36.4","Normal","Pr",  
"1B","Leslie, Sam L  ","$4,914,000","16807",".271",".341",".369","74.8","73.7","11.0","20.7","313.8",".550","10.3","134.5","28.0","38.5","Fr","Fr",".263",".332",".346","104.0",".275",".345",".379","64.7","Normal","Pr",  
"DH, C","LeCroy, Matt R  ","$4,912,000","76229",".264",".337",".421","82.6","28.0","10.2","21.0","1994.9",".531","6.47","393.5","25.1","34.4","Pr","Pr",".279",".358",".457","24.3",".233",".294",".349","40.3","Prone","Pr",  
"3B, 1B, 2B, LF","Money, Don R  ","$4,911,000","11790",".247",".312",".377","70.7","44.5","12.2","18.7","209.3",".606","8.34","130.5","24.8","58.1","Av","Fr",".249",".314",".380","45.5",".246",".311",".374","43.3","Prone","Fr",  
"CF, LF, RF","Bates, Johnny L  ","$4,908,000","13896",".266",".346",".389","81.7","52.2","9.28","18.1","56.3",".623","8.13","108.0","25.5","49.5","Av","Vg",".255",".328",".371","53.0",".271",".355",".397","51.9","Normal","Fr",  
"CF, RF","Stubbs, Drew R  ","$4,908,000","27425",".247",".322",".364","73.9","47.4","10.0","23.6","32.9",".744","4.28","92.2","37.2","95.9","Ex","Vg",".259",".341",".396","40.3",".230",".299",".324","61.1","Normal","Av",  
"3B, C","Sudakis, Bill S  ","$4,907,000","17972",".229",".307",".391","71.4","26.4","10.1","23.9","1013.2",".690","5.95","177.8","31.8","44.9","Pr","Pr",".238",".323",".415","23.6",".225",".298",".378","28.2","Fragile","Pr",  
"SS","McMillan, Roy R  ","$4,904,000","20312",".224",".297",".272","47.7","495.4","11.5","26.0","347.6",".524","9.28","353.0","32.0","47.7","Fr","Fr",".233",".304",".288","387.8",".220",".292",".263","588.4","Normal","Fr",  
"3B, 1B","Blalock, Hank L  ","$4,903,000","21751",".261",".323",".406","76.7","33.9","12.0","19.8","1200.2",".500","7.25","179.1","24.8","42.6","Fr","Pr",".217",".269",".304","65.9",".269",".332",".425","31.1","Prone","Pr",  
"LF, 1B","Rudi, Joe R  ","$4,898,000","14005",".257",".299",".409","70.3","36.1","19.2","16.6","501.5",".682","6.95","126.4","20.8","43.7","Av","Pr",".258",".295",".405","36.8",".257",".301",".411","35.5","Prone","Pr",  
"CF","Oliver, Tom R  ","$4,897,000","14622",".257",".297",".324","55.1","146.2","19.4","22.9","520.2",".682","11.4","346.8","26.3","45.5","Fr","Fr",".245",".284",".301","189.2",".264",".304",".338","129.5","Normal","Pr",  
"RF","Sierra, Ruben S  ","$4,892,000","23803",".259",".306",".410","72.8","35.4","15.5","17.6","69.4",".634","9.36","111.1","23.0","44.8","Av","Av",".269",".317",".426","34.7",".254",".299",".402","35.7","Normal","Pr",  
"RF, LF","Kearns, Austin R  ","$4,887,000","10493",".245",".334",".364","72.9","47.5","9.09","21.2","214.6",".651","5.71","133.5","29.7","37.3","Av","Fr",".246",".336",".366","49.4",".245",".333",".363","46.5","Fragile","Pr",  
"SS","Everett, Adam R  ","$4,884,000","18102",".228",".275",".282","46.3","517.2","18.3","23.6","55.8",".737","9.27","167.8","30.5","83.2","Vg","Av",".230",".280",".291","276.7",".223",".269",".275","1479.8","Prone","Fr",  
"LF, RF","Jolley, Smead L  ","$4,883,000","24957",".271",".306",".422","74.6","34.0","22.4","17.7","829.8",".711","8.82","169.1","21.2","45.2","Pr","Pr",".260",".293",".398","37.1",".276",".312",".433","32.9","Normal","Pr",  
"C","Lieberthal, Mike R  ","$4,878,000","13785",".265",".327",".392","75.8","45.6","13.3","18.2","729.1",".539","12.1","178.0","22.8","41.8","Fr","Pr",".284",".357",".439","37.6",".247",".297",".347","57.0","Prone","Pr",  
"SS, 3B","Smalley, Roy Jr S  ","$4,875,000","17388",".236",".320",".342","67.4","49.7","9.20","24.8","256.4",".542","7.28","219.8","32.7","54.4","Pr","Fr",".224",".300",".312","67.8",".243",".330",".358","43.5","Normal","Pr",  
"2B, SS","Jimenez, D'Angelo S  ","$4,874,000","29668",".257",".340",".336","70.5","141.3","8.91","21.0","216.8",".607","8.38","111.6","30.5","47.4","Av","Fr",".239",".311",".292","778.7",".266",".354",".357","101.0","Prone","Pr",  
"1B","Boyd, Bob L  ","$4,867,000","14410",".279",".327",".369","72.0","134.7","15.0","18.2","218.8",".511","14.2","85.2","26.0","58.4","Pr","Fr",".251",".291",".303","1047.0",".287",".337",".387","108.4","Normal","Pr",  
"3B","Majeski, Hank R  ","$4,851,000","15879",".253",".300",".358","60.6","73.5","17.7","17.8","4290.2",".222","8.75","144.2","22.1","35.8","Pr","Pr",".256",".310",".356","77.3",".253",".296",".359","74.8","Normal","Pr",  
"SS, 2B, 3B","Thon, Dickie R  ","$4,847,000","13476",".247",".296",".348","60.0","67.4","15.3","21.3","44.0",".643","7.80","107.8","29.4","50.7","Av","Vg",".262",".312",".378","60.8",".234",".285",".325","75.5","Prone","Pr",  
"CF, LF","Crisp, Coco S  ","$4,837,000","9936",".259",".325",".370","73.8","65.8","11.2","18.7","36.5",".666","12.4","94.4","27.0","67.1","Vg","Vg",".252",".317",".355","80.2",".263",".331",".380","58.4","Fragile","Fr",  
"1B","Skowron, Bill R  ","$4,835,000","20415",".271",".314",".428","75.5","32.4","18.5","18.8","1378.4",".571","6.77","95.9","25.8","31.7","Pr","Pr",".279",".327",".450","30.6",".266",".306",".414","33.6","Prone","Pr",  
"3B","Hoak, Don R  ","$4,828,000","14520",".243",".320",".337","64.6","91.3","10.0","18.9","176.7",".669","8.89","149.4","24.9","40.4","Av","Fr",".251",".327",".350","77.2",".239",".316",".329","101.9","Prone","Pr",  
"RF, LF","Conigliaro, Tony R  ","$4,827,000","19934",".248",".311",".426","77.8","25.6","12.6","19.1","265.1",".576","6.21","125.0","25.4","48.6","Fr","Fr",".263",".331",".459","23.9",".240",".299",".408","26.9","Prone","Pr",  
"RF","Dixon, Rap R  ","$4,823,000","16326",".262",".303",".422","73.6","28.6","17.6","20.0","73.4",".703","9.05","204.0","24.0","38.4","Av","Av",".259",".304",".434","26.1",".264",".304",".417","29.9","Normal","Pr",  
"LF","Burrell, Pat R  ","$4,822,000","18167",".239",".347",".412","87.0","25.4","6.98","20.9","1532.0",".500","5.22","167.6","28.9","41.5","Pr","Pr",".257",".375",".452","22.3",".229",".332",".390","27.5","Normal","Pr",  
"1B, LF","Colbert, Nate R  ","$4,821,000","22942",".231",".301",".424","73.9","22.2","11.2","20.6","100.1",".600","4.35","120.4","28.3","41.5","Av","Av",".226",".293",".406","24.3",".234",".307",".435","21.1","Normal","Pr",  
"DH, 1B, LF","Kittle, Ron R  ","$4,820,000","40809",".232",".296",".442","76.7","17.2","13.1","29.9","296.1",".587","4.27","634.0","34.8","50.2","Fr","Fr",".236",".301",".452","16.6",".230",".293",".436","17.6","Prone","Pr",  
"LF, RF","Quentin, Carlos R  ","$4,820,000","17896",".249",".341",".435","88.4","25.0","10.5","16.7","828.5",".714","9.27","178.6","21.7","36.3","Fr","Pr",".249",".336",".445","22.8",".248",".343",".428","26.6","Fragile","Pr",  
"1B","Segui, David S  ","$4,817,000","19648",".273",".339",".380","76.9","62.4","10.8","19.1","812.4",".643","11.1","176.9","24.2","41.2","Fr","Pr",".253",".315",".329","128.1",".284",".352",".406","49.7","Prone","Pr",  
"SS","Bowa, Larry S  ","$4,815,000","21977",".255",".299",".305","56.2","467.6","17.4","28.1","31.0",".712","18.7","136.6","40.0","78.0","Vg","Vg",".261",".311",".314","470.1",".252",".292",".301","452.0","Normal","Av",  
"LF, 1B, 3B","Davis, Tommy R  ","$4,815,000","22651",".282",".319",".380","68.5","64.7","20.6","22.2","71.7",".623","11.1","172.5","27.4","37.2","Av","Av",".297",".335",".401","60.4",".274",".310",".368","68.2","Normal","Pr",  
"LF","Harris, Vic L  ","$4,815,000","18541",".262",".326",".349","68.8","86.6","11.8","22.7","61.9",".583","9.67","131.2","31.5","57.6","Fr","Vg",".254",".319",".328","116.6",".266",".331",".360","77.0","Normal","Pr",  
"C","Clements, Jack L  ","$4,814,000","14525",".252",".307",".376","67.5","48.6","14.2","17.5","306.4",".598","7.17","194.3","21.3","46.2","Fr","Fr",".235",".281",".330","58.4",".255",".311",".387","46.5","Normal","Pr",  
"LF, 2B, 3B, CF, RF","Harper, Tommy R  ","$4,814,000","23366",".244",".324",".356","74.0","55.4","9.77","20.4","15.8",".689","6.85","129.9","28.4","115.9","Vg","Ex",".242",".319",".347","59.8",".245",".326",".361","52.8","Prone","Av",  
"C, 1B","Lucroy, Jonathan R  ","$4,812,000","12812",".267",".329",".360","69.5","89.6","12.1","20.0","429.5",".532","13.2","124.3","26.8","38.9","Av","Pr",".276",".337",".356","125.0",".262",".323",".359","81.5","Prone","Pr",  
"SS, 2B, 3B","Lowrie, Jed S  ","$4,808,000","3622",".257",".319",".368","70.2","67.1","11.8","16.9","802.4",".833","9.42","148.6","21.5","48.9","Fr","Pr",".239",".305",".347","67.7",".264",".322",".379","68.9","Fragile","Fr",  
"CF, LF, RF","Miller, Rick L  ","$4,805,000","8581",".264",".341",".340","71.5","130.0","9.72","22.9","111.7",".558","7.64","119.9","33.2","57.1","Fr","Av",".237",".294",".273","557.7",".271",".352",".356","109.7","Normal","Pr",  
"CF, RF","Crabtree, Estel L  ","$4,802,000","16318",".254",".315",".358","65.4","64.2","13.1","22.9","486.1",".481","8.00","82.9","36.3","40.2","Fr","Fr",".232",".284",".294","167.4",".262",".325",".380","53.0","Normal","Pr",  
"C","Paulino, Ronny R  ","$4,802,000","40890",".279",".337",".373","71.1","63.0","12.1","22.6","2145.6",".488","11.3","479.3","26.3","26.9","Pr","Pr",".293",".356",".403","49.8",".245",".290",".301","170.4","Normal","Pr",  
"RF, LF","Wright, Taffy L  ","$4,801,000","15500",".282",".335",".375","73.9","93.4","15.0","19.7","216.9",".672","11.7","107.8","26.9","41.1","Fr","Fr",".258",".313",".319","176.2",".293",".344",".399","81.7","Normal","Pr",  
"LF, CF, RF","Seerey, Pat R  ","$4,800,000","33384",".221",".307",".437","78.1","17.2","9.10","24.5","1809.0",".512","3.63","730.6","29.0","37.7","Pr","Pr",".225",".309",".448","16.8",".218",".306",".430","17.5","Normal","Pr",  
"3B, C, 1B, RF","White, Deacon L  ","$4,798,000","13444",".266",".321",".335","64.2","131.8","15.0","24.9","136.8",".635","9.08","199.6","31.6","50.8","Av","Fr",".257",".307",".308","235.4",".269",".326",".347","105.2","Iron","Pr",  
"C","Crandall, Del R  ","$4,796,000","11926",".244",".291",".366","59.9","36.5","16.5","27.6","315.4",".651","10.2","307.9","33.2","34.5","Fr","Fr",".244",".295",".376","31.0",".243",".288",".359","40.3","Prone","Pr",  
"2B, 3B","Hodapp, Johnny R  ","$4,794,000","15722",".263",".302",".363","63.0","71.8","19.4","19.6","168.1",".540","9.52","168.1","23.9","50.0","Fr","Fr",".274",".315",".384","60.8",".258",".295",".351","78.9","Normal","Pr",  
"LF, 1B, CF, RF","Briggs, Johnny L  ","$4,791,000","16463",".238",".343",".390","84.7","33.4","7.31","20.0","257.2",".586","6.23","96.0","31.0","78.7","Fr","Fr",".227",".329",".354","38.9",".242",".348",".404","31.7","Prone","Pr",  
"1B","Burns, George H R  ","$4,790,000","12827",".280",".317",".414","76.5","48.6","23.7","15.4","80.1",".613","8.83","149.0","18.7","52.5","Av","Av",".284",".326",".419","49.8",".276",".310",".407","49.6","Prone","Fr",  
"CF, LF","Torres, Andres S  ","$4,786,000","7409",".244",".316",".361","67.0","91.5","10.6","15.2","74.8",".617","6.42","62.9","23.3","42.6","Av","Vg",".251",".325",".379","78.2",".241",".311",".351","100.1","Fragile","Fr",  
"CF, 2B, 3B, RF","Freel, Ryan R  ","$4,784,000","16355",".253",".337",".302","66.9","564.0","9.84","27.9","16.5",".695","8.76","147.9","40.5","74.9","Vg","Ex",".246",".325",".288","641.4",".259",".346",".312","511.2","Fragile","Fr",  
"3B, 2B, SS","Pecota, Bill R  ","$4,783,000","10338",".247",".316",".347","66.0","69.4","11.0","20.4","62.2",".592","9.38","140.1","27.4","54.9","Av","Vg",".262",".342",".382","50.0",".235",".296",".320","98.1","Normal","Fr",  
"1B, LF, RF","Hegan, Mike L  ","$4,782,000","8367",".247",".331",".362","75.2","51.6","8.93","21.5","308.7",".620","5.03","106.3","32.0","83.2","Fr","Fr",".222",".311",".305","81.7",".253",".336",".376","47.4","Normal","Pr",  
"RF, LF, CF","Mitchell, Mike R  ","$4,772,000","12503",".267",".323",".396","76.0","51.2","12.9","18.9","72.9",".634","8.35","62.3","31.2","53.4","Av","Vg",".272",".332",".407","47.3",".263",".316",".388","54.9","Normal","Pr",  
"CF, LF","Bumbry, Al L  ","$4,771,000","5836",".260",".322",".342","67.6","149.6","12.3","20.3","30.6",".658","7.42","85.8","30.3","86.9","Av","Vg",".241",".296",".300","200.7",".268",".333",".361","134.3","Normal","Fr",  
"RF, LF","Evans, Steve L  ","$4,770,000","5903",".254",".331",".390","78.4","48.0","12.5","16.5","83.8",".734","7.81","89.3","23.8","47.2","Av","Av",".247",".321",".375","50.9",".255",".334",".396","45.8","Normal","Pr",  
"C, 1B, 3B","Grady, Mike R  ","$4,770,000","12130",".250",".328",".388","75.8","52.3","10.8","15.2","91.3",".633","7.13","78.7","22.0","42.7","Av","Vg",".262",".339",".407","50.0",".242",".320",".376","53.3","Normal","Pr",  
"C","Scioscia, Mike L  ","$4,765,000","7879",".253",".331",".351","71.9","75.8","9.69","19.3","236.2",".691","25.6","169.3","25.2","49.6","Fr","Fr",".219",".293",".284","116.8",".259",".337",".363","71.4","Prone","Pr",  
"LF, CF, RF","Jones, Davy L  ","$4,755,000","9146",".252",".338",".352","73.6","49.4","8.71","27.6","66.6",".653","8.28","339.7","35.1","48.3","Av","Vg",".235",".317",".322","50.7",".258",".345",".364","49.0","Prone","Pr",  
"CF, LF, RF","Bodie, Ping R  ","$4,751,000","10576",".254",".306",".386","68.2","50.8","14.5","16.6","170.7",".523","7.92","87.3","23.0","42.7","Fr","Av",".268",".319",".402","48.0",".245",".297",".375","52.9","Normal","Pr",  
"RF, 1B","Wilson, Craig R  ","$4,751,000","13031",".249",".335",".416","82.9","27.7","11.0","21.3","550.9",".730","4.19","96.0","32.6","45.9","Av","Pr",".269",".361",".473","21.7",".233",".315",".370","35.5","Normal","Pr",  
"2B","DeShields, Delino L  ","$4,750,000","18492",".252",".333",".333","70.9","155.4","9.29","21.4","16.2",".698","7.94","79.0","35.1","70.5","Vg","Ex",".255",".336",".328","179.8",".251",".331",".336","143.5","Prone","Av",  
"C","Davis, Spud R  ","$4,747,000","11516",".250",".313",".357","64.6","46.2","12.3","26.1","799.1",".516","7.78","345.5","31.6","36.0","Fr","Pr",".257",".325",".376","36.7",".246",".305",".342","57.0","Normal","Pr",  
"CF, LF, RF","Mumphrey, Jerry S  ","$4,745,000","15572",".266",".324",".353","68.1","101.8","12.5","21.1","41.5",".656","8.09","101.8","30.1","50.3","Av","Vg",".263",".312",".331","187.7",".267",".329",".367","78.7","Normal","Pr",  
"CF","Kimbro, Jumbo L  ","$4,742,000","16705",".246",".306",".366","68.0","55.9","13.7","18.2","34.0",".696","7.12","99.1","25.1","67.0","Vg","Vg",".236",".301",".342","72.7",".252",".309",".379","49.7","Normal","Av",  
"2B, 1B, LF","Kendrick, Howie R  ","$4,740,000","17831",".280",".326",".383","71.7","88.3","16.7","17.2","48.7",".695","9.29","106.3","22.6","35.6","Vg","Av",".288",".330",".392","83.0",".276",".324",".378","91.2","Fragile","Fr",  
"1B, LF, RF","Craig, Allen R  ","$4,739,000","3617",".253",".319",".368","67.9","47.6","12.1","21.4","1336.7",".375","7.50","222.8","26.6","36.5","Av","Pr",".290",".365",".445","35.1",".236",".296",".334","56.0","Fragile","Pr",  
"3B, 1B, 2B","Valbuena, Luis L  ","$4,739,000","12412",".223",".310",".349","65.8","41.5","9.01","21.2","354.2",".500","6.48","172.8","28.2","56.9","Fr","Fr",".215",".291",".321","51.9",".226",".318",".361","38.2","Normal","Fr",  
"CF, LF","Adams, Buster R  ","$4,738,000","8474",".247",".317",".386","73.5","35.5","11.1","20.3","561.8",".739","5.47","207.6","25.7","52.8","Av","Pr",".261",".341",".409","35.6",".242",".306",".379","34.9","Normal","Fr",  
"2B, 3B, SS","Herzog, Buck R  ","$4,737,000","11684",".246",".310",".347","64.7","63.2","14.2","21.8","31.3",".637","10.3","139.7","29.6","57.9","Av","Ex",".261",".325",".381","52.3",".237",".301",".329","71.0","Prone","Av",  
"3B, 1B","Sandoval, Pablo S  ","$4,736,000","17582",".264",".311",".385","68.6","45.3","15.2","20.5","1192.9",".516","11.4","173.5","25.6","35.9","Pr","Pr",".243",".277",".340","62.7",".274",".327",".407","39.4","Prone","Pr",  
"CF, LF, RF","Slagle, Jimmy L  ","$4,735,000","11111",".243",".329",".329","66.4","61.4","8.79","30.4","39.9",".608","7.59","261.3","40.4","51.4","Av","Vg",".223",".305",".284","95.8",".249",".336",".343","55.1","Normal","Pr",  
"LF, SP, 1B, RF","Bressler, Rube R  ","$4,734,000","11528",".266",".348",".382","82.5","59.1","9.34","19.9","214.8",".721","8.83","75.7","33.1","55.0","Fr","Fr",".272",".359",".408","48.5",".261",".340",".362","71.5","Prone","Fr",  
"2B, 1B, 3B, LF","Delahanty, Jim R  ","$4,733,000","17732",".271",".342",".396","81.3","52.8","11.9","16.6","49.2",".604","7.64","134.7","21.9","53.0","Av","Vg",".285",".352",".410","51.5",".262",".335",".388","53.6","Prone","Fr",  
"2B, 1B, SS","Offerman, Jose S  ","$4,733,000","14130",".261",".338",".334","71.5","176.6","9.45","22.5","60.7",".622","10.2","93.8","35.3","71.7","Av","Av",".249",".321",".311","204.7",".267",".348",".347","163.9","Normal","Fr",  
"1B, LF, RF","Aldrete, Mike L  ","$4,732,000","11046",".259",".343",".355","76.1","85.6","8.84","19.5","166.6",".618","7.90","119.5","27.5","59.4","Fr","Fr",".238",".314",".284","489.2",".264",".349",".370","72.7","Normal","Pr",  
"RF, LF, CF","Walker, Curt L  ","$4,723,000","11685",".261",".335",".383","76.9","59.9","10.00","17.9","178.9",".503","9.49","71.6","28.2","46.1","Fr","Av",".249",".315",".348","74.3",".267",".343",".397","55.6","Normal","Pr",  
"RF, LF, CF","Armas, Tony Sr R  ","$4,721,000","16179",".235",".271",".408","61.4","24.8","21.4","23.6","296.2",".552","4.77","103.5","33.1","36.3","Fr","Fr",".236",".269",".415","25.2",".235",".272",".406","24.3","Prone","Pr",  
"SS","Clayton, Royce R  ","$4,721,000","22793",".246",".298",".322","54.0","137.3","14.7","22.2","59.2",".628","7.42","117.0","30.8","36.4","Av","Vg",".256",".309",".340","120.5",".241",".292",".313","146.0","Normal","Fr",  
"RF","Dye, Jermaine R  ","$4,718,000","31288",".255",".317",".410","74.7","31.3","12.3","19.1","175.5",".650","6.87","162.3","24.2","34.6","Av","Fr",".261",".324",".411","33.1",".251",".313",".409","30.4","Normal","Pr",  
"LF, RF","Meusel, Irish R  ","$4,715,000","16021",".266",".316",".413","76.8","40.6","14.9","16.6","69.1",".637","9.69","90.1","22.6","53.6","Av","Av",".276",".329",".426","40.9",".261",".308",".406","40.4","Normal","Pr",  
"C, 1B","Gowdy, Hank R  ","$4,714,000","9231",".238",".319",".340","66.4","58.4","9.92","21.8","89.5",".674","7.46","251.5","27.7","48.5","Av","Av",".254",".343",".355","58.2",".231",".309",".333","58.5","Normal","Pr",  
"CF, 3B, LF, RF","Maddox, Elliott R  ","$4,709,000","8378",".245",".344",".314","69.0","178.3","8.11","22.0","103.7",".599","9.09","165.3","30.4","51.6","Fr","Av",".242",".345",".302","236.5",".246",".343",".320","158.3","Fragile","Pr",  
"LF, RF","Easler, Mike L  ","$4,706,000","14005",".269",".329",".404","77.3","41.8","12.4","18.4","217.1",".518","6.30","127.4","24.0","44.7","Fr","Fr",".222",".261",".297","109.0",".278",".341",".425","37.4","Normal","Pr",  
"C, 1B","Lopata, Stan R  ","$4,702,000","8963",".231",".324",".388","73.6","30.2","8.25","19.7","687.1",".429","5.44","174.7","26.0","33.9","Fr","Fr",".243",".343",".417","27.7",".221",".308",".364","32.6","Prone","Pr",  
"C","Shoppach, Kelly R  ","$4,698,000","13151",".231",".310",".413","76.5","25.8","11.5","17.5","1652.3",".600","3.58","127.1","23.4","55.3","Pr","Pr",".250",".333",".470","21.0",".208",".283",".344","35.7","Normal","Pr",  
"LF, CF","McReynolds, Kevin R  ","$4,694,000","14137",".254",".317",".426","79.9","28.4","12.1","17.6","118.5",".667","9.40","117.6","23.4","48.4","Vg","Fr",".266",".326",".446","26.6",".249",".311",".416","29.4","Prone","Pr",  
"C","Porter, Darrell L  ","$4,693,000","15292",".231",".330",".382","78.4","31.7","7.92","21.4","378.3",".644","6.60","122.6","31.1","58.9","Fr","Fr",".222",".316",".360","34.0",".234",".336",".388","31.4","Prone","Pr",  
"1B, RF","Bond, Walt L  ","$4,690,000","10602",".257",".321",".417","80.1","29.9","12.7","21.3","783.9",".536","8.63","87.1","32.5","58.2","Av","Pr",".236",".297",".370","34.4",".263",".328",".431","28.8","Normal","Pr",  
"RF","Hawpe, Brad L  ","$4,686,000","13312",".258",".342",".420","86.1","31.8","8.80","17.5","266.6",".548","5.08","100.6","25.0","49.7","Fr","Fr",".244",".312",".373","41.7",".263",".352",".437","29.6","Fragile","Pr",  
"SS, 1B, 3B","Fujita, Taira L  ","$4,683,000","19748",".253",".303",".338","62.0","89.8","15.9","22.2","252.0",".651","15.0","172.0","28.4","71.8","Fr","Fr",".246",".289",".323","124.2",".257",".311",".347","77.7","Normal","Fr",  
"C","Wilkins, Rick L  ","$4,675,000","13945",".229",".312",".367","68.9","33.8","9.32","23.4","239.0",".589","4.86","171.5","31.3","55.0","Fr","Fr",".187",".256",".241","87.2",".235",".321",".387","30.8","Normal","Pr",  
"3B, 2B","Lawrie, Brett R  ","$4,672,000","8105",".250",".306",".363","66.6","51.6","14.8","21.7","87.3",".630","7.53","135.0","29.0","71.3","Av","Av",".260",".318",".381","51.0",".244",".298",".351","52.0","Fragile","Pr",  
"RF, 1B, LF","Shamsky, Art L  ","$4,672,000","11066",".251",".322",".411","79.7","29.0","10.7","21.4","729.8",".654","9.29","111.8","30.6","53.7","Fr","Pr",".204",".269",".324","38.7",".257",".329",".423","28.1","Normal","Pr",  
"2B","Kipnis, Jason L  ","$4,666,000","10168",".251",".328",".362","73.2","65.2","10.0","18.1","67.3",".671","8.83","116.2","24.8","58.7","Vg","Av",".235",".309",".324","79.0",".257",".336",".377","61.0","Prone","Fr",  
"2B, SS, LF, CF","Allen, Newt R  ","$4,661,000","15617",".249",".304",".307","54.9","289.2","14.6","24.4","211.2",".617","9.53","171.4","32.2","47.8","Fr","Fr",".249",".305",".313","191.7",".248",".301",".303","404.1","Normal","Fr",  
"CF, 1B, LF, RF","Noren, Irv L  ","$4,660,000","10025",".252",".312",".368","69.1","59.0","12.9","18.3","244.7",".625","7.79","115.9","24.3","66.3","Av","Fr",".239",".290",".320","108.0",".258",".322",".388","49.5","Prone","Pr",  
"LF, 1B, CF, RF","Redus, Gary R  ","$4,660,000","13321",".241",".328",".381","79.5","47.2","8.81","16.5","17.3",".704","6.39","73.5","25.4","85.5","Vg","Ex",".251",".336",".402","40.7",".235",".324",".368","52.4","Prone","Pr",  
"LF, RF","Wagner, Leon L  ","$4,659,000","17108",".262",".320",".419","80.7","26.9","13.5","25.5","187.7",".637","8.55","182.3","33.1","70.0","Av","Fr",".239",".297",".350","36.3",".270",".328",".438","25.5","Normal","Pr",  
"1B, LF","Bergman, Dave L  ","$4,655,000","11424",".254",".347",".356","76.4","67.6","8.11","20.8","299.9",".537","10.6","123.3","29.9","45.5","Fr","Fr",".220",".300",".249","469.7",".259",".353",".371","60.3","Normal","Pr",  
"C","Schalk, Ray R  ","$4,655,000","11575",".221",".299",".298","54.3","79.8","10.7","27.8","80.0",".624","8.75","323.8","35.3","60.9","Av","Av",".230",".304",".317","64.3",".215",".293",".287","89.6","Normal","Fr",  
"2B","Temple, Johnny R  ","$4,654,000","48320",".261",".342",".305","68.8","1305.9","9.31","26.0","45.9",".696","14.3","298.4","33.2","85.8","Vg","Av",".270",".356",".317","2122.8",".254",".332",".298","1066.4","Normal","Av",  
"C, 1B, LF, RF","Wockenfuss, John R  ","$4,652,000","12075",".254",".339",".406","82.5","29.7","8.79","23.2","2303.8",".461","8.02","141.1","32.7","40.5","Pr","Pr",".274",".361",".443","27.7",".240",".325",".382","31.1","Normal","Pr",  
"CF, LF, RF","Young, Chris B R  ","$4,652,000","2939",".224",".311",".373","71.8","38.7","9.05","16.3","49.1",".694","6.66","115.2","22.1","72.6","Vg","Vg",".234",".328",".405","31.4",".203",".274",".302","77.3","Prone","Fr",  
"CF, LF","Metzler, Alex L  ","$4,649,000","7784",".239",".327",".330","67.3","84.6","9.21","23.2","92.2",".632","8.17","97.1","37.3","53.4","Av","Av",".229",".312",".308","110.1",".244",".334",".339","76.6","Prone","Av",  
"2B","Thompson, Robby R  ","$4,644,000","20054",".255",".326",".381","75.3","51.3","11.4","17.9","85.5",".619","6.03","97.2","25.6","63.3","Av","Av",".277",".357",".435","39.2",".241",".306",".348","64.0","Prone","Fr",  
"RF, LF, CF","Edwards, Hank L  ","$4,639,000","15951",".264",".315",".416","78.2","43.6","14.1","15.4","327.7",".535","7.02","59.9","23.3","73.0","Pr","Fr",".234",".270",".336","84.4",".271",".326",".435","39.1","Prone","Pr",  
"CF, RF","Fowler, Dexter S  ","$4,638,000","8715",".251",".349",".366","81.7","81.4","7.73","17.4","102.5",".589","6.66","58.0","31.1","94.8","Av","Av",".244",".344",".360","79.9",".255",".352",".369","82.3","Fragile","Pr",  
"SS, 1B, 2B, 3B, LF, RF","Gonzalez, Marwin S  ","$4,638,000","2780",".236",".304",".317","56.6","84.2","11.8","25.0","222.4",".700","7.31","207.5","32.4","42.1","Fr","Fr",".237",".305",".312","94.7",".238",".305",".325","75.9","Normal","Av",  
"1B","Davis, Alvin L  ","$4,635,000","13253",".257",".347",".384","81.4","39.8","8.37","21.6","1174.0",".542","9.79","206.2","28.3","43.6","Pr","Pr",".247",".334",".353","47.4",".260",".351",".396","37.2","Prone","Pr",  
"SS","Kerr, Buddy R  ","$4,634,000","15028",".233",".290",".300","50.3","190.2","14.1","22.3","311.6",".654","8.61","165.1","28.8","47.2","Av","Fr",".233",".294",".302","187.2",".233",".289",".301","187.3","Normal","Pr",  
"C","Bennett, Charlie R  ","$4,626,000","11815",".228",".322",".357","69.9","47.6","8.33","17.9","235.3",".699","5.19","114.7","25.2","44.2","Av","Fr",".233",".336",".367","43.5",".225",".313",".351","50.5","Normal","Pr",  
"C, RF","Blanchard, Johnny L  ","$4,622,000","22555",".240",".304",".425","76.0","20.6","12.3","27.7","2500.6",".556","8.33","294.2","34.3","42.5","Pr","Pr",".226",".287",".387","23.3",".244",".309",".435","20.1","Normal","Pr",  
"LF, CF, RF","Amoros, Sandy L  ","$4,619,000","18608",".246",".339",".373","78.9","57.4","8.31","17.6","249.9",".577","7.11","64.2","29.7","62.8","Fr","Fr",".240",".331",".349","75.6",".248",".343",".384","51.6","Normal","Pr",  
"3B, 2B","Buechele, Steve R  ","$4,618,000","13242",".231",".298",".364","62.7","37.2","12.3","22.1","258.5",".504","6.55","147.3","29.5","43.0","Pr","Fr",".247",".322",".397","32.0",".220",".281",".343","41.7","Prone","Pr",  
"C","Burgess, Smoky L  ","$4,614,000","11719",".262",".321",".371","70.3","58.0","12.4","19.3","1177.6",".478","15.3","190.5","24.1","43.0","Pr","Pr",".223",".272",".286","98.2",".272",".333",".392","52.6","Prone","Pr",  
"CF, LF","Singleton, Chris L  ","$4,610,000","8695",".263",".304",".363","65.8","131.7","18.1","15.5","34.7",".681","9.58","85.6","20.9","68.2","Vg","Vg",".265",".306",".367","141.2",".262",".302",".361","127.3","Normal","Fr",  
"RF, 1B, 3B, LF, CF","Hickman, Jim R  ","$4,602,000","16217",".246",".335",".414","82.4","28.3","8.51","19.2","305.4",".598","6.16","121.7","26.9","39.5","Fr","Fr",".261",".354",".445","25.5",".228",".309",".372","34.2","Prone","Pr",  
"2B, 1B, 3B, LF, RF","Goodman, Billy L  ","$4,598,000","19639",".271",".330",".333","67.6","370.5","12.9","20.4","127.4",".640","11.8","213.7","25.3","66.0","Fr","Fr",".264",".323",".314","734.4",".276",".335",".344","281.5","Normal","Pr",  
"RF, LF","Joyce, Matt L  ","$4,598,000","5017",".251",".343",".413","87.4","30.2","8.10","18.7","243.4",".461","7.13","129.8","26.1","60.8","Fr","Fr",".204",".288",".343","34.0",".261",".356",".432","28.4","Prone","Fr",  
"C","Tipton, Joe R  ","$4,598,000","10933",".230",".324",".353","71.3","36.8","8.40","26.9","1802.6",".500","6.86","252.4","35.4","60.1","Pr","Pr",".245",".347",".378","31.4",".218",".305",".335","42.2","Prone","Pr",  
"CF, LF","Upton, Melvin R  ","$4,595,000","12854",".240",".320",".371","73.5","47.6","9.65","17.4","33.9",".711","4.61","106.5","24.3","65.7","Vg","Vg",".252",".331",".385","46.4",".231",".312",".361","48.6","Prone","Pr",  
"CF, LF, RF","Cardenal, Jose R  ","$4,592,000","8476",".259",".318",".369","70.3","73.1","12.8","17.0","28.8",".710","10.0","104.6","22.8","47.8","Vg","Vg",".258",".317",".362","72.0",".259",".317",".374","74.1","Normal","Fr",  
"3B, 2B, SS","Naehring, Tim R  ","$4,588,000","6764",".255",".326",".351","68.4","66.3","10.7","21.7","1271.7",".500","8.65","211.9","27.7","41.5","Pr","Pr",".255",".322",".346","80.9",".254",".327",".354","60.5","Fragile","Pr",  
"3B, RF","Melton, Bill R  ","$4,584,000","17924",".235",".315",".382","71.7","30.9","10.1","22.9","274.3",".540","6.74","169.2","30.6","45.1","Fr","Fr",".248",".333",".406","31.2",".228",".305",".370","30.9","Normal","Pr",  
"1B","Coleman, Gordy L  ","$4,581,000","18257",".255",".310",".408","74.4","29.1","13.8","22.9","950.0",".636","8.89","193.7","28.8","48.2","Fr","Pr",".198",".229",".286","52.7",".266",".325",".430","26.9","Normal","Pr",  
"C","Pierzynski, A.J. L  ","$4,580,000","13709",".271",".312",".377","67.1","62.6","21.4","19.2","983.5",".500","14.5","191.6","23.2","36.4","Pr","Pr",".251",".280",".316","195.9",".276",".320",".391","54.2","Normal","Pr",  
"2B","Giles, Marcus R  ","$4,567,000","15618",".260",".335",".364","74.9","84.0","10.2","16.5","48.0",".700","7.82","134.9","21.7","52.8","Vg","Av",".264",".337",".371","89.0",".257",".333",".361","81.5","Fragile","Pr",  
"RF, LF","Davis, Cherokee R  ","$4,566,000","50342",".248",".313",".421","76.7","25.8","11.8","21.2","381.6",".527","4.58","103.4","30.4","44.3","Fr","Fr",".255",".322",".440","24.3",".242",".306",".408","27.0","Prone","Pr",  
"2B","Iguchi, Tadahito R  ","$4,566,000","19941",".256",".329",".343","69.8","103.3","10.2","20.6","51.5",".680","6.65","110.8","29.6","57.8","Vg","Av",".255",".328",".348","89.9",".255",".329",".340","111.9","Normal","Fr",  
"1B, LF, CF","Larkin, Henry R  ","$4,564,000","19886",".273",".337",".405","80.4","59.7","12.6","14.7","75.6",".629","7.58","84.6","20.3","44.5","Av","Av",".283",".351",".428","48.9",".267",".328",".390","68.4","Normal","Pr",  
"DH, 1B","Maas, Kevin L  ","$4,564,000","15698",".244",".334",".435","89.2","21.3","8.51","23.0","383.4",".480","5.33","185.8","30.8","88.8","Fr","Fr",".211",".289",".348","27.4",".251",".343",".455","20.3","Normal","Pr",  
"RF, LF, CF","Harper, George L  ","$4,563,000","10423",".250",".332",".383","75.9","35.6","9.65","24.1","123.8",".561","8.48","160.6","33.1","44.7","Fr","Av",".232",".307",".333","51.6",".258",".343",".406","31.0","Normal","Pr",  
"CF, LF, RF","Javier, Stan S  ","$4,561,000","8436",".249",".319",".306","62.0","496.2","10.7","22.7","24.1",".769","8.40","150.0","30.6","54.9","Ex","Vg",".242",".313",".304","544.2",".248",".319",".303","426.4","Prone","Fr",  
"1B","Suhr, Gus L  ","$4,559,000","13226",".239",".335",".399","82.2","35.8","8.00","16.5","225.6",".544","8.06","76.0","25.6","56.2","Fr","Fr",".229",".321",".367","45.1",".243",".340",".412","33.0","Normal","Pr",  
"LF, C, 1B, RF","Blefary, Curt L  ","$4,557,000","10301",".238",".334",".386","80.2","33.1","8.24","20.4","277.5",".531","9.08","132.6","28.8","62.8","Fr","Fr",".213",".295",".301","74.4",".242",".340",".401","30.1","Normal","Pr",  
"3B, RF","Lewis, Buddy L  ","$4,557,000","11645",".262",".325",".377","73.8","56.0","12.3","20.9","216.1",".638","10.1","84.8","32.0","54.5","Fr","Fr",".261",".324",".361","75.6",".263",".325",".385","49.4","Normal","Fr",  
"1B","Young, Babe L  ","$4,555,000","15093",".264",".332",".404","80.8","39.4","11.2","17.9","1122.9",".484","9.64","138.1","23.3","53.1","Fr","Pr",".250",".315",".378","45.3",".270",".340",".415","37.3","Normal","Pr",  
"RF, LF, CF","Brunansky, Tom R  ","$4,554,000","23934",".233",".317",".403","76.0","25.5","9.38","21.2","578.6",".573","6.96","212.4","27.2","41.8","Fr","Fr",".246",".330",".434","23.8",".226",".309",".384","26.8","Normal","Pr",  
"3B","Bradley, Bill R  ","$4,553,000","7631",".250",".298",".371","64.6","68.1","17.6","15.4","54.1",".620","7.43","94.3","20.6","50.6","Av","Vg",".264",".314",".410","48.4",".242",".290",".349","87.9","Prone","Av",  
"CF, LF, RF","Revere, Ben L  ","$4,549,000","18165",".276",".315",".316","61.3","1068.5","18.6","33.5","14.2",".703","33.9","141.3","48.2","66.8","Vg","Ex",".273",".312",".313","864.3",".278",".317",".319","1204.6","Normal","Fr",  
"C","Avila, Alex L  ","$4,541,000","14334",".235",".342",".372","78.1","38.1","7.11","19.9","649.2",".812","4.49","144.3","28.0","41.5","Fr","Pr",".198",".297",".287","59.7",".240",".349",".384","36.2","Fragile","Pr",  
"1B","Phelps, Josh R  ","$4,539,000","20714",".262",".333",".428","81.8","26.3","12.1","23.2","1655.6",".539","4.67","124.6","32.8","33.1","Pr","Pr",".284",".358",".474","23.0",".249",".319",".397","29.9","Normal","Pr",  
"RF, CF","Venable, Will L  ","$4,538,000","8012",".246",".310",".365","69.3","54.1","12.0","21.4","38.5",".700","5.68","65.0","37.4","73.0","Vg","Vg",".216",".270",".284","161.9",".256",".323",".391","44.6","Normal","Fr",  
"LF, CF","Dallessandro, Dom L  ","$4,536,000","23471",".252",".345",".378","79.1","51.4","8.09","17.1","273.9",".611","8.76","123.8","23.5","39.2","Fr","Fr",".221",".311",".281","234.3",".260",".353",".404","42.5","Normal","Pr",  
"CF, LF, RF","Gallagher, Dave R  ","$4,531,000","15705",".265",".325",".334","64.4","189.2","12.5","21.9","205.6",".475","10.8","161.8","28.7","45.0","Pr","Fr",".259",".317",".325","221.2",".269",".329",".339","175.4","Normal","Av",  
"2B","Ray, Johnny S  ","$4,529,000","15940",".262",".305",".335","59.7","207.0","17.4","19.2","148.7",".627","20.7","164.3","23.8","46.9","Av","Fr",".252",".288",".298","794.1",".267",".315",".356","146.3","Normal","Pr",  
"LF, 1B, CF, RF","West, Max L  ","$4,528,000","16809",".240",".320",".401","77.5","29.5","9.72","19.5","275.9",".575","6.03","149.9","25.9","54.1","Fr","Fr",".228",".303",".364","34.6",".247",".328",".419","27.5","Normal","Pr",  
"2B, 1B, LF, CF","Magee, Lee S  ","$4,524,000","15330",".260",".308",".353","64.2","76.3","15.2","22.2","52.3",".615","10.9","130.9","30.2","54.5","Av","Vg",".253",".299",".332","110.4",".264",".313",".364","65.9","Normal","Fr",  
"1B","Etten, Nick L  ","$4,517,000","14231",".253",".337",".394","80.0","35.1","9.04","20.3","238.9",".544","10.0","191.1","26.4","44.7","Fr","Fr",".239",".319",".343","50.9",".260",".347",".421","30.2","Normal","Pr",  
"2B, 3B, SS","Gallego, Mike R  ","$4,516,000","8301",".233",".309",".319","59.6","96.5","10.9","22.1","304.0",".525","8.60","116.3","32.1","49.6","Fr","Fr",".245",".323",".354","65.0",".225",".300",".296","144.7","Prone","Fr",  
"RF, LF","Trammell, Bubba R  ","$4,516,000","18935",".255",".332",".412","82.5","31.6","9.60","18.5","465.3",".575","8.04","143.7","24.5","51.6","Fr","Fr",".275",".358",".435","32.8",".245",".318",".400","31.1","Normal","Pr",  
"C, 1B, LF, RF","Nilsson, Dave L  ","$4,513,000","12014",".264",".327",".395","76.8","40.9","11.6","19.7","246.2",".524","10.5","168.3","25.0","52.3","Fr","Fr",".231",".278",".311","74.8",".270",".335",".410","37.8","Fragile","Pr",  
"SS, 3B, LF, RF","Kubek, Tony L  ","$4,510,000","17641",".254",".286",".320","53.6","187.7","24.3","22.7","243.1",".605","9.74","177.2","28.3","76.4","Fr","Fr",".246",".273",".298","298.7",".258",".293",".331","157.7","Normal","Fr",  
"RF, LF","Bauer, Hank R  ","$4,509,000","21641",".270",".327",".416","81.4","36.9","13.4","18.1","231.3",".585","7.25","111.9","24.2","67.3","Fr","Fr",".276",".331",".428","35.2",".266",".324",".409","37.8","Prone","Pr",  
"CF, LF, RF","Everett, Carl S  ","$4,509,000","10763",".262",".329",".408","80.0","35.9","12.2","19.5","71.9",".626","6.90","97.6","28.1","51.1","Av","Av",".221",".275",".303","93.2",".275",".346",".442","30.0","Prone","Pr",  
"LF, 1B, RF","Ibanez, Raul L  ","$4,508,000","11846",".270",".332",".419","82.1","35.9","11.7","18.2","211.5",".569","9.56","102.4","25.1","48.4","Fr","Fr",".240",".283",".339","56.3",".277",".343",".438","33.1","Normal","Pr",  
"CF, LF, RF","Cangelosi, John S  ","$4,507,000","54598",".238",".352",".284","68.4","429.9","7.06","30.7","21.0",".624","8.83","183.6","45.9","85.9","Av","Ex",".233",".350",".275","613.2",".241",".354",".289","365.5","Normal","Fr",  
"2B, 3B, SS, LF, RF","Holt, Brock L  ","$4,498,000","6669",".253",".327",".310","63.0","247.0","10.2","26.4","122.7",".718","9.24","146.8","37.1","53.5","Vg","Fr",".249",".326",".312","142.0",".254",".328",".310","633.2","Prone","Fr",  
"LF, CF","Russell, Jim S  ","$4,497,000","14488",".231",".312",".352","65.8","54.3","9.60","18.7","172.7",".572","6.40","94.8","27.2","46.2","Fr","Av",".224",".301",".337","58.9",".234",".318",".359","52.2","Normal","Pr",  
"1B","Sanders, Ray L  ","$4,491,000","11506",".252",".337",".382","79.7","44.4","8.89","18.4","695.1",".559","6.88","146.7","24.6","63.5","Fr","Pr",".241",".324",".370","43.9",".256",".343",".386","45.2","Normal","Pr",  
"C, 1B","Stanley, Mike R  ","$4,491,000","13110",".242",".331",".388","77.2","31.5","8.81","22.4","295.7",".699","6.11","171.4","30.4","40.0","Vg","Pr",".255",".354",".420","27.0",".233",".316",".368","35.2","Prone","Pr",  
"RF, LF","Ludwick, Ryan R  ","$4,489,000","10089",".262",".332",".417","83.4","31.9","11.0","18.3","342.7",".524","6.00","171.3","23.3","61.5","Fr","Fr",".267",".332",".437","30.0",".261",".334",".408","32.4","Fragile","Pr",  
"LF, CF, RF","Mann, Les R  ","$4,486,000","12390",".268",".328",".416","79.3","42.6","12.4","16.5","112.3",".570","7.83","64.0","25.6","42.8","Av","Av",".285",".351",".453","36.1",".233",".279",".341","63.8","Normal","Pr",  
"CF, RF","McGee, Willie S  ","$4,482,000","17186",".280",".321",".367","68.3","144.4","18.0","19.1","36.2",".629","8.08","77.5","27.9","53.0","Av","Vg",".273",".316",".347","251.5",".284",".323",".379","114.5","Prone","Pr",  
"1B","Gandil, Chick R  ","$4,481,000","5723",".263",".307",".372","66.4","77.3","17.7","17.1","45.1",".622","8.88","95.8","23.1","49.4","Av","Vg",".280",".322",".399","69.1",".251",".297",".352","84.7","Normal","Pr",  
"LF, RF","Garr, Ralph L  ","$4,477,000","12528",".287",".316",".375","70.2","113.9","26.5","20.3","35.9",".628","11.4","87.4","28.6","91.6","Av","Vg",".271",".300",".345","156.4",".294",".324",".387","103.1","Normal","Av",  
"CF, LF, RF","Walker, Harry L  ","$4,477,000","9130",".262",".317",".338","65.3","194.3","13.9","19.5","122.8",".695","9.08","114.4","26.5","68.5","Av","Fr",".248",".290",".308","379.6",".269",".329",".353","156.2","Normal","Fr",  
"3B, 1B, LF, RF","Walling, Denny L  ","$4,477,000","11824",".259",".330",".376","75.3","54.7","10.4","18.7","104.2",".694","11.4","128.5","25.1","51.7","Vg","Fr",".229",".293",".321","82.4",".264",".335",".383","53.3","Prone","Pr",  
"C","Wilson, Art R  ","$4,475,000","9674",".230",".328",".334","68.7","56.2","8.02","20.9","60.4",".700","5.72","313.6","26.5","49.5","Vg","Av",".240",".339",".345","57.5",".225",".322",".330","55.7","Normal","Pr",  
"1B, LF, RF","Harrelson, Ken R  ","$4,473,000","26628",".245",".326",".404","75.6","26.8","9.32","24.9","154.0",".613","6.37","165.8","34.0","29.4","Av","Av",".240",".323",".395","29.2",".247",".327",".409","25.6","Normal","Pr",  
"SS","Dark, Alvin R  ","$4,456,000","13177",".274",".307",".360","64.2","134.5","24.2","18.0","172.1",".656","10.7","128.3","22.6","50.0","Av","Fr",".277",".314",".371","121.8",".272",".302",".354","142.8","Normal","Pr",  
"RF, LF","Valo, Elmer L  ","$4,454,000","13267",".259",".360",".353","81.6","107.0","7.46","18.7","80.3",".576","11.2","90.6","29.0","64.4","Fr","Av",".226",".327",".285","138.4",".269",".370",".374","99.8","Prone","Pr",  
"LF, 1B, RF","Morse, Michael R  ","$4,447,000","19588",".271",".326",".422","77.5","31.0","14.7","21.1","2145.7",".400","5.62","162.6","27.0","30.1","Pr","Pr",".277",".328",".427","31.5",".268",".325",".419","30.7","Fragile","Pr",  
"1B, LF, RF","Millar, Kevin R  ","$4,442,000","13164",".257",".341",".380","78.9","52.0","9.24","17.3","1003.2",".517","8.47","146.1","22.8","44.7","Pr","Pr",".254",".333",".369","58.4",".258",".344",".386","51.2","Prone","Pr",  
"RF","Northey, Ron L  ","$4,442,000","14706",".255",".324",".419","81.6","29.6","11.1","18.1","1492.2",".550","8.00","145.3","23.5","56.0","Fr","Pr",".241",".302",".361","43.5",".259",".331",".436","27.1","Normal","Pr",  
"C","Suzuki, Kurt R  ","$4,442,000","4554",".248",".311",".333","60.2","89.3","14.2","21.6",".000",".000","15.9","210.6","27.0","35.8","Fr","Pr",".240",".304",".331","87.3",".248",".311",".321","119.0","Normal","Pr",  
"CF, LF","Pagan, Angel S  ","$4,429,000","4718",".269",".327",".363","73.6","115.1","12.4","17.9","31.9",".707","13.1","95.0","25.1","74.6","Vg","Vg",".267",".310",".348","231.2",".270",".333",".369","95.2","Fragile","Fr",  
"C","Petway, Bruce S  ","$4,428,000","10172",".248",".298",".322","55.6","181.6","14.9","20.1","98.8",".568","8.15","146.9","26.0","54.7","Av","Av",".249",".297",".329","138.9",".245",".297",".314","216.3","Prone","Fr",  
"CF, LF, RF","Moseby, Lloyd L  ","$4,425,000","9598",".241",".316",".358","69.3","54.8","10.7","19.9","34.1",".685","6.35","91.0","29.8","58.2","Vg","Vg",".219",".286",".307","76.2",".247",".325",".374","50.6","Normal","Fr",  
"2B, 3B","Belliard, Ron R  ","$4,423,000","18939",".258",".321",".360","68.0","88.5","11.6","16.9","284.0",".587","10.1","126.6","22.0","38.6","Fr","Fr",".269",".339",".388","65.6",".251",".310",".342","115.6","Normal","Pr",  
"1B","Moreland, Mitch L  ","$4,423,000","7379",".248",".308",".391","70.3","33.8","12.7","21.1","740.6",".478","7.33","140.5","28.0","41.4","Fr","Pr",".244",".297",".359","46.8",".249",".314",".407","29.8","Prone","Pr",  
"SS, 3B","English, Woody R  ","$4,422,000","11024",".237",".325",".317","63.8","95.9","9.07","23.9","181.4",".530","6.49","178.8","32.5","57.4","Fr","Fr",".240",".332",".327","90.4",".236",".320",".311","99.5","Normal","Fr",  
"SS, 2B","Harrelson, Bud S  ","$4,422,000","15426",".231",".320",".280","58.4","405.9","8.90","29.6","74.5",".641","8.95","150.3","44.0","91.9","Av","Av",".234",".325",".284","298.4",".231",".319",".278","556.2","Prone","Av",  
"2B, LF","Young, Eric Sr R  ","$4,417,000","14071",".262",".331",".326","65.8","485.2","11.8","19.6","19.7",".627","30.6","155.7","25.8","52.6","Av","Ex",".283",".350",".366","292.6",".243",".313",".291","1458.8","Prone","Fr",  
"2B, 3B","Gantner, Jim L  ","$4,416,000","17506",".266",".310",".328","60.3","253.7","18.0","22.4","70.0",".621","16.1","180.8","28.4","54.5","Av","Av",".252",".291",".309","284.1",".271",".318",".335","237.9","Normal","Av",  
"C","Lapp, Jack L  ","$4,411,000","9515",".249",".321",".359","69.6","62.6","10.2","19.3","716.4",".600","8.29","107.5","27.4","46.3","Pr","Pr",".236",".305",".322","90.4",".253",".327",".371","57.1","Normal","Pr",  
"2B","Farrell, John R  ","$4,409,000","16071",".248",".318",".356","67.7","63.0","10.7","18.6","106.7",".591","8.12","167.0","23.9","46.4","Av","Av",".252",".326",".371","54.6",".244",".313",".346","67.1","Normal","Pr",  
"RF, LF","Smith, Elmer L  ","$4,403,000","13400",".251",".319",".439","82.3","26.3","11.1","16.0","535.6",".560","6.75","94.3","22.1","44.1","Fr","Fr",".228",".295",".388","31.8",".258",".326",".457","24.9","Normal","Pr",  
"2B, 3B","Lefebvre, Jim S  ","$4,398,000","20485",".244",".312",".366","68.1","45.6","11.1","20.1","1434.6",".444","8.68","171.3","25.9","47.1","Pr","Pr",".241",".311",".359","53.3",".245",".313",".370","42.0","Normal","Pr",  
"1B","Karros, Eric R  ","$4,397,000","26862",".253",".311",".418","75.0","27.4","12.8","20.3","200.6",".570","7.19","174.5","25.5","39.1","Av","Fr",".268",".325",".444","25.9",".243",".301",".400","28.6","Normal","Pr",  
"CF, LF, RF","Grubb, Johnny L  ","$4,381,000","5245",".265",".354",".377","81.8","59.6","8.47","18.4","335.2",".409","9.03","150.9","24.6","50.7","Fr","Fr",".233",".317",".303","111.5",".273",".363",".397","52.9","Fragile","Pr",  
"2B, 3B","Cuccinello, Tony R  ","$4,377,000","17323",".251",".317",".373","69.5","46.8","11.6","19.2","254.7",".521","7.88","182.6","24.4","42.2","Fr","Fr",".260",".324",".383","47.6",".246",".313",".368","45.8","Normal","Pr",  
"1B","Bilko, Steve R  ","$4,375,000","11854",".241",".329",".408","78.4","30.1","8.61","17.1","2259.2",".667","4.86","127.9","23.1","33.6","Pr","Pr",".248",".337",".426","28.2",".223",".309",".366","36.1","Normal","Pr",  
"RF, LF, CF","Coluccio, Bob R  ","$4,371,000","5463",".208",".289",".337","58.3","47.9","9.96","19.4","110.8",".544","6.61","74.7","31.3","60.8","Fr","Vg",".213",".296",".361","42.5",".202",".281",".311","56.0","Normal","Pr",  
"LF, 1B, CF","Richards, Gene L  ","$4,370,000","16852",".278",".343",".370","77.0","135.9","11.6","19.1","23.4",".632","8.80","65.1","31.5","73.8","Av","Ex",".272",".335",".344","266.4",".282",".347",".383","108.0","Normal","Pr",  
"1B","Kusick, Craig R  ","$4,369,000","22907",".243",".353",".417","88.8","24.9","7.03","20.4","393.7",".605","7.30","308.7","26.2","34.9","Av","Pr",".265",".381",".466","20.7",".215",".314",".350","34.4","Normal","Pr",  
"LF, 3B, RF","Lowenstein, John L  ","$4,364,000","17085",".250",".334",".402","82.5","33.0","8.86","19.8","70.5",".655","7.35","111.6","28.5","60.7","Av","Vg",".197",".259",".265","71.2",".256",".342",".416","31.2","Prone","Pr",  
"1B","Hudspeth, Highpockets L  ","$4,360,000","20565",".237",".314",".415","77.2","24.2","10.3","21.9","322.8",".562","6.17","138.4","30.1","45.1","Fr","Fr",".222",".298",".387","25.7",".245",".321",".429","23.5","Prone","Pr",  
"RF, LF","Burroughs, Jeff R  ","$4,355,000","14368",".248",".344",".410","84.8","28.6","7.80","20.5","927.9",".667","5.78","139.2","28.7","38.1","Fr","Pr",".256",".358",".433","24.7",".243",".335",".395","32.1","Normal","Pr",  
"LF","Greenwell, Mike L  ","$4,353,000","11617",".272",".327",".396","75.9","49.2","14.0","18.7","136.7",".669","19.1","116.6","24.9","40.7","Av","Fr",".267",".320",".382","62.0",".275",".330",".401","45.9","Prone","Pr",  
"SS, 2B","Theriot, Ryan R  ","$4,353,000","22896",".273",".333",".315","63.2","789.5","12.5","29.5","42.1",".624","17.0","219.0","38.9","43.6","Av","Vg",".287",".350",".338","523.8",".265",".323",".302","1230.5","Normal","Av",  
"C","Hundley, Todd S  ","$4,348,000","16046",".219",".295",".393","69.2","23.5","10.4","24.2","1058.8",".654","5.06","195.7","31.5","54.4","Fr","Pr",".187",".254",".314","35.4",".229",".308",".416","21.6","Fragile","Pr",  
"3B, 2B","Garrett, Wayne L  ","$4,338,000","14717",".231",".336",".336","72.7","53.7","7.37","24.0","308.2",".596","7.40","161.3","34.0","70.4","Fr","Fr",".216",".309",".303","76.7",".234",".342",".342","51.2","Prone","Pr",  
"SS","Butts, Pee Wee R  ","$4,337,000","15854",".239",".292",".343","58.0","60.5","15.3","22.4","189.6",".630","7.38","111.1","31.7","48.1","Av","Fr",".246",".302",".368","48.8",".234",".285",".330","67.5","Normal","Vg",  
"1B, 2B, 3B, LF","Jefferies, Gregg S  ","$4,336,000","16721",".269",".320",".372","69.8","69.4","14.4","19.4","50.6",".687","27.0","144.5","24.7","39.6","Vg","Av",".261",".316",".355","79.2",".274",".322",".380","65.2","Prone","Pr",  
"1B","Jordan, Ricky R  ","$4,336,000","13174",".269",".298",".390","65.6","49.7","28.0","19.1","131.7",".654","8.97","136.9","23.7","39.0","Av","Fr",".281",".316",".417","42.6",".261",".285",".370","56.4","Normal","Pr",  
"SS, 2B","Santiago, Ramon S  ","$4,334,000","17802",".243",".316",".291","58.7","291.8","12.5","32.8","268.6",".636","9.98","165.4","49.6","76.0","Av","Fr",".245",".318",".285","410.9",".241",".315",".294","247.0","Normal","Av",  
"RF, 1B, LF","Vander Wal, John L  ","$4,334,000","20525",".256",".342",".401","83.2","39.2","8.55","16.5","244.9",".589","6.00","135.9","22.0","48.6","Av","Fr",".191",".254",".237","306.3",".264",".352",".421","35.6","Normal","Pr",  
"LF, 3B","Braun, Steve L  ","$4,333,000","19531",".264",".361",".356","82.2","84.9","7.66","20.3","125.8",".609","9.78","159.3","27.9","63.4","Av","Fr",".241",".332",".303","169.9",".269",".369",".369","74.5","Prone","Pr",  
"1B","Bour, Justin L  ","$4,329,000","217",".249",".326",".396","69.6","36.2","9.42","16.7",".000",".000","7.90","245.0","20.4","18.8","Fr","Pr",".360",".360",".400",".000",".234",".323",".396","32.0","Prone","Pr",  
"C","Iannetta, Chris R  ","$4,328,000","9111",".221",".337",".360","76.1","34.6","6.96","21.7","1807.3",".600","6.36","166.8","30.5","43.2","Pr","Pr",".239",".360",".406","29.0",".193",".301",".296","46.7","Normal","Pr",  
"RF, 3B, SS, LF","Burns, Oyster R  ","$4,327,000","22152",".265",".323",".398","76.6","58.3","12.6","16.0","35.7",".688","7.78","58.3","25.2","51.2","Vg","Vg",".267",".327",".401","54.3",".263",".321",".395","61.0","Normal","Pr",  
"SS, 2B","Howser, Dick R  ","$4,320,000","22003",".241",".335",".291","64.3","666.8","8.22","24.4","44.5",".689","16.2","243.8","32.1","63.4","Vg","Av",".243",".329",".292","2020.5",".239",".337",".290","476.2","Normal","Av",  
"CF, 1B, 3B, LF, RF","Demeter, Don R  ","$4,319,000","13644",".249",".291",".401","67.6","29.4","20.3","22.5","225.6",".524","5.93","215.7","27.2","52.0","Fr","Fr",".249",".288",".405","29.8",".249",".293",".399","29.2","Normal","Pr",  
"1B, LF, RF","Thames, Eric L  ","$4,318,000","1655",".238",".303",".417","75.7","25.5","12.3","20.4","203.0",".750","4.61","91.3","30.0","67.7","Av","Fr",".202",".259",".341","33.2",".251",".318",".444","23.5","Normal","Pr",  
"CF, LF, RF","DeJesus, David L  ","$4,306,000","8646",".257",".336",".366","75.7","76.5","10.5","18.2","185.0",".564","11.1","79.7","27.9","61.3","Fr","Fr",".240",".308",".294","311.6",".261",".342",".381","65.6","Prone","Fr",  
"LF, RF","Rizzo, Johnny R  ","$4,306,000","15908",".251",".323",".428","80.2","24.9","10.6","20.6","1785.7",".526","6.89","145.2","27.5","34.7","Fr","Pr",".276",".352",".480","21.0",".236",".304",".395","28.3","Normal","Pr",  
"CF, LF, RF","Gomez, Carlos R  ","$4,305,000","8717",".248",".308",".352","65.3","67.1","14.9","20.1","35.8",".661","5.87","117.5","27.5","70.3","Vg","Vg",".245",".302",".337","75.0",".245",".307",".355","62.4","Prone","Vg",  
"1B, RF","Jones, Garrett L  ","$4,304,000","5951",".254",".325",".422","82.2","28.7","10.4","17.3","166.4",".635","6.69","170.6","21.9","55.9","Av","Fr",".221",".276",".343","44.1",".265",".343",".452","25.2","Normal","Pr",  
"LF, RF","Young, Mike S  ","$4,303,000","31078",".248",".333",".390","78.3","35.1","9.20","21.0","335.4",".573","4.95","139.4","29.0","47.3","Fr","Fr",".249",".333",".386","37.2",".248",".334",".391","34.2","Normal","Pr",  
"3B, SS","Bluege, Ossie R  ","$4,301,000","12289",".232",".303",".319","58.1","69.0","12.0","27.4","86.9",".617","7.33","164.6","38.4","55.9","Av","Av",".241",".314",".343","59.6",".227",".296",".305","75.6","Normal","Fr",  
"3B, 2B","Baker, Floyd L  ","$4,297,000","15862",".239",".329",".285","61.3","214.4","8.55","32.8","216.9",".583","10.2","492.4","40.8","81.0","Fr","Fr",".219",".304",".242","1952.0",".246",".337",".301","163.4","Normal","Pr",  
"3B, LF, CF, RF","Garms, Debs L  ","$4,296,000","21028",".274",".335",".365","75.5","85.8","12.2","20.8","172.8",".579","10.8","143.3","27.7","81.6","Fr","Fr",".247",".299",".295","325.5",".280",".344",".380","74.9","Normal","Pr",  
"C","Hogan, Shanty R  ","$4,289,000","12270",".258",".318",".355","65.5","50.9","13.9","27.1","1128.6",".571","8.44","846.4","31.0","36.1","Pr","Pr",".265",".325",".362","52.7",".254",".314",".351","49.9","Normal","Pr",  
"SS, 2B","Bordick, Mike R  ","$4,283,000","13033",".244",".305",".309","54.6","232.7","13.2","22.4","248.4",".604","10.9","151.7","29.5","39.9","Av","Fr",".242",".306",".305","241.8",".244",".303",".311","244.8","Prone","Pr",  
"CF, LF, RF","Young, Gerald S  ","$4,280,000","8243",".239",".324",".289","59.7","634.1","9.06","27.6","24.0",".651","11.7","126.8","41.7","68.0","Av","Ex",".241",".330",".294","1071.3",".238",".319",".287","502.9","Normal","Pr",  
"CF, LF","Roberts, Dave R L  ","$4,274,000","9006",".256",".326",".321","71.2","1000.7","10.7","23.3","11.5",".762","12.8","60.6","46.0","121.9","Ex","Ex",".238",".303",".294",".000",".261",".333",".328","782.7","Fragile","Av",  
"SS, 2B, 3B, LF, CF, RF","Bankhead, Sam R  ","$4,271,000","11168",".250",".304",".349","62.2","68.9","14.6","21.0","51.9",".633","7.75","148.7","27.4","52.7","Av","Vg",".252",".309",".360","53.9",".249",".302",".340","85.9","Normal","Av",  
"2B, SS","Grudzielanek, Mark R  ","$4,261,000","16550",".268",".309",".333","59.0","344.8","20.5","20.3","148.4",".706","11.0","168.0","25.1","38.1","Av","Fr",".274",".312",".341","271.6",".269",".312",".333","405.7","Prone","Pr",  
"LF, CF, RF","Devore, Josh L  ","$4,257,000","15950",".266",".338",".373","76.3","53.2","10.8","24.4","41.9",".638","6.84","122.7","35.5","54.2","Av","Vg",".263",".333",".358","60.4",".267",".340",".380","50.1","Normal","Pr",  
"RF, LF","Grieve, Ben L  ","$4,255,000","12015",".258",".350",".386","81.2","42.9","8.42","19.9","117.5",".747","5.90","161.2","26.8","35.9","Ex","Pr",".229",".318",".317","64.5",".263",".355",".396","40.8","Prone","Pr",  
"1B","Griggs, Art R  ","$4,255,000","9488",".275",".327",".405","77.7","57.2","13.7","14.6","416.0",".581","8.27","115.6","18.6","45.8","Fr","Fr",".279",".329",".421","48.6",".271",".324",".389","69.8","Prone","Pr",  
"SS, 2B","Ramirez, Alexei R  ","$4,255,000","12810",".262",".302",".339","58.5","149.0","18.8","20.0","46.6",".608","15.9","162.1","24.7","43.9","Av","Vg",".271",".316",".357","111.1",".257",".293",".328","194.5","Normal","Fr",  
"LF, CF","Podsednik, Scott L  ","$4,253,000","12147",".269",".330",".323","68.9","934.4","12.3","24.1","13.3",".725","9.67","113.2","35.1","83.7","Vg","Ex",".270",".326",".313","3244.0",".270",".334",".329","690.3","Prone","Fr",  
"LF, CF, RF","Cruise, Walton L  ","$4,251,000","12542",".247",".328",".380","74.8","41.8","9.35","19.8","90.2",".653","6.55","106.3","28.6","44.7","Av","Av",".220",".279",".314","60.5",".256",".344",".402","37.9","Normal","Pr",  
"LF, RF","Gilkey, Bernard R  ","$4,247,000","12781",".254",".333",".388","75.9","43.3","9.94","18.0","106.1",".589","8.03","131.2","24.1","36.9","Av","Av",".269",".347",".417","39.5",".247",".326",".372","45.7","Prone","Pr",  
"CF, LF, RF","Rosen, Goody L  ","$4,246,000","6787",".261",".326",".357","71.6","87.0","11.5","21.4","228.4",".559","7.38","75.4","34.7","83.7","Fr","Fr",".235",".294",".307","180.2",".271",".337",".375","73.3","Normal","Pr",  
"1B, LF","Bochte, Bruce L  ","$4,245,000","18735",".266",".339",".356","73.2","83.3","10.2","20.8","199.1",".602","8.93","168.8","27.2","46.1","Fr","Fr",".263",".328",".346","102.2",".267",".344",".361","76.8","Normal","Pr",  
"1B, LF, RF","Young, Dmitri S  ","$4,240,000","21252",".271",".324",".406","74.8","44.6","14.0","16.9","154.5",".661","7.72","138.0","21.2","32.6","Fr","Fr",".255",".304",".372","52.7",".278",".333",".420","41.8","Fragile","Pr",  
"1B","Thomas, Showboat L  ","$4,235,000","8949",".240",".301",".329","57.9","79.9","13.0","22.2","260.8",".507","6.78","150.2","29.3","50.1","Fr","Fr",".221",".279",".292","107.3",".247",".309",".345","72.4","Normal","Pr",  
"C","Westrum, Wes R  ","$4,235,000","19705",".207",".334",".320","67.5","38.0","6.39","33.4","622.7",".585","4.56","328.7","45.7","41.5","Av","Pr",".219",".346",".337","35.2",".199",".325",".307","40.5","Normal","Pr",  
"1B, LF","Upshaw, Willie L  ","$4,234,000","13217",".253",".320",".375","72.6","51.8","11.3","19.7","100.7",".586","8.42","85.5","29.5","66.8","Av","Av",".232",".298",".323","62.5",".258",".325",".387","50.5","Normal","Pr",  
"RF, LF, CF","Sweeney, Ryan L  ","$4,233,000","1650",".261",".322",".337","62.8","235.7","12.3","18.8","451.0",".333","12.6","112.8","25.1","42.0","Av","Pr",".245",".307",".282",".000",".266",".326",".355","178.0","Fragile","Pr",  
"CF, 2B, 3B, SS, LF, RF","Tovar, Cesar R  ","$4,232,000","10626",".266",".323",".346","69.5","189.8","15.3","18.0","32.1",".655","15.8","128.0","23.6","99.8","Av","Vg",".275",".333",".366","170.2",".259",".316",".332","198.6","Normal","Av",  
"RF, LF","Hermanski, Gene L  ","$4,231,000","6138",".247",".336",".363","74.8","52.5","9.20","20.1","108.7",".580","8.61","123.9","28.5","51.6","Av","Av",".231",".322",".296","105.9",".250",".338",".377","47.6","Normal","Pr",  
"SS","Cabrera, Orlando R  ","$4,226,000","17446",".255",".304",".340","60.7","145.4","15.1","17.6","54.0",".696","17.4","149.6","22.0","44.8","Vg","Av",".247",".291",".323","238.9",".257",".309",".346","122.6","Normal","Pr",  
"RF, LF","Yamauchi, Kazuhiro R  ","$4,226,000","7692",".240",".308",".349","62.2","61.5","11.1","19.5","504.1",".370","11.3","114.3","26.9","35.9","Av","Fr",".248",".314",".356","67.4",".233",".301",".346","57.2","Normal","Pr",  
"LF, 1B, 2B, RF","Catalanotto, Frank L  ","$4,225,000","9900",".274",".340",".382","79.6","98.0","12.6","15.3","277.1",".588","14.5","93.1","21.0","64.1","Fr","Fr",".257",".317",".329","397.2",".278",".344",".392","85.7","Normal","Pr",  
"C","O'Farrell, Bob R  ","$4,225,000","5827",".233",".325",".342","67.6","62.7","8.54","20.4","250.0",".562","6.85","99.2","31.1","41.9","Av","Fr",".229",".326",".339","60.2",".235",".324",".343","64.1","Normal","Pr",  
"C","Montero, Miguel L  ","$4,224,000","31275",".252",".330",".369","72.6","42.6","9.94","23.3","2725.5",".464","7.61","288.1","29.1","37.5","Pr","Pr",".219",".298",".297","67.4",".256",".335",".379","40.6","Prone","Pr",  
"LF, RF","Diaz, Matt R  ","$4,221,000","25100",".288",".342",".409","80.1","54.8","15.3","17.8","87.6",".640","8.64","102.6","24.2","33.0","Av","Av",".303",".361",".439","47.5",".252",".298",".341","84.0","Prone","Pr",  
"3B, SS","Mulliniks, Rance L  ","$4,219,000","15353",".263",".346",".364","76.2","84.8","8.84","16.7","530.6",".541","8.37","203.6","21.0","40.0","Fr","Pr",".235",".298",".295","170.2",".269",".355",".378","77.0","Prone","Pr",  
"C","Santiago, Benito R  ","$4,209,000","15456",".245",".291",".365","59.0","45.7","16.6","21.6","298.0",".467","7.06","142.6","28.0","35.1","Fr","Fr",".260",".314",".400","36.9",".234",".273",".337","56.3","Prone","Pr",  
"1B","Adams, Matt L  ","$4,206,000","9660",".266",".315",".429","78.4","29.1","14.7","19.2","2097.6",".500","6.72","143.7","24.4","45.0","Fr","Pr",".192",".226",".299","40.1",".272",".321",".441","28.1","Fragile","Pr",  
"RF, CF","Stengel, Casey L  ","$4,204,000","7865",".262",".335",".397","79.6","41.6","10.5","19.3","59.8",".664","7.05","102.9","27.5","49.2","Av","Av",".221",".282",".315","79.7",".275",".351",".423","36.1","Normal","Pr",  
"RF, LF, CF","Demaree, Frank R  ","$4,195,000","15717",".265",".324",".375","70.8","55.3","12.8","20.7","200.3",".674","9.14","148.9","27.1","36.6","Fr","Fr",".273",".335",".394","48.5",".260",".317",".364","60.4","Normal","Pr",  
"RF, CF","Wilson, Chief L  ","$4,194,000","11688",".249",".284",".384","62.4","47.7","22.3","18.9","103.0",".661","7.23","56.6","31.3","48.3","Av","Av",".241",".273",".356","52.7",".252",".289",".397","45.2","Normal","Av",  
"SS, 1B, 2B, 3B","Menke, Denis R  ","$4,193,000","11589",".244",".330",".358","72.8","57.1","9.04","19.0","184.2",".558","7.44","138.2","25.8","56.0","Fr","Fr",".242",".327",".354","54.6",".245",".332",".360","58.4","Normal","Pr",  
"CF, LF, RF","Holliday, Bug R  ","$4,190,000","7321",".266",".320",".386","73.4","52.7","13.5","18.8","19.5",".706","7.44","110.6","25.1","48.3","Vg","Ex",".272",".323",".398","54.0",".262",".316",".379","51.0","Prone","Pr",  
"CF, LF, RF","Jay, Jon L  ","$4,188,000","6175",".276",".340",".339","70.0","268.5","15.0","22.5","130.4",".564","9.96","147.0","30.4","51.6","Av","Fr",".256",".312",".301","521.0",".281",".349",".351","223.9","Prone","Fr",  
"3B, SS","Williamson, Ned R  ","$4,188,000","3839",".224",".308",".353","64.0","51.9","9.50","16.5","483.4",".562","5.97","108.8","22.7","39.2","Av","Fr",".235",".325",".361","67.3",".218",".299",".349","46.1","Prone","Pr",  
"SS, 2B","Drew, Stephen L  ","$4,186,000","12878",".239",".305",".375","69.6","49.7","11.4","16.5","397.2",".507","7.89","75.3","24.3","79.9","Fr","Fr",".220",".289",".334","56.9",".245",".311",".388","47.5","Fragile","Pr",  
"2B, 3B","Priddy, Jerry R  ","$4,186,000","24932",".244",".316",".349","65.2","74.6","10.9","17.9","333.6",".591","6.18","127.4","23.9","42.3","Fr","Fr",".249",".322",".352","78.2",".242",".312",".348","71.8","Normal","Pr",  
"3B","Charles, Ed R  ","$4,185,000","19833",".255",".318",".351","65.9","78.7","12.3","20.4","59.5",".665","8.13","126.8","27.4","43.5","Vg","Av",".263",".327",".364","65.3",".250",".313",".343","93.9","Normal","Pr",  
"RF, 1B, LF","Merced, Orlando S  ","$4,185,000","22721",".262",".337",".379","76.5","57.4","9.66","18.0","165.3",".641","9.32","129.4","24.0","40.7","Av","Fr",".232",".299",".291","231.1",".269",".346",".399","49.1","Prone","Pr",  
"SP, 1B, LF, RF","Mathis, Verdell L  ","$4,184,000","2744",".258",".283",".312","51.5","228.7","30.0","28.3","261.5",".611","9.31","205.5","34.7","99.2","Fr","Fr",".214",".240",".257","696.0",".271",".296",".329","185.4","Prone","Pr",  
"C, 1B, 3B","Brenly, Bob R  ","$4,183,000","13374",".238",".316",".378","72.1","36.7","10.1","20.0","213.1",".577","7.23","138.8","27.0","52.3","Fr","Av",".230",".308",".352","51.6",".243",".322",".394","31.5","Normal","Pr",  
"RF, CF","Gerut, Jody L  ","$4,183,000","14193",".263",".323",".407","78.4","39.6","12.3","17.2","72.3",".635","12.1","109.0","23.1","57.1","Av","Av",".211",".262",".291","85.7",".269",".330",".420","37.2","Fragile","Fr",  
"LF, CF","Stewart, Shannon R  ","$4,182,000","10718",".283",".345",".372","78.4","110.5","12.2","19.1","58.5",".628","12.4","111.5","26.3","60.9","Av","Av",".293",".349",".389","127.6",".276",".342",".362","101.5","Fragile","Pr",  
"CF, LF, RF","Johnson, Lance L  ","$4,175,000","5617",".269",".306",".330","59.9","936.2","19.3","24.5","15.3",".659","22.5","60.5","46.1","68.9","Vg","Ex",".252",".287",".298",".000",".277",".315",".346","622.3","Prone","Av",  
"LF, CF, RF","Stone, John L  ","$4,168,000","14291",".271",".328",".408","79.2","53.5","13.0","16.3","203.7",".647","7.99","57.3","25.9","50.6","Fr","Fr",".253",".305",".367","66.1",".279",".337",".425","49.6","Normal","Pr",  
"LF, 1B, RF","Pasqua, Dan L  ","$4,166,000","16249",".233",".319",".422","82.0","22.8","9.01","20.1","927.1",".556","5.43","137.3","27.6","62.6","Fr","Pr",".198",".259",".319","42.3",".239",".329",".442","21.0","Prone","Pr",  
"RF, 1B, LF, CF","Carter, Joe R  ","$4,159,000","15751",".238",".280",".398","65.7","29.4","20.5","19.8","41.0",".658","7.53","136.2","25.1","66.5","Vg","Vg",".237",".280",".400","27.7",".238",".279",".395","31.1","Normal","Pr",  
"DH, 1B","Hamelin, Bob L  ","$4,157,000","13089",".235",".334",".423","84.8","22.9","7.88","20.1","282.0",".568","6.16","160.3","27.3","42.0","Fr","Fr",".208",".301",".355","27.4",".240",".340",".436","22.2","Normal","Pr",  
"RF, LF, CF","Mullin, Pat L  ","$4,149,000","20256",".252",".320",".409","79.5","34.0","11.0","18.6","286.4",".585","6.89","75.7","28.6","73.2","Fr","Fr",".228",".288",".325","67.6",".258",".328",".429","30.4","Normal","Pr",  
"2B","Weeks, Rickie R  ","$4,149,000","14452",".241",".335",".377","79.4","37.5","9.18","21.8","50.1",".708","5.51","114.6","32.3","67.2","Vg","Av",".262",".360",".419","32.3",".227",".317",".349","41.9","Fragile","Pr",  
"CF, RF","Dernier, Bob R  ","$4,145,000","5937",".239",".303",".293","54.4","197.9","12.0","28.8","14.3",".667","10.1","252.2","36.4","72.8","Vg","Ex",".254",".321",".322","123.0",".226",".288",".269","404.0","Prone","Fr",  
"1B","LaRoche, Adam L  ","$4,144,000","8588",".243",".320",".412","77.7","26.4","9.78","19.7","879.6",".524","5.79","230.4","24.6","41.9","Fr","Pr",".235",".302",".370","29.9",".245",".323",".421","25.8","Prone","Pr",  
"SP, 1B","Hecker, Guy R  ","$4,143,000","2788",".236",".284",".325","53.1","87.1","17.7","21.3","42.1",".750","6.92","144.3","27.5","42.1","Vg","Vg",".241",".289",".330","85.7",".232",".280",".321","88.4","Prone","Pr",  
"1B","Squires, Mike L  ","$4,137,000","8837",".260",".325",".310","62.9","304.7","11.4","28.7","89.4",".634","15.0","225.4","37.6","62.4","Av","Av",".236",".286",".271","444.0",".266",".335",".319","282.4","Normal","Pr",  
"RF","Murphy, Eddie L  ","$4,131,000","13879",".270",".342",".360","75.2","71.9","10.8","25.7","51.9",".616","9.64","120.8","37.9","55.6","Av","Vg",".262",".337",".334","105.3",".274",".344",".373","62.5","Normal","Pr",  
"C","Wingo, Ivey L  ","$4,128,000","14230",".241",".298",".359","63.4","53.3","13.3","20.6","82.3",".634","8.95","86.8","31.0","54.3","Av","Av",".212",".253",".292","97.6",".246",".306",".370","49.5","Normal","Pr",  
"CF, LF, RF","Hamilton, Darryl L  ","$4,122,000","10670",".261",".327",".315","64.5","561.6","11.5","24.4","54.0",".680","14.6","149.2","33.4","67.8","Av","Av",".246",".313",".277","1034.0",".267",".333",".330","473.0","Prone","Pr",  
"SP, 1B, RF","Lush, Johnny L  ","$4,117,000","3514",".254",".311",".355","65.7","79.9","13.3","17.4","104.3",".698","7.88","183.8","21.3","48.8","Av","Av",".234",".295",".320","78.2",".260",".315",".366","83.2","Normal","Pr",  
"1B","Mientkiewicz, Doug L  ","$4,113,000","11842",".257",".340",".347","72.8","113.9","9.16","18.0","562.0",".615","11.6","136.2","24.1","45.4","Fr","Pr",".256",".340",".354","86.1",".258",".340",".344","135.1","Fragile","Pr",  
"LF, CF","Coghlan, Chris L  ","$4,109,000","12073",".271",".348",".399","86.9","53.9","9.57","16.8","183.2",".647","9.59","89.8","24.3","94.7","Av","Fr",".237",".298",".308","455.5",".274",".352",".406","50.8","Fragile","Pr",  
"2B, 3B, SS","Whitehead, Burgess R  ","$4,105,000","19426",".245",".288",".290","46.5","404.7","20.3","30.6","118.4",".573","12.1","190.4","39.9","42.8","Fr","Av",".251",".293",".307","215.8",".240",".283",".280","791.9","Normal","Pr",  
"RF, LF, CF","Jones, Jacque L  ","$4,101,000","13632",".259",".305",".377","65.1","45.1","16.5","21.8","68.9",".676","6.58","170.6","27.2","37.2","Av","Av",".240",".276",".339","61.2",".267",".316",".394","40.5","Normal","Pr",  
"C","Ruiz, Carlos R  ","$4,100,000","5444",".266",".341",".367","75.5","97.2","11.2","16.1","385.3",".727","15.2","154.1","20.6","39.5","Fr","Pr",".289",".379",".407","75.7",".253",".319",".344","115.9","Fragile","Pr",  
"RF, LF, CF","Church, Ryan L  ","$4,096,000","13146",".255",".320",".387","72.6","49.6","11.8","15.4","445.2",".516","6.14","168.9","19.2","41.0","Fr","Fr",".214",".276",".298","83.2",".263",".329",".404","46.0","Prone","Fr",  
"1B, LF","Carter, Chris R  ","$4,093,000","15767",".218",".317",".417","79.8","19.6","8.03","25.7","494.2",".787","3.79","177.5","35.8","47.2","Av","Pr",".220",".316",".417","20.9",".217",".318",".417","18.9","Normal","Pr",  
"LF","York, Tom L  ","$4,091,000","15361",".243",".318",".360","67.4","94.8","10.4","13.8","556.2",".660","6.64","88.0","18.8","38.5","Fr","Fr",".235",".311",".348","111.7",".246",".321",".365","88.5","Normal","Pr",  
"CF, LF","Wilson, Preston R  ","$4,085,000","24814",".244",".304",".400","68.2","29.1","13.2","21.3","49.8",".630","4.96","193.4","26.6","32.7","Av","Vg",".244",".302",".399","29.9",".242",".304",".397","29.1","Prone","Pr",  
"LF, 1B","Anderson, Harry L  ","$4,080,000","12282",".260",".325",".423","81.9","31.3","11.8","17.3","2739.2",".333","6.23","129.2","22.6","57.3","Fr","Pr",".223",".279",".313","67.0",".266",".332",".444","28.2","Normal","Pr",  
"2B, SS","Blasingame, Don L  ","$4,078,000","13168",".240",".309",".287","55.4","940.6","11.0","27.4","91.0",".630","12.7","149.0","38.6","78.9","Av","Av",".232",".299",".272","812.0",".243",".314",".293","1012.0","Normal","Fr",  
"LF, CF, RF","Ford, Lew R  ","$4,074,000","694",".238",".313",".311","60.7","231.3","12.2","19.8","49.6",".842","8.91","113.3","28.3","41.7","Vg","Av",".274",".343",".344","241.0",".219",".297",".294","226.5","Prone","Pr",  
"C","Castro, Jason L  ","$4,073,000","343",".239",".318",".338","65.3","85.8","9.68","15.6",".000",".000","4.66",".000","17.6","55.3","Fr","Pr",".125",".194",".156",".000",".251",".330",".357","77.8","Prone","Pr",  
"3B","Sabo, Chris R  ","$4,071,000","14481",".252",".314",".408","75.2","37.5","12.7","15.0","53.4",".586","9.86","122.7","19.3","48.0","Av","Vg",".272",".337",".452","30.5",".232",".290",".363","48.9","Prone","Pr",  
"2B","Sax, Steve R  ","$4,061,000","25190",".271",".326",".348","68.2","157.4","13.6","20.5","19.1",".640","14.4","117.0","28.0","59.0","Av","Ex",".282",".334",".371","118.7",".265",".322",".334","200.5","Normal","Fr",  
"RF, LF","Post, Wally R  ","$4,060,000","22050",".243",".299",".415","71.3","26.3","13.7","19.8","199.2",".614","5.17","153.5","25.2","40.0","Av","Fr",".244",".302",".420","26.0",".241",".296",".408","26.7","Normal","Pr",  
"CF, LF, RF","Geronimo, Cesar L  ","$4,057,000","8100",".243",".296",".335","58.1","102.5","15.2","20.2","63.9",".667","5.47","78.1","30.7","60.8","Av","Av",".219",".263",".281","374.6",".254",".311",".361","76.1","Prone","Pr",  
"3B, 1B","Blowers, Mike R  ","$4,056,000","23787",".264",".342",".414","81.1","33.5","9.41","19.1","1033.6",".510","5.54","146.9","25.4","29.8","Fr","Pr",".275",".353",".439","29.6",".227",".299",".324","61.3","Normal","Pr",  
"LF, RF","Gomes, Jonny R  ","$4,056,000","19985",".243",".334",".409","84.2","25.8","9.02","23.3","207.2",".631","4.54","155.4","32.4","72.1","Av","Fr",".259",".353",".449","22.5",".230",".319",".376","29.7","Normal","Pr",  
"1B","Robertson, Bob R  ","$4,055,000","17451",".235",".317",".418","79.3","21.8","9.38","23.6","860.0",".605","4.98","309.0","29.3","50.5","Fr","Pr",".235",".320",".416","21.7",".235",".317",".422","21.7","Normal","Pr",  
"SS","Escobar, Alcides R  ","$4,051,000","3914",".261",".300",".313","55.9","1304.7","20.8","24.8","45.1",".746","13.1","117.7","34.7","54.3","Vg","Av",".275",".313",".335",".000",".258",".298",".305","1201.5","Normal","Av",  
"C","Seminick, Andy R  ","$4,048,000","13159",".222",".312",".383","69.5","27.0","9.19","23.8","486.4",".535","4.72","146.4","33.4","34.3","Fr","Fr",".230",".317",".408","24.4",".215",".308",".362","29.6","Prone","Pr",  
"CF","McRae, Brian S  ","$4,045,000","22094",".248",".314",".350","66.2","82.7","11.7","18.5","52.3",".644","9.48","94.9","26.2","56.2","Av","Vg",".257",".326",".363","80.4",".243",".307",".342","84.1","Normal","Pr",  
"1B, SP, LF, RF","Foutz, Dave R  ","$4,044,000","4459",".247",".286",".342","58.2","103.7","18.7","18.3","14.7",".743","7.76","93.7","24.9","48.3","Ex","Ex",".255",".299",".352","106.4",".241",".275",".335","99.7","Normal","Pr",  
"DH, 1B","Fullmer, Brad L  ","$4,040,000","5751",".261",".315",".400","73.8","47.5","14.9","14.9","185.2",".586","12.2","125.9","18.8","44.3","Av","Fr",".241",".271",".336","89.5",".265",".323",".412","43.7","Prone","Pr",  
"RF, LF","Kokos, Dick L  ","$4,031,000","6005",".231",".310",".387","73.7","30.3","9.74","20.0","618.0",".407","5.79","151.1","26.6","80.9","Pr","Fr",".213",".294",".325","46.4",".235",".314",".402","28.0","Normal","Pr",  
"C","Redmond, Mike R  ","$4,028,000","13689",".277",".329",".326","61.9","855.6","17.6","23.7","2492.5",".429","16.9","393.6","27.7","32.4","Pr","Pr",".298",".354",".356","470.8",".261",".308",".301","2469.0","Normal","Pr",  
"LF, CF","Koy, Ernie R  ","$4,027,000","12056",".262",".313",".404","74.1","45.3","15.1","15.9","99.9",".693","5.60","80.8","22.0","51.5","Av","Av",".284",".344",".449","38.9",".241",".284",".364","53.1","Normal","Pr",  
"2B, LF","Collins, Hub R  ","$4,026,000","30582",".249",".320",".327","66.1","114.5","10.7","21.4","11.5",".707","6.59","190.6","27.5","61.4","Vg","Ex",".258",".331",".344","111.3",".244",".314",".319","116.4","Normal","Pr",  
"SS","Dent, Bucky R  ","$4,020,000","14152",".237",".291",".313","54.1","116.0","14.6","23.5","248.5",".525","14.2","158.1","31.2","63.1","Pr","Fr",".244",".305",".318","131.8",".232",".282",".310","105.5","Prone","Pr",  
"RF, 1B, LF","Marshall, Mike A R  ","$4,020,000","49008",".257",".308",".424","75.7","27.3","15.9","19.2","783.9",".527","5.07","189.0","23.5","44.8","Fr","Fr",".256",".305",".430","26.0",".257",".310",".421","28.0","Prone","Pr",  
"LF, 1B, CF, RF","Wilkerson, Brad L  ","$4,020,000","10985",".238",".331",".379","78.5","40.1","8.32","18.2","160.4",".581","4.61","105.6","26.1","94.6","Fr","Av",".234",".321",".372","40.2",".241",".336",".383","40.0","Prone","Fr",  
"SS, 2B, 3B","Bressoud, Eddie R  ","$4,013,000","19595",".245",".308",".358","65.6","70.5","12.0","17.0","746.9",".725","5.72","89.9","23.8","51.6","Fr","Pr",".226",".282",".312","136.3",".253",".320",".380","57.4","Normal","Pr",  
"2B","Richardson, Bobby R  ","$4,011,000","24663",".268",".299",".327","57.8","312.2","23.3","22.1","264.9",".538","21.4","222.6","26.5","67.1","Fr","Fr",".277",".313",".344","226.1",".262",".291",".317","400.5","Normal","Av",  
"CF, LF, RF","Blanco, Gregor L  ","$4,010,000","9401",".250",".329",".319","67.1","204.4","9.68","25.1","25.9",".687","7.60","79.7","45.0","78.6","Vg","Vg",".239",".319",".300","164.0",".253",".332",".324","233.4","Normal","Vg",  
"1B","Hauser, Joe L  ","$4,009,000","13866",".241",".322",".428","81.5","23.0","9.75","20.9","335.7",".511","6.42","124.3","29.3","43.2","Fr","Fr",".226",".306",".388","27.8",".245",".326",".439","22.1","Prone","Pr",  
"CF, LF, RF","Hoffman, Danny L  ","$4,006,000","6520",".260",".328",".390","75.4","42.9","11.3","22.1","48.9",".594","8.63","76.7","36.5","45.6","Av","Ex",".211",".267",".271","119.2",".269",".339",".408","39.2","Prone","Pr",  
"1B","Overbay, Lyle L  ","$4,005,000","10771",".261",".338",".384","77.2","56.1","9.47","16.0","1014.2",".632","7.23","169.0","20.2","39.1","Fr","Pr",".229",".305",".306","100.1",".267",".344",".398","51.8","Normal","Pr",  
"3B","Boeckel, Tony R  ","$4,004,000","22082",".259",".324",".377","72.4","50.9","11.4","18.9","82.5",".597","7.71","171.3","24.1","45.0","Av","Vg",".258",".326",".383","46.5",".260",".323",".374","53.8","Normal","Av",  
"C, 1B","Steinbach, Terry R  ","$4,001,000","8834",".257",".307",".371","64.5","51.1","15.3","20.4","184.6",".598","7.49","154.8","25.9","35.3","Av","Fr",".268",".322",".396","43.9",".246",".292",".347","60.4","Prone","Pr",  
"C","Hassey, Ron L  ","$4,000,000","8899",".255",".328",".361","70.0","66.9","10.4","18.2","713.9",".583","11.9","178.5","23.1","35.6","Fr","Pr",".232",".290",".277","240.3",".258",".332",".371","61.5","Normal","Pr",  
"2B, 3B","Iwamura, Akinori L  ","$4,000,000","13358",".248",".331",".319","68.0","238.5","9.11","22.5","60.9",".660","6.89","82.9","36.9","110.7","Av","Av",".246",".330",".314","223.9",".250",".331",".322","247.3","Prone","Fr",  
"DH, 1B","Morales, Kendrys S  ","$3,994,000","36043",".256",".315",".392","69.5","35.4","12.9","21.7","1415.9",".700","9.57","201.2","27.1","28.3","Pr","Pr",".251",".309",".379","40.8",".259",".318",".398","33.7","Normal","Pr",  
"1B, LF, RF","Sweeney, Mark L  ","$3,993,000","13352",".255",".343",".362","76.6","65.5","8.48","19.4","260.6",".567","6.67","120.1","27.5","52.3","Fr","Fr",".209",".277",".250","453.7",".260",".350",".374","59.7","Prone","Pr",  
"C","Wieters, Matt S  ","$3,987,000","14986",".244",".305",".361","64.0","42.8","12.3","23.8","1377.3",".632","8.49","243.1","29.4","39.4","Fr","Pr",".246",".309",".361","46.7",".245",".304",".363","41.2","Prone","Pr",  
"CF, LF, RF","Geiger, Gary L  ","$3,986,000","7694",".241",".329",".363","74.7","47.8","8.66","22.2","100.2",".561","6.65","81.6","36.9","85.6","Av","Av",".175",".250",".233","151.2",".250",".339",".380","43.8","Prone","Pr",  
"CF, LF","McLouth, Nate L  ","$3,977,000","5066",".240",".320",".374","75.8","44.4","10.1","17.3","43.3",".764","9.04","130.9","23.2","80.0","Ex","Av",".202",".265",".281","123.5",".245",".326",".384","41.6","Fragile","Fr",  
"CF","Diering, Chuck R  ","$3,965,000","16583",".235",".320",".326","63.9","102.4","9.15","18.8","393.0",".522","6.06","131.0","25.5","52.5","Pr","Fr",".235",".324",".328","98.7",".235",".317",".325","104.6","Normal","Fr",  
"CF, 1B, LF, RF","Tolan, Bobby L  ","$3,963,000","13793",".251",".299",".371","64.3","48.2","18.5","20.6","50.2",".617","8.22","111.2","28.2","51.1","Av","Vg",".232",".278",".335","55.5",".257",".306",".384","46.1","Normal","Fr",  
"2B, SS","Abbaticchio, Ed R  ","$3,955,000","16726",".243",".315",".357","67.0","52.3","10.8","20.8","90.7",".622","7.92","122.7","28.8","46.7","Av","Vg",".257",".335",".371","51.8",".236",".303",".351","51.8","Normal","Fr",  
"SS","Gagne, Greg R  ","$3,954,000","20561",".242",".289",".338","56.1","80.9","16.9","19.8","128.2",".539","6.28","125.3","25.9","53.4","Fr","Av",".252",".299",".363","71.7",".237",".284",".323","88.1","Prone","Fr",  
"CF, C, LF, RF","Maloney, Billy L  ","$3,952,000","10270",".235",".296",".340","61.1","62.6","13.5","22.0","17.4",".727","7.90","95.6","32.7","50.6","Vg","Ex",".228",".283",".329","57.3",".238",".301",".345","65.5","Normal","Pr",  
"LF","Dougherty, Patsy L  ","$3,950,000","11132",".274",".338",".390","78.2","50.4","11.9","22.5","52.3",".611","8.41","93.9","34.6","45.9","Av","Vg",".271",".326",".378","52.2",".276",".342",".395","49.7","Normal","Av",  
"CF, LF","Martin, Hersh S  ","$3,946,000","10349",".257",".329",".376","75.9","65.5","10.4","15.9","135.7",".651","8.13","113.3","21.3","64.1","Vg","Fr",".249",".317",".349","102.8",".261",".335",".390","55.3","Prone","Pr",  
"1B, 2B, LF","Fonseca, Lew R  ","$3,945,000","14029",".268",".311",".375","67.7","67.4","17.7","18.7","107.8",".629","9.00","121.6","24.4","45.4","Av","Av",".274",".317",".388","58.2",".261",".303",".358","84.7","Prone","Pr",  
"1B, LF, RF","Buckner, Bill L  ","$3,941,000","11516",".280",".309",".382","67.7","84.7","25.4","16.6","67.2",".624","21.3","146.6","20.0","44.7","Av","Av",".272",".299",".355","187.6",".282",".313",".393","70.2","Prone","Av",  
"C","Johnson, Charles R  ","$3,930,000","9537",".228",".310",".377","67.9","30.3","9.47","22.1","1080.7",".588","5.31","257.3","27.7","35.1","Fr","Pr",".241",".323",".399","28.4",".220",".303",".361","31.9","Prone","Pr",  
"2B, 3B","Trillo, Manny R  ","$3,927,000","15451",".237",".291",".296","49.1","249.2","14.9","24.5","384.5",".571","8.92","181.9","31.4","43.5","Fr","Fr",".242",".296",".301","224.9",".234",".287",".293","240.7","Prone","Pr",  
"RF, LF, CF","Becker, Beals L  ","$3,926,000","9142",".263",".322",".396","75.7","41.9","12.4","19.3","52.5",".643","7.52","105.5","26.9","53.0","Av","Vg",".221",".259",".283","145.9",".270",".332",".416","37.5","Normal","Pr",  
"RF, CF","Fogarty, Jim R  ","$3,921,000","2980",".238",".324",".340","68.8","90.3","9.18","18.9","15.9",".697","6.98","71.4","31.1","45.7","Vg","Ex",".239",".325",".343","95.7",".235",".324",".336","83.8","Normal","Fr",  
"3B, 2B","Steinfeldt, Harry R  ","$3,921,000","11634",".244",".305",".370","66.3","52.9","13.0","17.2","100.1",".613","7.52","103.3","23.6","44.1","Av","Vg",".260",".324",".390","53.2",".236",".295",".360","52.7","Prone","Fr",  
"1B, 3B, LF, RF","Hendrick, Harvey L  ","$3,918,000","10088",".269",".329",".409","79.1","43.9","12.6","17.5","76.3",".586","7.39","77.4","26.0","48.8","Av","Av",".250",".309",".354","54.3",".275",".336",".427","41.2","Normal","Pr",  
"C, 1B","Milligan, Jocko R  ","$3,914,000","8123",".247",".291",".376","63.6","51.4","17.6","15.4","293.0",".732","6.91","175.8","18.5","48.8","Av","Fr",".243",".290",".374","47.1",".248",".293",".376","55.8","Normal","Pr",  
"1B, LF","Milner, John L  ","$3,914,000","8283",".241",".332",".394","78.4","29.7","8.29","21.9","127.3",".625","8.55","176.8","29.4","38.2","Av","Fr",".208",".283",".352","28.3",".246",".339",".401","29.9","Prone","Pr",  
"LF, 1B","Martinez, Carmelo R  ","$3,913,000","21087",".242",".331",".382","75.8","34.0","8.54","20.9","1424.0",".500","7.22","252.2","26.5","38.2","Fr","Pr",".251",".340",".384","34.8",".234",".323",".380","33.5","Normal","Pr",  
"1B","Jaha, John R  ","$3,902,000","17168",".249",".346",".419","87.1","25.3","8.24","22.9","269.9",".617","5.39","150.2","32.4","40.4","Av","Fr",".250",".351",".432","23.9",".245",".340",".405","26.6","Fragile","Pr",  
"SS, 3B","Lary, Lyn R  ","$3,902,000","14186",".231",".322",".307","60.9","115.3","8.74","23.4","66.0",".647","7.13","159.0","32.5","45.2","Av","Av",".232",".324",".320","84.0",".231",".321",".300","145.2","Normal","Fr",  
"3B, 2B","Hatton, Grady L  ","$3,901,000","7469",".230",".319",".332","66.8","59.8","8.74","23.3","284.7",".667","8.26","133.5","33.2","74.3","Fr","Fr",".232",".314",".318","90.5",".230",".321",".337","52.8","Prone","Pr",  
"SS, 2B, 3B","Blauser, Jeff R  ","$3,898,000","20698",".242",".334",".352","73.0","55.3","9.14","22.0","162.5",".610","6.72","117.7","32.3","55.4","Av","Fr",".263",".358",".388","45.0",".229",".319",".330","64.4","Prone","Pr",  
"RF, CF","Fukudome, Kosuke L  ","$3,897,000","17072",".251",".349",".349","77.1","89.4","7.70","18.4","109.9",".571","7.85","122.0","26.1","61.5","Fr","Av",".236",".329",".315","159.7",".257",".357",".363","75.2","Normal","Pr",  
"SS","Smith, Germany R  ","$3,895,000","17315",".205",".240",".288","34.2","84.1","22.5","24.7","73.2",".627","7.57","156.4","31.4","41.3","Av","Vg",".216",".255",".296","89.8",".203",".235",".289","80.3","Normal","Pr",  
"3B, 2B, LF, CF, RF","Malarcher, Dave S  ","$3,893,000","12384",".250",".310",".320","59.8","190.5","12.8","22.4","47.5",".650","8.68","108.8","32.3","56.6","Av","Vg",".251",".309",".324","158.1",".249",".311",".320","205.4","Prone","Av",  
"2B","Gennett, Scooter L  ","$3,891,000","3795",".259",".296",".363","60.1","61.2","20.0","20.4","238.2",".586","8.52","168.7","25.0","36.5","Av","Fr",".229",".264",".293","105.1",".267",".306",".384","54.7","Prone","Fr",  
"C","Ramos, Wilson R  ","$3,891,000","6914",".264",".309",".384","65.5","40.7","16.2","24.6","1488.0",".625","10.8","212.6","30.2","27.8","Pr","Pr",".276",".326",".416","32.9",".254",".292",".355","51.3","Fragile","Pr",  
"CF, RF","Bourjos, Peter R  ","$3,881,000","13805",".243",".295",".354","60.5","90.8","16.2","17.3","79.7",".622","5.84","53.6","29.0","50.2","Av","Vg",".245",".295",".356","126.5",".239",".292",".347","82.7","Prone","Av",  
"CF, 1B, LF, RF","Thomasson, Gary L  ","$3,881,000","5068",".235",".312",".373","71.7","45.7","9.95","17.1","71.2",".672","6.01","82.6","25.0","83.8","Vg","Av",".182",".257",".253","155.2",".242",".319",".389","41.6","Normal","Pr",  
"SS, 1B, 2B, 3B, RF","Kress, Red R  ","$3,880,000","26326",".244",".304",".358","62.8","53.9","12.8","19.6","250.7",".539","7.45","159.8","25.0","40.8","Fr","Fr",".254",".318",".378","48.7",".238",".295",".346","57.6","Normal","Pr",  
"3B, 2B","Whitney, Pinky R  ","$3,880,000","6954",".235",".292",".332","56.0","71.0","14.1","21.9","247.1",".544","8.31","121.6","30.2","45.6","Fr","Fr",".230",".293",".318","83.5",".235",".288",".334","71.1","Normal","Pr",  
"3B, SS","Austin, Jimmy S  ","$3,874,000","8999",".235",".309",".328","60.6","68.7","10.2","23.9","87.8",".661","7.14","134.7","33.6","45.3","Av","Vg",".229",".307",".311","79.8",".237",".311",".338","63.8","Normal","Fr",  
"LF, CF, RF","Johnson, Roy L  ","$3,874,000","9855",".257",".319",".381","71.9","55.1","12.2","17.1","44.7",".650","7.86","92.7","23.7","49.1","Av","Vg",".244",".306",".353","63.1",".263",".325",".395","51.8","Normal","Pr",  
"1B","Clendenon, Donn R  ","$3,859,000","9698",".255",".317",".417","75.7","30.8","12.1","19.1","124.4",".562","4.92","92.2","27.3","38.8","Av","Av",".275",".338",".467","25.3",".231",".289",".351","44.6","Normal","Pr",  
"LF, CF, RF","Maye, Lee L  ","$3,859,000","12484",".269",".325",".390","76.8","57.5","13.6","17.3","113.7",".745","11.1","104.1","23.1","71.4","Av","Fr",".243",".282",".319","130.4",".275",".333",".405","51.1","Prone","Pr",  
"3B","Carey, Andy R  ","$3,853,000","10535",".252",".310",".365","65.7","65.4","13.9","18.0","386.6",".600","7.41","94.3","25.2","40.1","Fr","Fr",".262",".316",".390","53.7",".246",".307",".350","75.2","Prone","Pr",  
"1B, LF, RF","Daubach, Brian L  ","$3,851,000","16793",".244",".322",".427","82.8","26.7","9.90","16.1","678.6",".609","5.26","121.0","21.4","56.4","Av","Pr",".209",".282",".330","42.4",".251",".330",".448","24.8","Normal","Pr",  
"3B, 2B","Vitt, Ossie R  ","$3,850,000","4724",".212",".288",".284","49.0","100.5","10.6","28.3","125.0",".632","11.1","167.9","39.8","55.4","Av","Av",".223",".298",".304","85.9",".206",".282",".272","111.3","Normal","Pr",  
"C","LaValliere, Mike L  ","$3,831,000","13830",".257",".328",".310","61.4","189.5","10.7","29.4","1199.8",".448","13.6","390.0","36.3","40.3","Pr","Pr",".256",".325",".291","530.6",".257",".328",".314","162.9","Normal","Pr",  
"3B","Kouzmanoff, Kevin R  ","$3,829,000","11008",".261",".307",".393","68.5","42.3","19.9","18.4","2383.2",".500","7.29","163.2","22.7","35.2","Fr","Pr",".264",".317",".402","41.9",".258",".300",".386","42.6","Prone","Pr",  
"C","O'Dea, Ken L  ","$3,827,000","6844",".238",".322",".361","70.0","45.6","9.00","20.6","461.4",".739","7.00","137.6","28.4","40.4","Av","Pr",".227",".305",".344","46.3",".240",".326",".364","45.5","Prone","Pr",  
"C","Stearns, John R  ","$3,825,000","7776",".242",".321",".357","68.4","55.1","10.0","17.8","70.5",".625","9.51","209.9","22.4","39.7","Av","Vg",".257",".340",".382","46.2",".232",".309",".342","62.6","Prone","Pr",  
"LF","Duncan, Pat R  ","$3,823,000","20350",".266",".322",".399","74.1","48.0","13.3","17.4","114.0",".489","8.23","86.6","24.5","42.2","Pr","Vg",".272",".331",".412","40.8",".263",".316",".390","54.7","Normal","Pr",  
"LF, RF","Fothergill, Bob R  ","$3,819,000","10407",".279",".319",".397","72.8","63.1","18.9","16.4","89.2",".525","8.70","112.3","21.0","49.7","Fr","Av",".294",".342",".425","56.7",".268",".303",".378","68.3","Normal","Pr",  
"C, 1B, LF, RF","Kirkpatrick, Ed L  ","$3,819,000","13802",".231",".312",".364","69.1","38.7","9.85","21.0","339.7",".554","8.13","161.1","27.9","56.4","Fr","Fr",".216",".290",".288","98.8",".235",".316",".375","35.9","Prone","Pr",  
"CF, LF, RF","Maybin, Cameron R  ","$3,819,000","6035",".257",".317",".347","64.9","107.8","12.5","20.0","31.0",".674","7.16","92.7","29.1","44.5","Vg","Vg",".246",".305",".310","133.6",".262",".323",".362","95.8","Prone","Fr",  
"1B, LF, CF, RF","Anderson, John S  ","$3,817,000","5199",".251",".297",".367","63.4","64.2","16.4","16.7","38.2",".639","7.97","116.9","21.3","57.3","Vg","Vg",".257",".305",".367","74.3",".247",".292",".367","59.7","Normal","Pr",  
"2B, 3B, SS","Sweeney, Bill R  ","$3,816,000","15419",".246",".316",".332","63.0","80.7","10.6","22.3","62.2",".638","9.78","251.7","27.9","43.8","Av","Vg",".253",".325",".339","79.1",".242",".312",".328","81.7","Normal","Pr",  
"1B, 3B, RF","Perez, Eduardo R  ","$3,809,000","13840",".250",".334",".418","82.1","28.0","8.94","18.9","260.4",".622","8.17","140.6","25.6","34.3","Fr","Fr",".261",".350",".448","25.1",".211",".281",".321","45.3","Normal","Pr",  
"1B, 3B","Saenz, Olmedo R  ","$3,804,000","15586",".254",".328",".417","79.3","31.1","12.5","17.2","1592.6",".550","6.77","148.5","22.2","33.8","Pr","Pr",".270",".349",".443","29.0",".242",".311",".395","33.0","Normal","Pr",  
"CF, 1B, LF, RF","Unser, Del L  ","$3,802,000","6201",".243",".299",".335","60.6","62.0","13.3","26.8","243.6",".528","8.76","166.4","35.9","80.2","Fr","Fr",".204",".253",".250","202.7",".256",".316",".368","48.2","Normal","Pr",  
"RF, LF, CF","Southworth, Billy L  ","$3,800,000","8293",".256",".323",".375","72.1","53.9","11.2","19.6","92.0",".518","10.5","91.1","29.0","52.5","Fr","Vg",".239",".304",".353","56.5",".262",".331",".383","51.5","Prone","Pr",  
"C","Ruel, Muddy R  ","$3,792,000","12991",".233",".319",".297","59.1","94.1","9.30","32.7","283.6",".546","8.91","556.7","40.6","52.9","Fr","Fr",".243",".334",".313","86.8",".232",".316",".297","94.0","Normal","Pr",  
"DH, RF","Giambi, Jeremy L  ","$3,783,000","11165",".253",".357",".380","84.0","40.6","7.29","21.1","2190.8",".461","5.85","199.2","28.4","42.4","Pr","Pr",".235",".334",".335","49.5",".261",".366",".399","37.9","Fragile","Pr",  
"LF","Jamieson, Charlie L  ","$3,781,000","15478",".268",".335",".359","73.0","80.2","11.1","22.2","95.4",".639","9.91","128.6","31.0","51.2","Fr","Av",".248",".309",".322","126.1",".274",".343",".370","72.1","Normal","Pr",  
"C","Sundberg, Jim R  ","$3,779,000","8311",".229",".306",".316","57.2","94.4","10.2","21.4","205.7",".529","7.08","145.6","29.2","42.2","Pr","Fr",".230",".306",".318","92.0",".229",".306",".315","95.7","Normal","Fr",  
"1B","Grimm, Charlie L  ","$3,776,000","4757",".242",".306",".332","60.8","84.9","11.9","21.0","353.1",".429","9.77","147.1","27.9","56.4","Fr","Fr",".206",".261",".262","152.3",".256",".324",".360","72.0","Normal","Pr",  
"3B, LF, CF, RF","Martin, Pepper R  ","$3,776,000","12605",".250",".312",".377","70.8","60.9","12.3","15.8","55.3",".640","6.60","74.1","22.8","67.7","Av","Vg",".253",".321",".386","57.6",".248",".307",".373","62.7","Prone","Pr",  
"3B, 1B, LF","Bailey, Bob R  ","$3,774,000","16732",".251",".337",".395","77.6","34.0","8.63","20.9","237.2",".609","6.51","135.3","29.2","29.6","Fr","Fr",".267",".360",".438","27.4",".232",".312",".348","46.2","Prone","Pr",  
"SS, RF","Russell, Bill R  ","$3,774,000","22427",".255",".296",".333","56.7","164.9","19.2","19.7","98.3",".603","11.8","121.3","26.0","45.7","Av","Av",".261",".302",".343","166.6",".254",".295",".330","160.6","Normal","Fr",  
"LF","Agbayani, Benny R  ","$3,771,000","14473",".268",".343",".395","79.5","45.9","10.1","19.2","388.1",".591","6.37","111.6","26.8","36.2","Fr","Fr",".270",".346",".403","41.4",".266",".340",".389","49.9","Prone","Pr",  
"1B","Saier, Vic L  ","$3,770,000","8347",".243",".326",".395","78.5","41.3","9.14","15.1","58.4",".643","6.92","90.3","21.4","52.6","Av","Vg",".223",".299",".333","66.2",".250",".334",".413","37.2","Prone","Pr",  
"LF, CF, RF","Laabs, Chet R  ","$3,767,000","15054",".229",".299",".396","69.3","28.4","10.9","20.3","226.9",".565","4.52","94.9","29.7","46.5","Fr","Fr",".237",".313",".410","27.0",".222",".289",".384","29.5","Normal","Pr",  
"LF, RF","Lynch, Jerry L  ","$3,764,000","10419",".262",".318",".424","79.3","31.5","13.0","18.8","279.1",".569","8.62","85.4","27.2","48.5","Pr","Fr",".245",".291",".364","52.0",".265",".323",".431","30.1","Normal","Pr",  
"CF","Smoot, Homer L  ","$3,764,000","12485",".267",".320",".383","71.5","52.2","14.8","20.5","94.1",".603","7.95","107.4","28.6","44.3","Av","Av",".259",".307",".353","65.8",".270",".326",".396","47.9","Normal","Pr",  
"3B, LF","Tatis, Fernando Sr R  ","$3,753,000","15760",".252",".325",".382","72.1","46.1","11.2","18.3","221.4",".588","6.08","111.4","25.2","34.5","Fr","Fr",".258",".336",".386","50.1",".249",".320",".381","43.6","Prone","Pr",  
"RF, 1B, LF, CF","Philley, Dave S  ","$3,749,000","13429",".255",".308",".341","60.8","94.6","14.7","21.6","144.4",".671","9.97","138.9","28.6","41.7","Av","Fr",".253",".309",".337","92.1",".256",".307",".343","96.0","Normal","Pr",  
"RF, LF, CF","Lawton, Matt L  ","$3,744,000","8472",".245",".343",".347","74.7","65.7","8.48","20.9","89.6",".663","13.3","134.9","29.6","46.2","Av","Av",".223",".306",".309","84.6",".251",".350",".357","62.7","Prone","Pr",  
"LF, RF","Nicholson, Dave R  ","$3,743,000","41099",".221",".327",".399","81.4","23.4","7.40","26.7","347.7",".563","2.98","91.4","47.3","95.2","Pr","Fr",".233",".341",".423","22.0",".206",".311",".368","25.3","Normal","Pr",  
"1B, 3B","Ivie, Mike R  ","$3,736,000","22010",".267",".322",".422","78.8","32.9","13.8","17.6","178.6",".625","7.30","157.6","21.9","41.6","Av","Fr",".277",".335",".452","28.9",".256",".307",".388","39.0","Normal","Pr",  
"2B, SS","Witek, Mickey R  ","$3,736,000","15103",".262",".303",".319","54.0","191.2","18.2","26.0","1160.1",".609","11.5","451.2","29.8","34.6","Fr","Pr",".273",".314",".336","153.6",".255",".297",".308","224.2","Normal","Pr",  
"CF, LF, RF","Stroud, Ed L  ","$3,726,000","10114",".256",".319",".359","68.9","119.0","12.0","18.2","16.7",".716","7.62","48.5","34.2","43.1","Vg","Ex",".232",".297",".291","237.6",".261",".323",".372","108.3","Normal","Pr",  
"C, 1B","LoDuca, Paul R  ","$3,725,000","11611",".263",".312",".342","61.5","133.5","16.4","20.1","550.6",".622","23.9","150.8","25.7","35.3","Fr","Pr",".273",".324",".370","97.4",".256",".301",".320","212.9","Normal","Pr",  
"LF","Lewis, Fred L  ","$3,724,000","706",".255",".318",".351","69.5","176.5","11.9","15.0","30.2",".667","5.99","87.2","20.7","98.1","Vg","Vg",".222",".281",".259",".000",".256",".319",".355","169.8","Prone","Pr",  
"2B, SS","Reese, Pokey R  ","$3,722,000","9192",".234",".286",".297","51.0","208.9","15.1","24.4","32.8",".743","7.81","131.4","33.3","68.4","Ex","Vg",".237",".292",".293","353.2",".233",".283",".300","170.6","Fragile","Fr",  
"1B, 3B","Jordan, Buck L  ","$3,720,000","16306",".275",".322",".384","72.8","70.6","15.9","17.6","200.0",".536","11.5","113.4","23.1","50.3","Fr","Fr",".260",".310",".353","90.6",".282",".327",".397","64.6","Normal","Pr",  
"RF, LF, CF","Denorfia, Chris R  ","$3,715,000","6081",".274",".332",".369","72.4","98.1","12.6","18.3","85.0",".627","8.68","111.9","24.6","45.4","Av","Av",".275",".334",".370","115.6",".272",".329",".369","88.4","Prone","Pr",  
"DH, 1B","Jefferson, Reggie L  ","$3,715,000","13457",".274",".315",".411","73.4","41.9","17.9","17.5","687.9",".750","6.58","126.7","22.0","34.6","Fr","Pr",".232",".250",".295","121.2",".282",".327",".433","37.6","Fragile","Pr",  
"2B","Stennett, Rennie R  ","$3,711,000","12341",".260",".293",".333","55.2","176.3","22.3","21.9","78.4",".616","13.2","103.1","30.0","44.2","Fr","Av",".271",".305",".358","154.1",".251",".284",".314","194.0","Normal","Fr",  
"LF, RF","Murphy, David L  ","$3,709,000","10925",".272",".328",".384","75.1","63.2","12.8","17.8","80.5",".629","10.5","133.3","22.9","55.0","Av","Av",".257",".305",".338","100.0",".279",".338",".404","54.7","Normal","Pr",  
"CF, RF","Brodie, Steve L  ","$3,706,000","10277",".249",".303",".333","58.9","78.5","17.1","25.4","55.1",".602","8.04","167.0","33.1","52.5","Av","Vg",".247",".300",".322","114.5",".250",".305",".338","66.8","Normal","Pr",  
"3B","Cirillo, Jeff R  ","$3,704,000","9341",".261",".329",".349","68.6","128.0","11.6","17.8","153.6",".607","12.1","132.2","23.4","42.1","Av","Fr",".276",".343",".370","154.0",".252",".319",".338","108.5","Prone","Fr",  
"SS, 3B","Jurges, Billy R  ","$3,704,000","10253",".233",".301",".305","52.7","116.5","12.0","24.7","201.9",".687","8.42","188.6","32.5","33.7","Fr","Fr",".246",".318",".323","120.1",".227",".292",".295","126.8","Prone","Pr",  
"SS, 3B","Cozart, Zack R  ","$3,703,000","5263",".237",".290",".329","55.3","109.6","14.8","18.6","179.3",".744","10.8","100.7","25.4","43.5","Vg","Pr",".250",".300",".363","63.7",".231",".286",".312","174.0","Fragile","Fr",  
"CF, LF","Rasmus, Colby L  ","$3,698,000","10328",".245",".312",".406","76.4","28.7","11.3","21.3","201.3",".640","4.93","110.3","30.2","73.6","Av","Fr",".225",".288",".361","33.5",".251",".320",".422","27.3","Fragile","Av",  
"C","Duncan, Frank R  ","$3,696,000","23285",".218",".273",".288","44.4","106.8","14.7","25.5","270.8",".516","8.31","367.5","30.5","54.4","Pr","Fr",".227",".282",".301","89.8",".212",".267",".280","115.9","Normal","Pr",  
"3B, 2B","Callaspo, Alberto S  ","$3,694,000","16623",".265",".332",".336","67.1","137.4","10.6","23.3","145.1",".670","36.7","180.3","30.4","37.8","Av","Fr",".268",".339",".342","107.5",".261",".326",".329","173.7","Prone","Pr",  
"RF, 2B, LF, CF","Lacy, Lee R  ","$3,694,000","11343",".269",".323",".375","72.2","70.5","13.8","19.4","41.9",".632","8.04","92.6","27.5","60.0","Av","Vg",".270",".325",".379","64.0",".267",".321",".369","79.7","Prone","Pr",  
"2B","Bernazard, Tony S  ","$3,693,000","27565",".248",".319",".351","68.4","71.2","10.7","19.4","76.2",".625","7.45","116.8","27.0","61.9","Av","Av",".239",".307",".328","88.8",".252",".325",".362","64.7","Normal","Av",  
"SS, 2B","Perez, Neifi S  ","$3,689,000","20081",".239",".268",".293","43.6","743.7","25.7","23.9","361.7",".584","19.9","129.4","31.6","53.6","Fr","Fr",".243",".275",".303","370.3",".237",".264",".287","1810.7","Normal","Fr",  
"C, 1B","Vogt, Stephen L  ","$3,684,000","2416",".231",".296",".342","62.1","54.9","11.6","19.8","444.8",".667","8.24","177.9","24.9","92.0","Fr","Pr",".207",".265",".331","48.4",".230",".299",".339","55.8","Prone","Pr",  
"LF, CF, RF","Evers, Hoot R  ","$3,680,000","8298",".257",".313",".382","70.1","49.1","13.9","18.8","269.2",".586","7.47","106.4","25.7","43.2","Fr","Fr",".267",".316",".394","48.9",".251",".312",".376","48.3","Prone","Pr",  
"SS","Metzger, Roger S  ","$3,677,000","14862",".225",".282",".284","46.3","337.8","13.7","27.6","119.2",".640","11.0","75.3","50.7","55.0","Av","Av",".227",".285",".287","491.4",".223",".280",".283","286.6","Normal","Pr",  
"3B, 1B","Hollins, Dave S  ","$3,675,000","14676",".246",".345",".378","80.8","38.1","8.13","21.3","172.7",".656","7.00","164.4","29.3","48.2","Av","Fr",".267",".371",".424","32.1",".227",".321",".338","46.3","Fragile","Pr",  
"C","Pagliaroni, Jim R  ","$3,672,000","8062",".235",".320",".370","70.9","34.6","9.19","23.1","612.6",".714","5.91","229.7","29.7","41.6","Fr","Pr",".256",".350",".428","25.1",".222",".304",".338","43.2","Prone","Pr",  
"2B, 1B, 3B, SS","Keppinger, Jeff R  ","$3,668,000","13907",".273",".323",".349","65.7","118.9","14.7","22.5","475.0",".561","49.5","197.4","28.1","36.7","Av","Pr",".296",".353",".396","72.5",".254",".297",".309","251.7","Prone","Pr",  
"RF","Sebring, Jimmy L  ","$3,668,000","16257",".248",".300",".372","64.9","54.0","14.2","18.7","182.7",".634","8.28","71.7","28.4","44.5","Vg","Fr",".235",".289",".344","65.8",".252",".304",".382","50.6","Prone","Pr",  
"3B","Gomez, Leo R  ","$3,665,000","16317",".230",".319",".380","73.1","32.1","9.16","20.4","1557.2",".632","6.55","174.6","27.0","45.2","Pr","Pr",".236",".327",".395","29.7",".227",".314",".371","33.6","Prone","Pr",  
"LF, 1B, CF, RF","James, Dion L  ","$3,664,000","6022",".273",".347",".357","76.2","150.6","9.79","18.1","188.8",".500","13.0","121.4","24.6","57.6","Fr","Fr",".255",".330",".331","222.8",".277",".352",".364","137.8","Normal","Pr",  
"LF, 1B, CF, RF","Gross, Greg L  ","$3,662,000","24128",".273",".353",".331","74.1","389.2","9.09","24.4","184.7",".580","16.5","111.9","37.0","54.9","Fr","Fr",".259",".338",".304","804.1",".278",".360",".343","318.7","Normal","Pr",  
"2B","Herr, Tom S  ","$3,660,000","13526",".259",".338",".328","69.1","201.9","9.58","21.6","82.0",".607","12.9","162.3","29.0","53.9","Av","Av",".253",".326",".305","321.8",".262",".343",".338","173.0","Prone","Fr",  
"CF, 1B, 2B, SS, LF, RF","Hofman, Solly R  ","$3,658,000","8103",".244",".313",".355","66.8","55.9","11.1","20.7","29.6",".671","8.03","120.8","28.7","52.1","Vg","Vg",".237",".313",".338","66.1",".246",".314",".359","57.7","Prone","Pr",  
"C","Mirabelli, Doug R  ","$3,658,000","13882",".229",".320",".383","73.8","31.3","8.72","19.4","1592.8",".526","5.05","194.2","25.2","45.0","Fr","Pr",".253",".348",".429","27.4",".195",".280",".315","38.4","Normal","Pr",  
"DH, 1B","Butler, Billy R  ","$3,656,000","11039",".280",".342",".389","76.5","59.0","11.7","18.6","6097.0",".667","11.2","290.3","22.1","31.2","Pr","Pr",".278",".346",".383","59.4",".281",".338",".391","59.4","Normal","Pr",  
"LF","Reimer, Kevin L  ","$3,652,000","14625",".259",".316",".414","76.3","34.1","14.3","16.6","517.4",".705","6.37","158.8","20.5","41.9","Pr","Pr",".234",".280",".363","42.0",".264",".322",".425","32.7","Normal","Pr",  
"LF, 2B, 3B, CF, RF","Santangelo, F.P. S  ","$3,650,000","36780",".227",".335",".290","65.4","266.5","9.15","23.1","165.2",".641","8.62","140.2","33.8","83.7","Av","Fr",".222",".332",".282","297.7",".231",".338",".295","259.0","Normal","Pr",  
"3B, 1B","Hannahan, Jack L  ","$3,646,000","4014",".228",".311",".306","58.4","148.7","9.42","19.8","506.4",".600","5.58","157.2","26.2","58.4","Av","Pr",".226",".310",".311","106.7",".231",".314",".308","158.3","Normal","Pr",  
"1B","Brogna, Rico L  ","$3,644,000","10005",".243",".292",".376","62.9","42.4","15.3","17.8","257.9",".656","6.46","164.1","21.8","41.5","Av","Fr",".197",".233",".274","100.1",".252",".303",".396","38.2","Normal","Pr",  
"SS, 2B, 3B","Fletcher, Scott R  ","$3,642,000","9727",".246",".314",".304","59.1","748.2","11.8","21.4","64.1",".664","12.7","139.7","29.0","60.9","Av","Av",".250",".323",".309","750.2",".242",".307",".298","740.0","Prone","Fr",  
"CF, 1B, SS, LF, RF","Stanley, Mickey R  ","$3,630,000","10966",".243",".294",".354","60.9","62.7","14.6","18.9","138.8",".711","10.4","101.1","25.8","47.0","Av","Fr",".256",".312",".385","50.8",".231",".278",".327","79.3","Prone","Pr",  
"3B","Riggs, Lew L  ","$3,622,000","11871",".237",".297",".365","64.5","47.5","13.4","19.5","363.6",".581","10.2","86.1","28.7","55.9","Fr","Fr",".225",".282",".332","52.8",".241",".302",".375","46.1","Normal","Pr",  
"C","Hendricks, Ellie L  ","$3,621,000","14727",".226",".302",".380","69.8","30.5","10.5","20.8","2357.0",".583","7.43","157.1","27.3","67.6","Pr","Pr",".179",".236",".247","79.7",".232",".310",".397","28.2","Prone","Pr",  
"2B, 3B","Green, Dick R  ","$3,618,000","16754",".239",".296",".333","57.2","75.1","14.3","22.5","288.5",".582","5.93","116.9","31.5","48.0","Fr","Fr",".244",".298",".335","72.6",".235",".293",".327","79.7","Prone","Pr",  
"CF","Kreevich, Mike R  ","$3,616,000","8475",".254",".310",".346","63.4","92.1","13.8","20.4","68.7",".717","9.18","105.8","28.8","41.3","Av","Av",".266",".321",".385","60.5",".246",".303",".321","137.7","Prone","Av",  
"LF","Lewis, Duffy R  ","$3,612,000","8175",".263",".309",".390","68.9","48.7","16.6","17.1","138.6",".504","7.79","164.3","20.9","44.1","Fr","Av",".268",".315",".408","40.3",".260",".304",".375","59.9","Normal","Fr",  
"3B, LF, CF, RF","Brosius, Scott R  ","$3,603,000","10613",".237",".300",".358","62.9","44.2","12.8","21.6","205.6",".594","7.41","169.8","27.7","46.3","Av","Fr",".245",".311",".382","40.7",".233",".294",".343","46.9","Fragile","Pr",  
"LF, CF, RF","Byrnes, Eric R  ","$3,598,000","13713",".258",".320",".400","77.7","42.2","12.1","17.0","51.3",".715","11.0","92.7","23.6","59.4","Ex","Av",".264",".326",".414","38.4",".243",".303",".359","61.1","Prone","Pr",  
"SS, 2B","Russell, Addison R  ","$3,594,000","13862",".240",".308",".337","62.4","73.7","11.7","20.9","131.7",".740","6.34","137.6","28.0","52.4","Vg","Fr",".242",".307",".337","77.0",".239",".309",".337","72.1","Fragile","Pr",  
"LF, CF, RF","Hall, Mel L  ","$3,588,000","8851",".262",".305",".399","71.7","39.7","17.1","18.5","231.9",".488","10.4","161.2","22.6","67.4","Fr","Fr",".216",".240",".286","115.2",".270",".315",".418","35.7","Prone","Pr",  
"C","Salas, Mark L  ","$3,583,000","20192",".247",".298",".365","64.1","45.3","15.7","23.5","1157.6",".594","10.8","115.2","32.8","51.4","Pr","Pr",".217",".273",".297","65.8",".251",".302",".374","43.3","Normal","Pr",  
"RF, 1B, LF, CF","McCreery, Tom S  ","$3,582,000","22120",".255",".327",".396","76.9","45.3","10.2","17.7","92.1",".587","7.21","61.5","29.7","45.0","Av","Vg",".250",".323",".379","54.2",".261",".333",".409","41.4","Normal","Pr",  
"LF, 1B","Smith, Willie L  ","$3,582,000","14961",".258",".305",".408","72.6","37.4","15.6","17.7","213.4",".484","8.38","78.3","25.4","52.8","Fr","Av",".202",".232",".246","328.0",".262",".310",".420","35.2","Normal","Pr",  
"1B, LF, RF","Pearce, Steve R  ","$3,580,000","5025",".261",".335",".401","80.3","38.1","10.2","18.5","354.8",".500","8.46","141.9","24.5","43.3","Fr","Fr",".269",".350",".423","32.8",".252",".320",".380","45.3","Fragile","Pr",  
"2B, 3B, SS, LF, CF","Lowe, Bobby R  ","$3,578,000","9457",".247",".297",".347","60.3","49.5","15.3","27.4","49.6",".659","7.41","370.2","32.7","50.3","Av","Vg",".254",".310",".356","47.6",".243",".290",".338","53.0","Normal","Fr",  
"2B, 3B, SS","O'Connell, Danny R  ","$3,576,000","17020",".248",".317",".311","60.6","218.2","11.2","22.7","192.8",".635","9.20","219.4","28.8","58.0","Av","Fr",".250",".320",".317","175.0",".246",".316",".306","259.8","Normal","Fr",  
"1B, LF","Morris, Hal L  ","$3,575,000","8099",".281",".335",".366","72.1","135.0","13.2","17.9","134.6",".641","10.3","145.7","22.7","39.5","Av","Fr",".236",".271",".276",".000",".289",".347",".383","113.3","Fragile","Pr",  
"1B, LF","Sorrento, Paul L  ","$3,570,000","28523",".247",".322",".422","79.8","25.4","10.1","20.1","1686.5",".576","5.48","154.1","26.5","41.0","Pr","Pr",".204",".267",".284","65.2",".251",".327",".435","24.1","Normal","Pr",  
"3B, 1B","Gross, Wayne L  ","$3,563,000","12984",".236",".331",".388","80.9","30.5","8.22","21.2","469.4",".561","7.47","181.0","28.3","83.4","Fr","Fr",".196",".279",".285","48.2",".243",".340",".406","28.6","Normal","Pr",  
"LF","Charboneau, Joe R  ","$3,560,000","12457",".252",".326",".427","77.8","26.6","10.4","19.2","342.1",".441","7.57","119.9","26.4","25.5","Pr","Fr",".266",".345",".459","23.6",".236",".301",".385","32.1","Normal","Fr",  
"SS, 2B","Miller, Eddie R  ","$3,559,000","10060",".220",".269",".341","51.2","44.9","17.6","20.4","163.2",".519","7.85","195.2","25.1","45.0","Fr","Av",".217",".266",".342","46.9",".222",".272",".341","44.5","Prone","Pr",  
"C","McFarland, Ed R  ","$3,558,000","12465",".252",".317",".373","70.3","59.6","11.4","16.8","100.2",".610","7.24","105.5","22.8","48.5","Av","Av",".255",".320",".379","60.2",".251",".316",".368","59.6","Normal","Pr",  
"RF, CF","Wolter, Harry L  ","$3,553,000","13219",".245",".337",".375","78.4","47.6","8.27","19.3","52.9",".640","7.46","74.8","31.9","53.8","Av","Vg",".243",".331",".368","53.9",".246",".340",".379","45.1","Prone","Pr",  
"CF, LF, RF","Lindell, Johnny R  ","$3,551,000","12482",".251",".312",".403","71.0","37.7","12.8","17.5","327.9",".568","6.22","72.1","26.3","30.3","Fr","Fr",".251",".316",".417","32.5",".251",".308",".391","43.4","Normal","Pr",  
"CF, LF, RF","Haas, Mule L  ","$3,549,000","11906",".253",".311",".334","62.3","100.9","13.4","21.4","605.1",".629","8.66","233.5","26.6","52.6","Fr","Pr",".248",".305",".314","110.1",".255",".313",".342","97.8","Prone","Av",  
"RF, LF","Roberts, Leon R  ","$3,549,000","18288",".253",".319",".373","70.4","53.5","12.0","19.0","883.9",".575","6.85","105.3","26.4","45.1","Fr","Fr",".267",".332",".407","40.6",".245",".311",".353","66.4","Normal","Pr",  
"SS","Guillen, Ozzie L  ","$3,540,000","17824",".251",".269",".297","44.8","1048.5","40.0","27.6","49.3",".641","18.0","153.5","35.8","70.7","Av","Vg",".242",".250",".281","1252.4",".256",".279",".305","963.5","Normal","Fr",  
"2B, SS","Green, Pumpsie S  ","$3,537,000","52748",".229",".337",".330","71.3","83.2","7.20","20.1","171.4",".595","7.33","78.9","33.7","59.8","Av","Fr",".247",".358",".375","55.8",".213",".317",".289","151.2","Normal","Pr",  
"RF, 1B, SS, LF","Hinchman, Bill R  ","$3,532,000","4058",".256",".331",".413","81.3","39.0","10.2","16.0","765.8",".461","8.12","63.8","25.4","40.7","Av","Av",".253",".327",".409","41.4",".263",".340",".421","35.1","Prone","Pr",  
"2B, 3B, SS","Fuentes, Tito S  ","$3,530,000","22803",".259",".299",".327","57.6","165.2","19.5","23.4","145.6",".618","11.9","144.7","30.9","57.4","Av","Fr",".260",".301",".331","155.2",".258",".298",".325","173.1","Normal","Av",  
"SS, 1B, LF, CF","Desmond, Ian R  ","$3,529,000","17723",".249",".307",".369","66.1","47.5","13.4","21.1","36.3",".677","6.20","119.4","28.8","43.2","Vg","Vg",".263",".329",".402","37.9",".240",".292",".347","57.4","Normal","Fr",  
"2B, 3B","Ward, Aaron R  ","$3,528,000","9156",".225",".286",".326","54.0","56.9","13.5","24.5","216.8",".618","5.73","137.7","34.0","49.5","Fr","Fr",".238",".302",".341","60.0",".217",".276",".315","58.8","Normal","Fr",  
"1B","Virtue, Jake S  ","$3,527,000","7842",".245",".334",".349","71.4","88.1","8.40","19.3","93.9",".691","7.09","62.2","34.4","41.9","Av","Av",".245",".330",".348","84.3",".244",".336",".350","90.4","Normal","Pr",  
"C, 1B","Schreckengost, Ossee R  ","$3,523,000","12365",".252",".292",".350","58.5","68.3","18.7","20.4","72.7",".641","8.03","206.8","24.5","46.6","Av","Av",".260",".302",".369","60.1",".247",".285",".337","75.6","Normal","Pr",  
"CF, LF, RF","Cotto, Henry R  ","$3,520,000","7807",".248",".285",".330","56.3","81.3","21.2","25.2","17.5",".752","7.75","198.4","31.1","54.5","Ex","Ex",".246",".287",".321","108.5",".249",".284",".335","70.1","Normal","Pr",  
"LF, 1B, RF","Rodriguez, Henry L  ","$3,520,000","33284",".236",".297",".415","72.5","24.4","12.5","20.1","269.1",".602","4.93","177.7","25.2","52.7","Fr","Fr",".212",".257",".337","33.6",".240",".303",".428","23.4","Prone","Pr",  
"CF, RF","Lagares, Juan R  ","$3,517,000","4101",".257",".301",".332","57.7","195.3","17.5","19.8","93.8",".566","8.18","113.0","26.2","55.8","Av","Av",".267",".315",".344","191.6",".246",".290",".308","268.8","Prone","Av",  
"2B, SS","Matsui, Kazuo S  ","$3,513,000","9152",".247",".300",".315","59.7","228.8","14.4","22.6","28.7",".743","9.00","105.1","32.7","120.1","Ex","Vg",".240",".291",".302","713.8",".251",".304",".321","174.9","Fragile","Fr",  
"C","Pratt, Todd R  ","$3,511,000","10254",".249",".339",".375","77.3","45.4","8.69","19.2","655.4",".750","5.25","149.3","25.9","44.0","Pr","Pr",".271",".364",".427","36.3",".224",".309",".311","70.6","Normal","Pr",  
"C","Zunino, Mike R  ","$3,510,000","4171",".219",".289",".384","64.3","27.1","12.3","21.8","1157.8",".667","3.88","132.3","29.7","46.3","Pr","Pr",".218",".286",".376","28.0",".216",".288",".377","29.6","Prone","Pr",  
"RF","Demmitt, Ray L  ","$3,509,000","2163",".258",".329",".401","77.3","49.2","11.0","15.4","202.9",".480","8.12","64.1","23.9","38.7","Av","Av",".255",".323",".418","47.0",".258",".329",".400","49.3","Normal","Pr",  
"2B","Barney, Darwin R  ","$3,506,000","17114",".244",".294",".306","51.2","234.4","15.9","23.3","311.0",".625","16.2","190.4","29.3","39.1","Av","Fr",".254",".302",".321","192.5",".238",".290",".296","273.1","Normal","Pr",  
"3B, 2B, SS","Cox, Billy R  ","$3,505,000","9475",".252",".298",".347","60.0","89.4","16.5","18.9","312.2",".550","10.9","121.2","24.7","45.8","Fr","Fr",".263",".309",".357","90.6",".246",".292",".343","86.4","Normal","Pr",  
"2B, 1B, 3B, LF","Dietrich, Derek L  ","$3,496,000","1576",".220",".294",".346","61.7","40.4","15.1","22.2","1763.0","1.00","6.43","160.3","29.4","65.3","Fr","Pr",".192",".246",".283","53.9",".240",".326",".391","34.4","Prone","Pr",  
"RF, LF, CF","Swanson, Evar R  ","$3,495,000","13566",".269",".345",".350","75.5","105.2","9.99","22.6","27.6",".696","9.56","136.2","32.0","52.1","Vg","Vg",".274",".354",".365","86.6",".258",".326",".320","182.2","Prone","Av",  
"C, 1B, 3B","Leyritz, Jim R  ","$3,484,000","11438",".245",".335",".373","75.5","38.8","9.65","22.9","506.0",".619","5.64","160.4","31.5","41.1","Av","Pr",".243",".337",".375","39.5",".246",".334",".372","38.4","Normal","Pr",  
"1B, 3B, LF","Esasky, Nick R  ","$3,482,000","14560",".233",".311",".408","75.4","26.1","10.1","20.9","348.8",".573","4.52","92.6","31.6","49.4","Fr","Fr",".250",".326",".442","24.4",".219",".298",".379","27.9","Prone","Pr",  
"CF, LF, RF","Leibold, Nemo L  ","$3,482,000","20868",".244",".332",".342","69.6","58.0","8.66","25.1","176.6",".513","8.51","172.7","34.7","48.1","Fr","Av",".208",".292",".242","203.8",".251",".339",".361","51.2","Normal","Pr",  
"1B","O'Brien, Pete L  ","$3,477,000","10806",".252",".321",".381","73.0","41.7","10.8","19.8","280.5",".462","14.4","177.4","25.3","47.5","Pr","Fr",".223",".289",".325","60.4",".259",".328",".394","38.9","Normal","Pr",  
"SS, 2B, 3B","Lanier, Hal R  ","$3,474,000","25024",".216",".248",".253","28.7","1390.2","25.2","32.5","716.9",".561","9.97","323.5","38.6","33.0","Fr","Pr",".230",".265",".275","892.5",".208",".238",".239","2118.1","Normal","Pr",  
"3B, 2B","Randa, Joe R  ","$3,470,000","11720",".264",".318",".357","66.9","106.5","14.2","17.6","242.7",".465","10.8","138.3","22.4","49.7","Fr","Fr",".262",".315",".342","129.2",".265",".319",".365","97.3","Prone","Pr",  
"CF, LF, RF","Bell, Gus L  ","$3,468,000","8043",".243",".291",".356","60.5","51.2","16.3","22.2","189.8",".590","9.13","121.2","30.0","54.9","Fr","Fr",".222",".262",".310","67.0",".257",".309",".384","45.3","Normal","Pr",  
"2B","Stringer, Lou R  ","$3,468,000","15909",".242",".308",".367","66.8","43.2","11.7","21.1","739.6",".533","5.48","136.5","28.5","50.0","Fr","Pr",".228",".285",".317","75.2",".249",".318",".389","36.9","Prone","Pr",  
"SP, 3B, LF, RF","Callahan, Nixey R  ","$3,467,000","4538",".262",".306",".361","66.2","63.9","16.2","21.2","26.1",".780","7.74","189.0","26.1","44.7","Ex","Vg",".271",".315",".380","52.2",".252",".296",".343","82.1","Normal","Pr",  
"LF","Moore, Jo-Jo L  ","$3,462,000","15759",".282",".334",".371","76.1","129.2","14.6","17.4","254.5",".504","11.6","127.2","22.4","100.0","Fr","Fr",".258",".311",".335","205.7",".287",".340",".380","119.2","Normal","Pr",  
"1B","Brock, Greg L  ","$3,457,000","8008",".251",".329",".399","79.4","34.1","9.62","18.6","210.6",".693","9.34","192.6","23.6","48.4","Av","Fr",".214",".283",".320","38.8",".256",".336",".410","33.5","Prone","Pr",  
"RF, LF","Dellucci, Dave L  ","$3,454,000","19187",".246",".330",".383","76.8","40.5","9.29","19.4","218.8",".613","6.19","96.4","28.8","49.0","Av","Fr",".178",".238",".220","332.8",".252",".339",".399","37.4","Prone","Pr",  
"2B, 3B","Ryan, Connie R  ","$3,454,000","3364",".225",".306",".312","57.5","96.1","9.71","21.2","223.9",".850","6.51","141.0","28.8","47.0","Av","Fr",".216",".305",".309","86.1",".231",".307",".313","104.5","Normal","Fr",  
"LF, 1B, CF, RF","Francona, Tito L  ","$3,453,000","8493",".268",".334",".384","77.2","58.2","11.2","17.9","141.7",".677","8.76","126.6","23.8","47.9","Av","Fr",".222",".270",".287","131.8",".274",".343",".398","53.9","Normal","Pr",  
"SS, 2B, 3B","Benjamin, Mike R  ","$3,452,000","13696",".217",".256",".290","39.7","195.7","23.1","20.1","77.2",".661","5.84","128.2","26.1","51.7","Vg","Av",".219",".267",".307","128.9",".216",".250",".282","264.5","Prone","Pr",  
"3B, 2B, SS, RF","DeRosa, Mark R  ","$3,451,000","16592",".258",".335",".370","73.8","57.6","10.1","19.7","247.1",".576","8.70","127.8","27.1","38.5","Fr","Fr",".279",".358",".409","44.7",".229",".302",".314","97.1","Fragile","Pr",  
"RF, LF","Lahoud, Joe L  ","$3,447,000","9839",".222",".322",".386","77.1","27.6","7.82","22.0","408.8",".549","7.01","116.8","32.7","59.9","Fr","Fr",".209",".296",".367","26.8",".224",".326",".388","27.8","Normal","Pr",  
"C","Castillo, Welington R  ","$3,443,000","13208",".256",".316",".385","69.6","36.7","13.3","22.7","1211.1",".750","5.80","382.4","26.7","33.6","Fr","Pr",".273",".338",".422","29.6",".242",".297",".353","46.2","Prone","Pr",  
"1B","Alonso, Yonder L  ","$3,442,000","11505",".264",".340",".382","78.4","47.9","9.49","20.1","433.7",".638","11.6","169.0","26.2","41.4","Av","Pr",".245",".314",".326","76.8",".267",".345",".393","44.9","Prone","Fr",  
"1B","Crowe, George L  ","$3,440,000","9984",".251",".316",".412","77.5","27.7","11.7","22.5","3686.0",".250","7.59","141.8","30.3","56.1","Fr","Pr",".213",".269",".332","38.0",".259",".325",".426","26.4","Normal","Pr",  
"2B, 3B, SS","Grebeck, Craig R  ","$3,437,000","15698",".247",".317",".311","60.1","334.0","11.1","19.9","1363.1",".542","10.3","239.5","24.9","48.3","Pr","Pr",".246",".314",".309","286.1",".248",".319",".312","369.4","Prone","Pr",  
"2B, 3B, SS, LF, CF","Mantilla, Felix R  ","$3,437,000","24611",".248",".317",".365","67.9","43.1","11.7","24.2","104.4",".679","9.04","175.4","31.7","38.0","Vg","Fr",".263",".332",".391","41.3",".237",".305",".346","44.6","Normal","Pr",  
"CF, LF","Green, Lenny L  ","$3,430,000","8375",".258",".335",".343","72.8","123.2","10.1","19.3","67.7",".631","12.7","123.1","26.5","86.2","Av","Av",".256",".326",".321","205.6",".259",".338",".352","107.2","Normal","Pr",  
"SP, 1B","Mitchell, Clarence L  ","$3,428,000","1451",".225",".266",".284","38.7","85.4","19.0","45.3","311.6",".556","7.38","779.0","51.9","34.6","Av","Fr",".202",".240",".245","145.3",".237",".278",".297","82.7","Normal","Pr",  
"2B, LF, RF","Orta, Jorge L  ","$3,423,000","9212",".261",".320",".380","71.6","50.6","12.7","19.9","216.3",".534","9.81","118.2","27.0","46.4","Fr","Fr",".223",".272",".288","115.7",".269",".331",".401","44.8","Normal","Pr",  
"C","Carrigan, Bill R  ","$3,422,000","9053",".246",".318",".344","65.0","54.2","10.8","24.1","138.9",".575","8.18","596.3","28.3","44.9","Av","Av",".251",".325",".362","45.2",".241",".312",".331","63.8","Normal","Pr",  
"2B, 3B","Kennedy, Adam L  ","$3,419,000","8497",".261",".312",".338","64.1","166.6","15.6","20.9","45.5",".734","10.6","98.6","29.7","59.8","Vg","Av",".241",".284",".301","313.4",".266",".319",".346","150.7","Prone","Fr",  
"3B, 1B","Reynolds, Mark R  ","$3,419,000","6190",".223",".309",".389","71.6","24.6","9.16","26.7","140.8",".617","3.93","160.0","37.4","49.6","Av","Fr",".219",".309",".391","24.5",".228",".313",".390","24.7","Normal","Pr",  
"SS, 2B","Maxvill, Dal R  ","$3,418,000","19571",".206",".280",".249","39.2","391.4","10.9","35.3","1046.9",".553","7.83","166.6","52.1","44.4","Pr","Pr",".208",".286",".255","284.7",".205",".276",".245","512.7","Prone","Pr",  
"LF, 1B, 2B, 3B, CF, RF","Whitted, Possum R  ","$3,412,000","8253",".246",".294",".354","59.8","61.6","16.1","20.9","73.2",".577","8.21","89.1","30.7","50.3","Fr","Vg",".247",".297",".357","61.6",".244",".290",".351","61.6","Normal","Pr",  
"RF, LF, CF","Washington, Claudell L  ","$3,411,000","6483",".256",".307",".377","65.9","52.7","15.3","18.5","47.4",".624","6.49","111.5","24.4","42.3","Av","Vg",".227",".266",".301","108.0",".261",".314",".390","48.3","Prone","Pr",  
"1B","Hoblitzel, Dick L  ","$3,408,000","10553",".267",".321",".387","73.0","55.3","13.9","18.3","69.0",".639","9.72","98.2","25.2","46.2","Av","Vg",".247",".298",".329","75.0",".272",".326",".400","52.6","Normal","Pr",  
"1B","Merkle, Fred R  ","$3,407,000","10761",".268",".319",".397","74.6","48.5","14.8","17.2","40.4",".673","7.26","115.7","22.6","47.8","Vg","Vg",".273",".327",".408","43.9",".264",".314",".390","52.1","Normal","Pr",  
"LF, RF","Falk, Bibb L  ","$3,403,000","13054",".265",".315",".389","72.0","47.8","14.3","18.3","238.5",".652","8.11","150.6","23.1","45.9","Fr","Fr",".254",".298",".379","48.5",".269",".322",".393","47.6","Normal","Pr",  
"SS, 2B","Wagner, Heinie R  ","$3,399,000","21751",".238",".305",".347","62.4","58.3","11.7","20.2","58.2",".635","7.95","130.5","27.3","46.0","Av","Vg",".248",".316",".363","58.5",".230",".297",".336","56.4","Normal","Pr",  
"SP, CF, RF","Whitney, Jim L  ","$3,398,000","1862",".245",".319",".357","68.4","64.2","10.4","18.6","418.8",".454","7.07","104.7","26.2","52.3","Av","Fr",".215",".281",".269","103.2",".254",".329",".382","58.0","Normal","Pr",  
"C","Ellis, A.J. R  ","$3,397,000","5110",".234",".327",".317","62.0","98.3","8.63","23.3","845.3",".875","9.20","131.5","34.0","30.8","Pr","Pr",".246",".333",".340","96.3",".225",".321",".297","99.9","Prone","Pr",  
"RF, LF","Bichette, Dante R  ","$3,392,000","32166",".260",".299",".396","67.1","41.5","19.1","17.6","72.2",".636","7.96","159.2","21.3","38.4","Av","Av",".276",".318",".432","37.5",".250",".287",".373","44.6","Normal","Pr",  
"1B","Jacobs, Mike L  ","$3,391,000","21124",".243",".303",".423","73.9","23.3","12.6","21.6","1288.9",".621","5.80","209.0","26.7","38.7","Fr","Pr",".182",".226",".266","47.7",".250",".311",".441","22.0","Normal","Pr",  
"DH, 1B, LF, RF","Crowley, Terry L  ","$3,389,000","8720",".245",".336",".369","74.7","38.2","8.38","22.9","456.2",".579","10.3","627.2","27.6","37.2","Av","Pr",".193",".252",".229","201.2",".252",".346",".387","34.6","Normal","Pr",  
"2B, SS","Seay, Dick R  ","$3,382,000","22988",".228",".278",".276","42.0","294.7","16.5","30.8","254.6",".518","11.3","235.6","39.4","42.6","Fr","Fr",".239",".288",".302","164.5",".221",".270",".258","648.2","Normal","Pr",  
"3B, 1B, LF, RF","Hinske, Eric L  ","$3,381,000","13902",".238",".317",".374","70.5","43.6","9.66","17.3","158.3",".664","5.56","125.4","23.1","42.9","Av","Fr",".222",".292",".322","61.0",".243",".324",".388","40.5","Normal","Pr",  
"RF, 1B, LF, CF","Dwyer, Jim L  ","$3,380,000","8825",".256",".339",".385","80.5","43.0","9.11","20.3","205.5",".620","8.81","118.5","28.8","60.3","Av","Fr",".235",".317",".336","46.2",".261",".344",".395","42.5","Normal","Pr",  
"SS, 2B","Kessinger, Don S  ","$3,380,000","17353",".237",".296",".287","51.4","1156.9","13.2","25.7","230.1",".596","12.0","130.6","36.7","65.3","Fr","Fr",".228",".285",".274","3206.5",".243",".303",".296","825.5","Normal","Fr",  
"RF, CF","Pilarcik, Al L  ","$3,378,000","10714",".257",".328",".344","70.1","82.4","11.0","22.2","63.2",".692","11.8","191.5","28.8","64.2","Vg","Av",".241",".300",".300","96.7",".259",".332",".350","79.9","Normal","Fr",  
"3B, RF","Chisenhall, Lonnie L  ","$3,375,000","2844",".259",".312",".375","69.5","76.9","14.0","15.4","124.1",".714","9.23","94.0","20.4","54.4","Vg","Fr",".241",".295",".342","63.8",".274",".325",".405","73.4","Prone","Pr",  
"2B","Reynolds, Harold S  ","$3,373,000","30354",".242",".310",".298","57.2","843.2","11.5","23.0","22.6",".629","17.7","126.6","32.5","78.9","Av","Ex",".246",".316",".298","905.7",".241",".308",".299","797.5","Normal","Av",  
"CF, LF, RF","Dyson, Jarrod L  ","$3,370,000","5680",".249",".313",".298","62.8","1420.0","12.0","29.3","11.5",".770","11.1","90.4","51.0","86.7","Ex","Ex",".248",".308",".293",".000",".250",".316",".301","993.8","Prone","Vg",  
"3B, 1B","Feliz, Pedro R  ","$3,370,000","12745",".239",".276",".361","55.4","41.8","20.3","23.2","678.4",".588","9.33","138.4","30.0","37.6","Fr","Pr",".252",".293",".383","39.7",".230",".265",".347","43.2","Normal","Pr",  
"C","Rodriguez, Ellie R  ","$3,369,000","14482",".246",".340",".313","66.5","160.9","9.26","23.3","373.5",".523","8.90","210.1","31.1","41.6","Fr","Fr",".253",".353",".335","112.1",".241",".332",".299","217.6","Prone","Pr",  
"SS, 2B","Galvis, Freddy S  ","$3,366,000","2911",".234",".281",".308","49.3","132.3","16.3","23.5","225.8",".636","8.27","121.6","32.3","51.0","Av","Fr",".219",".271",".284","213.2",".243",".287",".322","108.5","Prone","Fr",  
"3B, 1B, 2B","King, Jeff R  ","$3,365,000","6492",".231",".296",".365","63.3","38.2","11.9","20.9","97.1",".597","10.6","146.6","27.4","46.1","Av","Av",".239",".299",".382","31.2",".226",".294",".355","43.6","Prone","Pr",  
"RF, 1B, LF, CF","Johnstone, Jay L  ","$3,361,000","16486",".260",".318",".387","73.7","49.1","13.0","17.7","478.1",".559","8.88","110.1","23.7","58.4","Fr","Fr",".221",".266",".284","121.5",".265",".324",".400","45.7","Normal","Pr",  
"C","Dempsey, Rick R  ","$3,359,000","12475",".226",".311",".322","60.0","75.6","9.22","19.7","1297.1",".524","7.25","180.6","25.8","40.6","Av","Pr",".241",".331",".342","88.6",".216",".299",".311","69.0","Normal","Fr",  
"3B, 1B, 2B","Howe, Art R  ","$3,357,000","10342",".251",".312",".370","67.5","60.5","12.4","16.9","1142.5",".588","10.1","109.9","22.4","38.5","Fr","Pr",".257",".316",".381","60.1",".245",".308",".363","59.7","Prone","Pr",  
"C","Kennedy, Terry L  ","$3,356,000","14497",".255",".303",".365","63.2","58.0","15.9","18.9","1426.7",".550","6.75","189.1","22.9","40.1","Fr","Pr",".236",".275",".322","58.8",".258",".307",".373","57.9","Normal","Pr",  
"C","Virgil, Ozzie R  ","$3,355,000","9955",".224",".300",".377","63.5","26.3","11.0","28.2","587.6",".792","6.12","293.8","35.4","27.4","Fr","Pr",".217",".295",".347","29.7",".227",".302",".390","25.1","Normal","Pr",  
"2B, 3B","Flannery, Tim L  ","$3,350,000","16446",".247",".322",".304","60.9","335.6","10.9","25.7","242.0",".664","11.2","123.4","38.0","53.7","Fr","Fr",".206",".260",".223",".000",".254",".333",".318","285.2","Prone","Pr",  
"LF","Henderson, Steve R  ","$3,346,000","13580",".268",".337",".379","73.9","67.9","10.7","18.9","94.7",".520","5.62","78.5","28.8","37.5","Fr","Av",".273",".350",".405","52.1",".264",".329",".364","81.4","Normal","Pr",  
"RF, C, 1B, 3B, LF","Moreland, Keith R  ","$3,341,000","19319",".265",".327",".376","70.7","54.7","12.1","20.1","324.0",".471","11.2","172.4","25.6","32.5","Fr","Fr",".282",".345",".413","46.7",".241",".300",".326","71.9","Normal","Pr",  
"1B","Hopkins, Gail L  ","$3,334,000","17887",".265",".341",".377","78.1","55.7","9.90","19.7","697.6",".537","23.0","145.5","26.4","43.8","Fr","Pr",".224",".292",".262","465.0",".270",".347",".391","50.6","Normal","Pr",  
"3B, 1B, RF","Valencia, Danny R  ","$3,333,000","10463",".270",".327",".394","74.3","49.6","12.6","18.3","339.4",".680","8.20","129.7","23.9","34.0","Fr","Pr",".285",".351",".431","38.4",".256",".303",".360","66.3","Normal","Pr",  
"3B","Palmer, Dean R  ","$3,330,000","24126",".230",".300",".412","73.0","22.4","11.4","24.1","242.1",".539","4.88","158.1","32.3","52.1","Fr","Fr",".245",".316",".447","20.8",".222",".290",".393","23.2","Prone","Pr",  
"RF, LF","Kelly, Pat H L  ","$3,328,000","7909",".256",".338",".367","76.3","67.0","9.30","18.2","71.3",".663","6.83","99.9","26.1","53.5","Av","Vg",".221",".308",".275","254.3",".259",".341",".377","62.1","Prone","Pr",  
"3B, SS","Brain, Dave R  ","$3,323,000","11079",".244",".288",".382","63.7","44.9","16.9","17.7","88.7",".634","8.08","77.3","25.4","48.7","Av","Vg",".245",".294",".377","47.4",".243",".284",".383","43.5","Prone","Pr",  
"LF","Reimold, Nolan R  ","$3,321,000","3677",".238",".320",".367","70.7","42.3","9.51","21.1","298.3",".583","5.92","112.9","30.5","46.4","Fr","Fr",".222",".299",".330","56.5",".245",".329",".382","38.3","Prone","Pr",  
"RF, 1B, LF, CF","Eisenreich, Jim L  ","$3,320,000","10671",".271",".325",".361","70.2","138.6","13.4","17.4","53.0",".634","13.3","92.6","24.0","55.0","Av","Av",".252",".300",".316","225.6",".275",".331",".373","128.7","Prone","Pr",  
"LF, CF, RF","Johnson, Reed R  ","$3,319,000","3541",".254",".311",".330","60.2","168.6","19.4","19.1","228.6",".809","7.33","185.1","23.7","43.7","Fr","Fr",".257",".322",".354","101.6",".261",".312",".327","255.7","Prone","Av",  
"C","Garagiola, Joe L  ","$3,310,000","6366",".231",".322",".347","68.3","53.0","8.78","20.0","562.2",".812","9.06","135.3","27.6","44.3","Fr","Pr",".209",".289",".301","73.5",".237",".329",".358","49.7","Prone","Pr",  
"C","Saltalamacchia, Jarrod S  ","$3,310,000","26748",".231",".307",".375","69.0","33.5","10.0","19.9","2144.6",".609","4.07","261.1","24.4","58.4","Pr","Pr",".211",".278",".335","42.9",".236",".314",".384","32.2","Prone","Pr",  
"3B","Dillinger, Bob R  ","$3,305,000","19360",".276",".320",".352","65.2","172.9","17.5","21.3","40.8",".625","9.41","96.2","30.2","45.5","Av","Vg",".290",".332",".375","184.9",".268",".313",".339","166.0","Normal","Fr",  
"3B, 1B, 2B","Cubbage, Mike L  ","$3,301,000","25741",".248",".321",".356","69.9","63.9","10.5","20.6","311.9",".503","9.74","93.3","30.9","62.9","Pr","Fr",".204",".264",".246","199.3",".255",".330",".374","57.1","Normal","Pr",  
"RF, LF, CF","Davis, Mike L  ","$3,297,000","9024",".257",".305",".398","71.0","40.1","15.8","17.0","74.2",".584","6.61","137.9","21.3","58.3","Av","Vg",".252",".296",".402","35.0",".259",".308",".397","43.2","Prone","Pr",  
"CF","Cole, Alex L  ","$3,294,000","16500",".266",".344",".327","70.6","257.8","9.61","27.3","24.7",".611","7.91","89.7","47.0","89.3","Av","Ex",".252",".333",".291","475.3",".271",".348",".340","222.2","Prone","Fr",  
"C","Hargrave, Pinky S  ","$3,292,000","18957",".237",".302",".369","65.0","38.1","12.1","21.4","165.2",".694","6.90","187.3","27.1","42.3","Vg","Fr",".249",".314",".392","35.6",".232",".295",".359","38.5","Normal","Pr",  
"CF, LF, RF","Sanders, Deion L  ","$3,291,000","8805",".246",".303",".345","64.3","106.1","13.9","20.6","12.7",".673","9.25","49.5","41.5","95.7","Vg","Ex",".202",".247",".255","471.0",".255",".315",".364","91.9","Prone","Fr",  
"LF, CF, RF","Smith, Dwight L  ","$3,290,000","3059",".271",".327",".393","76.1","55.6","13.1","18.1","74.4",".625","7.46","83.8","26.0","56.8","Fr","Vg",".274",".333",".356","138.7",".270",".325",".399","50.8","Normal","Pr",  
"C","Slaught, Don R  ","$3,289,000","10488",".262",".318",".367","68.2","72.8","14.1","17.9","462.6",".610","9.43","139.3","22.9","40.7","Av","Pr",".269",".327",".378","67.2",".257",".312",".359","77.3","Fragile","Av",  
"LF, CF, RF","Polonia, Luis L  ","$3,286,000","6641",".278",".329",".348","66.8","390.6","14.2","20.9","19.9",".610","13.1","74.0","33.1","52.9","Av","Ex",".252",".291",".295","1069.0",".283",".336",".358","348.2","Normal","Av",  
"RF, 1B, LF","Bush, Randy L  ","$3,285,000","22600",".246",".329",".398","79.0","35.2","9.81","17.9","276.8",".612","8.91","100.6","25.6","46.0","Fr","Fr",".174",".240",".226","177.7",".253",".337",".415","32.7","Normal","Pr",  
"RF, LF","Moore, Gene L  ","$3,285,000","6364",".252",".310",".381","70.2","50.1","12.9","17.8","205.8",".540","6.87","81.4","25.7","57.8","Fr","Fr",".225",".286",".319","86.4",".259",".317",".396","45.8","Normal","Pr",  
"3B, 1B","Hansen, Dave L  ","$3,284,000","15503",".256",".347",".353","75.8","73.5","8.13","20.7","541.5",".623","8.15","152.7","28.3","43.1","Fr","Pr",".201",".302",".250","226.7",".265",".355",".369","66.6","Prone","Pr",  
"RF, LF","Summers, Champ L  ","$3,284,000","5995",".232",".326",".358","70.5","37.0","8.74","24.4","629.0",".423","6.69","300.8","31.0","40.5","Fr","Fr",".204",".288",".266","99.1",".238",".335",".378","32.5","Normal","Pr",  
"LF, RF","Mench, Kevin R  ","$3,278,000","14483",".263",".329",".412","82.6","35.8","11.3","17.4","231.0",".574","13.1","128.4","22.9","71.9","Fr","Fr",".278",".348",".445","31.1",".228",".284",".338","55.6","Normal","Pr",  
"RF, LF, CF","Hammonds, Jeffrey R  ","$3,272,000","7075",".248",".317",".361","67.7","60.5","11.3","18.9","74.5",".599","7.11","112.8","26.0","47.0","Av","Av",".250",".324",".364","56.2",".246",".308",".356","65.9","Fragile","Pr",  
"1B","Bouchee, Ed L  ","$3,269,000","6174",".244",".346",".370","79.3","54.2","7.78","16.2","2408.0",".429","6.12","129.0","22.3","43.8","Pr","Pr",".226",".318",".309","89.9",".247",".351",".380","50.7","Normal","Pr",  
"1B, C","Hatteberg, Scott L  ","$3,265,000","14361",".248",".334",".345","70.4","74.0","8.89","19.9","1095.1",".600","14.7","174.8","26.2","38.6","Pr","Pr",".225",".297",".298","81.1",".254",".343",".357","72.4","Prone","Pr",  
"1B","Larker, Norm L  ","$3,265,000","7987",".262",".336",".374","75.7","58.3","10.5","17.9","1128.9",".667","14.9","231.6","22.2","43.0","Pr","Pr",".232",".297",".296","125.4",".266",".341",".385","54.1","Normal","Pr",  
"RF, LF","King, Jim L  ","$3,263,000","6024",".233",".313",".382","72.1","31.9","10.1","20.5","219.3",".608","9.16","169.9","26.8","51.9","Av","Fr",".212",".292",".317","66.0",".239",".319",".403","27.4","Prone","Pr",  
"CF, LF, RF","Kelly, Roberto R  ","$3,260,000","5245",".259",".307",".371","65.5","54.6","16.2","21.3","44.7",".602","7.25","115.8","28.8","47.3","Av","Vg",".269",".318",".392","48.5",".248",".293",".344","68.9","Fragile","Pr",  
"1B, LF","Jackson, Conor R  ","$3,254,000","10034",".267",".344",".372","77.7","67.8","9.61","18.5","108.3",".695","15.5","172.2","23.9","41.3","Vg","Fr",".272",".351",".388","59.1",".254",".323",".327","115.3","Normal","Pr",  
"1B, 2B, 3B, LF, RF","Spiezio, Scott S  ","$3,248,000","17676",".241",".309",".364","67.8","51.4","11.3","18.3","270.5",".549","10.5","109.1","25.2","54.4","Av","Fr",".229",".294",".331","63.4",".246",".315",".377","47.9","Prone","Pr",  
"1B, LF, CF, RF","Pepitone, Joe L  ","$3,242,000","12309",".247",".283",".386","62.4","32.9","20.7","25.6","215.2",".560","12.2","119.3","35.5","43.2","Fr","Fr",".238",".264",".357","38.4",".250",".290",".396","31.6","Prone","Pr",  
"CF, RF","Bourn, Michael L  ","$3,241,000","25384",".256",".319",".304","61.4","818.8","12.1","29.7","27.3",".686","6.59","113.4","46.6","109.9","Vg","Vg",".244",".307",".287","563.5",".259",".322",".309","919.1","Normal","Vg",  
"LF, CF","Gladden, Dan R  ","$3,241,000","8737",".249",".307",".342","62.0","88.3","13.9","20.2","43.8",".646","8.73","114.3","27.6","50.5","Av","Vg",".250",".310",".348","96.3",".246",".303",".333","83.3","Prone","Av",  
"RF, LF","Schulte, Frank L  ","$3,241,000","994",".226",".282",".358","56.3","52.3","14.3","16.0","68.8",".667","6.96","91.7","22.0","33.3","Av","Vg",".172",".231",".290","72.5",".236",".291",".370","49.9","Normal","Fr",  
"2B","Walker, Todd L  ","$3,240,000","16351",".261",".320",".362","69.2","79.8","12.4","18.5","123.0",".667","12.2","119.7","24.4","50.9","Av","Fr",".235",".290",".297","285.3",".271",".331",".387","62.4","Normal","Pr",  
"C","Lampkin, Tom L  ","$3,237,000","17968",".230",".308",".346","64.1","46.8","11.0","22.8","337.5",".582","10.3","137.8","31.6","47.6","Fr","Fr",".174",".234",".205","233.6",".236",".316",".362","42.8","Prone","Pr",  
"LF, 1B","May, Carlos L  ","$3,236,000","7907",".253",".328",".361","71.1","53.8","10.3","22.1","107.3",".546","8.63","156.3","29.6","48.4","Fr","Av",".249",".310",".319","97.9",".254",".332",".372","48.0","Normal","Pr",  
"C","Chirinos, Robinson R  ","$3,234,000","0","0","0","0","0","0","0","0","0","0","0","0","0","0","Fr","Pr","0","0","0","0","0","0","0","0","Prone","Pr",  
"LF, RF","Nava, Daniel S  ","$3,231,000","5781",".251",".343",".322","70.2","131.4","9.54","22.8","417.3",".696","8.21","278.2","29.0","51.4","Fr","Pr",".232",".305",".269","1346.0",".257",".355",".338","103.1","Prone","Pr",  
"CF","Welch, Curt R  ","$3,231,000","10779",".228",".302",".303","55.0","154.0","14.0","19.5","23.4",".691","7.28","246.4","24.0","48.5","Vg","Ex",".241",".321",".329","129.0",".220",".290",".287","175.1","Normal","Pr",  
"RF, LF","Robertson, Dave L  ","$3,228,000","6403",".274",".310",".416","73.3","37.7","21.3","18.7","54.1",".583","7.80","116.4","24.3","45.2","Fr","Vg",".252",".291",".354","69.1",".280",".315",".432","33.7","Normal","Pr",  
"SS, 2B, 3B","Toporcer, Specs L  ","$3,228,000","6948",".237",".311",".326","61.4","96.5","11.2","20.2","143.9",".640","8.41","138.8","27.6","48.8","Av","Fr",".237",".310",".320","120.4",".236",".311",".327","91.1","Normal","Pr",  
"CF, LF, RF","Walton, Jerome R  ","$3,224,000","8760",".259",".335",".343","70.2","97.3","10.5","21.1","42.9",".588","7.43","210.1","26.8","61.3","Av","Vg",".268",".345",".365","80.0",".248",".323",".315","132.3","Fragile","Pr",  
"CF, LF, RF","Crutchfield, Jimmy L  ","$3,223,000","9001",".249",".308",".326","59.7","113.9","12.8","23.9","40.1",".600","9.76","125.2","33.8","58.6","Av","Vg",".228",".282",".282","161.3",".254",".314",".337","106.3","Normal","Vg",  
"1B","Start, Joe L  ","$3,222,000","5723",".267",".322",".332","63.3","114.5","13.9","33.3","449.6",".500","10.9","125.9","51.6","44.6","Av","Pr",".242",".293",".310","87.7",".275",".332",".337","118.5","Normal","Av",  
"SS, 2B","Burleson, Rick R  ","$3,221,000","17052",".238",".294",".298","51.3","270.7","14.1","22.9","274.0",".585","11.4","210.1","28.9","48.5","Fr","Fr",".243",".299",".296","488.8",".236",".294",".300","227.7","Prone","Pr",  
"C","Lau, Charlie L  ","$3,220,000","11367",".262",".320",".357","67.5","133.7","12.9","16.0","2084.5",".667","10.5","114.7","20.8","42.8","Fr","Pr",".200",".240",".236","769.0",".272",".332",".376","118.4","Prone","Pr",  
"1B, LF","Sisler, Dick L  ","$3,218,000","5687",".250",".304",".363","66.2","57.4","14.2","19.6","522.8",".480","7.94","112.0","26.8","72.1","Fr","Pr",".233",".279",".305","97.5",".255",".312",".382","51.3","Normal","Pr",  
"2B, 3B, SS","Scott, Rodney S  ","$3,217,000","12670",".227",".317",".278","58.6","207.7","8.86","37.4","13.8",".691","8.92","120.5","67.7","86.4","Vg","Ex",".246",".339",".318","136.9",".211",".299",".245","364.3","Normal","Av",  
"2B, 1B, 3B","Taylor, Tony R  ","$3,217,000","4477",".239",".303",".306","55.8","194.7","13.1","23.6","47.9",".680","8.93","121.5","33.4","57.3","Av","Av",".222",".286",".272","292.2",".247",".311",".322","167.6","Normal","Av",  
"RF, LF, CF","Heathcote, Cliff L  ","$3,210,000","5996",".247",".310",".347","62.4","67.4","12.5","20.1","49.5",".605","7.98","196.4","25.3","41.5","Av","Vg",".240",".305",".325","100.9",".253",".316",".359","59.1","Normal","Fr",  
"RF, LF, CF","Tobin, Jack L  ","$3,208,000","2883",".276",".326",".373","72.9","65.5","14.7","23.1","51.9",".622","10.0","143.8","30.7","67.3","Av","Av",".266",".312",".359","74.3",".281",".331",".379","62.6","Normal","Pr",  
"CF","Baldelli, Rocco R  ","$3,205,000","8621",".276",".323",".407","78.5","42.7","17.2","19.8","51.7",".718","6.88","102.9","27.2","60.8","Vg","Av",".290",".341",".438","35.7",".258",".302",".369","57.2","Fragile","Fr",  
"LF, 3B","Hodgin, Ralph L  ","$3,203,000","4583",".262",".299",".352","59.2","147.8","25.1","17.6","985.0",".625","14.7","89.5","23.9","36.5","Fr","Pr",".249",".292",".326","1246.0",".268",".301",".361","111.2","Normal","Pr",  
"CF, LF, RF","Lewis, Darren R  ","$3,195,000","19551",".224",".296",".263","47.6","698.2","11.3","36.1","22.6",".661","11.7","158.3","54.7","66.1","Av","Ex",".221",".291",".258","1410.7",".226",".300",".266","503.1","Normal","Av",  
"C","Ferrell, Rick R  ","$3,194,000","7791",".237",".319",".307","59.8","114.6","9.45","25.1","593.8",".500","10.1","287.3","31.8","44.8","Fr","Pr",".243",".318",".311","116.2",".234",".319",".306","113.8","Prone","Pr",  
"1B","Bream, Sid L  ","$3,192,000","8777",".244",".314",".378","69.8","44.1","10.6","16.8","189.2",".536","9.33","161.3","21.3","40.7","Fr","Av",".205",".274",".272","89.4",".250",".321",".396","40.7","Prone","Pr",  
"1B","Lee, Travis L  ","$3,189,000","9427",".252",".328",".360","70.8","57.1","9.70","20.9","116.9",".758","8.18","156.4","27.7","38.1","Vg","Fr",".241",".307",".342","64.2",".255",".335",".366","55.1","Fragile","Pr",  
"SS","Mercer, Jordy R  ","$3,189,000","7296",".253",".303",".346","61.2","89.0","15.4","19.1","566.3",".583","10.4","161.8","23.8","47.8","Av","Pr",".259",".326",".374","62.6",".250",".290",".331","115.3","Prone","Pr",  
"SS","Wilson, Jack R  ","$3,189,000","11071",".256",".296",".327","57.1","187.6","19.1","22.0","306.9",".639","13.5","110.8","30.3","63.3","Fr","Fr",".268",".311",".362","106.5",".250",".288",".307","327.4","Fragile","Fr",  
"1B, LF, CF, RF","Lockman, Whitey L  ","$3,183,000","8469",".274",".324",".342","68.6","188.2","14.6","22.2","189.2",".510","11.4","147.2","29.1","110.4","Fr","Fr",".272",".325",".335","368.9",".274",".323",".345","150.1","Normal","Pr",  
"CF","Bosetti, Rick R  ","$3,182,000","7171",".224",".269",".291","43.1","143.4","18.3","23.8","115.6",".504","7.99","276.6","28.4","59.6","Pr","Vg",".205",".247",".252","249.7",".235",".282",".313","108.0","Normal","Av",  
"2B, LF","Hudler, Rex R  ","$3,179,000","14837",".249",".284",".381","62.1","42.9","23.6","18.7","37.5",".646","6.83","125.0","23.7","53.0","Av","Ex",".259",".291",".397","39.6",".243",".280",".370","45.2","Prone","Pr",  
"2B","Cruz, Julio S  ","$3,176,000","12562",".229",".311",".267","57.3","1395.8","9.47","32.9","13.9",".769","8.69","192.9","46.4","89.8","Ex","Ex",".232",".323",".270","1142.5",".227",".305",".265","1598.4","Prone","Fr",  
"1B","Sheely, Earl R  ","$3,169,000","7968",".259",".333",".360","71.8","57.7","10.5","21.7","225.8",".556","9.50","501.8","25.9","41.8","Fr","Fr",".267",".341",".370","55.8",".255",".328",".352","60.6","Normal","Pr",  
"SS, 2B, 3B","Bridwell, Al L  ","$3,165,000","10280",".237",".322",".304","59.3","81.6","9.16","36.2","107.3",".589","9.35","417.6","45.7","42.2","Av","Av",".226",".312",".281","104.8",".242",".326",".314","74.3","Prone","Pr",  
"CF, LF, RF","Neis, Bernie S  ","$3,164,000","1248",".235",".322",".346","66.2","41.6","8.77","26.0","142.9",".526","6.08","1429.0","30.4","39.7","Fr","Av",".251",".332",".388","28.4",".225",".316",".322","56.7","Normal","Av",  
"CF, LF","McDowell, Oddibe L  ","$3,162,000","6421",".240",".312",".352","68.3","58.9","10.5","20.2","18.9",".672","6.75","95.2","29.9","84.2","Vg","Ex",".212",".274",".287","126.3",".246",".322",".369","51.1","Normal","Av",  
"3B, RF","Parrish, Larry R  ","$3,161,000","18380",".242",".298",".402","67.7","28.5","14.3","20.5","274.9",".545","5.70","196.7","25.3","35.8","Fr","Fr",".246",".306",".416","27.6",".240",".292",".392","29.3","Prone","Pr",  
"RF, LF, CF","Tucker, Michael L  ","$3,160,000","8254",".238",".313",".359","68.7","50.3","10.4","20.7","68.7",".692","5.97","90.9","31.2","63.9","Av","Av",".215",".284",".297","91.3",".241",".317",".367","47.4","Normal","Pr",  
"1B","Broussard, Ben L  ","$3,159,000","10354",".257",".313",".417","77.9","30.2","13.7","19.8","189.6",".741","6.19","118.5","26.6","60.2","Av","Fr",".222",".274",".330","42.1",".265",".322",".436","28.4","Normal","Pr",  
"RF, LF, CF","Herzog, Whitey L  ","$3,153,000","23309",".250",".341",".341","74.5","100.9","8.27","20.6","285.7",".618","6.97","97.3","31.3","81.9","Fr","Fr",".218",".294",".250","527.0",".254",".346",".350","93.4","Prone","Pr",  
"3B, SP","Yeager, Joe R  ","$3,153,000","8113",".253",".315",".377","69.8","58.0","15.3","16.4","110.0",".569","8.19","95.0","22.6","46.0","Av","Av",".260",".319",".395","56.6",".248",".312",".364","58.3","Normal","Fr",  
"CF, LF, RF","Curtis, Chad R  ","$3,148,000","14337",".249",".329",".348","69.6","65.5","9.46","21.2","53.4",".637","10.3","177.0","27.9","43.5","Av","Vg",".259",".340",".372","54.4",".222",".299",".281","155.1","Normal","Pr",  
"RF, LF","Ochoa, Alex R  ","$3,143,000","8710",".257",".317",".351","66.1","97.9","12.6","18.9","95.9",".588","13.3","103.1","26.0","50.2","Av","Av",".265",".327",".377","78.8",".250",".307",".330","121.5","Normal","Pr",  
"RF, LF, CF","Swoboda, Ron R  ","$3,142,000","7307",".242",".321",".366","67.7","46.0","9.86","21.4","375.0",".489","4.95","93.8","32.6","32.9","Av","Fr",".248",".328",".375","47.7",".232",".310",".351","43.3","Prone","Pr",  
"C","Cervelli, Francisco R  ","$3,141,000","6802",".249",".336",".317","65.0","147.9","9.56","25.3","649.1",".522","8.20","147.0","36.1","37.1","Fr","Pr",".260",".347",".337","121.2",".243",".331",".306","168.4","Fragile","Pr",  
"SS","Uribe, Jose S  ","$3,139,000","14691",".240",".282",".302","49.6","272.1","18.3","24.9","67.2",".616","9.25","97.9","37.0","81.3","Av","Av",".255",".297",".328","220.8",".234",".276",".293","303.8","Prone","Fr",  
"C","Nokes, Matt L  ","$3,138,000","17836",".240",".289",".394","65.1","27.2","16.4","25.9","643.4",".600","8.72","185.6","33.1","38.9","Av","Pr",".218",".262",".335","36.4",".244",".293",".406","26.0","Prone","Pr",  
"1B","Garko, Ryan R  ","$3,135,000","13740",".262",".337",".387","78.6","42.4","12.7","21.5","1192.0",".765","9.28","144.8","29.1","43.7","Pr","Pr",".276",".356",".419","35.8",".249",".318",".357","50.8","Normal","Pr",  
"CF, RF","Powell, Ray L  ","$3,134,000","11088",".241",".321",".376","72.3","42.6","9.59","19.5","121.0",".568","5.49","86.2","29.8","49.6","Fr","Av",".238",".319",".351","74.2",".242",".322",".382","38.2","Normal","Pr",  
"CF, LF, RF","Webster, Mitch S  ","$3,133,000","7623",".239",".305",".349","64.9","76.2","12.0","18.8","91.5",".616","7.43","63.5","31.3","74.6","Av","Vg",".249",".316",".369","69.6",".234",".299",".338","80.7","Normal","Pr",  
"RF, LF","Gross, Gabe L  ","$3,129,000","16494",".240",".327",".361","74.3","50.1","8.64","18.9","355.9",".646","6.37","145.1","25.4","83.5","Fr","Fr",".187",".263",".228","723.0",".245",".333",".374","46.0","Normal","Pr",  
"SP, 1B","Bentley, Jack L  ","$3,127,000","3231",".258",".293",".349","58.8","82.8","21.2","20.6","3450.0",".333","8.62","156.8","25.6","48.6","Pr","Pr",".246",".278",".323","94.5",".261",".298",".358","79.7","Normal","Pr",  
"CF, LF, RF","Henderson, Ken S  ","$3,124,000","4815",".238",".317",".351","67.2","50.7","9.85","20.8","79.7",".687","6.80","193.5","26.6","49.2","Av","Av",".227",".292",".338","54.1",".242",".325",".356","49.6","Prone","Pr",  
"RF","Polanco, Gregory L  ","$3,124,000","6103",".250",".318",".391","75.8","40.4","10.9","18.2","40.4",".676","7.92","99.0","25.7","63.8","Vg","Vg",".196",".264",".272","102.1",".261",".329",".412","36.5","Fragile","Fr",  
"2B","Knabe, Otto R  ","$3,122,000","8922",".227",".304",".310","56.7","83.4","10.3","23.5","75.5",".673","9.54","252.8","29.7","46.4","Av","Av",".225",".299",".306","81.2",".228",".307",".313","84.6","Normal","Pr",  
"CF","Martin, Leonys L  ","$3,121,000","3449",".237",".291",".305","54.4","123.2","14.8","28.0","29.6",".696","6.83","135.2","39.8","111.3","Vg","Vg",".225",".263",".282","247.5",".242",".302",".314","102.5","Prone","Vg",  
"3B, 2B, SS","Davenport, Jim R  ","$3,115,000","10208",".249",".312",".335","62.2","104.2","12.2","20.1","515.0",".537","7.44","149.1","26.2","50.8","Fr","Pr",".258",".324",".354","76.4",".245",".307",".327","126.5","Normal","Pr",  
"C","Alexander, Gary R  ","$3,108,000","28516",".223",".313",".401","72.7","25.2","8.77","21.9","813.6",".556","3.82","91.7","34.3","35.2","Pr","Pr",".234",".328",".426","23.6",".210",".295",".372","27.0","Normal","Av",  
"LF, RF","Seery, Emmett L  ","$3,108,000","6689",".226",".319",".321","62.3","98.4","8.58","18.4","69.1",".640","5.79","117.2","26.0","42.0","Av","Av",".216",".299",".291","156.2",".230",".327",".333","86.0","Normal","Fr",  
"2B, 1B, 3B, SS, LF","Rodriguez, Sean R  ","$3,105,000","1404",".219",".302",".348","63.9","48.4","11.1","17.5","114.9",".636","5.38","114.9","24.4","59.6","Av","Av",".237",".314",".396","38.9",".202",".291",".305","61.8","Prone","Fr",  
"2B, LF","Rowell, Bama L  ","$3,105,000","5323",".259",".300",".375","66.9","61.2","19.0","17.9","73.7",".600","12.5","99.1","23.9","80.9","Av","Av",".232",".263",".309","161.0",".264",".306",".387","55.1","Normal","Fr",  
"3B, 2B","Solarte, Yangervis S  ","$3,101,000","8420",".261",".315",".376","69.2","51.3","13.7","19.6","658.1",".518","23.3","184.3","24.3","39.5","Fr","Pr",".230",".287",".315","100.9",".265",".321",".382","48.2","Prone","Pr",  
"SS, 3B","Owen, Spike S  ","$3,100,000","16605",".240",".311",".309","58.5","259.5","10.7","20.9","165.2",".592","13.8","109.2","29.9","51.1","Fr","Av",".253",".327",".340","162.6",".231",".302",".291","410.6","Prone","Pr",  
"LF, RF","Plantier, Phil L  ","$3,098,000","11712",".230",".311",".396","73.8","25.9","9.87","21.6","401.6",".493","5.06","259.8","27.0","53.9","Fr","Fr",".194",".262",".283","45.8",".236",".319",".416","24.1","Prone","Pr",  
"RF, CF","Barrett, Johnny L  ","$3,094,000","959",".196",".290",".321","60.2","48.0","8.67","20.0","55.5",".714","6.53","92.5","30.8","138.8","Ex","Av",".232",".331",".372","46.6",".169",".258",".281","49.1","Normal","Av",  
"SS, 2B, 3B","Tejada, Ruben R  ","$3,092,000","12064",".256",".328",".308","62.9","446.8","11.2","22.9","209.3",".602","12.8","906.8","26.6","56.7","Fr","Fr",".268",".341",".326","304.4",".240",".310",".284","811.0","Prone","Fr",  
"CF, LF, RF","White, Jerry S  ","$3,089,000","5196",".238",".326",".338","70.4","66.6","8.94","21.2","56.3",".631","8.18","142.0","29.4","96.2","Av","Vg",".232",".314",".303","113.2",".240",".330",".348","59.8","Normal","Pr",  
"1B","Horton, Tony R  ","$3,084,000","17540",".264",".306",".403","69.3","44.1","18.0","16.9","269.1",".625","8.03","90.6","22.7","32.2","Av","Fr",".265",".306",".404","47.0",".266",".307",".404","42.3","Normal","Pr",  
"CF, LF, RF","Mueller, Heinie L  ","$3,084,000","5512",".251",".315",".367","69.5","58.6","12.5","19.5","146.4",".609","8.98","82.0","29.7","52.6","Fr","Av",".206",".257",".248","970.0",".260",".327",".392","48.8","Normal","Pr",  
"1B","Whitfield, Fred L  ","$3,082,000","26147",".256",".294",".423","72.2","26.6","20.9","20.9","435.2",".557","7.50","175.2","25.5","52.8","Pr","Fr",".245",".276",".375","34.9",".260",".299",".435","25.2","Prone","Pr",  
"1B","Jones, Tom R  ","$3,081,000","6585",".262",".314",".363","66.7","61.0","15.2","22.7","60.6",".643","7.95","144.2","30.0","45.6","Av","Vg",".270",".323",".371","72.3",".253",".305",".354","51.5","Normal","Pr",  
"CF, LF, RF","Payton, Jay R  ","$3,075,000","3159",".250",".302",".337","58.8","85.4","14.7","24.1","246.1",".539","13.8","104.4","35.2","41.5","Fr","Fr",".247",".309",".334","97.6",".252",".297",".340","78.8","Prone","Pr",  
"LF, RF","Savage, Ted R  ","$3,075,000","61533",".238",".336",".359","74.1","48.0","7.97","20.0","34.0",".637","6.40","124.8","28.9","45.7","Av","Vg",".253",".355",".393","38.9",".227",".322",".335","57.5","Normal","Pr",  
"RF, LF","McCarthy, Tommy R  ","$3,073,000","12103",".247",".309",".332","60.9","67.2","12.4","26.4","18.9",".682","8.22","461.0","31.1","43.7","Vg","Ex",".253",".317",".335","74.2",".243",".304",".330","63.6","Normal","Pr",  
"CF, LF, RF","May, Dave L  ","$3,071,000","6465",".245",".306",".361","64.2","46.8","12.9","22.8","90.0",".603","8.66","136.8","30.8","44.5","Fr","Av",".230",".289",".343","46.2",".246",".308",".361","47.3","Normal","Pr",  
"CF, LF, RF","Brandt, Jackie R  ","$3,067,000","5018",".248",".308",".363","67.2","57.7","12.5","19.2","142.1",".696","7.30","104.5","26.5","57.1","Av","Fr",".232",".287",".331","81.1",".261",".326",".390","46.6","Normal","Pr",  
"RF, LF","Calderon, Ivan R  ","$3,062,000","7481",".254",".319",".396","71.8","39.4","11.4","17.2","107.8",".602","7.87","138.4","22.2","30.3","Av","Av",".267",".336",".429","33.1",".234",".292",".346","55.1","Prone","Pr",  
"2B","Barberie, Bret S  ","$3,060,000","23871",".254",".335",".324","67.8","145.6","10.8","23.5","202.2",".579","7.10","179.5","31.6","60.2","Fr","Fr",".238",".317",".289","457.9",".262",".344",".341","109.9","Prone","Pr",  
"SS","Doolan, Mickey R  ","$3,058,000","19544",".227",".262",".330","49.2","72.4","23.0","18.7","37.8",".730","7.41","129.0","23.9","51.9","Vg","Vg",".234",".265",".341","71.6",".220",".259",".319","78.3","Normal","Pr",  
"RF, LF, CF","Ward, Turner S  ","$3,057,000","2420",".227",".308",".328","60.5","65.4","9.99","23.5","124.9",".524","9.64","94.7","37.1","49.1","Av","Av",".188",".274",".255","110.4",".239",".318",".349","58.4","Prone","Pr",  
"3B, 2B","Adams, Bobby R  ","$3,054,000","11057",".243",".308",".313","58.2","235.3","12.1","20.8","177.9",".557","7.63","121.5","28.5","63.6","Fr","Av",".238",".297",".297","505.1",".247",".313",".323","179.9","Normal","Fr",  
"CF, LF","Hanlon, Ned L  ","$3,053,000","6806",".224",".296",".302","53.6","82.0","10.9","29.5","32.3",".694","8.24","152.3","42.1","49.8","Vg","Vg",".216",".289",".286","101.3",".226",".298",".305","78.7","Prone","Pr",  
"CF","Schulte, Fred R  ","$3,047,000","12543",".249",".317",".346","64.9","66.7","11.1","21.7","298.7",".412","7.47","200.5","27.7","47.4","Fr","Fr",".255",".326",".353","70.6",".245",".310",".338","66.2","Normal","Pr",  
"RF, LF, CF","Orsulak, Joe L  ","$3,046,000","7812",".256",".302",".338","60.8","137.1","16.3","20.1","74.8",".669","14.4","107.0","27.3","59.5","Av","Av",".223",".257",".256",".000",".264",".312",".357","111.7","Normal","Fr",  
"LF, RF","Menosky, Mike L  ","$3,044,000","3875",".231",".316",".326","63.3","71.8","9.65","23.3","48.7",".632","6.22","105.5","35.7","59.9","Av","Vg",".226",".311",".321","64.9",".232",".317",".328","73.7","Normal","Pr",  
"RF, LF, CF","Moore, Johnny L  ","$3,043,000","17024",".259",".307",".373","67.6","44.8","16.0","24.8","774.0",".490","9.57","151.0","32.9","52.6","Fr","Fr",".250",".296",".353","51.9",".263",".314",".382","42.0","Normal","Pr",  
"CF, LF, RF","Davalillo, Vic L  ","$3,040,000","4723",".272",".311",".341","64.3","248.6","18.3","20.4","42.5",".739","12.0","129.7","26.2","70.3","Av","Vg",".231",".264",".266",".000",".282",".323",".360","195.0","Prone","Fr",  
"1B, 2B, SS","Miller, Dots R  ","$3,040,000","3641",".243",".303",".363","64.2","50.6","12.9","19.2","46.9",".635","8.79","140.6","25.3","40.8","Av","Vg",".243",".306",".359","52.2",".245",".303",".369","48.7","Normal","Pr",  
"C","Olivo, Miguel R  ","$3,039,000","36419",".238",".275",".383","59.2","34.2","20.7","21.2","149.2",".602","4.78","100.8","29.1","43.1","Av","Av",".255",".298",".423","29.9",".215",".245",".331","42.0","Normal","Pr",  
"2B","Harris, Bucky R  ","$3,037,000","15907",".227",".296",".308","54.3","89.9","13.9","24.2","57.0",".630","8.17","162.7","33.1","53.3","Av","Vg",".241",".313",".322","120.9",".218",".286",".300","77.8","Prone","Av",  
"CF, LF","Tartabull, Jose L  ","$3,037,000","5256",".252",".301",".297","55.6","1314.0","15.0","28.3","32.7",".703","15.3","150.7","38.7","104.1","Vg","Vg",".267",".311",".311",".000",".248",".299",".293","1043.8","Normal","Av",  
"RF, LF, CF","Watkins, George L  ","$3,033,000","7168",".248",".315",".385","72.5","40.7","12.4","18.6","85.9",".589","6.48","119.2","25.1","59.6","Av","Av",".229",".293",".331","58.1",".252",".319",".396","38.4","Normal","Pr",  
"2B, 3B, SS","Punto, Nick S  ","$3,031,000","5061",".244",".320",".299","60.9","460.1","9.87","25.4","69.1",".692","7.42","124.6","37.5","79.6","Vg","Av",".243",".322",".300","411.8",".244",".320",".298","500.3","Fragile","Fr",  
"1B","Rossman, Claude L  ","$3,029,000","4023",".276",".327",".399","77.3","61.0","14.1","16.2","70.5",".656","8.07","94.5","22.1","51.6","Av","Av",".242",".283",".334","62.0",".283",".335",".412","60.7","Normal","Av",  
"RF, LF, CF","Neale, Greasy L  ","$3,028,000","7323",".230",".306",".326","58.7","70.4","11.1","24.5","68.3",".593","6.70","92.9","39.4","45.9","Av","Vg",".235",".302",".311","76.0",".229",".307",".331","68.8","Normal","Fr",  
"1B","Long, Dale L  ","$3,027,000","3934",".236",".309",".384","70.5","33.3","10.5","20.3","314.4",".875","6.56","122.3","27.9","45.4","Vg","Pr",".205",".289",".286","96.2",".239",".311",".395","31.1","Normal","Pr",  
"RF, LF, CF","Murray, Red R  ","$3,022,000","1643",".250",".303",".377","66.2","51.3","14.7","18.5","25.3",".602","8.32","74.9","27.7","56.2","Vg","Ex",".259",".317",".394","54.4",".237",".286",".355","47.9","Normal","Pr",  
"CF","Dwight, Eddie R  ","$3,020,000","20462",".242",".293",".298","54.6","269.2","15.2","30.5","15.7",".702","14.0","91.4","53.4","99.4","Vg","Ex",".250",".302",".312","224.0",".237",".288",".290","305.8","Prone","Vg",  
"1B, LF, RF","Moss, Brandon L  ","$3,019,000","10667",".236",".312",".418","78.0","24.4","10.4","20.4","998.2",".545","4.94","117.4","28.5","57.0","Pr","Pr",".220",".288",".356","36.6",".240",".318",".434","22.4","Normal","Pr",  
"RF, LF, CF","Wilson, Glenn R  ","$3,019,000","7523",".243",".285",".352","54.5","51.5","18.3","22.5","288.2",".528","7.07","164.7","28.2","30.8","Fr","Fr",".249",".293",".359","49.9",".239",".279",".347","52.9","Prone","Pr",  
"LF, CF, RF","Spangler, Al L  ","$3,017,000","4521",".254",".337",".338","73.8","125.6","9.00","19.8","234.4",".667","13.9","114.6","28.2","103.1","Fr","Fr",".210",".287",".239","518.0",".260",".344",".351","114.4","Prone","Pr",  
"C","Ross, David R  ","$3,015,000","11045",".226",".309",".371","67.8","32.0","9.35","21.8","4180.7",".375","4.37","216.2","27.9","43.1","Pr","Pr",".234",".320",".385","29.9",".219",".301",".359","34.0","Prone","Fr",  
"SS, 2B, 3B","Turner, Terry R  ","$3,014,000","5486",".238",".299",".346","60.3","59.0","12.8","21.3","73.9",".631","7.73","116.6","29.4","46.3","Av","Vg",".253",".319",".374","48.8",".231",".288",".331","66.4","Prone","Pr",  
"LF, RF","Kubel, Jason L  ","$3,012,000","8978",".256",".322",".410","77.2","34.0","11.3","18.3","831.7",".480","6.30","107.3","25.1","41.4","Fr","Pr",".232",".282",".340","59.7",".261",".331",".424","31.2","Normal","Pr",  
"SS","Izturis, Cesar S  ","$3,008,000","10170",".246",".285",".291","47.4","726.4","19.7","29.8","54.2",".691","22.7","153.5","40.4","50.9","Vg","Av",".243",".282",".283","1202.7",".248",".286",".295","596.5","Prone","Fr",  
"C","Pytlak, Frankie R  ","$3,008,000","3670",".229",".287",".291","47.9","262.1","15.2","25.5","109.0",".552","10.6","98.4","39.2","51.7","Av","Av",".232",".293",".300","180.9",".227",".282",".282","465.2","Prone","Pr",  
"1B","Reilly, John R  ","$3,007,000","7388",".261",".294",".403","68.1","54.3","28.1","15.4","44.5",".673","7.34","49.5","24.5","45.5","Vg","Vg",".270",".301",".421","50.4",".252",".286",".381","62.9","Normal","Pr",  
"CF, LF, RF","Smith, Jack L  ","$3,002,000","4201",".263",".320",".383","73.0","53.2","12.8","19.4","43.8",".650","8.45","91.1","28.0","52.8","Av","Vg",".195",".226",".245","159.0",".268",".327",".394","50.4","Normal","Pr",  
"C","Grace, Earl L  ","$3,001,000","7733",".230",".311",".344","64.1","39.5","9.60","27.4","874.5",".667","9.78","672.7","32.5","43.5","Pr","Pr",".183",".259",".253","70.3",".234",".315",".352","38.0","Normal","Pr",  
"SS, 2B, 3B","Castro, Starlin R  ","$3,000,000","12379",".265",".307",".354","61.4","108.6","17.7","19.5","155.9",".556","10.4","115.3","25.4","38.9","Av","Fr",".273",".317",".366","122.1",".260",".301",".344","103.4","Normal","Pr",  
"SS","Aybar, Erick S  ","$2,999,000","15327",".263",".307",".330","60.9","326.1","17.6","21.4","37.3",".705","15.5","103.8","29.8","61.8","Vg","Vg",".256",".296",".316","855.2",".268",".313",".338","244.8","Prone","Vg",  
"LF, CF, RF","Reichardt, Rick R  ","$2,999,000","11510",".257",".317",".388","70.9","41.4","14.5","21.1","295.4",".566","5.59","103.3","30.0","37.7","Fr","Fr",".257",".314",".387","42.1",".257",".320",".388","40.8","Prone","Pr",  
"C, 1B","McGuire, Deacon R  ","$2,998,000","11555",".250",".307",".353","63.2","72.7","13.5","18.1","133.4",".519","7.69","166.7","22.5","50.9","Fr","Av",".261",".324",".379","61.7",".238",".289",".327","85.6","Normal","Pr",  
"CF, LF, RF","Davis, Rajai R  ","$2,995,000","6503",".260",".311",".338","63.6","271.0","15.0","18.2","14.0",".695","8.31","85.5","25.9","52.9","Vg","Ex",".260",".311",".349","180.1",".259",".312",".331","398.2","Normal","Fr",  
"LF, CF, RF","Palmeiro, Orlando L  ","$2,994,000","11620",".259",".331",".308","64.9","830.0","10.7","25.0","201.8",".608","16.3","247.5","31.9","75.0","Fr","Fr",".251",".310",".281","3047.0",".262",".339",".317","659.5","Normal","Fr",  
"RF, LF, CF","Altman, George L  ","$2,993,000","15621",".255",".313",".387","72.6","42.7","13.3","19.9","161.9",".671","6.48","99.2","28.1","66.3","Av","Fr",".244",".295",".346","61.8",".258",".318",".398","39.1","Normal","Pr",  
"1B, LF","Stahl, Jake R  ","$2,993,000","3398",".248",".312",".390","73.3","53.1","14.3","15.3","97.5",".709","7.84","55.1","24.9","51.4","Av","Vg",".256",".320",".414","51.2",".237",".300",".357","55.8","Prone","Pr",  
"2B, 1B, 3B, SS","Schaefer, Germany R  ","$2,992,000","15631",".243",".310",".349","65.7","51.9","11.3","23.7","39.7",".693","8.08","190.9","31.0","52.8","Vg","Vg",".244",".315",".348","51.1",".243",".307",".350","52.1","Prone","Pr",  
"SS","Duffy, Frank R  ","$2,987,000","15282",".226",".273",".296","44.0","191.0","17.2","21.4","97.3",".650","8.07","151.3","27.6","40.3","Av","Av",".232",".283",".306","158.7",".223",".268",".291","213.8","Normal","Fr",  
"C","Norris, Derek R  ","$2,987,000","6924",".238",".311",".367","67.7","44.4","10.6","18.8","110.9",".729","6.42","136.2","25.0","42.2","Vg","Fr",".255",".333",".405","39.5",".219",".283",".325","49.5","Normal","Pr",  
"SS, 2B","Wright, George R  ","$2,987,000","14572",".214",".271",".288","42.9","123.5","14.5","23.3","1141.4",".609","6.60","153.7","30.6","43.7","Pr","Pr",".219",".279",".296","107.6",".208",".262",".278","152.2","Normal","Pr",  
"LF, 2B, CF","Harris, Willie L  ","$2,986,000","5641",".223",".305",".283","55.3","182.0","9.83","28.8","32.7",".723","7.41","118.7","45.1","80.1","Vg","Vg",".183",".258",".223","453.0",".230",".314",".295","163.3","Normal","Fr",  
"CF, LF","McAleer, Jimmy R  ","$2,986,000","14241",".209",".270",".269","40.6","104.7","13.4","34.6","20.2",".696","6.84","579.7","40.7","46.6","Vg","Ex",".225",".289",".304","71.5",".199",".258",".245","159.5","Prone","Pr",  
"CF, LF, RF","Benard, Marvin L  ","$2,984,000","4951",".257",".322",".359","71.3","76.2","11.7","19.3","50.2",".612","9.33","103.3","26.8","109.5","Av","Vg",".223",".276",".285","137.0",".263",".329",".371","71.1","Normal","Pr",  
"1B","Revering, Dave L  ","$2,984,000","5084",".262",".315",".423","78.2","32.6","13.9","17.4","693.1",".571","8.97","104.6","23.1","50.0","Pr","Pr",".232",".272",".356","38.4",".267",".321",".432","31.9","Normal","Pr",  
"LF, 1B, 2B, 3B, CF, RF","Hinton, Chuck R  ","$2,981,000","6210",".253",".318",".369","70.4","57.0","11.3","18.9","45.4",".707","6.67","104.5","26.3","49.3","Vg","Av",".250",".314",".355","59.0",".255",".320",".378","55.8","Normal","Pr",  
"LF, CF, RF","Bosley, Thad L  ","$2,973,000","5537",".265",".323",".333","63.5","115.4","12.5","29.0","85.8",".651","7.16","156.2","40.1","44.8","Av","Av",".218",".262",".237",".000",".270",".330",".343","99.7","Prone","Pr",  
"C, 1B","Triandos, Gus R  ","$2,972,000","11998",".236",".301",".390","67.9","25.9","12.0","27.3","3329.0",".364","6.26","739.8","31.6","37.8","Pr","Pr",".235",".298",".382","27.8",".237",".304",".396","24.6","Prone","Pr",  
"C","Eusebio, Tony R  ","$2,971,000","6787",".263",".338",".329","66.0","138.5","10.1","24.8","1908.8",".571","8.31","263.3","31.2","33.3","Pr","Pr",".272",".349",".345","115.1",".248",".319",".304","203.4","Prone","Pr",  
"RF, LF","Mieske, Matt R  ","$2,968,000","12938",".257",".316",".409","73.9","34.3","12.5","17.8","365.1",".549","8.53","122.8","23.4","34.3","Fr","Fr",".267",".329",".434","30.7",".221",".266",".314","62.4","Prone","Pr",  
"C","Fosse, Ray R  ","$2,967,000","13128",".250",".294",".335","55.7","99.5","18.0","21.1","288.7",".605","9.02","141.5","27.1","40.1","Fr","Fr",".253",".294",".328","121.1",".251",".296",".343","87.5","Normal","Pr",  
"2B, 1B, 3B","Teufel, Tim R  ","$2,962,000","22405",".244",".328",".381","74.3","43.4","9.11","16.4","277.7",".564","7.41","186.5","20.7","39.2","Fr","Fr",".250",".336",".393","40.1",".240",".321",".371","46.5","Prone","Pr",  
"C","Sawatski, Carl L  ","$2,961,000","14855",".227",".306",".354","64.8","31.5","9.84","31.6","558.0",".909","6.65","1115.9","36.8","46.0","Av","Pr",".199",".253",".267","62.7",".230",".312",".366","29.6","Normal","Pr",  
"RF, LF","Jose, Felix S  ","$2,959,000","12047",".257",".308",".361","63.4","65.5","14.8","19.7","49.9",".601","6.32","146.8","25.0","43.6","Av","Vg",".259",".309",".373","61.6",".256",".307",".354","67.9","Normal","Pr",  
"CF, LF","Law, Rudy L  ","$2,958,000","1769",".256",".320",".346","71.6","117.9","12.1","20.8","14.8",".743","14.8","68.0","35.2","93.9","Vg","Ex",".211",".291",".257","171.0",".267",".327",".367","109.8","Normal","Av",  
"3B","Jackson, Randy R  ","$2,955,000","17625",".244",".298",".374","62.3","42.8","14.2","20.7","350.6",".529","7.53","91.4","30.1","32.0","Av","Fr",".233",".282",".340","55.6",".249",".305",".391","38.3","Prone","Pr",  
"1B","Waitkus, Eddie L  ","$2,955,000","4648",".263",".314",".336","61.8","145.2","14.9","21.7","281.3",".409","12.5","174.6","27.4","49.6","Fr","Fr",".232",".281",".266","450.5",".270",".322",".353","124.9","Prone","Pr",  
"2B, 1B, 3B","Flowers, Jake R  ","$2,950,000","1773",".235",".321",".344","67.0","50.7","9.38","22.4","101.8",".800","7.92","226.2","29.1","39.9","Av","Av",".235",".324",".323","69.5",".235",".319",".363","40.8","Normal","Av",  
"RF, 1B, LF, CF","Simpson, Harry L  ","$2,944,000","5654",".254",".305",".367","65.0","53.8","14.8","23.1","236.0",".591","6.27","77.7","37.0","48.3","Fr","Fr",".231",".273",".304","111.7",".260",".314",".384","47.1","Normal","Pr",  
"CF","Fultz, Dave R  ","$2,939,000","16254",".253",".326",".341","68.8","64.5","10.6","26.6","18.1",".686","8.34","332.0","33.4","52.2","Vg","Ex",".264",".340",".360","58.6",".243",".312",".322","72.5","Prone","Vg",  
"SS, 2B","Magoon, George R  ","$2,938,000","13813",".221",".309",".311","58.5","63.1","9.45","24.9","73.9",".656","7.23","545.3","30.1","48.4","Av","Av",".224",".311",".330","51.1",".220",".308",".300","73.4","Normal","Fr",  
"RF, LF, CF","Reynolds, Carl R  ","$2,936,000","6045",".260",".300",".393","68.3","56.0","20.7","15.9","91.6",".664","7.95","63.2","23.6","45.5","Av","Av",".264",".306",".404","53.2",".255",".295",".382","59.4","Prone","Pr",  
"CF","Virdon, Bill L  ","$2,936,000","13268",".244",".295",".323","56.5","132.7","14.8","22.2","424.3",".618","9.50","98.1","31.9","65.0","Fr","Fr",".218",".266",".273","301.2",".256",".307",".346","105.6","Normal","Pr",  
"2B, 3B, SS","Easley, Damion R  ","$2,932,000","9055",".241",".315",".352","66.8","54.5","12.1","21.0","93.5",".583","8.63","139.7","28.5","54.2","Av","Av",".249",".328",".366","55.3",".233",".305",".339","53.9","Fragile","Pr",  
"1B, LF","Morrison, Logan L  ","$2,928,000","835",".216",".307",".335","64.0","38.0","8.84","28.8","955.0","1.00","7.96","191.0","39.8","63.7","Av","Pr",".198",".287",".325","35.9",".227",".319",".342","39.4","Prone","Fr",  
"LF, RF","Piniella, Lou R  ","$2,928,000","11872",".279",".318",".395","70.3","61.2","19.1","17.1","192.2",".674","13.0","125.6","21.4","30.5","Fr","Fr",".288",".333",".421","47.7",".268",".296",".362","96.7","Prone","Pr",  
"2B, SS","DeMontreville, Gene R  ","$2,926,000","16750",".257",".296",".342","59.1","75.5","19.1","23.6","21.1",".702","7.68","400.3","27.1","48.2","Vg","Ex",".259",".299",".345","69.3",".257",".294",".341","79.3","Normal","Pr",  
"C","Mueller, Ray R  ","$2,926,000","9250",".232",".290",".355","59.2","44.0","13.8","21.6","275.7",".597","6.42","130.8","29.1","41.5","Av","Fr",".244",".306",".363","49.0",".225",".282",".350","41.6","Prone","Pr",  
"LF","Ellis, Rube L  ","$2,915,000","4016",".244",".314",".358","65.9","52.2","11.0","20.6","90.0",".538","6.98","140.6","27.6","44.1","Av","Av",".223",".301",".329","58.0",".254",".320",".372","49.8","Normal","Pr",  
"3B, 2B, SS, LF, RF","Friberg, Bernie R  ","$2,914,000","9522",".227",".313",".295","56.6","123.7","9.29","26.4","211.1",".547","5.93","179.9","36.6","52.3","Fr","Fr",".240",".326",".319","101.4",".218",".304",".280","144.2","Normal","Fr",  
"2B, 3B","Crooks, Jack R  ","$2,912,000","10054",".196",".322",".283","59.7","67.5","6.52","27.9","35.3",".683","6.46","180.2","41.2","48.3","Vg","Vg",".206",".333",".301","59.4",".187",".312",".266","77.6","Prone","Pr",  
"1B","Quintana, Carlos R  ","$2,911,000","30653",".274",".352",".358","74.5","71.6","9.26","24.7","1396.7",".500","10.9","554.3","29.6","29.4","Pr","Pr",".285",".367",".384","56.4",".245",".312",".293","230.1","Normal","Pr",  
"CF, LF, RF","Byrd, Marlon R  ","$2,910,000","3327",".255",".309",".363","64.9","59.4","15.5","20.8","172.5",".539","6.70","106.5","28.7","46.4","Av","Fr",".255",".309",".355","80.9",".254",".309",".374","44.4","Prone","Pr",  
"1B","Ganzel, John R  ","$2,910,000","4515",".245",".302",".380","67.0","47.0","14.4","17.1","101.7",".570","7.86","85.9","24.2","46.1","Av","Av",".254",".308",".383","53.5",".235",".297",".375","41.7","Normal","Pr",  
"C","Sasser, Mackey L  ","$2,910,000","9517",".266",".295",".363","60.3","101.2","24.7","16.5","1435.3",".539","16.9","145.6","19.7","37.9","Pr","Pr",".218",".229",".278","201.6",".271",".303",".374","95.6","Prone","Pr",  
"C","Karkovice, Ron R  ","$2,909,000","12789",".204",".269",".342","54.0","34.8","13.3","22.4","197.1",".643","4.23","166.9","29.2","76.7","Av","Fr",".197",".261",".332","34.8",".208",".272",".348","34.1","Prone","Pr",  
"3B","Mowrey, Mike R  ","$2,909,000","5004",".243",".315",".353","68.0","56.2","10.6","20.5","39.8",".736","8.40","134.5","28.0","47.1","Vg","Vg",".253",".329",".372","52.9",".225",".291",".322","63.2","Prone","Pr",  
"LF, CF, RF","Sample, Bill R  ","$2,908,000","7065",".257",".319",".365","71.1","60.9","13.5","19.8","37.4",".685","11.9","134.8","26.2","65.7","Vg","Vg",".267",".324",".383","58.2",".250",".314",".351","63.1","Normal","Fr",  
"3B, 1B, 2B, SS","Law, Vance R  ","$2,906,000","16191",".243",".318",".347","66.0","71.3","10.1","18.7","304.6",".556","7.74","141.7","24.7","43.9","Fr","Fr",".249",".331",".350","73.3",".239",".309",".344","70.1","Normal","Pr",  
"C","Mancuso, Gus R  ","$2,904,000","18929",".240",".310",".317","57.9","89.3","11.2","24.0","1015.3",".583","9.66","761.5","28.0","39.0","Fr","Pr",".239",".310",".321","78.6",".240",".309",".313","98.8","Normal","Pr",  
"C","Macfarlane, Mike R  ","$2,903,000","13667",".233",".300",".375","66.3","38.7","14.2","17.8","948.7",".500","6.58","127.6","23.4","46.6","Fr","Pr",".229",".297",".363","41.3",".237",".304",".384","37.5","Prone","Pr",  
"C","Greene, Joe R  ","$2,902,000","14724",".234",".293",".375","61.8","31.8","12.9","23.0","3226.6",".385","5.79","293.3","27.5","33.0","Pr","Pr",".240",".296",".382","30.5",".230",".292",".369","33.4","Normal","Pr",  
"LF, CF","Martin, Al L  ","$2,902,000","4026",".264",".325",".382","74.7","54.4","12.1","19.6","44.5",".613","6.84","94.7","28.2","70.7","Av","Vg",".220",".251",".297","107.2",".271",".336",".395","50.6","Prone","Pr",  
"C","McCarty, Lew R  ","$2,896,000","9451",".267",".322",".366","70.0","66.6","13.8","21.8","385.3",".458","9.35","123.9","29.7","51.3","Fr","Fr",".283",".338",".401","50.0",".255",".311",".342","86.8","Normal","Pr",  
"LF, 1B, RF","Skinner, Bob L  ","$2,894,000","4549",".249",".321",".372","71.6","52.9","10.6","18.4","113.1",".682","7.91","96.0","26.2","47.1","Av","Fr",".247",".306",".348","83.3",".250",".326",".379","47.5","Normal","Pr",  
"SP, 3B, LF, CF, RF","Mullane, Tony S  ","$2,890,000","1528",".234",".296",".313","54.9","76.4","12.7","26.8","32.1",".726","7.66","340.2","32.7","41.5","Vg","Vg",".246",".306",".325","83.5",".229",".291",".313","69.0","Normal","Pr",  
"3B, 2B, SS, LF, RF","Hartzell, Roy L  ","$2,888,000","27724",".250",".320",".345","65.7","56.8","11.1","27.3","42.0",".618","8.77","200.5","36.1","45.9","Av","Vg",".233",".304",".296","93.7",".255",".324",".358","51.6","Normal","Pr",  
"RF","Griffith, Tommy L  ","$2,886,000","2335",".246",".313",".354","66.3","54.3","11.1","22.7","92.9",".636","10.5","123.9","31.7","51.0","Fr","Av",".211",".263",".271","83.0",".252",".322",".368","51.4","Normal","Pr",  
"1B","Hurst, Don L  ","$2,882,000","10062",".236",".319",".383","74.2","29.9","9.31","24.7","295.1",".629","8.41","182.7","33.5","49.8","Fr","Fr",".232",".311",".375","30.4",".238",".323",".386","29.6","Normal","Pr",  
"C","Atwell, Toby L  ","$2,876,000","25561",".246",".336",".316","64.5","109.7","8.56","25.4","1226.4",".667","12.0","327.0","32.1","32.8","Fr","Pr",".193",".261",".219","510.0",".253",".346",".330","99.5","Normal","Pr",  
"CF, LF, RF","Allen, Ethan R  ","$2,875,000","1620",".237",".283",".325","51.5","85.3","17.3","20.8","103.1",".472","7.52","219.0","25.0","53.1","Fr","Av",".254",".294",".356","91.1",".226",".276",".305","81.8","Normal","Fr",  
"CF, LF","Goodwin, Tom L  ","$2,875,000","6213",".255",".316",".295","58.9","776.6","12.2","33.6","13.3",".678","8.36","175.8","47.0","96.6","Vg","Ex",".263",".328",".302","848.5",".254",".313",".294","718.7","Prone","Av",  
"C","Clarke, Jay L  ","$2,874,000","13917",".239",".309",".352","64.4","57.0","10.9","18.8","273.4",".606","7.70","152.8","24.4","44.1","Fr","Fr",".226",".291",".332","59.4",".240",".310",".354","55.9","Prone","Pr",  
"2B, 3B","Ferris, Hobe R  ","$2,874,000","6825",".233",".269",".356","54.9","51.3","20.8","18.8","84.0",".674","8.38","91.3","25.8","51.1","Av","Av",".240",".278",".376","43.8",".230",".265",".344","59.2","Normal","Pr",  
"2B","Remy, Jerry L  ","$2,874,000","21225",".268",".323",".317","62.5","408.2","13.6","30.2","36.1",".644","12.1","145.2","43.6","65.5","Av","Vg",".248",".296",".279","4100.0",".273",".329",".325","335.8","Prone","Vg",  
"3B, 2B, SS","Izturis, Maicer S  ","$2,872,000","13820",".261",".322",".331","66.3","230.3","12.4","20.8","45.0",".738","18.5","124.4","28.2","61.7","Vg","Av",".256",".313",".316","512.4",".263",".325",".337","180.6","Fragile","Pr",  
"3B","Betemit, Wilson S  ","$2,869,000","14651",".259",".328",".396","76.5","38.8","10.5","19.0","962.3",".531","4.93","155.8","24.6","44.0","Pr","Pr",".226",".273",".306","89.8",".265",".339",".414","34.8","Prone","Pr",  
"2B, SS, LF, CF","Jackson, Damian R  ","$2,869,000","13591",".232",".305",".307","57.7","209.1","10.8","19.0","23.3",".681","5.66","140.9","25.0","68.9","Vg","Ex",".245",".312",".331","177.1",".224",".301",".293","234.9","Normal","Pr",  
"SS, 1B, 3B","Amaro, Ruben Sr R  ","$2,868,000","17088",".235",".305",".286","51.5","551.2","11.2","24.4","286.4",".609","9.51","252.5","30.7","42.0","Fr","Fr",".241",".316",".299","396.1",".231",".297",".277","724.6","Normal","Pr",  
"SS, CF","Parent, Freddy R  ","$2,868,000","10636",".247",".306",".349","63.2","64.9","13.5","21.2","66.7",".631","7.72","119.8","29.5","50.7","Av","Vg",".258",".319",".376","50.8",".241",".299",".337","75.0","Prone","Av",  
"C","Dalrymple, Clay L  ","$2,865,000","10407",".221",".302",".304","55.7","88.2","9.92","24.0","1314.9",".692","9.66","171.5","32.4","50.8","Pr","Pr",".192",".262",".245","170.3",".226",".309",".313","81.5","Prone","Pr",  
"C","Edwards, Johnny L  ","$2,861,000","6908",".222",".282",".320","53.1","79.4","13.3","19.6","844.7",".409","9.01","128.8","25.9","64.4","Fr","Pr",".222",".276",".305","105.5",".223",".283",".323","75.6","Prone","Pr",  
"1B","Luderus, Fred L  ","$2,861,000","12623",".257",".317",".390","73.3","40.3","12.5","18.1","516.1",".575","7.98","284.4","21.5","48.1","Fr","Fr",".253",".312",".358","53.1",".258",".319",".399","37.7","Normal","Pr",  
"LF, CF","Coleman, Vince S  ","$2,859,000","36045",".249",".310",".309","65.3","321.8","12.5","27.4","8.39",".763","7.05","78.7","48.9","130.4","Ex","Ex",".258",".320",".323","331.3",".244",".303",".301","306.7","Prone","Pr",  
"1B","Walker, Greg L  ","$2,858,000","9330",".248",".312",".405","74.6","33.2","11.9","16.9","191.2",".587","6.97","143.4","21.5","48.7","Av","Fr",".197",".245",".304","51.8",".255",".321",".420","31.5","Prone","Pr",  
"SP, RF","Sanders, Ben R  ","$2,853,000","1104",".229",".265",".308","45.7","110.4","21.6","22.1","396.3","1.00","7.25","169.9","27.7","51.7","Fr","Fr",".236",".275",".333","98.4",".224",".257",".288","122.4","Normal","Fr",  
"2B","Cutshaw, George R  ","$2,851,000","14621",".242",".290",".343","56.6","59.4","15.8","23.9","28.8",".626","11.2","127.7","32.4","45.5","Av","Ex",".256",".306",".360","57.9",".235",".282",".334","60.3","Normal","Pr",  
"RF, LF, CF","Westlake, Wally R  ","$2,851,000","14207",".247",".304",".391","68.2","31.2","14.6","26.2","305.4",".560","5.94","106.0","39.3","38.2","Fr","Fr",".242",".297",".374","35.2",".250",".308",".400","29.7","Normal","Pr",  
"2B, 3B, SS","Reboulet, Jeff R  ","$2,850,000","8955",".214",".300",".252","46.3","1492.5","9.34","29.9","206.6",".581","8.17","607.6","36.6","54.7","Fr","Fr",".211",".292",".243","1783.5",".216",".305",".257","1347.0","Normal","Fr",  
"2B, 1B, 3B, RF","Baker, Jeff R  ","$2,849,000","6976",".243",".302",".368","63.0","43.9","12.6","20.6","425.2",".621","5.59","141.7","27.0","34.3","Av","Pr",".259",".321",".401","36.2",".230",".287",".340","52.9","Prone","Fr",  
"1B, LF, RF","Trumbo, Mark R  ","$2,849,000","12415",".244",".301",".407","70.7","26.5","13.1","22.9","266.2",".646","5.63","174.0","29.3","39.7","Fr","Fr",".233",".292",".388","29.5",".251",".306",".419","24.7","Prone","Pr",  
"CF, RF","Campbell, Vin L  ","$2,848,000","843",".276",".318",".387","72.1","52.7","17.2","22.8","50.6",".600","9.10","113.8","31.4","60.7","Av","Av",".244",".289",".261",".000",".282",".323",".407","45.2","Normal","Pr",  
"LF, 2B, CF, RF","Hairston, Scott R  ","$2,845,000","9645",".236",".295",".391","68.1","34.3","13.1","17.3","241.4",".647","6.17","115.5","22.8","55.0","Av","Fr",".246",".308",".438","26.3",".229",".281",".361","40.3","Fragile","Pr",  
"LF, CF, RF","Jones, Cleon R  ","$2,844,000","6879",".264",".315",".360","65.4","76.4","15.7","20.9","54.5",".692","6.71","131.1","27.5","39.1","Av","Av",".252",".300",".323","154.4",".271",".322",".378","60.8","Prone","Pr",  
"LF","Dalrymple, Abner L  ","$2,842,000","6817",".265",".317",".384","70.9","54.1","14.4","18.5","186.4",".580","7.39","106.5","24.9","42.1","Av","Fr",".264",".318",".383","51.3",".265",".317",".385","55.4","Normal","Pr",  
"SS, 2B, 3B","Versalles, Zoilo R  ","$2,839,000","18639",".236",".285",".332","54.4","127.7","17.0","16.8","91.0",".617","7.42","85.2","23.1","52.6","Av","Av",".247",".294",".352","113.6",".230",".280",".321","134.2","Normal","Pr",  
"2B, 1B, SS, LF, RF","Hummel, John R  ","$2,835,000","3192",".248",".309",".374","68.5","49.1","12.0","19.7","321.3",".500","7.29","76.8","30.5","49.1","Av","Av",".257",".321",".406","42.9",".241",".301",".351","54.7","Prone","Pr",  
"CF, 2B, SS, LF, RF","Witt, Whitey L  ","$2,835,000","21887",".253",".327",".336","66.0","76.5","10.1","27.2","164.5",".556","7.90","157.2","38.0","43.4","Fr","Av",".246",".318",".319","96.2",".256",".330",".343","71.5","Prone","Pr",  
"LF, RF","Hairston, Jerry Sr S  ","$2,828,000","12236",".242",".338",".333","71.5","111.2","7.95","17.3","835.2",".548","8.93","177.5","22.7","55.7","Pr","Pr",".247",".337",".329","202.8",".241",".341",".338","86.5","Normal","Pr",  
"C","Snyder, Chris R  ","$2,828,000","4364",".218",".306",".342","61.5","35.5","8.99","26.0","1663.0","1.00","5.48","831.5","30.8","36.4","Pr","Pr",".228",".322",".373","31.1",".197",".273",".282","48.4","Normal","Pr",  
"3B, SS","Christman, Mark R  ","$2,823,000","10507",".226",".269",".285","40.2","145.9","19.7","28.8","298.8",".623","9.94","324.5","34.4","34.3","Fr","Fr",".231",".273",".296","127.6",".223",".266",".278","157.5","Normal","Pr",  
"3B, 1B, 2B","Cantu, Jorge R  ","$2,814,000","10148",".259",".308",".383","66.7","48.6","16.3","17.7","687.9",".552","8.68","211.7","21.1","32.6","Av","Pr",".266",".311",".395","46.3",".255",".306",".375","50.4","Normal","Pr",  
"CF, LF, RF","Chavez, Endy L  ","$2,814,000","4683",".254",".295",".299","52.7","936.6","18.5","29.5","30.6",".686","18.6","131.7","42.8","58.4","Vg","Vg",".227",".266",".271",".000",".263",".306",".309","685.2","Normal","Av",  
"LF, 1B, CF, RF","Cooley, Duff L  ","$2,814,000","2284",".246",".292",".352","59.2","71.4","16.2","20.8","65.2",".585","7.60","66.9","33.9","55.0","Av","Vg",".213",".249",".340","52.5",".251",".299",".354","75.7","Prone","Pr",  
"CF, LF, RF","Orsatti, Ernie L  ","$2,813,000","2950",".258",".319",".357","66.5","81.9","12.4","19.4","71.3",".590","7.33","99.3","27.5","41.0","Av","Av",".223",".295",".247",".000",".262",".322",".370","73.7","Prone","Pr",  
"LF, RF","Foster, Roy R  ","$2,812,000","9367",".248",".323",".398","75.2","36.7","10.9","16.2","319.8",".623","8.37","164.9","20.6","35.2","Av","Fr",".256",".335",".420","33.4",".226",".293",".343","49.0","Fragile","Pr",  
"2B, 3B, LF, RF","McLemore, Mark S  ","$2,798,000","17791",".241",".329",".284","59.3","593.0","8.66","30.9","34.7",".638","9.56","190.9","43.6","57.1","Av","Vg",".222",".300",".250","1619.7",".248",".340",".299","460.0","Prone","Pr",  
"C","Berberet, Lou L  ","$2,795,000","10099",".217",".314",".321","60.4","52.3","8.12","27.2","2908.8",".500","6.95","122.5","42.2","36.8","Pr","Pr",".171",".272",".222","117.5",".222",".319",".331","49.5","Normal","Pr",  
"RF, LF","Lemon, Jim R  ","$2,793,000","9996",".248",".311",".403","73.5","30.8","12.3","20.5","239.9",".648","4.58","126.9","27.5","47.6","Fr","Fr",".248",".308",".396","34.4",".249",".312",".409","28.6","Normal","Pr",  
"C","Schneider, Brian L  ","$2,786,000","9121",".235",".299",".320","54.9","94.0","12.1","22.0","5052.0",".286","10.3","157.9","28.9","38.1","Pr","Pr",".189",".247",".230","200.8",".242",".306",".331","87.7","Prone","Pr",  
"SS, C, LF, RF","Rowe, Jack L  ","$2,783,000","8114",".254",".303",".346","61.0","85.4","15.7","21.0","245.9",".667","10.5","113.5","28.7","42.4","Av","Fr",".254",".297",".335","125.4",".254",".305",".350","78.5","Normal","Pr",  
"LF, CF, RF","Graney, Jack L  ","$2,781,000","9967",".228",".325",".358","71.6","47.9","8.01","17.2","75.8",".646","7.83","126.1","23.8","46.6","Av","Av",".206",".306",".310","57.9",".234",".331",".371","45.7","Normal","Pr",  
"1B","Unglaub, Bob R  ","$2,780,000","2871",".257",".302",".359","62.3","84.4","16.4","18.4","91.3",".607","7.61","91.3","25.4","45.0","Av","Av",".270",".315",".381","65.8",".242",".287",".332","129.1","Normal","Pr",  
"3B","Malzone, Frank R  ","$2,778,000","10958",".245",".285",".335","53.4","69.8","19.0","23.2","469.9",".581","12.8","249.9","27.6","38.5","Av","Pr",".242",".278",".331","71.2",".246",".289",".337","69.0","Normal","Pr",  
"C","Severeid, Hank R  ","$2,778,000","7518",".245",".298",".314","54.1","112.2","14.8","25.1","295.5",".384","10.6","435.5","29.4","50.8","Fr","Fr",".242",".298",".314","92.3",".246",".299",".314","119.0","Normal","Pr",  
"1B, 3B, LF","Cater, Danny R  ","$2,777,000","6329",".267",".304",".364","61.5","80.1","20.5","18.9","192.8",".564","12.5","150.0","23.4","33.1","Fr","Fr",".265",".297",".363","82.5",".269",".312",".366","76.6","Normal","Pr",  
"RF, LF, CF","Baumholtz, Frank L  ","$2,776,000","8824",".262",".311",".340","62.4","267.4","15.7","18.9","204.9",".534","10.6","84.5","27.2","55.0","Fr","Fr",".227",".264",".277","1658.0",".270",".321",".354","223.9","Normal","Fr",  
"SS, 2B","Lugo, Julio R  ","$2,776,000","23182",".256",".322",".337","66.9","117.1","11.4","22.2","33.7",".669","7.61","112.5","31.8","66.2","Vg","Vg",".250",".310",".320","191.9",".260",".329",".347","96.7","Prone","Av",  
"LF, RF","Whitfield, Terry L  ","$2,776,000","10597",".266",".318",".366","68.5","71.1","14.2","19.1","194.2",".571","7.67","168.8","24.0","46.4","Fr","Fr",".222",".265",".271","332.7",".270",".323",".376","65.7","Normal","Pr",  
"CF, LF, RF","Landreaux, Ken L  ","$2,774,000","4864",".249",".299",".369","65.0","59.3","15.4","17.4","43.1",".644","11.4","92.9","23.9","55.2","Av","Vg",".247",".287",".353","79.0",".250",".303",".374","54.9","Normal","Pr",  
"LF, CF, RF","Ledee, Ricky L  ","$2,774,000","9684",".235",".312",".353","67.0","56.6","9.83","18.3","294.9",".597","6.02","105.9","25.6","58.0","Av","Fr",".207",".273",".294","122.5",".238",".317",".360","53.4","Prone","Pr",  
"2B, 3B, SS","Sogard, Eric L  ","$2,774,000","1825",".232",".294",".275","48.3","1825.0","12.2","26.4","45.9",".667","16.3","288.4","32.6","56.1","Vg","Av",".220",".283",".263",".000",".237",".294",".283","1238.0","Prone","Av",  
"CF, 1B, LF, RF","Martinez, Dave L  ","$2,773,000","4371",".249",".307",".319","60.1","141.0","12.9","26.8","63.4",".685","9.37","89.2","44.2","73.0","Av","Av",".229",".277",".272","546.5",".255",".317",".335","113.0","Normal","Pr",  
"RF, LF","Mohr, Dustan R  ","$2,772,000","7850",".232",".304",".353","64.2","44.4","10.6","21.3","172.4",".580","4.47","187.1","27.4","59.8","Fr","Fr",".231",".312",".357","39.9",".233",".297",".349","49.4","Normal","Pr",  
"LF, 1B, RF","Rivera, Juan R  ","$2,770,000","13222",".262",".317",".396","71.0","36.5","13.0","21.8","226.2",".485","14.3","185.6","27.4","31.1","Fr","Fr",".269",".327",".408","37.0",".257",".309",".385","36.1","Prone","Pr",  
"RF, LF, CF","Walsh, Jimmy R  ","$2,770,000","9233",".229",".316",".344","66.2","59.6","9.05","18.8","34.3",".614","7.58","95.9","28.3","52.9","Av","Ex",".233",".319",".355","52.9",".221",".311",".327","75.4","Normal","Av",  
"SS","Speier, Chris R  ","$2,767,000","7475",".237",".312",".326","60.8","77.9","10.4","23.1","155.9",".635","9.06","165.0","30.9","44.3","Fr","Fr",".232",".304",".310","116.3",".240",".316",".335","65.1","Prone","Fr",  
"SS, 2B, 3B","Vizcaino, Jose S  ","$2,765,000","24413",".259",".304",".308","55.2","393.8","16.3","28.5","196.1",".562","11.5","162.4","38.2","58.7","Fr","Fr",".262",".308",".306","1065.2",".256",".301",".308","271.0","Prone","Fr",  
"RF, LF, CF","Encarnacion, Juan R  ","$2,764,000","1101",".243",".286",".368","58.8","42.3","18.8","22.5","131.7",".529","6.89","118.5","30.4","38.2","Av","Av",".249",".300",".362","56.6",".237",".272",".374","33.4","Prone","Pr",  
"SS","Allen, Bob Gilman R  ","$2,762,000","8297",".218",".295",".325","56.4","70.9","10.1","19.5","176.3",".558","6.73","85.7","29.5","46.5","Fr","Av",".233",".313",".342","86.9",".208",".283",".313","63.2","Prone","Pr",  
"2B","Bolling, Frank R  ","$2,760,000","9792",".244",".300",".326","58.2","106.4","14.1","21.3","258.9",".583","10.8","147.0","28.2","52.5","Fr","Fr",".239",".298",".324","83.7",".247",".302",".328","126.4","Prone","Fr",  
"3B, SS","Tannehill, Lee R  ","$2,760,000","7166",".225",".262",".318","45.5","60.2","21.3","24.7","105.0",".594","7.65","547.4","27.8","49.4","Av","Av",".248",".290",".355","54.5",".212",".246",".296","66.0","Prone","Pr",  
"LF, CF, RF","Stewart, Bud L  ","$2,753,000","4095",".241",".300",".347","63.9","70.6","13.0","20.0","376.8",".545","9.52","82.2","30.1","107.7","Fr","Fr",".231",".286",".305","223.2",".243",".304",".358","59.3","Normal","Pr",  
"C","Grote, Jerry R  ","$2,751,000","12272",".238",".299",".301","51.5","170.4","13.1","24.9","966.1",".500","8.12","198.9","31.9","38.6","Fr","Pr",".241",".294",".303","209.0",".237",".302",".301","154.5","Prone","Pr",  
"C","Taubensee, Eddie L  ","$2,751,000","18811",".250",".306",".360","65.3","52.4","13.1","21.7","1287.8",".372","6.69","171.7","27.6","56.3","Fr","Pr",".253",".303",".344","62.5",".249",".308",".366","49.3","Normal","Pr",  
"CF","Dobbs, John L  ","$2,749,000","6460",".247",".320",".365","69.1","47.5","10.5","20.4","66.8",".630","7.80","186.6","26.3","43.1","Av","Vg",".237",".301",".328","60.1",".253",".325",".378","45.2","Normal","Pr",  
"LF","Arnovich, Morrie R  ","$2,748,000","4573",".256",".317",".345","62.7","78.8","12.5","21.5","280.3",".750","9.02","229.3","26.4","31.3","Fr","Fr",".254",".318",".351","75.0",".257",".317",".341","81.7","Normal","Pr",  
"1B, LF, CF, RF","Jorgensen, Mike L  ","$2,741,000","4719",".229",".322",".360","70.8","37.5","8.53","22.6","100.7",".551","6.84","175.4","30.5","53.8","Fr","Av",".225",".320",".337","45.4",".230",".322",".365","36.2","Prone","Pr",  
"CF, LF, RF","Devereaux, Mike R  ","$2,729,000","6754",".250",".307",".370","66.5","53.6","12.9","19.4","100.3",".578","7.87","89.4","27.9","47.0","Fr","Av",".257",".317",".375","54.9",".240",".295",".363","52.0","Prone","Pr",  
"1B, CF, RF","Montanez, Willie L  ","$2,729,000","18406",".260",".310",".372","65.7","54.6","15.1","19.9","226.7",".557","8.86","175.0","24.6","37.6","Fr","Fr",".250",".293",".330","75.0",".262",".313",".380","52.3","Normal","Pr",  
"SS, 2B, 3B","Riles, Ernest L  ","$2,729,000","15791",".251",".316",".348","65.4","65.5","11.5","23.6","257.6",".618","8.20","118.4","33.6","44.7","Fr","Fr",".207",".258",".253","230.6",".258",".326",".365","58.4","Normal","Pr",  
"3B, 2B, LF","Stynes, Chris R  ","$2,727,000","3600",".252",".307",".317","58.9","163.6","14.2","25.0","42.0",".671","11.9","158.1","33.2","60.8","Vg","Av",".264",".314",".342","123.8",".244",".302",".300","211.4","Normal","Pr",  
"CF","Jackson, Austin R  ","$2,720,000","1656",".235",".300",".307","54.3","184.0","11.8","21.2","59.2",".674","5.90","131.0","28.7","50.9","Vg","Av",".239",".301",".315","193.7",".233",".300",".302","179.2","Prone","Fr",  
"RF, LF, CF","Bragg, Darren L  ","$2,716,000","14801",".239",".318",".318","61.3","133.3","9.95","20.5","71.7",".628","6.13","154.7","27.2","51.6","Av","Av",".243",".303",".306","224.5",".239",".320",".320","124.3","Normal","Fr",  
"2B","Millan, Felix R  ","$2,715,000","15637",".264",".308",".320","58.9","390.9","19.9","23.3","124.9",".672","25.6","231.2","28.7","57.0","Av","Fr",".269",".309",".328","332.4",".261",".307",".314","443.9","Normal","Fr",  
"1B, LF, RF","Kranepool, Ed L  ","$2,714,000","10519",".259",".316",".362","66.9","61.5","13.0","20.6","397.4",".500","11.9","185.9","25.7","42.7","Fr","Fr",".225",".268",".272","272.8",".263",".321",".373","56.5","Prone","Pr",  
"3B, SS, LF, CF","Conroy, Wid R  ","$2,711,000","10929",".230",".292",".343","59.0","50.6","12.6","22.0","58.7",".695","7.63","125.4","30.1","49.3","Vg","Vg",".241",".303",".359","53.1",".224",".285",".335","49.3","Normal","Pr",  
"2B, CF","Samuel, Juan R  ","$2,708,000","12463",".250",".302",".388","68.3","46.5","16.3","17.7","24.5",".628","5.17","61.3","27.9","62.7","Av","Ex",".244",".297",".375","57.1",".252",".305",".396","42.1","Prone","Pr",  
"2B, 3B, LF, CF, RF","Browne, Jerry S  ","$2,706,000","4628",".253",".327",".317","63.5","308.5","10.1","22.4","83.1",".650","14.2","124.7","31.7","44.0","Av","Av",".274",".345",".336","396.2",".243",".318",".307","276.6","Prone","Fr",  
"2B","Knoop, Bobby R  ","$2,706,000","18653",".235",".287",".321","51.8","95.7","14.9","22.0","414.2",".576","5.12","116.6","30.2","44.9","Fr","Fr",".234",".290",".313","138.8",".235",".285",".325","81.6","Normal","Pr",  
"C","Zimmer, Chief R  ","$2,697,000","5008",".234",".292",".336","55.7","83.5","15.2","17.2","65.3",".636","6.48","144.4","21.6","40.1","Av","Vg",".247",".304",".348","97.2",".221",".279",".319","77.3","Normal","Pr",  
"1B, 2B, LF, RF","Isbell, Frank L  ","$2,696,000","2256",".230",".283",".326","54.2","64.5","15.7","24.3","19.4",".675","7.76","129.9","33.4","61.7","Vg","Ex",".191",".245",".249","146.8",".244",".296",".354","53.8","Prone","Pr",  
"3B","Andrews, Shane R  ","$2,693,000","28172",".214",".284",".384","63.3","24.5","11.1","24.1","351.6",".610","4.31","173.8","31.7","45.2","Fr","Fr",".223",".294",".409","23.0",".206",".277",".362","26.3","Fragile","Pr",  
"RF, LF, CF","Hill, Glenallen R  ","$2,691,000","14548",".251",".304",".424","73.2","25.3","14.4","21.7","116.3",".636","5.66","130.7","28.9","36.4","Av","Av",".263",".317",".456","21.4",".240",".292",".395","30.4","Prone","Pr",  
"CF, LF, RF","McCormick, Mike W R  ","$2,688,000","7023",".261",".308",".341","59.8","167.2","16.2","20.1","275.1",".560","9.31","95.1","28.7","36.7","Fr","Fr",".254",".300",".329","191.7",".268",".315",".351","150.6","Normal","Pr",  
"C","Wynegar, Butch S  ","$2,688,000","8024",".234",".322",".304","60.3","111.4","8.83","25.2","1155.0",".400","11.8","342.2","31.8","43.4","Pr","Pr",".250",".338",".312","180.3",".225",".314",".297","96.3","Prone","Pr",  
"C, RF","Doumit, Ryan S  ","$2,683,000","15698",".248",".304",".366","62.9","48.8","14.6","19.4","903.6",".760","8.15","214.6","23.6","33.0","Fr","Pr",".239",".292",".353","49.6",".250",".307",".369","48.7","Fragile","Pr",  
"C","Nunamaker, Les R  ","$2,683,000","6823",".251",".307",".347","62.2","84.2","13.7","20.0","82.6",".641","7.83","107.4","27.7","46.7","Av","Av",".254",".313",".353","74.5",".248",".302",".342","92.4","Normal","Pr",  
"CF","Myers, Hy R  ","$2,674,000","3912",".246",".287",".356","58.3","56.7","19.5","23.0","132.6",".516","8.17","80.0","36.3","49.3","Fr","Av",".247",".282",".367","55.9",".243",".290",".342","57.8","Prone","Fr",  
"SS","Fennelly, Frank R  ","$2,671,000","5379",".217",".299",".322","57.1","74.7","9.84","21.5","68.3",".654","6.22","62.0","40.0","48.2","Vg","Vg",".220",".298",".326","76.8",".215",".299",".319","73.6","Normal","Pr",  
"RF, LF","Brown, Ollie R  ","$2,670,000","5285",".249",".311",".364","65.4","41.3","12.7","25.7","363.2",".615","6.96","387.5","30.4","38.2","Fr","Fr",".256",".322",".371","38.8",".239",".294",".353","45.9","Normal","Pr",  
"3B, 2B","Oberkfell, Ken L  ","$2,666,000","7265",".249",".320",".310","60.5","220.2","11.0","24.3","220.1",".617","15.0","173.3","32.3","47.1","Fr","Fr",".230",".295",".263","1503.0",".254",".326",".323","180.1","Prone","Pr",  
"C","May, Milt L  ","$2,661,000","8756",".241",".288",".325","53.4","76.8","16.3","25.0","3157.0",".375","11.3","210.5","31.1","44.5","Pr","Pr",".244",".280",".308","106.1",".240",".288",".327","73.1","Prone","Pr",  
"LF, CF","Leach, Freddy L  ","$2,658,000","2318",".249",".291",".373","63.2","51.5","19.4","19.3","178.4",".667","9.87","78.0","28.4","51.0","Fr","Fr",".214",".231",".308","73.2",".258",".304",".389","48.2","Normal","Pr",  
"CF","Busby, Jim R  ","$2,657,000","15166",".239",".282",".324","52.0","86.7","18.6","22.8","97.3",".604","8.53","148.7","29.5","51.3","Av","Av",".239",".284",".325","83.8",".238",".280",".323","88.1","Normal","Fr",  
"3B","Crede, Joe R  ","$2,655,000","10328",".243",".296",".382","66.0","34.3","15.6","22.6","1125.7",".556","10.2","175.9","28.6","46.1","Pr","Pr",".235",".282",".365","38.5",".249",".304",".392","32.3","Fragile","Pr",  
"RF, LF, CF","Bass, Kevin S  ","$2,652,000","16797",".255",".303",".376","65.3","54.9","16.3","17.9","43.8",".646","9.16","109.6","23.5","40.2","Av","Vg",".251",".297",".362","58.0",".258",".307",".383","53.3","Prone","Pr",  
"RF, LF, CF","Ganley, Bob L  ","$2,651,000","9980",".259",".322",".347","67.9","68.8","11.9","27.3","40.3",".699","7.92","144.1","39.0","51.8","Vg","Vg",".253",".313",".322","117.2",".262",".327",".358","57.8","Normal","Vg",  
"CF, LF, RF","Manning, Rick L  ","$2,649,000","3311",".259",".325",".339","68.3","127.3","11.2","21.2","41.4",".664","9.19","118.8","29.5","76.8","Av","Vg",".242",".299",".280","731.0",".264",".333",".355","103.2","Prone","Pr",  
"LF","Thames, Marcus R  ","$2,645,000","23970",".228",".295",".421","74.2","20.5","11.7","24.4","1061.9",".625","4.80","184.4","31.7","62.6","Pr","Pr",".240",".308",".443","20.1",".220",".286",".408","20.6","Prone","Pr",  
"LF, RF","Francisco, Ben R  ","$2,644,000","1337",".239",".306",".341","61.4","63.7","12.0","19.1","114.7",".619","7.17","372.8","22.6","42.6","Av","Av",".210",".275",".293","69.4",".264",".332",".383","59.3","Normal","Fr",  
"C, 1B","Gharrity, Patsy R  ","$2,635,000","10248",".232",".295",".352","60.2","48.8","12.5","20.0","156.9",".619","6.23","124.5","27.2","41.8","Av","Av",".242",".306",".373","45.3",".225",".289",".338","51.9","Normal","Fr",  
"CF, LF, RF","De Aza, Alejandro L  ","$2,630,000","780",".238",".315",".336","67.2","130.0","10.6","17.7","38.3",".719","6.44","63.0","29.4","110.2","Av","Vg",".205",".268",".260","219.0",".251",".333",".365","112.2","Normal","Av",  
"SS, 3B","Gelbert, Charlie R  ","$2,630,000","4604",".236",".303",".333","59.6","100.1","11.5","17.8","272.0",".594","7.89","99.4","25.0","43.8","Fr","Fr",".232",".306",".332","105.7",".238",".301",".334","96.5","Normal","Pr",  
"LF, CF","Benson, Gene L  ","$2,627,000","21056",".258",".290",".365","59.8","74.4","23.0","18.9","83.9",".560","7.08","78.0","27.0","50.4","Fr","Vg",".265",".302",".385","56.4",".254",".283",".353","87.3","Normal","Pr",  
"2B","Panik, Joe L  ","$2,626,000","3340",".253",".308",".321","59.4","159.0","13.3","23.9","284.4",".481","43.5","154.0","31.9","53.6","Av","Fr",".250",".304",".301","230.7",".250",".307",".322","140.3","Fragile","Fr",  
"2B","Barrett, Marty R  ","$2,617,000","17067",".264",".324",".315","63.1","487.6","13.0","24.9","209.4",".648","24.1","296.4","31.0","57.5","Av","Fr",".276",".334",".336","319.3",".252",".313",".292","1259.2","Prone","Av",  
"3B, LF, RF","Greene, Willie L  ","$2,617,000","13035",".223",".312",".371","70.3","29.5","8.75","26.7","219.0",".660","5.96","129.5","39.9","50.3","Av","Fr",".181",".252",".253","66.1",".227",".318",".383","28.0","Prone","Pr",  
"3B, 2B","Hatfield, Fred L  ","$2,612,000","7050",".221",".291",".296","50.6","97.9","12.7","26.6","327.8",".558","7.60","178.8","35.6","52.8","Fr","Fr",".207",".293",".251","217.3",".225",".292",".308","86.7","Normal","Pr",  
"LF, RF","Vosmik, Joe R  ","$2,609,000","4088",".256",".305",".365","65.5","80.2","15.6","17.2","185.8",".533","10.3","79.6","24.5","54.4","Fr","Fr",".267",".316",".380","74.0",".247",".296",".354","85.6","Normal","Pr",  
"CF, 1B, LF, RF","Keough, Marty L  ","$2,606,000","3381",".227",".286",".363","62.1","43.3","13.6","18.9","185.7",".465","6.32","80.7","27.9","97.7","Fr","Av",".202",".255",".328","87.8",".230",".289",".367","40.9","Normal","Pr",  
"RF","Porter, Dick L  ","$2,606,000","3636",".243",".306",".325","59.0","110.2","12.3","20.8","130.4",".633","8.05","161.6","26.9","53.2","Fr","Fr",".228",".290",".291","136.5",".247",".308",".332","113.2","Normal","Pr",  
"3B","Worthington, Craig R  ","$2,604,000","18634",".231",".327",".350","69.3","43.3","8.12","22.6","746.7",".707","6.39","246.1","29.4","37.2","Pr","Pr",".244",".342",".377","36.6",".211",".305",".307","60.1","Prone","Pr",  
"3B, 2B","Stock, Milt R  ","$2,602,000","11122",".260",".316",".340","63.8","101.1","13.3","21.4","74.1",".576","9.18","332.6","25.5","54.2","Fr","Av",".257",".313",".333","95.6",".262",".319",".344","105.0","Normal","Pr",  
"2B, 3B, SS","Graffanino, Tony R  ","$2,597,000","13422",".257",".327",".350","68.3","90.7","10.9","20.1","91.1",".624","8.83","116.7","27.6","45.7","Av","Av",".265",".336",".361","93.0",".251",".319",".340","87.8","Prone","Pr",  
"LF, CF, RF","Hollandsworth, Todd L  ","$2,596,000","6615",".255",".306",".376","67.9","58.5","14.4","16.8","67.7",".609","6.03","114.0","21.7","64.7","Av","Av",".221",".262",".314","90.6",".265",".318",".393","53.2","Fragile","Pr",  
"3B","Latham, Arlie R  ","$2,592,000","7591",".229",".285",".285","48.5","165.0","14.3","27.2","12.2",".701","7.10","1038.1","30.6","58.5","Vg","Ex",".241",".300",".309","119.9",".221",".277",".271","210.1","Normal","Pr",  
"C","Molina, Ben R  ","$2,591,000","11110",".259",".300",".375","64.2","43.4","19.1","23.6","1707.7",".636","23.1","234.4","28.5","35.8","Pr","Pr",".270",".316",".401","39.2",".244",".272",".333","55.0","Prone","Pr",  
"3B, 1B","Tracy, Chad L  ","$2,586,000","8982",".264",".321",".373","71.7","56.5","12.8","19.6","366.7",".659","9.77","202.0","24.1","50.3","Fr","Pr",".232",".266",".286","161.8",".270",".332",".390","50.2","Fragile","Pr",  
"LF, 2B, RF","Raburn, Ryan R  ","$2,583,000","19384",".258",".328",".416","80.6","34.5","10.7","15.9","804.2",".500","5.96","131.6","20.6","43.5","Pr","Pr",".270",".346",".443","30.4",".238",".301",".374","43.7","Normal","Pr",  
"RF, LF, CF","Kirkland, Willie L  ","$2,582,000","6258",".234",".295",".390","69.6","34.0","12.7","17.9","120.7",".704","6.22","89.4","25.3","76.5","Vg","Fr",".197",".263",".309","48.4",".241",".301",".406","32.2","Normal","Pr",  
"3B","Brown, Bobby L  ","$2,580,000","6458",".278",".341",".362","75.2","91.0","11.8","21.8","183.6",".600","11.3","210.6","27.3","58.7","Fr","Fr",".237",".293",".296","281.7",".284",".349",".372","82.5","Normal","Pr",  
"3B, 1B, 2B, SS","Grimes, Oscar R  ","$2,580,000","25031",".225",".326",".325","68.4","68.6","7.95","22.7","103.8",".728","5.27","93.0","37.4","75.0","Vg","Fr",".234",".334",".345","58.8",".217",".319",".309","78.6","Normal","Fr",  
"3B","Boros, Steve R  ","$2,579,000","14381",".249",".341",".356","75.6","68.5","8.31","17.9","167.8",".660","10.2","152.4","24.0","47.7","Av","Fr",".256",".351",".376","57.6",".230",".311",".298","160.1","Normal","Pr",  
"3B","Dressen, Chuck R  ","$2,575,000","2859",".222",".286",".312","50.7","110.0","12.6","18.7","287.4",".550","9.32","131.7","24.5","40.5","Fr","Fr",".240",".300",".339","90.3",".207",".273",".287","136.7","Normal","Pr",  
"2B","Melillo, Ski R  ","$2,569,000","24204",".207",".249",".260","33.1","192.1","19.5","32.9","120.6",".589","8.93","162.8","45.3","53.3","Fr","Av",".214",".258",".278","135.5",".204",".245",".250","248.4","Normal","Pr",  
"3B, SS","Clingman, Billy S  ","$2,568,000","5857",".206",".286",".275","45.9","84.9","10.0","30.3","65.8",".652","6.84","1329.8","35.4","47.2","Av","Av",".208",".285",".274","101.7",".205",".286",".276","77.0","Normal","Pr",  
"LF","Gillespie, Pete L  ","$2,567,000","2793",".261",".303",".339","60.0","90.1","18.6","26.3","48.7",".713","8.22","158.8","34.7","47.9","Av","Av",".269",".308",".358","115.2",".260",".304",".337","81.9","Normal","Fr",  
"CF","Craft, Harry R  ","$2,566,000","20987",".234",".276",".358","56.6","42.3","19.3","22.8","593.6",".623","7.58","120.0","30.7","50.7","Fr","Fr",".243",".286",".372","40.2",".228",".270",".348","43.7","Normal","Pr",  
"C","Olson, Greg R  ","$2,565,000","5749",".250",".329",".344","67.0","91.3","9.70","18.5","593.2",".579","12.9","148.3","24.4","33.5","Av","Pr",".263",".344",".372","74.5",".225",".298",".291","167.6","Prone","Pr",  
"RF, 1B, LF","Hurdle, Clint L  ","$2,564,000","5397",".237",".321",".360","70.7","46.1","9.23","19.6","3066.0",".286","6.07","165.7","25.8","57.3","Pr","Pr",".236",".321",".353","54.0",".237",".321",".361","45.0","Normal","Pr",  
"CF, LF, RF","Nix, Laynce L  ","$2,564,000","10074",".233",".282",".366","60.7","44.8","15.2","17.2","574.4",".655","5.00","124.0","21.9","64.6","Av","Pr",".188",".214",".285","89.8",".238",".291",".377","42.0","Fragile","Pr",  
"C, 3B","Petralli, Geno L  ","$2,547,000","9010",".254",".328",".335","64.2","109.9","10.1","20.8","506.1",".741","11.4","224.9","26.0","31.0","Av","Pr",".236",".295",".267","801.0",".256",".331",".341","101.3","Prone","Pr",  
"3B","Schaal, Paul R  ","$2,547,000","25718",".247",".336",".347","72.7","67.9","8.46","21.2","378.6",".534","9.51","125.1","30.2","51.1","Fr","Fr",".238",".331",".326","88.3",".251",".340",".360","59.2","Prone","Pr",  
"LF, CF, RF","Herndon, Larry R  ","$2,544,000","10532",".264",".318",".382","69.8","59.2","13.8","19.0","88.6",".586","7.27","73.8","28.9","38.6","Av","Av",".271",".328",".403","49.7",".254",".305",".357","79.0","Normal","Pr",  
"3B","Wolverton, Harry L  ","$2,544,000","17731",".258",".309",".368","67.2","62.4","16.2","20.4","101.0",".658","8.07","85.4","30.1","52.1","Av","Av",".250",".303",".332","97.2",".260",".311",".375","59.1","Prone","Pr",  
"C","Early, Jake L  ","$2,543,000","16289",".232",".305",".350","65.1","47.2","10.8","20.6","1656.6",".611","6.86","168.7","26.6","65.3","Pr","Pr",".202",".265",".270","115.9",".236",".312",".364","42.6","Normal","Pr",  
"SS, LF, CF, RF","Dunston, Shawon R  ","$2,539,000","8943",".252",".278",".365","57.1","59.6","31.2","19.4","42.6",".659","7.70","94.7","25.8","46.9","Av","Vg",".263",".295",".380","61.7",".248",".270",".357","60.7","Prone","Pr",  
"2B, SS","Oester, Ron S  ","$2,539,000","21264",".245",".294",".319","52.1","122.9","15.6","24.2","236.3",".518","7.32","139.5","32.5","36.2","Fr","Fr",".232",".271",".279","324.9",".249",".301",".332","98.9","Normal","Pr",  
"C","Valle, Dave R  ","$2,539,000","9229",".235",".308",".342","60.5","57.0","12.5","21.0","739.2",".636","9.12","164.3","27.5","31.9","Pr","Pr",".248",".329",".361","55.3",".219",".281",".317","59.5","Prone","Pr",  
"CF, LF, RF","Scott, Tony S  ","$2,536,000","26704",".233",".284",".308","49.8","115.6","15.7","24.6","27.5",".627","6.76","133.1","33.4","59.1","Av","Ex",".245",".302",".333","83.6",".224",".271",".289","159.7","Normal","Pr",  
"C","Stinson, Bob S  ","$2,532,000","16722",".242",".328",".335","67.0","67.7","9.32","23.1","533.4",".537","7.93","256.0","29.6","41.9","Fr","Fr",".204",".267",".237","1192.0",".249",".338",".352","58.2","Normal","Pr",  
"SS, 2B, 3B","Lopez, Felipe S  ","$2,520,000","23088",".254",".319",".344","66.4","87.8","11.3","21.6","69.3",".574","7.07","114.3","30.4","69.2","Fr","Av",".253",".315",".336","87.9",".254",".321",".347","88.3","Normal","Pr",  
"2B, SS, LF, CF, RF","Richardson, Danny R  ","$2,517,000","16404",".226",".272",".301","45.8","85.0","17.0","27.7","45.2",".690","8.22","300.5","33.2","46.9","Vg","Vg",".234",".282",".316","72.3",".220",".264",".289","101.4","Normal","Pr",  
"LF, 1B, 3B, CF, RF","Thomas, Frank J R  ","$2,515,000","13880",".238",".296",".394","66.3","28.2","13.8","22.3","1172.5",".650","7.16","282.3","26.8","33.2","Pr","Pr",".245",".306",".416","24.6",".233",".288",".378","31.5","Normal","Pr",  
"RF, LF, CF","Rivera, Jim L  ","$2,513,000","3877",".251",".303",".393","71.1","44.1","14.7","17.0","52.1",".692","6.59","72.8","24.8","67.0","Av","Vg",".232",".290",".331","99.6",".256",".306",".408","38.5","Normal","Pr",  
"C, 1B","Snyder, Frank R  ","$2,512,000","8367",".244",".300",".347","60.6","59.3","13.4","21.2","368.9",".500","7.13","200.5","26.4","46.1","Fr","Fr",".257",".315",".369","58.9",".238",".293",".338","58.4","Normal","Pr",  
"RF, 3B, SS","Brooks, Hubie R  ","$2,507,000","27455",".262",".310",".387","68.8","47.7","16.1","18.5","209.3",".597","7.28","144.9","23.2","39.8","Fr","Fr",".277",".330",".421","39.0",".243",".286",".346","64.2","Prone","Pr",  
"2B, 3B, SS, LF","McEwing, Joe R  ","$2,504,000","2939",".236",".279",".287","47.0","489.8","19.5","25.3","43.0",".667","6.87","212.1","31.5","88.4","Av","Av",".228",".269",".273","1182.0",".242",".286",".296","351.4","Prone","Av",  
"SS","McBride, George R  ","$2,498,000","11242",".215",".265",".302","44.0","62.8","17.3","26.8","115.3",".606","7.67","643.3","30.5","48.3","Av","Av",".221",".271",".319","53.8",".211",".261",".291","70.3","Iron","Pr",  
"2B","Hubbard, Glenn R  ","$2,495,000","3722",".220",".297",".297","52.9","132.9","10.6","21.1","299.2",".737","7.67","149.6","28.3","50.5","Fr","Fr",".217",".294",".285","177.3",".221",".298",".303","118.1","Prone","Fr",  
"SS, 2B, RF","Shoch, George R  ","$2,484,000","11145",".236",".318",".323","62.6","65.9","10.5","26.5","102.8",".676","8.79","361.2","32.8","47.5","Av","Av",".238",".320",".321","67.4",".235",".317",".324","65.2","Normal","Fr",  
"C","Brown, Larry S  ","$2,481,000","15751",".231",".281",".300","46.2","201.9","16.0","22.0","258.5",".569","8.91","136.5","28.9","38.8","Pr","Fr",".237",".283",".308","173.9",".229",".280",".296","218.1","Normal","Pr",  
"C","Boone, Bob R  ","$2,478,000","16550",".230",".286",".300","49.5","129.3","14.1","24.2","372.8",".510","12.3","231.2","30.2","48.6","Fr","Fr",".235",".288",".313","120.2",".227",".285",".292","135.5","Normal","Pr",  
"SS","Janish, Paul R  ","$2,476,000","20521",".208",".274",".251","38.4","1710.1","13.3","26.5","181.1",".660","10.9","407.5","31.8","49.0","Av","Fr",".216",".285",".261","1844.5",".204",".268",".245","1547.0","Normal","Pr",  
"C","Flowers, Tyler R  ","$2,468,000","12543",".236",".310",".354","64.7","43.3","12.3","24.1","1758.5",".615","4.23","146.5","33.2","44.5","Pr","Pr",".239",".307",".357","47.6",".235",".311",".353","41.1","Prone","Pr",  
"RF, LF","Scheinblum, Richie S  ","$2,466,000","6789",".244",".322",".336","63.7","102.9","9.72","19.2","851.2",".600","11.7","106.4","27.2","33.6","Pr","Pr",".207",".283",".254","469.0",".253",".332",".357","85.4","Normal","Pr",  
"C","Gibbs, Jake L  ","$2,463,000","9263",".253",".304",".331","58.3","109.0","15.2","22.9","170.6",".578","10.1","165.0","29.3","45.1","Fr","Av",".211",".250",".256","199.5",".257",".309",".338","104.5","Fragile","Pr",  
"C, 1B, 3B, LF","Farrell, Duke S  ","$2,455,000","11397",".237",".292",".340","57.7","75.0","14.2","19.8","75.0",".686","7.86","88.2","28.6","49.4","Av","Av",".250",".304",".362","67.8",".229",".284",".327","79.9","Prone","Pr",  
"2B, 3B","Piet, Tony R  ","$2,455,000","8345",".232",".309",".323","60.4","73.8","11.2","22.4","115.3",".612","6.43","205.5","28.9","55.0","Av","Av",".234",".310",".331","69.8",".230",".307",".313","79.7","Normal","Pr",  
"2B, 3B","Mayo, Eddie L  ","$2,454,000","9378",".228",".279",".297","47.4","103.1","15.9","27.3","356.2",".674","10.5","368.9","32.7","49.9","Fr","Fr",".200",".251",".251","150.5",".234",".285",".306","96.5","Normal","Fr",  
"2B","Morandini, Mickey L  ","$2,447,000","10659",".251",".313",".304","57.4","507.6","13.0","26.2","74.7",".664","8.86","128.4","37.5","53.4","Av","Av",".249",".298",".291","458.2",".251",".317",".307","476.8","Normal","Fr",  
"3B","Burroughs, Sean L  ","$2,446,000","9575",".279",".331",".331","65.3","342.0","15.1","28.5","127.8",".631","13.0","137.9","40.3","44.8","Vg","Fr",".250",".300",".280",".000",".283",".335",".337","294.8","Fragile","Pr",  
"3B, 2B","Lavagetto, Cookie R  ","$2,446,000","10511",".232",".323",".332","65.8","69.2","8.58","20.4","145.9",".576","9.31","153.3","27.7","46.0","Fr","Av",".239",".334",".348","60.0",".223",".307",".306","87.7","Prone","Pr",  
"RF, LF","Christopher, Joe R  ","$2,439,000","1754",".235",".305",".310","54.9","125.3","11.8","22.5","130.3",".429","6.56","195.4","28.7","51.4","Fr","Av",".229",".298",".296","133.6",".239",".310",".318","120.7","Normal","Pr",  
"RF, LF","Mazara, Nomar L  ","$2,435,000","3021",".254",".315",".360","67.8","50.3","12.2","24.2","832.8",".571","7.99","195.9","30.8","52.9","Fr","Pr",".260",".305",".357","64.9",".260",".326",".372","46.8","Prone","Pr",  
"2B, SS","Smith, Pop R  ","$2,433,000","16786",".203",".269",".298","44.7","74.6","13.3","22.7","101.0",".684","5.75","108.1","32.7","45.9","Av","Av",".215",".286",".321","72.7",".195",".258",".282","75.9","Normal","Fr",  
"C","Laudner, Tim R  ","$2,432,000","37830",".223",".299",".378","65.8","28.9","10.4","20.8","1632.2",".500","4.68","362.7","25.0","41.0","Fr","Pr",".235",".313",".405","25.6",".193",".261",".311","43.6","Normal","Pr",  
"SS, 2B, 3B","Strickland, George R  ","$2,432,000","7768",".207",".285",".269","45.5","180.7","10.5","27.6","198.9",".647","5.93","123.3","41.7","64.8","Av","Fr",".211",".295",".286","129.7",".205",".278",".258","251.4","Normal","Pr",  
"C, LF, RF","Heath, Mike R  ","$2,428,000","11123",".252",".302",".353","61.5","74.7","15.6","19.9","327.0",".536","8.29","99.2","27.7","42.5","Fr","Fr",".270",".321",".388","57.5",".233",".281",".316","108.9","Prone","Pr",  
"C","Courtney, Clint L  ","$2,415,000","9692",".253",".311",".348","63.8","76.3","15.7","20.3","1063.5",".769","16.3","171.5","25.6","43.1","Pr","Pr",".225",".273",".287","192.8",".256",".315",".355","69.6","Prone","Pr",  
"C","Lopez, Al R  ","$2,414,000","8300",".240",".301",".319","55.8","79.0","12.4","28.6","356.2",".464","7.55","168.4","39.4","42.1","Fr","Fr",".255",".320",".341","79.6",".228",".287",".301","78.5","Prone","Pr",  
"3B, 2B, SS","Chalk, Dave R  ","$2,413,000","10965",".253",".327",".324","63.3","166.1","10.8","22.2","295.5",".506","11.0","141.1","30.6","38.0","Fr","Fr",".265",".344",".352","125.2",".235",".300",".283","307.0","Normal","Pr",  
"SP, LF, RF","Stivetts, Jack R  ","$2,400,000","2474",".268",".306",".418","74.3","39.9","18.7","16.9","189.6",".539","6.57","66.4","25.0","54.2","Fr","Av",".284",".323",".443","36.0",".244",".281",".379","48.7","Normal","Pr",  
"SS","Griffin, Alfredo S  ","$2,396,000","24112",".242",".276",".294","46.4","688.9","23.5","25.8","59.6",".565","13.9","121.2","36.0","83.4","Fr","Vg",".243",".276",".292","730.9",".241",".276",".294","669.5","Normal","Vg",  
"2B, SS","Padden, Dick R  ","$2,388,000","6983",".218",".292",".310","53.0","73.5","13.3","22.8","69.5",".598","7.73","157.0","30.7","49.7","Av","Vg",".239",".316",".343","66.1",".203",".275",".287","79.9","Prone","Pr",  
"2B, 3B, SS","Infante, Omar R  ","$2,386,000","3204",".244",".285",".322","54.5","106.8","18.4","23.9","204.2",".607","12.2","133.5","32.1","89.0","Av","Fr",".257",".296",".352","88.2",".234",".276",".300","125.4","Prone","Fr",  
"3B, 2B, SS, LF, CF, RF","Johnston, Jimmy R  ","$2,382,000","14958",".264",".326",".355","69.4","80.0","11.8","22.7","50.5",".603","9.78","113.8","32.3","53.8","Av","Vg",".271",".333",".368","74.1",".259",".322",".346","84.5","Prone","Pr",  
"RF, LF","Nordhagen, Wayne R  ","$2,381,000","13441",".275",".311",".416","72.2","43.4","20.2","15.7","1790.9",".500","9.55","136.4","19.0","31.0","Pr","Pr",".284",".324",".437","37.7",".263",".292",".386","55.9","Normal","Pr",  
"RF, LF","Mueller, Don L  ","$2,379,000","31038",".281",".304",".331","57.3","365.2","32.4","26.6","360.2",".581","15.8","233.2","31.6","48.2","Av","Pr",".264",".277",".299","899.2",".286",".312",".342","303.6","Normal","Pr",  
"C","Ausmus, Brad R  ","$2,367,000","14302",".235",".298",".287","49.3","376.4","12.8","26.8","162.5",".620","8.90","165.9","36.4","42.3","Av","Fr",".249",".313",".310","232.8",".229",".293",".275","1011.3","Normal","Pr",  
"RF, 2B, 3B, LF, CF","Youngblood, Joel R  ","$2,363,000","2776",".252",".319",".366","69.4","56.7","11.9","18.9","140.5",".564","6.87","140.5","24.7","48.3","Fr","Av",".240",".312",".351","49.9",".262",".325",".377","63.1","Normal","Pr",  
"2B, 1B, 3B, SS","Descalso, Daniel L  ","$2,362,000","1481",".226",".303",".308","57.8","134.6","10.3","20.3","129.1",".591","7.56","104.9","29.4","88.3","Av","Fr",".221",".287",".290","205.5",".227",".309",".315","118.9","Normal","Pr",  
"2B, SS","Sizemore, Ted R  ","$2,362,000","15633",".256",".311",".312","57.8","274.3","13.8","25.0","232.9",".622","15.3","191.5","32.2","46.7","Fr","Fr",".268",".321",".335","223.2",".247",".304",".296","327.1","Prone","Pr",  
"SS, 2B","Barry, Jack R  ","$2,361,000","9949",".240",".310",".341","64.0","57.8","12.5","21.9","87.0",".690","9.45","295.3","27.0","49.9","Av","Vg",".252",".320",".355","52.5",".232",".303",".335","58.4","Normal","Av",  
"2B, 3B, SS","Neal, Charlie R  ","$2,360,000","5533",".227",".295",".306","51.9","145.6","11.7","21.0","158.3",".619","6.28","102.9","30.3","41.4","Av","Fr",".214",".286",".283","240.2",".233",".299",".318","120.4","Normal","Fr",  
"RF, SS","Wolf, Jimmy R  ","$2,358,000","6895",".241",".279",".320","51.0","164.2","20.8","20.3","33.8",".684","6.98","92.5","28.6","56.5","Vg","Vg",".255",".293",".336","223.3",".232",".271",".312","145.2","Iron","Pr",  
"CF, LF, RF","Hemphill, Charlie L  ","$2,357,000","8774",".251",".329",".349","69.7","53.2","9.51","29.9","72.7",".628","7.79","146.4","44.3","46.5","Av","Vg",".243",".318",".327","54.7",".255",".335",".358","52.5","Prone","Pr",  
"SS","Tavener, Jackie L  ","$2,357,000","14125",".208",".265",".310","46.2","66.3","14.6","24.5","89.3",".604","6.02","67.8","44.8","56.7","Fr","Av",".193",".257",".271","101.2",".215",".268",".328","57.5","Prone","Pr",  
"C, 1B, 3B","Williams, Earl R  ","$2,348,000","16656",".237",".305",".399","69.2","25.6","12.0","24.5","2055.9",".692","5.85","268.2","30.3","31.5","Pr","Pr",".238",".306",".406","23.7",".238",".304",".400","26.3","Normal","Pr",  
"SS, 1B, 2B, 3B","Wise, Sam L  ","$2,346,000","12737",".234",".294",".356","61.0","55.6","13.4","19.0","50.7",".642","5.32","71.8","29.4","53.5","Vg","Vg",".221",".281",".314","93.2",".239",".299",".372","48.2","Normal","Pr",  
"3B, 1B","Moriarty, George R  ","$2,345,000","6101",".235",".288",".323","55.0","71.8","15.7","22.7","19.2",".698","8.21","559.2","26.1","52.0","Vg","Ex",".252",".307",".351","68.9",".220",".271",".298","74.5","Normal","Pr",  
"SS","Cabrera, Everth S  ","$2,343,000","9837",".250",".319",".320","64.6","185.6","11.3","23.6","18.4",".696","6.99","100.3","36.5","79.0","Vg","Ex",".246",".311",".319","200.3",".253",".325",".322","190.7","Fragile","Av",  
"C, 1B, 3B, LF, RF","Sullivan, Billy Jr L  ","$2,342,000","14222",".248",".299",".333","58.2","92.4","15.5","22.0","202.5",".517","11.4","171.4","28.1","52.2","Fr","Fr",".228",".266",".283","235.5",".252",".305",".343","80.4","Normal","Pr",  
"LF, 1B, CF, RF","Collins, Dave S  ","$2,337,000","15064",".265",".326",".328","65.8","239.1","12.6","24.7","17.8",".627","8.41","112.5","36.3","105.4","Av","Ex",".255",".321",".299","2210.0",".269",".329",".342","175.6","Prone","Av",  
"2B","Kampouris, Alex R  ","$2,333,000","19634",".227",".308",".370","67.4","32.2","10.1","22.9","370.9",".600","5.08","169.9","30.6","44.3","Av","Fr",".238",".322",".402","27.9",".219",".298",".349","35.9","Normal","Pr",  
"C","Kreuter, Chad S  ","$2,332,000","7207",".228",".319",".322","61.4","78.3","8.62","20.8","2759.0",".429","5.87","153.3","28.3","36.5","Pr","Pr",".240",".333",".355","57.3",".220",".308",".298","108.3","Prone","Pr",  
"3B, 1B, LF, RF","Cabell, Enos R  ","$2,331,000","7435",".269",".303",".359","62.1","94.1","22.8","20.8","39.2",".670","8.50","106.4","27.8","43.7","Av","Vg",".270",".306",".366","81.9",".268",".298",".351","117.6","Normal","Pr",  
"SS, 2B, 3B, LF","Aviles, Mike R  ","$2,322,000","8378",".251",".290",".326","53.2","114.8","19.2","24.0","35.5",".677","13.5","140.7","31.6","37.1","Vg","Vg",".253",".290",".333","83.3",".250",".291",".323","148.9","Normal","Pr",  
"C","Moran, Pat R  ","$2,314,000","7056",".232",".280",".345","54.8","49.3","17.6","20.6","125.8",".570","7.55","333.7","24.1","48.3","Av","Av",".229",".285",".344","49.3",".234",".276",".346","48.0","Normal","Pr",  
"RP, SP, LF, RF","Hoskins, Dave L  ","$2,309,000","828",".221",".259",".295","41.6","82.8","23.8","29.6",".000",".000","4.15","293.0","35.2","67.6","Pr","Pr",".208",".256",".278","70.7",".226",".260",".300","88.0","Prone","Pr",  
"C, LF, RF","Moore, Charlie R  ","$2,308,000","12862",".246",".308",".327","59.5","151.3","12.4","19.5","105.0",".574","9.27","111.6","26.9","48.6","Fr","Av",".244",".308",".324","164.7",".247",".308",".329","143.2","Normal","Pr",  
"C","Hayes, Frankie R  ","$2,305,000","6919",".229",".302",".357","62.5","35.3","10.9","25.0","184.9",".737","5.70","310.6","30.8","36.3","Av","Fr",".241",".315",".385","30.5",".216",".288",".329","42.3","Normal","Pr",  
"RF, 1B, 3B, LF","Huskey, Butch R  ","$2,305,000","19292",".253",".309",".396","69.1","32.3","13.3","22.5","270.7",".557","8.38","188.5","28.4","31.6","Fr","Fr",".262",".321",".420","29.1",".229",".277",".336","45.7","Normal","Pr",  
"C","Naragon, Hal L  ","$2,304,000","18704",".260",".304",".312","55.3","359.7","17.4","27.9","2016.6",".714","14.6","139.1","38.4","46.6","Pr","Pr",".248",".294",".283",".000",".263",".306",".319","293.6","Normal","Pr",  
"C","Hernandez, Ramon J. R  ","$2,303,000","4656",".249",".313",".353","64.3","61.3","12.9","20.1","1719.7",".333","11.3","224.3","24.7","37.4","Pr","Pr",".254",".317",".360","61.4",".245",".310",".348","61.1","Fragile","Pr",  
"2B, 3B, SS","Villar, Jonathan S  ","$2,297,000","366",".249",".317",".317","62.9","122.0","11.1","24.4","13.7",".638","4.96","412.0","29.4","206.0","Vg","Ex",".272",".352",".312",".000",".237",".298",".320","80.3","Prone","Fr",  
"C","O'Neill, Steve R  ","$2,296,000","7600",".222",".298",".315","54.9","62.3","10.8","23.3","331.9",".520","7.82","507.6","27.9","41.3","Fr","Fr",".228",".310",".343","47.1",".218",".289",".293","85.7","Normal","Pr",  
"C, 1B, LF","Oliver, Gene R  ","$2,292,000","28036",".229",".300",".380","66.0","31.0","10.9","19.8","228.8",".555","6.22","298.5","24.0","38.7","Fr","Fr",".244",".328",".403","29.2",".219",".282",".364","32.1","Prone","Pr",  
"C","Essian, Jim R  ","$2,290,000","3381",".234",".311",".326","60.8","70.4","10.2","21.8","294.5",".542","11.8","319.0","26.8","43.5","Fr","Fr",".234",".299",".328","63.9",".234",".316",".326","73.4","Prone","Pr",  
"3B, 1B","Stripp, Joe R  ","$2,285,000","6818",".251",".309",".327","59.2","108.2","13.2","23.0","203.7",".607","10.1","215.4","28.8","42.1","Fr","Fr",".261",".318",".350","83.6",".244",".302",".312","137.0","Normal","Pr",  
"C","Herrmann, Ed L  ","$2,284,000","13991",".230",".289",".348","57.5","41.4","13.6","24.2","1182.9",".419","9.28","265.1","29.6","39.4","Pr","Pr",".191",".239",".260","80.3",".233",".294",".356","39.3","Normal","Pr",  
"SS","Foli, Tim R  ","$2,283,000","21238",".238",".271",".287","42.7","337.1","25.7","26.7","77.9",".584","17.4","429.3","30.7","55.6","Fr","Av",".237",".263",".281","452.1",".239",".276",".291","280.9","Prone","Fr",  
"3B","Deal, Charlie R  ","$2,282,000","1431",".247",".287",".359","59.3","68.1","19.4","17.5","69.8",".688","11.6","102.4","22.9","46.5","Av","Av",".230",".276",".335","77.6",".256",".290",".369","67.3","Normal","Pr",  
"2B, 1B, 3B","Forsythe, Logan R  ","$2,281,000","1347",".265",".341",".356","72.0","192.4","10.2","15.3","252.3",".750","8.65","108.1","20.5","33.6","Av","Fr",".270",".342",".399","96.2",".257",".338",".317","606.0","Fragile","Pr",  
"RF, 1B, LF","Bell, Beau R  ","$2,279,000","5518",".247",".306",".361","64.2","55.7","12.8","19.2","607.8",".667","8.35","135.1","25.1","41.3","Fr","Pr",".255",".311",".378","48.4",".234",".299",".333","72.5","Normal","Fr",  
"LF, CF, RF","Leonard, Jeffrey R  ","$2,276,000","11654",".255",".309",".390","66.6","42.5","14.0","19.1","52.5",".607","5.87","87.6","27.3","29.8","Av","Vg",".267",".324",".410","40.6",".238",".287",".360","47.1","Normal","Pr",  
"C","Miller, Damian R  ","$2,275,000","7050",".246",".305",".356","60.8","65.3","12.9","16.7","1551.6",".556","5.40","267.5","19.8","31.0","Fr","Pr",".253",".311",".358","68.5",".242",".302",".354","63.7","Normal","Pr",  
"CF, 3B, RF","Tuttle, Bill R  ","$2,273,000","13858",".243",".307",".312","54.8","195.2","12.1","23.0","365.8",".583","8.96","106.7","33.5","34.4","Fr","Fr",".244",".305",".311","175.2",".242",".308",".313","210.6","Normal","Pr",  
"SS, 2B, 3B","Tracewski, Dick R  ","$2,269,000","7008",".234",".317",".303","60.1","134.8","9.24","25.3","209.7",".535","6.42","166.0","34.8","69.9","Fr","Fr",".245",".330",".332","89.2",".222",".304",".272","283.2","Normal","Fr",  
"C","Hodges, Ron L  ","$2,254,000","19410",".230",".323",".307","61.2","88.6","8.34","25.0","226.0",".516","7.31","334.0","31.5","46.0","Pr","Fr",".235",".331",".327","60.9",".228",".321",".299","106.6","Normal","Pr",  
"C, 1B, 2B, 3B","Peitz, Heinie R  ","$2,253,000","6266",".230",".301",".346","61.8","55.5","10.9","18.9","101.6",".651","7.35","129.8","25.3","49.0","Av","Av",".243",".311",".369","47.2",".215",".290",".319","69.4","Normal","Pr",  
"C","Hanigan, Ryan R  ","$2,250,000","8106",".242",".327",".294","60.0","158.9","9.56","32.8","3088.7",".500","15.8","545.1","40.3","42.5","Pr","Pr",".248",".341",".320","95.7",".236",".314",".267","498.6","Fragile","Pr",  
"C","Azcue, Joe R  ","$2,248,000","13028",".252",".297",".322","53.7","125.3","16.6","24.4","739.1",".576","9.66","206.5","30.2","36.8","Pr","Pr",".270",".322",".356","94.6",".238",".279",".296","179.7","Prone","Pr",  
"3B, 2B, SS","Nunez, Abraham S  ","$2,247,000","38267",".232",".293",".268","46.0","869.7","12.6","37.3","213.9",".651","8.09","188.3","52.9","52.2","Av","Fr",".217",".276",".243","1364.9",".240",".302",".281","803.9","Normal","Pr",  
"3B","Reitz, Ken R  ","$2,242,000","30104",".239",".269",".323","45.6","93.8","28.4","20.9","1514.1",".500","9.66","265.0","24.1","31.2","Pr","Pr",".248",".278",".340","78.3",".234",".264",".314","101.1","Normal","Pr",  
"SS, 2B","Hamner, Granny R  ","$2,238,000","17487",".245",".285",".343","54.7","92.0","19.1","18.2","159.4",".652","10.9","101.7","24.3","38.7","Av","Fr",".264",".305",".378","80.1",".232",".271",".319","102.6","Normal","Pr",  
"SS, 3B","Bogar, Tim R  ","$2,234,000","9830",".210",".268",".276","39.2","129.3","14.5","26.6","290.2",".597","7.93","195.2","34.1","37.5","Fr","Fr",".223",".287",".315","79.5",".202",".257",".255","221.6","Prone","Fr",  
"CF, LF, RF","Pickering, Ollie L  ","$2,234,000","6255",".250",".321",".343","66.7","61.9","10.7","26.8","41.8",".676","7.93","160.4","37.3","49.0","Av","Vg",".232",".306",".289","94.5",".259",".328",".368","52.1","Normal","Pr",  
"3B, 1B","Jacoby, Brook R  ","$2,224,000","21869",".251",".315",".363","66.1","53.2","11.7","21.0","278.4",".554","7.28","128.8","28.4","35.6","Fr","Fr",".257",".321",".373","48.8",".246",".311",".357","55.5","Normal","Pr",  
"C","Rosar, Buddy R  ","$2,223,000","9561",".249",".305",".314","55.7","138.6","13.6","24.4","233.9",".570","10.4","438.6","28.6","43.0","Fr","Fr",".249",".310",".306","180.4",".249",".302",".319","124.6","Prone","Pr",  
"2B, 3B","Treadway, Jeff L  ","$2,223,000","9698",".266",".315",".344","63.4","124.3","15.6","21.4","138.7",".551","17.5","144.4","27.7","46.9","Fr","Fr",".225",".261",".260","1387.0",".273",".324",".359","107.1","Prone","Pr",  
"LF, CF, RF","Case, George R  ","$2,221,000","5795",".264",".313",".340","65.8","128.8","15.8","21.9","16.6",".683","9.62","179.7","27.4","98.3","Vg","Ex",".271",".319",".339","186.7",".256",".305",".340","90.1","Prone","Fr",  
"C","Webster, Lenny R  ","$2,218,000","5872",".253",".319",".346","62.9","72.5","11.6","22.0","3260.5",".250","11.8","181.1","28.2","29.8","Pr","Pr",".263",".328",".368","61.3",".225",".291",".284","167.2","Normal","Pr",  
"LF, CF, RF","Clines, Gene R  ","$2,211,000","19618",".268",".318",".326","60.4","332.5","15.3","24.2","76.3",".612","9.19","146.3","32.3","42.2","Av","Av",".270",".319",".338","244.3",".265",".319",".311","586.9","Normal","Pr",  
"C, LF, RF","Harper, Brian R  ","$2,206,000","16188",".271",".305",".375","63.8","66.6","27.0","19.0","249.2",".543","22.1","168.6","23.0","32.8","Fr","Fr",".274",".303",".381","69.6",".268",".306",".369","64.5","Normal","Pr",  
"SS","Hechavarria, Adeiny R  ","$2,206,000","1821",".253",".297",".323","55.7","260.1","16.8","23.3","327.8",".545","12.9","67.8","40.1","48.0","Av","Fr",".261",".294",".344","170.2",".246",".300",".305","485.0","Prone","Fr",  
"3B, SS","Denny, Jerry R  ","$2,200,000","8788",".225",".258",".336","47.6","57.4","24.2","19.7","43.2",".707","5.85","125.6","25.1","46.2","Vg","Vg",".219",".257",".325","59.5",".227",".258",".342","56.3","Normal","Pr",  
"RF","Campbell, Bruce L  ","$2,199,000","4823",".249",".308",".373","69.1","56.7","13.2","17.6","221.3",".632","5.94","72.8","26.4","64.8","Fr","Fr",".222",".277",".315","126.4",".257",".318",".391","48.5","Prone","Pr",  
"LF, RF","Young, Delmon R  ","$2,199,000","13595",".280",".317",".392","69.6","55.5","20.1","20.0","186.0",".565","8.27","135.6","25.4","34.2","Fr","Fr",".294",".331",".421","48.1",".262",".297",".352","76.8","Normal","Pr",  
"LF, RF","Rhodes, Dusty L  ","$2,198,000","9196",".231",".293",".361","61.1","40.7","12.5","20.7","1011.3",".714","5.51","131.3","27.6","42.3","Fr","Pr",".218",".273",".332","49.6",".235",".300",".369","39.1","Normal","Pr",  
"3B, 1B, SS, LF, RF","Wrightstone, Russ L  ","$2,196,000","15732",".246",".306",".367","65.9","45.6","13.2","20.3","288.6",".522","9.88","174.9","25.6","45.9","Fr","Fr",".211",".259",".275","96.6",".251",".313",".382","42.2","Normal","Pr",  
"2B","Morgan, Ray R  ","$2,187,000","6899",".240",".330",".341","69.1","65.7","8.91","21.3","88.6",".621","8.65","137.5","30.0","44.1","Av","Av",".245",".336",".353","61.0",".234",".323",".327","72.2","Prone","Pr",  
"SS, 2B, 3B","Pennington, Cliff S  ","$2,187,000","5320",".250",".317",".319","63.2","177.3","11.1","23.5","59.7",".699","7.49","121.8","33.7","72.8","Vg","Av",".233",".294",".266","464.3",".257",".325",".338","145.4","Prone","Fr",  
"3B, 1B, 2B, SS","Gonzales, Rene R  ","$2,185,000","10692",".238",".310",".314","56.3","115.0","11.0","23.3","308.3",".534","9.33","162.5","31.2","35.0","Fr","Fr",".250",".327",".341","87.6",".225",".290",".284","175.3","Normal","Pr",  
"RF, CF","Ford, Dan R  ","$2,183,000","10370",".262",".316",".394","71.2","51.8","15.0","16.2","127.6",".539","6.49","86.7","22.3","38.0","Av","Av",".267",".327",".410","46.6",".261",".310",".391","54.1","Prone","Pr",  
"C, 3B","Smith, Hal W. R  ","$2,173,000","16275",".256",".303",".367","62.5","62.1","16.3","17.2","1100.4",".615","7.54","262.8","20.0","33.5","Fr","Pr",".252",".298",".361","61.7",".258",".306",".370","62.7","Normal","Pr",  
"SS, 2B, 3B","Causey, Wayne L  ","$2,166,000","5775",".257",".331",".327","67.6","180.5","10.2","21.8","595.5",".688","12.2","156.0","29.4","57.5","Fr","Pr",".230",".309",".279","328.7",".263",".335",".337","165.1","Normal","Pr",  
"2B, 3B, SS","Brown, Jimmy S  ","$2,162,000","11258",".244",".289",".304","50.9","216.5","17.2","26.2","249.6",".490","14.4","130.1","36.5","58.2","Fr","Fr",".244",".285",".300","382.2",".245",".292",".307","182.6","Normal","Fr",  
"2B, 3B, SS","Rigney, Bill R  ","$2,162,000","7208",".252",".315",".345","64.5","83.8","12.6","20.5","297.2",".529","7.39","129.4","27.8","49.2","Fr","Fr",".271",".332",".368","73.6",".243",".307",".334","89.3","Normal","Pr",  
"RF, LF","Moryn, Walt L  ","$2,158,000","11019",".244",".312",".388","71.3","34.2","11.4","20.1","437.8",".718","6.91","159.2","26.1","43.2","Av","Pr",".235",".299",".369","36.8",".247",".315",".391","34.4","Normal","Pr",  
"C","Nolan, Joe L  ","$2,153,000","18232",".250",".323",".340","66.1","90.3","10.5","20.7","255.0",".559","9.14","136.9","27.9","46.8","Fr","Fr",".234",".293",".294","253.5",".254",".329",".348","80.7","Normal","Pr",  
"C","Walker, Fleet R  ","$2,152,000","15599",".247",".324",".306","60.6","101.3","12.7","41.3","83.7",".622","7.06","202.9","60.7","47.5","Av","Av",".250",".332",".311","77.0",".244",".317",".302","146.8","Normal","Pr",  
"C, LF, RF","Padgett, Don L  ","$2,148,000","8604",".260",".304",".383","67.1","49.7","16.6","17.7","1544.0",".500","9.34","178.2","21.3","41.7","Fr","Pr",".248",".292",".344","80.1",".262",".307",".390","46.4","Normal","Pr",  
"C","Yeager, Steve R  ","$2,147,000","9208",".221",".285",".352","56.9","39.9","12.8","21.1","260.6",".565","5.61","125.5","28.6","39.1","Fr","Fr",".236",".305",".381","36.2",".208",".268",".325","45.2","Prone","Pr",  
"LF, CF, RF","McCarthy, Jack L  ","$2,145,000","6806",".263",".317",".350","65.5","84.0","13.9","22.0","62.7",".635","7.97","192.8","27.9","50.8","Av","Av",".241",".298",".297","175.8",".268",".320",".359","79.5","Normal","Av",  
"SS","Gonzalez, Alex R  ","$2,143,000","16429",".244",".285",".363","58.6","51.8","20.5","18.9","226.1",".716","7.09","126.9","24.2","40.3","Av","Fr",".246",".285",".365","53.1",".243",".285",".363","50.2","Prone","Fr",  
"2B","Lind, Jose R  ","$2,134,000","14169",".239",".272",".282","41.1","833.5","22.7","28.6","103.5",".652","12.6","229.0","35.2","40.6","Vg","Fr",".236",".275",".288","493.5",".240",".271",".279","1387.5","Normal","Av",  
"RF, 3B, LF, CF","Mackowiak, Rob L  ","$2,134,000","12784",".246",".313",".351","67.8","60.3","11.8","22.9","112.2",".698","5.61","98.9","34.4","90.2","Vg","Fr",".221",".288",".303","80.8",".251",".318",".360","57.6","Normal","Pr",  
"3B, 2B","Haney, Fred R  ","$2,133,000","3454",".223",".316",".284","56.4","98.7","8.41","40.6","94.9",".636","8.92","189.9","62.3","53.9","Av","Av",".229",".328",".301","82.9",".214",".301",".262","129.0","Normal","Pr",  
"RF","Piscotty, Stephen R  ","$2,132,000","420",".259",".328",".386","72.8","42.0","11.1","20.0","233.5","1.00","7.53","233.5","24.6","31.1","Av","Fr",".252",".326",".365","49.3",".293",".338",".480","25.0","Prone","Fr",  
"SS","Ordonez, Rey R  ","$2,129,000","15509",".233",".263",".276","38.3","1193.0","26.1","27.7","194.6",".521","15.1","257.4","33.8","45.1","Fr","Fr",".227",".256",".268","1221.2",".239",".269",".282","1098.8","Prone","Pr",  
"1B","Smoak, Justin S  ","$2,126,000","7907",".235",".322",".372","71.4","33.4","8.61","23.5","1509.8",".429","6.82","226.5","30.5","36.7","Pr","Pr",".218",".306",".351","35.5",".241",".329",".381","32.3","Prone","Pr",  
"LF, 1B, 3B, CF, RF","Robinson, Bill R  ","$2,122,000","9175",".241",".287",".400","63.5","31.3","16.5","17.7","173.8",".487","5.51","165.1","21.6","33.7","Fr","Av",".249",".298",".414","30.3",".231",".276",".384","32.6","Prone","Pr",  
"SS","Schofield, Dick Jr R  ","$2,120,000","5451",".228",".303",".296","55.7","143.4","10.9","25.5","140.5",".571","8.38","131.6","37.0","78.3","Av","Av",".240",".319",".312","137.3",".218",".292",".285","148.4","Prone","Fr",  
"RF, 2B, LF","Niles, Harry R  ","$2,116,000","11984",".259",".328",".377","72.9","45.9","11.1","22.2","65.0",".593","8.28","140.2","30.2","42.1","Av","Vg",".266",".337",".398","39.8",".243",".308",".331","68.7","Prone","Pr",  
"3B, 2B, SS","Burns, Tom R  ","$2,115,000","5736",".238",".290",".321","53.2","94.0","14.9","22.8","79.1",".669","7.00","142.0","30.0","44.6","Vg","Av",".246",".299",".341","86.1",".233",".284",".312","96.1","Normal","Pr",  
"CF, LF, RF","Boston, Daryl L  ","$2,110,000","11625",".235",".297",".374","66.4","39.3","12.3","18.4","48.4",".658","7.32","129.2","23.9","62.4","Av","Vg",".215",".268",".314","65.2",".237",".302",".382","37.6","Normal","Pr",  
"CF, RF","Rivera, Ruben R  ","$2,109,000","10934",".212",".293",".360","62.4","34.2","10.4","21.7","73.8",".630","4.26","82.2","34.8","51.8","Av","Vg",".219",".300",".376","31.7",".202",".284",".336","38.5","Prone","Pr",  
"C","Ashby, Alan S  ","$2,099,000","11530",".228",".299",".328","56.5","56.2","11.0","23.4","1077.8",".667","7.40","331.6","28.6","36.5","Fr","Pr",".211",".270",".282","79.6",".231",".304",".336","53.0","Prone","Pr",  
"2B","Beckert, Glenn R  ","$2,099,000","8802",".261",".299",".302","52.2","1760.4","19.6","27.5","178.6",".639","26.8","338.1","32.4","46.9","Av","Fr",".270",".308",".312","1774.5",".256",".294",".299","1645.3","Prone","Pr",  
"1B","Johnson, Lamar R  ","$2,093,000","13282",".271",".327",".383","71.0","55.6","12.9","19.9","217.4",".578","9.45","144.2","25.7","30.5","Fr","Fr",".277",".333",".392","54.3",".263",".318",".373","55.5","Normal","Pr",  
"CF, 3B, LF","Oldring, Rube R  ","$2,093,000","7597",".259",".293",".378","63.2","58.9","22.7","17.2","52.6",".594","8.88","100.7","22.6","48.8","Av","Vg",".272",".306",".403","53.5",".242",".275",".347","67.4","Normal","Pr",  
"2B, 3B, SS","Bohne, Sam R  ","$2,088,000","4909",".216",".282",".325","52.1","52.8","12.0","24.1","79.2",".535","7.91","105.1","36.0","47.9","Fr","Vg",".230",".299",".345","49.2",".206",".270",".311","55.6","Normal","Pr",  
"2B, 3B, SS","Lumpe, Jerry L  ","$2,086,000","11413",".247",".303",".306","55.3","265.4","13.7","25.2","598.6",".677","13.2","144.5","34.3","55.1","Fr","Pr",".228",".278",".264","811.7",".252",".310",".317","223.1","Normal","Pr",  
"2B","Critz, Hughie R  ","$2,077,000","5673",".239",".287",".319","52.9","115.8","16.5","24.8","238.8",".510","10.9","85.0","39.8","55.4","Fr","Av",".256",".301",".341","94.5",".228",".275",".303","133.2","Normal","Av",  
"CF, LF, RF","Delsing, Jim L  ","$2,077,000","5648",".235",".305",".338","62.0","68.0","11.6","19.5","286.0",".579","8.38","139.8","25.7","56.7","Pr","Fr",".206",".280",".293","147.0",".241",".310",".348","60.8","Normal","Pr",  
"2B, 3B","Gates, Brent S  ","$2,069,000","6294",".253",".318",".317","59.9","251.8","11.5","22.0","240.9",".674","9.57","170.4","28.5","40.2","Fr","Fr",".241",".302",".295","212.0",".257",".323",".324","267.2","Prone","Fr",  
"1B","McKinnon, Alex R  ","$2,068,000","9289",".288",".316",".403","73.0","69.8","25.1","16.4","246.1",".494","9.54","95.6","21.2","46.4","Fr","Fr",".295",".324",".423","60.8",".280",".309",".378","84.2","Normal","Pr",  
"LF, CF, RF","Michaels, Jason R  ","$2,066,000","7854",".251",".325",".355","70.5","84.5","10.2","17.1","239.1",".587","7.07","113.4","23.2","59.0","Fr","Fr",".261",".335",".373","69.1",".235",".308",".325","134.5","Prone","Pr",  
"C","Wagner, Hal L  ","$2,060,000","6403",".227",".313",".313","60.8","97.0","9.28","19.6","317.2",".639","8.98","280.6","24.2","57.9","Vg","Pr",".173",".238",".207",".000",".232",".320",".323","88.2","Normal","Pr",  
"C","Rodgers, Buck S  ","$2,056,000","13155",".230",".280",".299","47.0","173.1","16.4","23.0","219.0",".631","9.15","135.6","30.5","46.1","Pr","Fr",".206",".255",".245","1411.5",".237",".286",".314","138.2","Normal","Pr",  
"C","Davis, Jody R  ","$2,054,000","14666",".224",".286",".353","56.5","35.3","12.6","23.9","1151.5",".609","5.71","424.2","28.0","33.4","Pr","Pr",".224",".281",".365","29.6",".225",".291",".349","38.8","Normal","Pr",  
"C","Hegan, Jim R  ","$2,054,000","9973",".218",".268",".317","47.7","69.3","15.8","21.6","834.4",".520","5.88","117.9","29.3","51.9","Fr","Pr",".223",".271",".329","63.5",".215",".266",".309","74.1","Prone","Pr",  
"SP, 1B","Buffinton, Charlie R  ","$2,053,000","170",".200",".218",".265","24.9","56.7","44.0","85.0",".000",".000","7.04",".000","88.0","58.7","Av","Fr",".182",".194",".227","66.0",".212",".234",".288","52.0","Normal","Pr",  
"RF, LF","Francoeur, Jeff R  ","$2,045,000","21257",".254",".299",".380","64.8","45.3","17.7","19.7","181.7",".612","7.94","130.1","25.3","40.5","Fr","Fr",".264",".311",".402","38.8",".241",".280",".347","60.2","Normal","Pr",  
"SS, 2B","Cruz, Deivi R  ","$2,039,000","6170",".253",".278",".325","49.7","228.5","31.4","19.3","204.3",".604","14.5","167.6","23.3","40.9","Fr","Fr",".258",".286",".333","186.7",".252",".274",".321","258.7","Normal","Fr",  
"C","Warner, John L  ","$2,038,000","12523",".227",".285",".303","49.1","80.3","16.4","30.0","111.4",".572","7.93","228.3","38.4","49.3","Av","Av",".204",".265",".254","145.2",".230",".287",".310","74.9","Normal","Pr",  
"2B","Reitz, Heinie L  ","$2,037,000","5096",".233",".302",".320","56.5","130.7","11.7","20.2","62.9",".526","7.45","75.3","32.5","52.1","Av","Vg",".227",".290",".312","134.0",".235",".306",".325","120.4","Prone","Pr",  
"LF, CF, RF","Stephens, Gene L  ","$2,033,000","9726",".218",".300",".319","59.8","65.7","9.87","21.8","439.9",".521","6.52","112.2","31.6","105.8","Fr","Fr",".192",".258",".242","460.7",".222",".306",".332","57.5","Normal","Pr",  
"SS, 2B, 3B","Fox, Andy L  ","$2,032,000","2256",".239",".310",".305","57.2","118.7","12.6","31.3","31.8",".627","7.03","125.4","48.2","67.8","Vg","Vg",".232",".304",".291","141.0",".241",".311",".308","114.6","Prone","Pr",  
"SS, 2B","Garcia, Kiko R  ","$2,031,000","19025",".236",".288",".316","48.8","119.7","14.9","22.9","86.6",".643","5.41","97.7","33.2","29.8","Av","Vg",".226",".274",".293","154.0",".241",".295",".327","106.7","Normal","Pr",  
"RF, LF, CF","Cedeno, Roger S  ","$2,030,000","12428",".266",".331",".331","69.2","191.2","11.2","25.0","17.0",".699","7.63","121.2","36.1","72.3","Vg","Ex",".252",".315",".304","256.7",".274",".339",".346","166.9","Prone","Fr",  
"C","Masi, Phil R  ","$2,029,000","6487",".243",".313",".340","61.5","80.1","11.1","19.5","292.4",".610","7.77","143.4","25.9","32.9","Fr","Fr",".252",".323",".354","85.6",".237",".306",".331","77.0","Prone","Pr",  
"C","Ott, Ed L  ","$2,028,000","9111",".239",".292",".335","56.4","61.1","14.7","24.2","397.0",".532","8.33","202.6","30.3","48.4","Pr","Fr",".238",".273",".319","92.1",".240",".294",".337","58.4","Normal","Pr",  
"2B, 3B, SS","Young, Pep R  ","$2,026,000","12388",".224",".274",".350","54.0","48.4","16.5","18.8","336.4",".526","5.89","107.7","25.2","45.9","Fr","Fr",".228",".274",".349","52.5",".222",".273",".351","45.9","Normal","Pr",  
"SS, 2B, 3B","Beckham, Tim R  ","$2,025,000","0","0","0","0","0","0","0","0","0","0","0","0","0","0","Fr","Fr","0","0","0","0","0","0","0","0","Prone","Fr",  
"RF, LF","Munoz, Pedro R  ","$2,022,000","11931",".270",".317",".427","75.1","30.3","15.8","20.5","368.9",".486","5.28","119.6","27.2","30.0","Fr","Fr",".276",".325",".446","27.3",".246",".288",".357","47.3","Prone","Pr",  
"3B","Lord, Harry L  ","$2,021,000","9634",".270",".317",".371","70.6","70.8","16.4","21.2","31.2",".716","8.96","94.3","30.9","53.6","Vg","Vg",".267",".308",".364","90.5",".271",".320",".375","64.8","Normal","Pr",  
"SS, 3B","Klaus, Billy L  ","$2,020,000","14933",".230",".309",".309","59.2","96.3","9.83","23.5","300.9",".622","8.89","183.2","31.0","67.9","Vg","Pr",".208",".284",".251","257.7",".236",".316",".328","80.3","Normal","Pr",  
"3B","Wert, Don R  ","$2,013,000","5054",".243",".307",".324","57.0","81.5","12.4","26.1","468.5",".571","9.50","181.4","34.5","33.5","Fr","Fr",".252",".315",".342","71.7",".233",".296",".302","98.1","Normal","Pr",  
"LF, CF, RF","Stahl, Larry L  ","$2,005,000","23137",".241",".306",".369","68.3","46.4","11.7","19.5","294.1",".613","6.22","93.4","28.1","77.3","Av","Fr",".187",".233",".215","636.3",".245",".311",".380","43.4","Normal","Pr",  
"C","Foiles, Hank R  ","$2,004,000","12722",".230",".296",".363","63.0","35.4","11.5","23.2","4692.3",".429","5.16","192.8","29.6","48.9","Pr","Pr",".233",".304",".365","36.7",".229",".291",".368","33.2","Prone","Pr",  
"CF, LF","Gwynn, Tony Jr L  ","$2,004,000","8523",".244",".312",".299","59.9","501.4","11.2","28.3","28.9",".708","10.2","85.7","50.8","102.1","Vg","Vg",".225",".279",".267",".000",".248",".319",".305","413.7","Normal","Av",  
"SS, 2B","Terry, Zeb R  ","$2,003,000","7704",".237",".307",".324","59.7","70.7","11.9","24.4","146.0",".504","9.14","365.0","30.0","55.1","Pr","Av",".249",".323",".339","64.3",".230",".297",".316","74.7","Normal","Vg",  
"SS, 2B","Corcoran, Tommy R  ","$2,002,000","9983",".219",".250",".313","41.6","79.9","24.1","21.2","83.8",".624","8.04","106.6","28.4","45.9","Av","Vg",".228",".267",".336","67.7",".214",".241",".300","89.1","Prone","Pr",  
"C","Rariden, Bill R  ","$2,000,000","3566",".222",".303",".296","55.8","84.9","9.62","27.2","96.9",".764","7.32","581.1","32.8","58.1","Vg","Fr",".233",".323",".320","71.5",".212",".285",".275","101.1","Normal","Pr",  
"DH, LF, RF","Sheets, Larry L  ","$1,997,000","7403",".254",".306",".393","68.0","32.6","15.1","23.9","206.1",".600","8.52","191.4","30.0","34.2","Fr","Fr",".242",".299",".350","45.8",".252",".303",".398","31.3","Normal","Pr",  
"3B","Rodriguez, Aurelio R  ","$1,990,000","6331",".222",".262",".327","46.2","73.6","20.7","18.5","270.6",".610","8.01","107.4","24.2","39.6","Fr","Fr",".236",".277",".362","60.3",".210",".249",".296","90.4","Prone","Pr",  
"3B","Alvis, Max R  ","$1,987,000","10801",".238",".296",".345","59.1","52.9","14.3","23.9","112.9",".600","6.24","139.4","32.3","46.5","Fr","Av",".250",".312",".360","49.7",".229",".284",".333","55.9","Prone","Pr",  
"2B, 3B, LF, RF","LaPorte, Frank R  ","$1,982,000","6562",".254",".306",".366","65.3","71.3","14.9","16.5","70.4",".576","7.93","114.0","21.4","53.2","Av","Av",".262",".319",".378","74.8",".253",".300",".366","67.3","Prone","Pr",  
"3B","Howell, Roy L  ","$1,981,000","12210",".248",".307",".369","66.1","50.5","13.3","19.3","3349.2",".400","6.10","114.5","25.9","45.0","Pr","Pr",".247",".294",".361","50.6",".250",".310",".373","50.3","Prone","Pr",  
"3B, 2B, LF, CF","Randle, Len S  ","$1,970,000","5350",".244",".313",".315","58.5","167.2","11.3","22.8","83.6",".514","8.83","122.9","32.4","51.5","Fr","Vg",".232",".300",".298","140.9",".250",".320",".324","185.2","Normal","Fr",  
"SS, 3B","Urbanski, Billy R  ","$1,968,000","2044",".229",".286",".314","51.7","75.7","14.5","26.5","374.3",".545","7.56","149.7","36.2","51.0","Fr","Pr",".222",".276",".301","90.6",".232",".291",".319","70.5","Normal","Fr",  
"2B, 3B","Baker, Gene R  ","$1,962,000","17968",".244",".300",".334","58.4","110.2","13.8","18.9","186.1",".588","9.44","115.1","25.5","43.7","Av","Fr",".242",".299",".335","96.2",".246",".303",".335","121.8","Normal","Av",  
"SS","Stocker, Kevin S  ","$1,958,000","3056",".236",".313",".290","55.0","611.2","10.9","24.6","228.1",".682","7.55","131.6","34.9","51.1","Av","Fr",".195",".277",".236","673.0",".248",".323",".305","595.8","Fragile","Pr",  
"SS, 2B, 3B","Kelleher, Mick R  ","$1,956,000","25732",".204",".259",".236","29.9","1029.3","15.5","37.6","283.0",".571","8.93","387.7","46.3","35.6","Pr","Fr",".207",".267",".241","1133.4",".202",".254",".233","933.1","Normal","Av",  
"SS, 2B, 3B","McDonald, John R  ","$1,952,000","10067",".227",".266",".286","42.4","218.8","21.5","26.0","59.6",".720","9.83","165.3","34.0","51.7","Vg","Av",".236",".275",".301","171.3",".220",".259",".275","260.9","Prone","Pr",  
"LF, RF","Spencer, Shane R  ","$1,951,000","8577",".249",".319",".374","72.7","44.2","11.0","20.8","367.2",".500","6.60","125.6","28.4","77.0","Fr","Fr",".258",".332",".396","38.2",".238",".301",".344","57.6","Fragile","Pr",  
"SS","Peters, John R  ","$1,942,000","18780",".240",".278",".293","45.3","137.1","21.1","34.3","1825.2",".579","7.89","542.6","39.3","49.0","Pr","Pr",".245",".285",".303","112.4",".236",".274",".286","158.0","Normal","Pr",  
"C","Bemis, Harry R  ","$1,940,000","7413",".254",".298",".356","61.9","68.6","19.5","19.6","277.5",".527","7.68","141.2","25.0","54.4","Fr","Fr",".252",".295",".359","59.3",".255",".300",".355","80.0","Prone","Fr",  
"LF","Brown, Gates L  ","$1,938,000","1825",".249",".323",".365","68.7","48.0","10.2","22.8","113.9",".600","10.5","120.6","32.6","33.1","Vg","Fr",".227",".301",".278",".000",".256",".326",".389","38.7","Normal","Pr",  
"RF, LF, CF","Stone, Ed L  ","$1,938,000","5870",".250",".309",".357","66.9","56.4","12.6","21.7","269.6",".522","6.71","137.7","28.9","82.9","Av","Fr",".221",".284",".308","62.5",".257",".315",".370","55.1","Normal","Pr",  
"2B, 3B","Hale, Odell R  ","$1,935,000","14398",".244",".298",".376","64.7","49.8","14.4","16.6","116.0",".540","7.78","97.4","22.3","46.1","Fr","Av",".259",".313",".402","46.9",".233",".286",".357","52.3","Normal","Fr",  
"3B","Vergez, Johnny R  ","$1,932,000","21995",".245",".311",".372","67.9","44.0","11.8","19.3","400.7",".554","5.78","149.0","25.0","42.7","Fr","Fr",".248",".316",".380","43.0",".244",".310",".369","44.0","Normal","Pr",  
"3B, 2B, SS","Blum, Geoff S  ","$1,931,000","6720",".234",".291",".316","53.2","92.1","13.9","23.0","489.7",".536","9.31","170.8","29.5","49.3","Fr","Pr",".219",".272",".292","129.4",".240",".299",".327","81.6","Prone","Pr",  
"2B, SS","Harmon, Terry R  ","$1,931,000","3292",".227",".302",".277","52.5","548.7","10.9","28.9","137.0",".771","7.25","119.3","44.6","80.4","Av","Fr",".234",".301",".284","806.0",".217",".298",".266","683.5","Normal","Pr",  
"2B, 3B, SS","Adams, Sparky R  ","$1,930,000","9777",".243",".306",".299","54.7","184.5","12.6","27.4","77.6",".670","10.2","434.6","32.7","48.9","Av","Av",".244",".308",".301","133.5",".243",".304",".297","251.0","Normal","Fr",  
"2B, 3B, SS","Helms, Tommy R  ","$1,925,000","9696",".252",".282",".311","48.4","359.1","26.9","22.0","262.6",".513","17.8","238.2","25.7","44.3","Fr","Fr",".256",".284",".313","496.7",".250",".280",".309","311.0","Prone","Pr",  
"2B, 3B","Niehoff, Bert R  ","$1,923,000","5605",".238",".291",".344","56.8","65.9","14.3","17.6","406.3",".556","7.18","320.7","20.4","39.6","Av","Av",".230",".289",".336","62.3",".244",".294",".350","69.0","Prone","Pr",  
"C","Phelps, Ed R  ","$1,922,000","8253",".243",".316",".343","65.4","54.7","11.5","25.9","133.1",".667","7.69","160.6","35.7","46.1","Fr","Av",".245",".321",".342","64.4",".240",".311",".344","46.5","Normal","Pr",  
"C","Wilson, Red R  ","$1,921,000","3805",".252",".317",".329","61.5","190.2","11.8","17.7","170.5",".556","10.4","213.1","21.9","38.4","Fr","Fr",".253",".318",".332","212.4",".251",".317",".327","178.3","Prone","Pr",  
"3B, 1B","Johnson, Chris R  ","$1,919,000","1258",".257",".289",".360","56.6","52.4","22.9","25.2","331.5",".500","5.24","165.8","31.6","34.9","Av","Fr",".278",".309",".395","44.1",".220",".256",".300","77.3","Prone","Pr",  
"C","Oates, Johnny L  ","$1,917,000","15147",".233",".282",".289","46.9","182.5","15.4","26.6","351.3",".484","13.0","412.8","31.2","56.0","Pr","Fr",".226",".277",".262","289.6",".233",".283",".294","170.6","Prone","Pr",  
"SS, 2B","Barmes, Clint R  ","$1,916,000","13074",".234",".279",".330","53.8","79.7","19.4","19.6","141.2",".564","8.45","137.1","25.3","67.2","Av","Av",".247",".300",".361","64.1",".225",".265",".308","96.4","Prone","Pr",  
"3B","Pagliarulo, Mike L  ","$1,915,000","20877",".231",".289",".368","61.8","40.4","13.8","18.1","223.7",".607","6.49","152.1","22.7","49.9","Av","Fr",".211",".256",".309","77.4",".234",".293",".377","37.4","Prone","Pr",  
"SS","Brinkman, Ed R  ","$1,914,000","10692",".225",".275",".283","42.3","305.5","16.3","24.2","277.7",".618","8.72","149.5","32.1","37.9","Fr","Fr",".217",".264",".275","227.3",".229",".283",".289","374.8","Normal","Pr",  
"2B, 3B","Frye, Jeff R  ","$1,914,000","12723",".255",".320",".308","60.8","2120.5","12.0","21.9","69.7",".636","11.9","212.1","27.7","62.6","Av","Av",".248",".324",".299","4680.0",".259",".316",".312","1500.4","Prone","Fr",  
"2B, 3B, SS","Lansing, Mike R  ","$1,913,000","5378",".241",".289",".328","53.4","128.0","15.9","17.9","67.8",".661","10.9","142.3","22.5","36.2","Vg","Av",".258",".301",".349","104.3",".228",".280",".311","156.8","Prone","Pr",  
"3B, 1B","Boone, Aaron R  ","$1,906,000","8787",".245",".310",".365","68.6","48.3","13.7","19.8","53.0",".724","7.51","139.2","26.1","57.7","Vg","Av",".255",".313",".384","42.0",".238",".308",".353","54.0","Fragile","Fr",  
"LF, RF","Incaviglia, Pete R  ","$1,903,000","22441",".236",".299",".417","73.2","24.7","12.8","19.9","242.7",".583","4.09","125.0","26.6","53.5","Fr","Fr",".241",".307",".431","23.8",".230",".290",".395","26.6","Prone","Pr",  
"2B, 3B, SS, LF, CF, RF","Candaele, Casey S  ","$1,902,000","12402",".238",".294",".309","53.8","167.6","13.6","22.9","86.5",".581","14.0","122.3","31.6","65.3","Fr","Av",".250",".314",".333","114.7",".229",".279",".290","258.5","Normal","Fr",  
"SS, 2B, 3B","Spiers, Bill L  ","$1,900,000","10018",".263",".326",".341","67.0","178.9","11.6","20.0","86.9",".640","11.0","97.5","28.8","49.4","Av","Av",".229",".282",".283","400.8",".269",".334",".352","161.8","Prone","Pr",  
"SS, 2B, 3B","Vazquez, Ramon L  ","$1,900,000","10403",".248",".326",".326","67.0","136.9","9.71","22.4","133.9",".657","7.19","104.3","33.6","85.4","Av","Fr",".210",".270",".236","679.0",".255",".334",".341","120.5","Normal","Fr",  
"C","Mayne, Brent L  ","$1,889,000","7995",".250",".312",".301","54.2","499.7","12.0","24.4","423.7",".600","9.81","278.0","30.1","34.5","Fr","Fr",".205",".272",".235","803.0",".256",".318",".309","461.5","Normal","Pr",  
"C","Haselman, Bill R  ","$1,887,000","13723",".252",".304",".370","62.4","54.7","14.1","18.0","382.6",".481","8.57","127.5","23.2","29.7","Fr","Fr",".264",".321",".393","49.2",".224",".264",".323","70.6","Normal","Pr",  
"2B","Young, Ralph S  ","$1,871,000","8447",".224",".312",".287","55.8","80.4","8.86","40.8","143.8",".540","9.24","978.1","49.6","55.3","Fr","Av",".213",".298",".264","117.1",".229",".319",".298","70.2","Normal","Fr",  
"3B, 2B, SS","Brookens, Tom R  ","$1,870,000","19567",".246",".301",".349","62.4","89.3","13.9","17.5","180.1",".620","7.78","87.1","24.5","58.9","Av","Av",".253",".313",".371","65.4",".239",".289",".332","128.3","Normal","Pr",  
"C","Torrealba, Yorvit R  ","$1,870,000","4596",".227",".283",".296","45.4","176.8","14.2","21.3","212.0",".649","8.15","195.7","26.8","31.2","Pr","Fr",".242",".302",".317","192.5",".216",".269",".281","166.9","Normal","Fr",  
"3B, 1B","Perry, Herb R  ","$1,869,000","5717",".237",".303",".340","57.6","63.5","14.1","19.9","373.7",".486","8.79","211.8","24.6","29.4","Fr","Fr",".242",".305",".337","74.9",".234",".302",".341","58.7","Fragile","Fr",  
"LF, CF, RF","Saunders, Michael L  ","$1,868,000","12587",".237",".313",".369","70.6","47.7","10.0","17.5","73.8",".693","5.45","92.1","25.1","65.6","Av","Av",".221",".286",".337","54.5",".243",".322",".381","45.5","Prone","Fr",  
"1B","Holke, Walter S  ","$1,866,000","7360",".245",".289",".326","53.9","74.3","17.2","27.9","99.6",".513","8.01","199.2","35.6","58.2","Fr","Av",".226",".271",".276","156.0",".265",".313",".359","63.7","Normal","Pr",  
"SS","Weiss, Walt S  ","$1,865,000","17639",".226",".312",".271","53.6","518.8","9.32","30.0","159.0",".608","10.8","185.3","42.2","67.5","Av","Fr",".216",".296",".253","897.5",".230",".318",".279","464.7","Prone","Fr",  
"1B, 3B","Coomer, Ron R  ","$1,861,000","70353",".264",".309",".379","64.5","47.1","15.9","22.7","311.0",".691","12.9","163.9","28.7","26.2","Vg","Pr",".275",".326",".403","41.7",".235",".265",".313","76.2","Normal","Pr",  
"1B","Schmidt, Butch L  ","$1,861,000","15756",".261",".324",".376","72.0","56.3","13.7","19.5","342.9",".646","7.15","108.6","27.0","44.2","Pr","Fr",".246",".311",".338","69.4",".264",".326",".382","55.1","Prone","Pr",  
"LF, RF","Greengrass, Jim R  ","$1,859,000","12656",".254",".316",".397","71.5","37.1","12.2","19.6","698.5",".645","6.58","104.3","27.3","32.0","Pr","Pr",".265",".329",".421","32.4",".235",".291",".351","50.9","Normal","Pr",  
"CF","Taveras, Willy R  ","$1,859,000","14164",".261",".305",".287","54.6","4721.3","19.0","45.7","16.5",".689","9.86","291.5","60.1","105.8","Vg","Ex",".265",".308",".288","5673.0",".259",".304",".288","4027.0","Prone","Ex",  
"C","Navarro, Dioner S  ","$1,857,000","14273",".247",".305",".330","58.1","82.0","13.0","24.0","285.9",".505","12.6","224.6","30.0","38.6","Fr","Fr",".255",".322",".360","61.7",".242",".292",".310","105.6","Normal","Fr",  
"RF, LF, CF","Cowens, Al R  ","$1,849,000","7600",".250",".306",".348","62.2","116.9","14.1","17.1","71.6",".682","8.84","78.3","24.5","43.9","Av","Av",".253",".314",".347","143.7",".247",".299",".349","101.2","Prone","Pr",  
"LF, CF, RF","Parra, Gerardo L  ","$1,845,000","1981",".266",".314",".346","64.9","152.4","15.1","18.5","63.4",".667","10.8","165.7","22.9","58.2","Av","Av",".206",".255",".258",".000",".274",".323",".358","133.3","Prone","Av",  
"2B, 3B","Boswell, Ken L  ","$1,844,000","15530",".251",".314",".340","61.5","98.9","12.1","20.0","264.2",".580","13.1","121.8","27.0","33.7","Av","Fr",".236",".299",".305","235.2",".254",".317",".348","87.2","Prone","Pr",  
"RF, LF, CF","Wyrostek, Johnny L  ","$1,844,000","14255",".255",".321",".358","68.1","79.2","11.5","18.3","376.4",".591","8.15","100.7","25.5","43.0","Fr","Fr",".244",".310",".331","100.3",".259",".325",".367","74.4","Normal","Pr",  
"RF, CF","Felix, Junior S  ","$1,842,000","4316",".249",".306",".373","67.5","56.8","13.8","17.6","143.2",".611","5.37","75.0","26.0","61.4","Fr","Vg",".236",".292",".351","59.5",".253",".311",".381","55.9","Fragile","Pr",  
"RF","Donovan, Patsy L  ","$1,841,000","2389",".260",".305",".316","57.6","113.8","17.3","37.3","13.6",".708","8.85","513.4","43.5","52.4","Vg","Ex",".242",".288",".279","298.0",".267",".311",".328","94.4","Normal","Pr",  
"SS","Boley, Joe R  ","$1,840,000","11953",".241",".301",".313","54.7","119.5","13.5","23.9","356.3",".617","9.73","193.9","30.5","41.3","Fr","Fr",".239",".302",".310","116.6",".243",".302",".316","117.7","Normal","Fr",  
"LF, CF, RF","Mouton, James R  ","$1,839,000","15178",".251",".334",".328","68.7","143.2","9.62","20.5","19.8",".696","7.40","162.8","27.1","49.2","Vg","Ex",".257",".340",".342","120.6",".228",".310",".275","519.5","Prone","Pr",  
"C","LaRue, Jason R  ","$1,838,000","9356",".229",".300",".357","62.3","45.0","14.3","19.2","1307.8",".500","4.76","123.1","26.0","41.0","Pr","Pr",".225",".292",".347","44.6",".233",".305",".364","45.2","Prone","Pr",  
"2B, 3B, SS","Hughes, Roy R  ","$1,833,000","6009",".228",".279",".285","45.2","158.1","15.5","29.7","77.6",".639","8.69","253.6","37.5","52.3","Av","Av",".234",".286",".289","169.9",".224",".275",".277","176.9","Normal","Fr",  
"2B, 3B, SS, LF, CF","Hairston, Jerry Jr R  ","$1,828,000","6875",".245",".306",".314","57.9","221.8","14.0","21.0","48.3",".628","13.0","142.1","28.1","56.4","Av","Vg",".250",".308",".327","173.4",".242",".308",".310","272.6","Fragile","Fr",  
"SS, 2B","Johnson, Ernie R L  ","$1,826,000","5385",".229",".280",".327","51.7","50.8","15.8","29.4","234.0",".610","8.55","201.7","38.0","43.0","Av","Vg",".214",".267",".313","42.6",".231",".283",".321","62.9","Normal","Pr",  
"2B","Bush, Homer R  ","$1,822,000","30108",".273",".310",".316","57.8","406.9","24.1","33.1","31.1",".691","7.36","195.8","43.8","51.8","Vg","Vg",".278",".314",".324","307.8",".270",".308",".311","604.4","Fragile","Pr",  
"2B, CF","Miller, Keith R  ","$1,822,000","2607",".254",".320",".330","65.6","162.9","13.4","20.1","32.2",".687","7.78","137.9","26.6","74.2","Vg","Vg",".264",".327",".328","538.0",".248",".317",".335","106.9","Fragile","Fr",  
"CF, LF, RF","Weatherly, Roy L  ","$1,821,000","6875",".259",".294",".379","65.4","56.4","21.5","17.7","116.6",".594","10.1","99.3","23.4","68.7","Fr","Av",".239",".268",".319","155.9",".262",".298",".390","50.3","Prone","Pr",  
"2B, SS","Alomar, Sandy Sr S  ","$1,820,000","12633",".251",".294",".297","52.7","360.9","17.2","29.7","33.0",".696","12.3","227.4","37.3","79.3","Vg","Vg",".258",".308",".309","508.1",".246",".287",".291","310.0","Prone","Av",  
"CF","Ankiel, Rick L  ","$1,815,000","14626",".236",".297",".392","68.5","30.9","12.5","19.9","329.0",".510","4.94","121.2","26.8","55.0","Fr","Fr",".227",".281",".349","46.6",".238",".301",".402","28.8","Fragile","Pr",  
"SS, 1B, 3B","Rodgers, Andre R  ","$1,813,000","12088",".235",".316",".327","60.8","95.9","9.74","19.5","224.5",".540","5.91","122.3","27.0","38.3","Fr","Fr",".238",".326",".339","67.7",".234",".309",".319","132.4","Normal","Pr",  
"2B","Bierbauer, Lou L  ","$1,811,000","22363",".231",".257",".312","43.4","85.4","29.0","25.4","97.9",".614","8.88","159.8","32.0","55.1","Av","Vg",".221",".242",".294","102.7",".234",".262",".318","81.2","Normal","Fr",  
"2B, SS, RF","Womack, Tony L  ","$1,806,000","10305",".251",".293",".294","54.4","2061.0","17.9","30.5","13.2",".746","11.8","130.2","43.7","85.8","Ex","Ex",".241",".278",".284","1522.0",".256",".300",".298","2420.3","Normal","Pr",  
"C","Borgmann, Glenn R  ","$1,803,000","7345",".216",".314",".294","57.2","122.4","8.09","21.9","4254.5",".400","7.94","154.7","30.4","45.3","Pr","Pr",".221",".317",".301","145.2",".212",".311",".288","107.2","Prone","Pr",  
"SS, 2B","Stephens, Paul R  ","$1,803,000","19377",".208",".253",".237","29.1","1139.8","20.4","44.9","79.5",".634","7.64","290.2","58.0","44.8","Av","Av",".217",".261",".244","1140.9",".202",".247",".232","1104.3","Normal","Pr",  
"SS","Lavan, Doc R  ","$1,799,000","26070",".223",".263",".307","43.8","80.2","20.4","24.5","170.7",".599","6.81","180.6","30.7","46.7","Fr","Av",".227",".270",".321","81.0",".218",".257",".294","83.1","Prone","Pr",  
"2B, 3B","Dauer, Rich R  ","$1,796,000","7263",".242",".304",".309","54.0","186.2","12.4","21.1","2003.2",".400","16.7","320.5","25.1","35.8","Pr","Pr",".255",".319",".323","145.1",".235",".296",".301","221.5","Normal","Pr",  
"C","Healy, Fran R  ","$1,796,000","7549",".228",".314",".331","62.4","60.9","9.05","21.4","1071.9",".727","6.30","175.0","28.2","43.5","Pr","Pr",".241",".325",".354","52.6",".208",".295",".293","82.9","Normal","Pr",  
"C","Edwards, Bruce R  ","$1,794,000","6541",".242",".311",".360","65.0","53.2","11.2","20.3","270.3",".587","7.89","92.4","29.9","35.8","Fr","Fr",".241",".313",".367","55.7",".237",".303",".347","50.1","Prone","Pr",  
"SS, 2B","Durocher, Leo R  ","$1,791,000","9886",".207",".262",".266","36.2","149.8","15.5","30.4","275.9",".549","7.20","163.0","41.5","41.9","Fr","Fr",".210",".267",".277","140.7",".200",".253",".251","185.7","Normal","Pr",  
"C","Fletcher, Darrin L  ","$1,788,000","3893",".248",".296",".350","59.9","59.9","17.2","21.5","1052.2",".800","14.6","191.3","26.5","43.4","Pr","Pr",".256",".298",".348","80.4",".246",".295",".351","56.6","Prone","Pr",  
"3B, 1B","Berry, Sean R  ","$1,787,000","4974",".249",".308",".375","68.0","47.8","13.6","17.6","111.2",".590","6.64","151.4","22.2","54.5","Av","Av",".258",".305",".380","53.2",".245",".311",".376","44.8","Normal","Pr",  
"RF, 1B, LF","Nady, Xavier R  ","$1,786,000","22276",".259",".312",".388","68.2","41.4","15.7","19.8","478.3",".654","6.94","165.9","24.9","30.4","Av","Pr",".268",".322",".406","39.3",".244",".295",".361","45.6","Prone","Pr",  
"RF","Vukovich, George L  ","$1,784,000","13220",".267",".318",".379","71.0","58.8","14.4","18.6","287.9",".521","8.38","139.7","23.8","54.7","Pr","Fr",".224",".269",".276","216.6",".271",".323",".389","55.2","Normal","Pr",  
"3B","Baird, Doug R  ","$1,781,000","6342",".233",".292",".359","62.2","51.1","13.4","18.2","46.1",".714","5.85","85.4","26.2","53.1","Vg","Vg",".230",".290",".348","62.5",".234",".294",".367","45.4","Normal","Fr",  
"C","Richards, Paul R  ","$1,779,000","3324",".192",".269",".251","36.9","89.8","10.9","42.1","85.0",".759","7.24","748.4","50.6","41.6","Ex","Fr",".194",".268",".257","83.7",".191",".269",".244","97.9","Normal","Pr",  
"3B","Joseph, Newt R  ","$1,778,000","7077",".255",".324",".363","69.0","62.1","11.4","19.2","92.1",".619","8.66","141.4","25.4","37.5","Av","Av",".253",".329",".371","51.3",".251",".314",".349","78.8","Normal","Pr",  
"RF, CF","Householder, Paul S  ","$1,777,000","6887",".228",".296",".346","60.4","48.2","11.4","21.9","71.5",".601","6.60","109.3","31.4","53.1","Fr","Vg",".233",".297",".353","47.7",".223",".295",".332","51.6","Normal","Pr",  
"LF, CF","Milledge, Lastings R  ","$1,774,000","18485",".276",".331",".378","73.3","66.5","15.1","21.1","78.6",".644","8.96","113.8","29.3","41.1","Av","Av",".286",".343",".397","56.2",".254",".304",".337","110.4","Prone","Fr",  
"SS, 3B, LF","Pagan, Jose R  ","$1,770,000","11383",".241",".288",".322","52.6","109.5","16.6","21.9","558.5",".579","8.78","133.6","28.7","43.6","Fr","Fr",".248",".300",".343","79.7",".236",".281",".309","133.4","Normal","Pr",  
"3B","Courtney, Ernie L  ","$1,766,000","4617",".249",".335",".341","70.9","53.7","9.12","30.2","222.2",".632","7.62","333.4","38.9","52.3","Fr","Fr",".222",".309",".315","52.5",".253",".338",".345","53.9","Normal","Fr",  
"2B, 3B, SS, LF, RF","Moore, Eddie R  ","$1,766,000","6867",".233",".311",".316","59.6","73.1","10.1","27.7","109.7",".683","9.82","199.7","37.3","46.1","Av","Av",".235",".318",".325","66.3",".230",".301",".304","84.9","Normal","Pr",  
"LF, CF, RF","Wilmot, Walt S  ","$1,766,000","3939",".245",".296",".362","61.5","59.7","14.8","19.2","20.0",".683","8.78","76.6","28.8","39.4","Vg","Ex",".239",".296",".352","63.6",".249",".296",".368","58.1","Prone","Pr",  
"2B","Hubbs, Ken R  ","$1,761,000","11559",".232",".285",".305","47.0","195.9","14.6","21.4","383.1",".532","6.69","98.8","30.6","32.5","Pr","Fr",".252",".308",".343","137.4",".209",".258",".261","384.1","Normal","Fr",  
"C","Myatt, Glenn L  ","$1,760,000","12402",".227",".287",".342","57.0","47.7","13.2","22.9","473.1",".592","7.95","133.2","31.3","44.4","Fr","Fr",".231",".288",".331","53.8",".228",".288",".347","45.8","Normal","Pr",  
"C","Estrada, Johnny S  ","$1,759,000","5564",".256",".292",".327","52.7","135.7","23.5","21.3","1980.7",".750","16.2","457.1","24.0","33.2","Pr","Pr",".251",".284",".295","684.0",".254",".292",".335","107.6","Prone","Pr",  
"3B, RF","Teahen, Mark L  ","$1,758,000","1306",".237",".299",".349","61.8","65.3","12.8","19.8","120.7",".750","5.55","72.4","31.5","51.7","Av","Fr",".248",".280",".355","70.5",".236",".301",".348","64.7","Fragile","Fr",  
"C, RF","Engle, Dave R  ","$1,754,000","13150",".252",".304",".358","60.9","71.5","14.3","18.1","4772.0",".176","10.1","124.5","23.5","30.9","Fr","Pr",".252",".302",".360","70.2",".250",".304",".352","74.6","Normal","Pr",  
"C","Schlei, Admiral R  ","$1,754,000","6818",".238",".308",".333","59.9","60.3","11.2","25.2","637.2",".324","8.01","201.2","32.8","40.9","Pr","Fr",".241",".317",".340","60.0",".239",".304",".331","59.6","Normal","Pr",  
"RF","Miller, Norm L  ","$1,753,000","5586",".233",".315",".353","65.6","53.7","9.60","18.1","218.6",".569","6.71","119.6","24.9","38.2","Av","Fr",".258",".332",".381","59.8",".230",".313",".350","53.1","Prone","Pr",  
"3B, 2B","Hulett, Tim R  ","$1,748,000","7031",".242",".291",".342","57.0","58.6","16.0","24.3","317.7",".571","5.99","149.5","32.0","46.8","Fr","Fr",".243",".293",".347","53.4",".242",".289",".338","62.5","Normal","Pr",  
"2B, LF, CF, RF","Schumaker, Skip L  ","$1,748,000","6667",".268",".331",".329","66.2","289.9","11.7","22.1","168.2",".537","13.8","217.7","27.7","55.2","Fr","Fr",".260",".319",".302","956.0",".269",".333",".333","259.6","Prone","Pr",  
"2B, 3B, SS","Murtaugh, Danny R  ","$1,743,000","7888",".233",".295",".292","50.5","239.0","12.8","24.5","148.6",".590","8.38","203.9","31.4","50.4","Fr","Av",".233",".300",".291","317.9",".231",".291",".291","206.3","Normal","Pr",  
"1B, 3B, LF, RF","Mabry, John L  ","$1,741,000","7324",".259",".312",".358","64.3","64.8","14.3","20.9","2659.3",".375","6.57","215.6","25.5","40.5","Pr","Pr",".254",".307",".336","76.7",".261",".314",".368","59.1","Prone","Pr",  
"CF, LF, RF","White, Jo-Jo L  ","$1,738,000","13690",".224",".313",".296","57.3","113.1","8.97","29.3","100.5",".634","7.26","97.3","51.0","51.4","Av","Av",".185",".268",".212","705.3",".231",".321",".312","98.1","Normal","Pr",  
"C","Pena, Brayan S  ","$1,734,000","5510",".244",".285",".295","45.3","344.4","17.7","24.3","2953.5",".333","19.2","984.5","26.7","32.5","Pr","Pr",".230",".261",".265","1444.0",".250",".295",".307","282.2","Normal","Pr",  
"2B, 3B","Lopez, Jose R  ","$1,730,000","5295",".263",".297",".363","60.7","77.9","22.3","18.3","268.0",".553","13.4","165.5","22.0","39.1","Fr","Fr",".273",".305",".381","73.8",".256",".291",".349","81.2","Normal","Pr",  
"LF, RF","May, Derrick L  ","$1,730,000","6817",".253",".296",".347","58.1","62.0","16.9","25.7","174.5",".583","11.5","166.6","33.2","38.2","Av","Fr",".259",".295",".336","135.6",".251",".297",".350","53.8","Normal","Pr",  
"C","Scheffing, Bob R  ","$1,730,000","8379",".253",".298",".339","56.8","77.6","16.7","24.1","905.3",".476","7.91","181.1","30.5","35.0","Fr","Pr",".254",".301",".341","71.7",".253",".297",".339","80.8","Normal","Pr",  
"2B, 3B, SS","Morgan, Bobby R  ","$1,726,000","5993",".214",".311",".312","58.5","61.2","8.22","22.4","192.3",".720","5.53","266.3","28.7","39.6","Av","Fr",".226",".322",".337","45.8",".207",".305",".297","77.1","Normal","Pr",  
"SS","Crosby, Bobby R  ","$1,724,000","8610",".234",".303",".338","59.3","68.9","11.1","19.0","143.5",".713","7.20","135.4","25.2","35.3","Vg","Fr",".231",".294",".334","82.7",".235",".308",".340","62.9","Fragile","Pr",  
"CF, LF","Conigliaro, Billy R  ","$1,723,000","6860",".243",".298",".391","65.9","37.5","14.4","17.8","356.2",".583","5.35","98.4","24.1","36.1","Fr","Fr",".237",".293",".382","41.1",".250",".304",".401","34.3","Prone","Pr",  
"CF, LF","DeShields, Delino R  ","$1,723,000","0","0","0","0","0","0","0","0","0","0","0","0","0","0","Vg","Vg","0","0","0","0","0","0","0","0","Prone","Av",  
"1B, 2B, 3B","Morrill, John R  ","$1,721,000","16819",".230",".307",".338","61.7","63.7","10.4","19.3","473.6",".520","5.43","125.5","26.3","48.5","Av","Fr",".236",".314",".351","53.6",".225",".300",".326","78.8","Iron","Pr",  
"2B, 3B","Tierney, Cotton R  ","$1,719,000","3927",".249",".289",".383","63.5","46.2","19.7","16.9","235.2",".562","7.19","117.6","21.5","46.0","Fr","Av",".257",".299",".403","39.7",".240",".277",".359","57.6","Normal","Pr",  
"2B, SS","Hall, Irv R  ","$1,713,000","1147",".217",".265",".269","39.7","229.4","17.6","31.0","250.6",".556","7.16","156.6","43.2","73.7","Pr","Fr",".194",".258",".221",".000",".232",".268",".302","146.8","Normal","Fr",  
"3B, C, 1B","Houston, Tyler L  ","$1,713,000","14427",".256",".294",".375","61.8","43.5","19.2","23.7","815.1",".655","5.92","139.5","31.1","36.6","Fr","Pr",".236",".272",".321","69.8",".260",".298",".386","40.4","Fragile","Pr",  
"SS, 1B, 2B, 3B","Johnson, Bob W R  ","$1,711,000","16321",".258",".304",".337","57.7","92.2","16.8","23.8","130.0",".636","9.06","226.7","29.1","34.7","Av","Fr",".258",".302",".333","119.0",".258",".306",".342","76.2","Normal","Pr",  
"SP, 3B","Mercer, Win R  ","$1,709,000","1659",".273",".334",".377","75.4","50.3","11.5","27.2","31.1",".747","7.01","141.3","38.3","39.9","Vg","Vg",".274",".333",".388","44.7",".268",".337",".346","75.2","Normal","Pr",  
"3B, SS, LF","Aspromonte, Bob R  ","$1,705,000","2993",".230",".287",".292","46.8","157.5","13.8","27.0","328.0",".625","11.9","192.9","34.9","36.0","Fr","Fr",".231",".293",".292","199.4",".230",".282",".292","133.1","Normal","Pr",  
"RP, SP, 1B","Dean, Chubby L  ","$1,705,000","1290",".245",".299",".284","50.8","184.3","13.7","44.5","476.3",".750","9.79",".000","49.3","55.0","Fr","Pr",".264",".315",".301",".000",".243",".298",".283","136.0","Normal","Pr",  
"2B","Terwilliger, Wayne R  ","$1,701,000","12552",".231",".303",".307","55.2","95.8","10.8","24.1","381.7",".638","6.29","313.8","29.7","45.7","Av","Fr",".236",".303",".298","160.2",".228",".303",".312","77.5","Normal","Pr",  
"SS, 2B, 3B","Schofield, Dick Sr S  ","$1,700,000","6883",".214",".305",".269","50.1","222.0","8.94","26.6","413.3",".528","6.88","280.5","34.0","52.4","Pr","Fr",".212",".300",".259","309.6",".216",".309",".275","184.4","Normal","Pr",  
"1B, 2B","Stovall, George R  ","$1,699,000","3201",".259",".294",".356","58.2","69.6","21.2","20.0","148.1",".639","9.21","283.9","23.0","35.5","Av","Av",".264",".297",".368","68.3",".254",".290",".342","71.1","Normal","Fr",  
"C","Alomar, Sandy Jr R  ","$1,697,000","7832",".248",".279",".341","52.8","68.7","25.2","22.9","219.9",".585","12.3","174.1","28.4","39.4","Fr","Fr",".255",".285",".345","76.6",".242",".275",".338","63.5","Fragile","Pr",  
"1B, LF, RF","Hutton, Tom L  ","$1,694,000","9619",".240",".327",".312","61.6","115.9","8.66","24.2","501.0",".500","13.3","229.6","31.6","35.2","Pr","Fr",".234",".319",".283","190.6",".241",".329",".320","104.5","Normal","Pr",  
"SS, RF","Houck, Sadie R  ","$1,693,000","15977",".230",".269",".314","46.2","121.0","22.0","21.0","116.9",".616","7.80","89.4","30.0","42.8","Av","Av",".236",".274",".317","134.5",".227",".267",".313","114.3","Normal","Pr",  
"C","Wilson, Dan R  ","$1,692,000","3837",".245",".294",".328","55.2","98.4","15.9","21.0","190.6",".710","7.72","233.0","25.4","41.5","Av","Fr",".264",".317",".363","74.2",".234",".282",".309","119.1","Prone","Pr",  
"1B","Colbrunn, Greg R  ","$1,685,000","5836",".262",".314",".379","68.4","53.1","16.3","18.8","289.2",".611","8.68","135.4","24.2","37.0","Fr","Fr",".270",".317",".381","60.6",".255",".313",".378","46.3","Fragile","Pr",  
"C","Berry, Charlie R  ","$1,682,000","7314",".248",".301",".344","59.5","71.7","14.6","23.0","887.6",".450","6.93","102.4","33.3","41.8","Fr","Pr",".261",".316",".369","60.9",".230",".278",".308","100.0","Normal","Pr",  
"2B, SS","Miles, Aaron S  ","$1,681,000","14475",".261",".302",".305","53.4","1113.5","18.2","29.8","157.9",".635","18.0","140.9","41.7","48.3","Av","Fr",".264",".308",".308","804.0",".259",".298",".303","1473.5","Normal","Av",  
"C, 1B","Wathan, John R  ","$1,681,000","8564",".262",".318",".337","64.1","140.4","13.5","22.8","31.2",".745","9.78","117.3","31.8","40.3","Vg","Vg",".269",".323",".360","104.2",".253",".313",".306","265.5","Prone","Pr",  
"C","Zaun, Gregg S  ","$1,681,000","14516",".234",".319",".319","63.1","95.5","9.13","20.6","535.0",".660","10.6","209.9","26.5","52.3","Fr","Pr",".228",".317",".317","115.7",".236",".320",".320","87.5","Prone","Pr",  
"SS, 2B","Ball, Neal R  ","$1,680,000","17146",".244",".296",".352","60.6","53.9","14.6","21.8","42.7",".690","7.58","176.5","27.5","45.1","Vg","Vg",".251",".304",".365","54.1",".240",".292",".345","53.8","Normal","Fr",  
"C","Schriver, Pop R  ","$1,679,000","7925",".236",".297",".349","60.4","53.2","13.9","20.4","796.2",".440","7.64","146.0","26.6","44.5","Fr","Fr",".238",".298",".358","47.5",".230",".293",".324","77.7","Normal","Pr",  
"LF, RF","Cordova, Marty R  ","$1,677,000","8978",".248",".314",".370","66.0","44.9","12.2","21.0","85.8",".641","6.36","148.5","27.6","31.1","Av","Av",".242",".310",".359","43.6",".254",".317",".377","48.0","Prone","Pr",  
"2B, 3B, SS","Hayes, Jackie R  ","$1,677,000","8601",".219",".270",".283","42.8","130.3","15.7","25.9","326.9",".483","8.78","364.6","31.0","52.1","Fr","Fr",".217",".272",".272","150.0",".219",".269",".291","118.6","Normal","Fr",  
"3B, 1B","Norton, Greg S  ","$1,677,000","7775",".238",".327",".364","72.6","40.1","8.48","22.5","993.7",".500","6.15","172.0","30.4","46.6","Pr","Pr",".218",".299",".303","64.2",".241",".332",".373","37.9","Prone","Pr",  
"1B","Donahue, Jiggs L  ","$1,676,000","9574",".261",".325",".364","70.4","59.5","11.5","22.1","69.7",".605","8.60","166.6","28.8","47.8","Av","Vg",".228",".292",".321","65.4",".265",".328",".369","58.3","Normal","Pr",  
"1B","Fondy, Dee L  ","$1,674,000","8720",".267",".303",".364","64.2","74.5","20.3","22.0","69.7",".607","6.24","93.6","31.1","68.7","Av","Av",".252",".278",".333","97.9",".271",".310",".372","69.8","Normal","Pr",  
"1B","Todt, Phil L  ","$1,674,000","9872",".217",".263",".348","51.5","41.5","18.4","20.4","247.5",".566","8.01","114.5","27.2","47.5","Av","Fr",".199",".236",".310","48.6",".223",".272",".360","39.7","Normal","Pr",  
"C","Bard, Josh S  ","$1,668,000","8818",".251",".315",".348","63.0","86.5","11.4","17.6","4905.0",".667","9.50","196.2","21.8","31.3","Pr","Pr",".266",".337",".375","79.5",".237",".295",".322","96.6","Prone","Pr",  
"2B, SS","Popovich, Paul S  ","$1,660,000","10109",".219",".278",".271","42.2","174.3","13.4","33.4","1107.1",".588","13.9","217.1","43.9","44.5","Pr","Pr",".213",".272",".273","142.3",".224",".283",".271","200.6","Normal","Pr",  
"3B","Higgins, Pinky R  ","$1,654,000","9812",".265",".329",".384","74.3","49.1","11.6","19.8","219.2",".521","7.50","174.0","25.3","42.0","Fr","Fr",".272",".334",".387","53.7",".257",".321",".377","44.3","Normal","Pr",  
"CF, LF, RF","Hunter, Brian L R  ","$1,654,000","3965",".244",".289",".289","53.0","1321.7","16.2","27.9","11.7",".755","7.74","142.4","38.1","77.7","Ex","Ex",".242",".286",".282",".000",".245",".292",".295","779.7","Prone","Fr",  
"SS, 2B, 3B","Reynolds, Craig L  ","$1,654,000","6868",".242",".278",".312","51.6","134.7","21.3","26.5","256.7",".569","12.5","107.9","39.2","100.6","Av","Fr",".245",".274",".309","206.7",".243",".283",".318","120.6","Normal","Fr",  
"C","McCullough, Clyde R  ","$1,652,000","4694",".225",".285",".320","52.1","59.4","13.6","26.7","519.4",".588","6.41","162.3","36.1","41.2","Fr","Fr",".230",".290",".329","55.4",".221",".279",".312","62.5","Prone","Pr",  
"LF, RF","Thorpe, Jim R  ","$1,652,000","4046",".254",".293",".392","64.7","47.0","19.4","17.9","90.7",".585","4.96","60.5","28.3","39.9","Av","Av",".259",".296",".398","43.4",".250",".290",".385","51.6","Normal","Pr",  
"CF","Davis, Kiddo R  ","$1,651,000","15923",".255",".320",".351","66.9","111.3","11.5","16.5","190.2",".633","7.99","128.2","21.4","44.9","Av","Fr",".257",".326",".356","106.9",".252",".313",".345","107.4","Normal","Fr",  
"SS, 2B","Force, Davy R  ","$1,647,000","24151",".177",".219",".222","18.9","146.4","21.2","41.9","1174.4",".733","6.75","833.5","47.4","45.7","Fr","Pr",".182",".226",".231","119.3",".172",".214",".216","172.3","Normal","Pr",  
"RF","Gibbons, Jay L  ","$1,634,000","16718",".256",".312",".398","72.6","35.0","13.3","20.1","1830.4",".588","9.78","164.9","25.5","43.6","Pr","Pr",".256",".307",".396","36.1",".256",".314",".399","34.6","Fragile","Pr",  
"SS, 2B","Gutierrez, Ricky R  ","$1,633,000","9288",".259",".327",".314","60.2","403.8","11.9","25.7","191.2",".540","9.70","141.5","35.9","37.0","Av","Fr",".265",".337",".324","320.7",".247",".310",".293","957.0","Prone","Fr",  
"C","Crouse, Buck L  ","$1,630,000","18786",".224",".289",".307","51.7","60.4","12.8","32.6","229.6",".545","8.79","464.3","39.3","51.6","Fr","Fr",".208",".275",".269","88.1",".227",".291",".311","59.0","Normal","Pr",  
"C","Gooch, Johnny S  ","$1,629,000","12950",".225",".289",".292","48.4","110.7","12.7","28.1","180.8",".556","8.22","280.1","34.8","48.3","Av","Fr",".226",".292",".296","103.8",".224",".287",".290","114.1","Normal","Pr",  
"2B","Shean, Dave R  ","$1,626,000","21182",".231",".274",".329","51.6","56.3","18.5","25.8","90.8",".613","8.65","177.5","33.3","53.3","Av","Vg",".236",".280",".345","48.7",".229",".271",".320","62.6","Normal","Pr",  
"1B, 2B, 3B","Tebeau, Patsy R  ","$1,626,000","3297",".228",".270",".305","44.6","103.0","18.4","23.1","64.4",".585","7.24","208.3","28.1","45.4","Av","Vg",".220",".264",".279","145.2",".233",".274",".323","86.5","Prone","Pr",  
"C, 3B","Barrett, Michael R  ","$1,622,000","5908",".244",".295",".355","59.8","62.9","15.0","18.2","2142.3",".375","11.5","139.7","23.0","38.7","Pr","Pr",".239",".295",".341","75.3",".248",".295",".360","60.1","Prone","Pr",  
"DH, LF, RF","Berroa, Geronimo R  ","$1,615,000","8176",".249",".319",".377","70.1","37.5","10.8","23.8","314.7",".468","6.81","175.5","31.2","38.7","Fr","Fr",".258",".324",".385","38.3",".240",".312",".371","36.7","Prone","Pr",  
"2B, 3B, SS, LF, CF","Bonifacio, Emilio S  ","$1,613,000","1912",".252",".309",".302","57.9","1912.0","13.2","28.1","31.9",".725","7.11","84.2","49.0","75.2","Vg","Vg",".230",".307",".293",".000",".258",".311",".308","1330.0","Prone","Vg",  
"3B, 1B","Lamb, Mike L  ","$1,611,000","4436",".260",".310",".343","62.4","85.3","15.3","25.6","130.3",".617","9.60","123.6","36.0","53.0","Pr","Fr",".242",".289",".297","99.8",".262",".315",".350","91.3","Normal","Pr",  
"RF, LF","Grace, Joe L  ","$1,610,000","36612",".257",".325",".359","70.3","64.7","11.4","20.8","319.3",".547","9.03","141.4","27.7","50.3","Pr","Fr",".237",".306",".304","137.4",".260",".328",".366","62.0","Normal","Pr",  
"3B","Brown, Chris R  ","$1,605,000","4570",".258",".317",".352","62.8","63.5","15.0","25.1","335.4",".417","7.28","173.5","32.9","31.1","Fr","Fr",".258",".318",".349","70.7",".260",".319",".354","58.6","Prone","Pr",  
"1B","Tucker, Tommy S  ","$1,605,000","13912",".247",".311",".326","59.8","84.8","17.5","25.2","64.8",".641","8.18","252.0","31.3","44.7","Av","Vg",".250",".318",".322","95.5",".244",".306",".328","79.2","Iron","Pr",  
"2B, 3B, SS","Ferguson, Bob S  ","$1,604,000","14582",".238",".307",".300","54.8","104.9","11.4","32.0","2032.0",".571","8.42","541.9","38.2","44.7","Pr","Pr",".232",".298",".284","139.7",".241",".311",".307","93.1","Normal","Pr",  
"2B, SS","Cullen, Tim R  ","$1,603,000","19215",".236",".289",".304","48.8","164.2","15.1","23.0","476.5",".557","9.75","176.2","29.3","36.7","Fr","Fr",".234",".289",".297","255.6",".237",".288",".308","134.1","Normal","Av",  
"1B","Carr, Charlie R  ","$1,600,000","4508",".238",".268",".330","49.2","72.7","25.3","23.2","52.9",".720","7.29","140.0","29.8","47.6","Vg","Av",".238",".272",".330","71.4",".238",".262",".330","74.2","Normal","Pr",  
"C","Castro, Ramon R  ","$1,592,000","8861",".227",".298",".371","66.0","30.2","11.0","24.8","1647.3",".600","5.25","282.4","30.6","59.9","Pr","Pr",".236",".305",".386","28.9",".215",".287",".344","34.0","Fragile","Pr",  
"CF, LF, RF","Torres, Rusty S  ","$1,589,000","22921",".227",".308",".356","66.9","39.6","9.61","22.1","230.5",".557","6.08","140.8","30.6","61.3","Pr","Av",".228",".310",".353","41.8",".226",".307",".356","38.8","Prone","Fr",  
"RF, CF","Welch, Frank R  ","$1,589,000","9832",".247",".317",".367","69.1","48.2","11.2","20.8","149.7",".574","6.87","120.4","29.1","48.4","Fr","Av",".245",".315",".368","46.9",".248",".318",".361","52.4","Prone","Vg",  
"LF, CF, RF","Snyder, Russ L  ","$1,588,000","6120",".273",".322",".351","69.2","255.0","14.4","17.8","129.2",".722","9.81","101.8","24.2","73.8","Av","Fr",".257",".310",".324","351.3",".276",".324",".357","239.3","Prone","Pr",  
"RF","Sockalexis, Louis L  ","$1,588,000","3642",".258",".295",".364","61.8","52.0","19.9","24.9","74.8",".634","7.76","117.8","34.4","51.2","Av","Av",".258",".289",".352","68.8",".257",".297",".368","48.2","Fragile","Pr",  
"1B, C, 2B, LF, RF","Doyle, Jack R  ","$1,587,000","16405",".260",".312",".349","65.8","90.6","14.5","18.7","17.3",".713","7.48","482.6","21.3","53.0","Vg","Ex",".256",".308",".351","76.4",".262",".315",".348","100.7","Prone","Pr",  
"SS","Fuller, Shorty R  ","$1,585,000","10902",".204",".276",".258","40.4","111.2","11.0","38.9","74.4",".633","7.37","762.4","46.2","51.3","Av","Av",".203",".278",".257","114.2",".204",".276",".258","109.8","Normal","Fr",  
"C","O'Brien, Charlie R  ","$1,585,000","3674",".192",".276",".288","45.0","70.7","12.6","21.1","2081.5",".500","8.23","189.2","27.4","41.2","Pr","Pr",".180",".265",".270","67.5",".201",".283",".301","72.9","Normal","Pr",  
"CF, LF, RF","Jackson, Darrin R  ","$1,584,000","4060",".238",".274",".345","51.9","51.4","21.2","23.7","93.9",".630","7.35","154.3","30.2","38.9","Av","Av",".243",".282",".354","49.6",".225",".255",".321","59.7","Prone","Pr",  
"SS, 2B, 3B","Spencer, Daryl R  ","$1,584,000","10418",".232",".313",".329","60.7","66.4","9.62","22.2","619.5",".576","7.76","175.7","29.3","36.7","Av","Pr",".241",".320",".344","65.0",".227",".308",".317","69.2","Normal","Pr",  
"2B, 3B","Amalfitano, Joey R  ","$1,582,000","9519",".247",".325",".306","61.9","272.0","9.77","24.4","336.1",".516","9.26","143.4","34.1","56.6","Pr","Fr",".252",".328",".320","174.4",".245",".326",".300","471.3","Normal","Pr",  
"C","Fitzgerald, Mike R  ","$1,580,000","3330",".211",".290",".295","48.7","65.3","10.1","29.7","375.1",".476","6.30","234.4","39.1","39.5","Fr","Fr",".213",".285",".289","82.0",".209",".293",".298","58.3","Normal","Pr",  
"2B, 3B","Alicea, Luis S  ","$1,579,000","7526",".234",".318",".296","59.0","442.7","9.48","23.5","80.1",".610","9.92","89.2","38.8","60.9","Av","Av",".228",".317",".288","380.7",".236",".318",".299","476.5","Normal","Fr",  
"RF, LF, CF","Amaro, Ruben Jr S  ","$1,579,000","19078",".239",".315",".339","64.3","83.7","10.9","19.4","86.8",".600","11.7","89.0","29.0","45.5","Av","Av",".250",".328",".362","71.7",".228",".302",".316","101.0","Normal","Pr",  
"C","Wilson, Jimmie R  ","$1,579,000","7757",".238",".296",".305","52.7","158.3","13.5","21.7","120.9",".530","9.02","536.6","25.2","53.0","Fr","Av",".240",".302",".301","184.9",".236",".290",".309","136.9","Normal","Pr",  
"1B","LaChance, Candy S  ","$1,578,000","3922",".245",".286",".349","57.1","59.4","19.2","22.2","46.7",".677","7.36","131.3","29.0","48.3","Av","Vg",".237",".285",".333","62.2",".248",".286",".354","58.4","Prone","Pr",  
"2B, 3B, SS","Michaels, Cass R  ","$1,578,000","12194",".241",".308",".330","60.3","73.0","11.9","25.6","179.2",".644","7.86","128.5","36.7","46.2","Av","Fr",".250",".314",".336","83.3",".241",".308",".331","67.7","Normal","Pr",  
"C","Bando, Chris S  ","$1,574,000","4638",".213",".285",".306","48.3","61.8","10.9","26.2","1303.2",".500","8.57","173.8","35.5","30.8","Pr","Pr",".221",".293",".327","56.2",".208",".281",".294","65.6","Normal","Pr",  
"2B, SS","Gilbert, Billy R  ","$1,573,000","3036",".221",".303",".296","54.4","67.5","11.1","35.7","80.7",".623","7.66","578.0","43.9","54.2","Av","Vg",".236",".318",".319","60.6",".209",".290",".276","74.7","Normal","Fr",  
"2B, SS","Adair, Jerry R  ","$1,571,000","6886",".251",".282",".331","49.6","104.3","25.2","22.4","290.3",".556","9.98","145.2","28.1","30.9","Fr","Fr",".251",".280",".326","126.0",".252",".284",".340","89.0","Normal","Pr",  
"LF, RF","Johnson, Alex R  ","$1,571,000","12215",".276",".309",".374","64.6","69.0","23.5","21.9","62.1",".619","8.15","126.7","28.3","36.8","Av","Av",".276",".309",".369","76.5",".276",".310",".377","64.0","Normal","Pr",  
"C, 1B, 3B","Satriano, Tom L  ","$1,564,000","10992",".237",".314",".314","57.5","102.7","9.88","24.3","1237.1",".526","9.97","169.5","32.6","32.9","Pr","Pr",".212",".291",".258","259.8",".240",".317",".321","95.0","Normal","Pr",  
"C","DeBerry, Hank R  ","$1,560,000","7985",".228",".293",".300","51.8","103.7","12.1","25.3","181.8",".662","7.97","307.2","31.2","49.8","Fr","Fr",".240",".307",".327","71.5",".221",".286",".286","127.3","Normal","Pr",  
"2B","Williams, Davey R  ","$1,560,000","3529",".245",".316",".304","59.2","271.5","11.5","23.4","329.1",".600","10.2","197.4","30.1","59.8","Av","Pr",".235",".301",".294","283.0",".255",".330",".315","253.5","Normal","Pr",  
"RF","Schierholtz, Nate L  ","$1,559,000","2861",".248",".303",".356","65.5","71.5","14.9","18.6","89.2",".625","9.88","91.8","26.0","97.5","Av","Av",".228",".291",".302","75.2",".252",".305",".366","70.9","Prone","Pr",  
"CF","Carr, Chuck S  ","$1,557,000","12085",".236",".294",".290","53.0","503.5","13.7","23.6","17.0",".701","9.10","192.7","30.0","91.1","Vg","Ex",".228",".288",".283","302.4",".241",".297",".295","683.5","Prone","Av",  
"RF, LF, CF","Fox, Pete R  ","$1,556,000","5004",".259",".298",".358","61.4","89.4","19.7","18.5","101.6",".576","8.02","92.8","25.4","52.8","Av","Av",".268",".308",".375","80.6",".245",".285",".330","108.2","Normal","Fr",  
"C","Buck, John R  ","$1,551,000","10083",".227",".292",".359","61.6","36.9","12.8","23.2","3717.3",".429","5.16","144.8","31.2","52.1","Pr","Pr",".231",".299",".375","36.0",".224",".285",".345","37.9","Normal","Pr",  
"LF, RF","Snider, Travis L  ","$1,551,000","13651",".242",".307",".364","67.3","47.4","11.4","19.5","323.1",".580","5.45","138.1","25.7","61.0","Fr","Fr",".230",".288",".339","56.0",".244",".312",".370","45.8","Normal","Pr",  
"RF, 1B, LF, CF","Mele, Sam R  ","$1,548,000","19339",".249",".298",".389","64.2","40.6","15.3","18.0","259.1",".566","8.63","101.4","24.2","29.1","Av","Fr",".261",".313",".419","35.4",".227",".272",".337","54.6","Normal","Pr",  
"SS, 2B, 3B","Lake, Eddie R  ","$1,547,000","11585",".216",".329",".304","64.6","58.8","7.08","28.8","119.8",".507","6.84","529.9","36.6","65.3","Fr","Av",".219",".333",".307","60.8",".209",".320",".298","54.1","Normal","Fr",  
"SS, 2B","Cintron, Alex S  ","$1,544,000","7716",".257",".298",".325","56.2","233.8","18.5","22.1","181.1",".541","16.4","109.6","30.5","54.8","Fr","Fr",".262",".304",".334","184.7",".257",".295",".323","263.2","Normal","Pr",  
"3B, 1B, 2B","Wigginton, Ty R  ","$1,541,000","7752",".247",".306",".379","66.3","39.4","13.4","20.9","157.8",".675","6.95","135.3","27.7","34.9","Av","Fr",".256",".314",".395","40.2",".236",".297",".364","38.3","Prone","Pr",  
"LF, RF","James, Chris R  ","$1,540,000","8282",".254",".297",".389","66.9","42.3","17.8","19.0","223.1",".690","7.89","96.0","26.1","43.8","Av","Fr",".257",".303",".393","42.4",".252",".291",".384","41.3","Fragile","Pr",  
"RF, 1B","Green, David R  ","$1,539,000","322",".224",".262",".323","39.3","40.2","21.2","46.0","68.0",".417","5.15","340.0","56.7","28.3","Av","Vg",".257",".279",".396","25.2",".208",".255",".290","55.2","Normal","Pr",  
"LF, 2B, 3B, RF","Lopez, Hector R  ","$1,532,000","11910",".255",".310",".373","65.6","50.7","14.1","20.2","283.1",".438","6.81","116.3","27.3","37.1","Fr","Fr",".254",".312",".376","48.0",".256",".308",".372","52.4","Normal","Pr",  
"C","Hall, Toby R  ","$1,531,000","13637",".251",".290",".326","52.2","107.4","20.7","23.0","1620.2",".375","19.5","373.9","26.3","34.1","Pr","Pr",".256",".298",".338","83.9",".247",".282",".310","166.3","Normal","Pr",  
"C","Gibson, George R  ","$1,530,000","3427",".215",".269",".315","48.0","65.9","14.3","22.1","342.2",".579","8.84","117.6","30.6","47.6","Av","Fr",".206",".265",".303","64.5",".223",".275",".327","65.1","Prone","Pr",  
"C","Parent, Mark R  ","$1,526,000","15029",".217",".277",".359","56.3","28.7","13.1","28.0","5498.0",".429","5.69","471.3","32.9","40.8","Pr","Pr",".228",".294",".382","26.4",".196",".246",".319","33.8","Normal","Pr",  
"2B, LF, CF","Rojas, Cookie R  ","$1,523,000","5483",".252",".298",".322","54.9","156.7","16.4","22.3","149.1",".727","16.7","192.5","27.7","38.7","Fr","Fr",".264",".311",".344","139.3",".240",".286",".300","175.9","Prone","Pr",  
"2B, 3B, SS","Hill, Donnie S  ","$1,517,000","11195",".253",".301",".318","56.7","183.5","16.0","23.7","210.2",".617","15.2","158.3","30.9","56.7","Av","Fr",".246",".291",".316","187.3",".256",".305",".319","182.0","Prone","Fr",  
"C","Sweeney, Jeff R  ","$1,517,000","4462",".222",".292",".298","50.6","68.6","11.9","31.2","172.0",".569","8.06","1662.7","35.6","47.5","Av","Av",".224",".296",".314","55.4",".219",".286",".279","98.3","Normal","Pr",  
"CF, LF, RF","Del Greco, Bobby R  ","$1,515,000","10223",".215",".314",".302","60.4","87.4","8.71","20.2","258.4",".568","5.99","339.6","25.2","74.8","Fr","Fr",".218",".319",".311","76.7",".210",".305",".289","110.5","Normal","Pr",  
"SP, LF, RF","Stratton, Scott L  ","$1,513,000","2569",".229",".282",".306","47.7","102.8","15.2","27.6","90.1",".574","6.31","93.1","44.3","43.7","Av","Av",".221",".279",".291","228.5",".232",".284",".311","91.3","Normal","Pr",  
"2B, SP","Fowler, Bud R  ","$1,511,000","1878",".218",".276",".282","42.4","117.4","13.9","32.4","74.0",".596","7.65","148.1","47.1","39.9","Av","Vg",".224",".274",".272","258.7",".213",".279",".289","84.8","Normal","Av",  
"C","Picinich, Val R  ","$1,508,000","6079",".225",".294",".348","60.2","47.9","11.3","17.5","452.7",".600","5.55","339.5","20.8","47.5","Fr","Fr",".227",".300",".350","51.1",".223",".287",".346","44.5","Normal","Pr",  
"2B, 1B, SS, RF","Salmon, Chico R  ","$1,508,000","3728",".254",".296",".345","60.1","88.8","18.8","19.8","45.5",".611","8.99","160.3","24.6","77.1","Av","Vg",".270",".310",".378","66.7",".235",".279",".320","99.9","Normal","Pr",  
"2B, 1B, LF, RF","Anderson, Marlon L  ","$1,504,000","11527",".261",".307",".350","63.7","123.9","16.0","18.3","46.7",".699","10.5","107.5","24.3","53.3","Vg","Av",".241",".278",".308","197.8",".266",".313",".360","114.0","Normal","Pr",  
"SS","Betancourt, Yuniesky R  ","$1,504,000","9881",".250",".279",".341","53.0","95.9","25.4","19.5","475.1",".550","19.0","125.9","24.7","40.4","Fr","Fr",".272",".300",".375","87.7",".235",".264",".317","102.8","Normal","Pr",  
"3B","Bell, Les R  ","$1,503,000","3654",".229",".292",".359","60.7","48.7","12.3","17.7","449.4",".529","6.66","87.9","25.3","42.6","Fr","Fr",".236",".298",".374","44.4",".221",".285",".342","55.2","Prone","Fr",  
"C","Henline, Butch R  ","$1,501,000","5128",".224",".300",".326","57.0","50.3","11.8","25.5","223.4",".667","7.75","341.6","31.6","37.0","Fr","Fr",".228",".310",".325","55.0",".219",".290",".327","46.2","Normal","Pr",  
"C, LF, RF","Marrero, Eli R  ","$1,501,000","6878",".232",".282",".358","57.9","46.2","15.0","19.4","53.1",".716","7.81","113.5","25.9","39.0","Ex","Av",".243",".294",".380","42.8",".213",".259",".325","53.3","Prone","Pr",  
"2B, 3B","Robinson, Yank R  ","$1,491,000","8274",".209",".334",".273","59.8","135.6","6.73","25.8","53.9",".601","6.12","398.8","33.7","48.2","Av","Vg",".214",".339",".272","134.3",".204",".328",".272","139.2","Normal","Pr",  
"CF, LF, RF","Burch, Al L  ","$1,489,000","3517",".247",".307",".338","61.7","57.7","12.5","28.8","30.4",".696","8.06","259.1","36.3","46.8","Vg","Vg",".244",".298",".298","118.2",".248",".309",".347","52.2","Normal","Fr",  
"LF, 1B, RF","Gabrielson, Len L  ","$1,487,000","9204",".255",".315",".365","69.2","54.5","12.3","21.6","158.5",".609","7.17","126.8","29.2","68.5","Av","Fr",".221",".272",".283","129.2",".260",".321",".378","49.8","Normal","Pr",  
"2B","Cottier, Chuck R  ","$1,483,000","1223",".217",".283",".281","47.6","305.8","12.3","20.7","59.3",".657","6.34","170.5","26.7","85.2","Vg","Av",".215",".286",".274","263.0",".218",".280",".287","348.5","Normal","Av",  
"3B, 1B","Hillenbrand, Shea R  ","$1,483,000","13319",".267",".307",".366","62.9","63.4","23.0","22.0","331.0",".597","11.5","184.9","27.0","33.2","Av","Pr",".267",".309",".373","63.0",".268",".306",".361","62.8","Normal","Pr",  
"RF, LF, CF","Sheridan, Pat L  ","$1,482,000","17707",".248",".319",".344","66.9","74.4","10.7","21.6","75.5",".662","6.22","125.3","30.0","64.5","Av","Vg",".204",".263",".240","387.5",".253",".324",".354","68.9","Normal","Pr",  
"CF","Moreno, Omar L  ","$1,479,000","8911",".234",".285",".302","50.3","234.5","15.4","23.8","18.9",".623","6.05","82.0","37.7","116.6","Av","Ex",".236",".283",".288","358.3",".234",".286",".308","202.8","Normal","Av",  
"2B, 3B, SS","Martin, Billy R  ","$1,477,000","15395",".242",".279",".333","51.4","84.1","24.4","20.9","219.8",".577","9.12","152.6","26.2","41.2","Fr","Fr",".236",".272",".316","108.7",".247",".283",".344","72.7","Prone","Pr",  
"RF, LF, CF","Bautista, Danny R  ","$1,474,000","2246",".258",".304",".332","55.7","140.4","16.6","21.6","186.5",".684","7.55","173.1","26.9","30.3","Av","Fr",".253",".290",".324","156.2",".261",".313",".337","130.9","Fragile","Pr",  
"CF, LF, RF","Brye, Steve R  ","$1,474,000","4422",".244",".298",".352","60.6","76.2","14.3","16.3","201.7",".727","9.03","151.3","20.2","39.4","Fr","Fr",".245",".302",".354","80.5",".242",".295",".350","72.8","Normal","Fr",  
"C","Josephson, Duane R  ","$1,471,000","6727",".262",".314",".348","62.1","106.8","14.6","20.4","813.9",".600","11.7","124.2","27.1","32.8","Pr","Pr",".268",".324",".359","107.4",".251",".295",".327","112.4","Fragile","Pr",  
"C","Thomas, Ira R  ","$1,470,000","3905",".231",".291",".340","57.2","53.5","14.3","22.2","392.1",".524","7.87","143.8","29.5","44.0","Fr","Fr",".234",".297",".346","53.3",".227",".284",".333","53.2","Normal","Pr",  
"CF, LF, RF","Berry, Ken R  ","$1,466,000","3709",".256",".306",".341","61.0","92.7","15.4","21.6","238.8",".472","8.94","193.3","26.9","52.0","Fr","Fr",".261",".311",".352","80.4",".247",".298",".317","135.3","Normal","Pr",  
"2B, 1B","Barkley, Sam R  ","$1,462,000","1588",".243",".300",".341","57.6","122.2","13.4","15.3","91.4",".633","6.84","144.8","18.9","35.4","Av","Av",".254",".307",".360","101.2",".250",".301",".341","270.0","Normal","Pr",  
"RF, 2B, 3B","Robertson, Sherry L  ","$1,458,000","10556",".229",".303",".351","65.3","44.5","10.5","22.7","139.1",".659","5.89","100.2","34.1","83.2","Av","Av",".215",".283",".323","48.5",".231",".307",".357","43.9","Normal","Pr",  
"3B, SS, LF, CF","Salazar, Luis R  ","$1,457,000","10766",".253",".290",".351","58.3","65.6","21.3","23.5","66.0",".646","7.78","106.9","33.0","49.3","Av","Vg",".264",".307",".372","62.0",".234",".262",".319","69.8","Normal","Pr",  
"CF, LF, RF","Long, Terrence L  ","$1,454,000","15251",".259",".308",".353","61.2","87.6","14.8","19.4","211.7",".614","9.84","122.3","25.4","32.9","Av","Fr",".213",".265",".257","487.0",".261",".310",".361","82.7","Normal","Pr",  
"LF, 1B, 3B, CF, RF","Williams, Dick R  ","$1,450,000","5216",".240",".292",".340","54.7","73.5","14.4","19.2","634.2",".375","7.74","146.4","24.6","32.2","Pr","Fr",".235",".291",".342","66.8",".245",".294",".338","83.1","Normal","Pr",  
"LF","Wood, George L  ","$1,450,000","2523",".248",".309",".371","67.8","51.5","12.6","19.3","79.7",".636","6.70","84.5","28.4","49.8","Av","Av",".253",".332",".326","122.7",".247",".305",".379","46.8","Normal","Fr",  
"LF, 3B, RF","Dolan, Cozy AJ R  ","$1,448,000","8679",".238",".306",".339","62.4","71.1","11.5","20.6","17.9",".692","6.07","106.1","29.7","47.6","Vg","Ex",".247",".317",".354","65.7",".225",".291",".318","80.4","Normal","Pr",  
"SS, 2B, 3B","Kasko, Eddie R  ","$1,447,000","7494",".244",".296",".299","50.1","325.8","15.3","24.0","280.1",".725","11.4","280.1","28.7","38.7","Fr","Fr",".265",".319",".333","224.7",".222",".272",".263","739.0","Prone","Pr",  
"3B, SS","Sutton, Ezra R  ","$1,445,000","12035",".257",".305",".344","61.9","104.7","16.4","20.6","105.3",".743","9.86","113.6","27.8","50.0","Vg","Fr",".266",".312",".366","81.3",".251",".299",".327","135.1","Iron","Pr",  
"3B, 2B, LF, RF","Harris, Lenny L  ","$1,442,000","14363",".262",".310",".320","57.6","221.0","15.7","26.0","38.5",".650","18.4","180.5","33.8","42.1","Av","Vg",".233",".274",".260","1096.5",".267",".316",".331","187.3","Normal","Fr",  
"3B, SS","Pinelli, Babe R  ","$1,440,000","16022",".241",".298",".320","56.4","87.6","14.3","26.3","124.0",".564","8.31","172.8","35.6","53.7","Fr","Vg",".256",".315",".341","86.3",".227",".284",".299","92.0","Normal","Pr",  
"2B, SS","Casilla, Alexi S  ","$1,438,000","18630",".248",".302",".309","57.1","365.3","14.1","22.5","43.3",".752","12.3","131.4","30.7","59.1","Ex","Av",".237",".288",".284","1262.8",".253",".309",".321","266.8","Prone","Vg",  
"CF","Birmingham, Joe R  ","$1,437,000","11324",".247",".284",".354","56.7","56.1","20.9","21.2","71.9",".606","7.64","173.5","26.2","45.0","Av","Vg",".255",".294",".370","53.1",".237",".270",".332","60.9","Normal","Fr",  
"RF, LF, CF","Zarilla, Al L  ","$1,437,000","7460",".249",".314",".359","68.6","67.8","12.5","18.4","231.0",".581","7.37","96.7","26.1","71.1","Fr","Fr",".250",".317",".364","53.7",".248",".314",".355","77.0","Normal","Pr",  
"C, 1B","O'Brien, Jack R  ","$1,436,000","2317",".236",".300",".336","59.2","100.7","12.5","16.9","135.1",".613","6.61","98.7","23.1","48.4","Av","Av",".239",".308",".348","86.1",".230",".289",".317","134.1","Prone","Pr",  
"C","Rice, Del R  ","$1,434,000","7583",".212",".276",".313","48.9","62.2","13.4","22.5","1199.9",".539","6.37","135.5","30.5","44.9","Pr","Pr",".211",".277",".318","56.4",".209",".271",".302","68.9","Prone","Pr",  
"2B, 3B","Allen, Bernie L  ","$1,430,000","8464",".234",".297",".330","57.4","76.3","12.1","20.7","346.5",".551","8.90","124.7","28.1","47.2","Fr","Fr",".233",".289",".318","73.0",".234",".299",".333","77.1","Prone","Pr",  
"C","Reed, Jeff L  ","$1,428,000","8356",".229",".308",".307","56.9","109.9","9.87","23.2","1179.9",".571","7.91","154.7","31.6","47.2","Pr","Pr",".199",".275",".234","209.0",".233",".311",".315","104.4","Prone","Pr",  
"RF, LF","Browne, George L  ","$1,424,000","2705",".251",".303",".331","59.3","67.6","14.4","32.6","44.8",".635","8.67","246.2","41.6","61.6","Av","Vg",".249",".288",".323","70.0",".252",".309",".333","66.8","Normal","Pr",  
"C","Etchebarren, Andy R  ","$1,421,000","3188",".228",".294",".323","52.9","74.1","12.1","21.8","442.5",".667","5.60","122.1","30.3","31.6","Fr","Fr",".232",".303",".326","69.9",".222",".283",".321","79.6","Prone","Pr",  
"C","Hundley, Randy R  ","$1,421,000","7925",".216",".272",".307","46.2","69.5","14.2","24.1","280.3",".646","7.14","173.8","31.1","42.6","Fr","Fr",".215",".264",".293","103.3",".216",".276",".316","57.7","Prone","Pr",  
"2B","Wood, Jake R  ","$1,420,000","3174",".260",".325",".349","69.9","113.4","12.0","21.3","36.6",".676","6.00","70.3","35.5","78.1","Vg","Vg",".262",".322",".356","118.9",".257",".332",".337","104.8","Prone","Pr",  
"RF, LF","Motley, Darryl R  ","$1,419,000","13054",".242",".285",".383","59.2","33.7","17.9","22.0","293.0",".608","8.44","151.2","28.1","26.9","Fr","Fr",".251",".299",".405","30.2",".227",".264",".350","42.4","Normal","Pr",  
"1B, 3B","Young, Kevin R  ","$1,416,000","5740",".231",".299",".360","62.7","44.5","12.1","18.8","122.8",".619","6.11","141.9","24.5","40.4","Av","Av",".238",".306",".366","43.6",".222",".290",".351","44.6","Prone","Pr",  
"1B, LF, RF","Leach, Rick L  ","$1,415,000","22380",".266",".332",".346","69.6","203.5","11.0","16.5","345.8",".713","10.9","211.0","20.0","46.4","Av","Pr",".220",".268",".263","605.7",".270",".338",".354","193.9","Normal","Pr",  
"2B, 3B, SS, LF, RF","Sisti, Sibby R  ","$1,411,000","13295",".243",".309",".340","61.9","62.4","11.8","23.9","302.6",".510","6.17","170.4","31.5","47.8","Fr","Fr",".255",".326",".367","52.4",".228",".285",".300","92.6","Normal","Fr",  
"LF, 3B, CF, RF","Lowrey, Peanuts R  ","$1,410,000","7276",".252",".310",".331","59.7","132.3","13.2","20.8","192.0",".545","11.6","144.0","27.5","40.7","Av","Fr",".258",".310",".349","101.6",".248",".311",".316","181.7","Normal","Pr",  
"C","Gedman, Rich L  ","$1,409,000","18069",".235",".280",".359","56.8","46.4","17.5","19.0","1388.4",".700","7.56","147.2","23.7","41.7","Pr","Pr",".206",".240",".290","69.6",".239",".285",".369","44.1","Normal","Pr",  
"SS, 2B","Lee, Manny S  ","$1,409,000","10977",".247",".301",".292","49.9","499.0","13.9","30.7","196.5",".701","6.69","157.7","42.5","38.7","Av","Fr",".244",".298",".285","559.1",".248",".302",".296","470.9","Fragile","Pr",  
"C","Blackwell, Tim S  ","$1,407,000","4382",".209",".304",".282","52.8","168.5","8.57","22.4","1016.2",".833","6.39","118.2","33.2","49.3","Pr","Pr",".215",".309",".279","489.5",".208",".303",".283","141.8","Normal","Pr",  
"1B, LF","Howard, Del L  ","$1,402,000","4933",".266",".324",".375","71.5","54.2","14.5","21.2","66.1",".590","8.37","180.8","26.7","50.2","Fr","Vg",".219",".278",".301","71.5",".271",".328",".382","53.0","Normal","Pr",  
"1B, LF, RF","Stubbs, Franklin L  ","$1,399,000","7967",".225",".291",".390","68.1","25.8","11.8","22.9","110.2",".645","4.86","205.0","28.9","74.7","Av","Av",".201",".259",".304","36.3",".228",".295",".401","24.8","Prone","Pr",  
"C","Arencibia, J.P. R  ","$1,397,000","14097",".209",".259",".369","55.0","26.3","16.8","25.6","2173.4",".700","4.61","160.1","33.4","60.1","Pr","Pr",".214",".265",".387","24.6",".202",".251",".343","29.2","Normal","Pr",  
"2B, SS, LF","Duncan, Mariano R  ","$1,396,000","11388",".248",".290",".350","58.2","81.3","19.5","18.4","41.2",".696","6.45","103.6","24.5","46.5","Vg","Vg",".256",".305",".370","65.9",".236",".267",".318","121.0","Prone","Fr",  
"RF, LF","Hermida, Jeremy L  ","$1,396,000","14512",".251",".322",".375","73.0","40.8","10.9","23.4","214.3",".589","5.69","155.1","31.6","57.4","Av","Fr",".248",".315",".349","56.8",".252",".323",".379","39.1","Fragile","Pr",  
"RF, LF","Moeller, Danny S  ","$1,392,000","1484",".222",".303",".296","53.5","70.7","9.58","38.1","23.9",".592","6.45","188.4","56.5","58.5","Av","Ex",".233",".310",".296","64.3",".217",".300",".297","73.9","Prone","Pr",  
"2B, SS","Yerkes, Steve R  ","$1,392,000","1969",".246",".301",".346","62.3","72.9","14.1","18.1","167.4",".650","9.34","310.9","21.3","58.8","Av","Av",".249",".304",".353","63.0",".239",".295",".330","107.5","Normal","Pr",  
"2B, 3B, SS, LF, CF, RF","Thomas, Derrel S  ","$1,386,000","4239",".222",".291",".294","50.4","169.6","11.5","23.4","94.9",".490","8.95","96.9","36.0","65.9","Fr","Vg",".219",".295",".292","161.0",".225",".291",".296","173.0","Prone","Fr",  
"LF, CF, RF","Walker, Gee R  ","$1,384,000","4185",".254",".283",".366","58.3","51.0","32.3","22.0","41.4",".660","8.01","134.2","28.2","42.2","Av","Vg",".246",".279",".340","69.5",".261",".286",".389","41.4","Prone","Pr",  
"2B, SP","Gleason, Kid S  ","$1,381,000","2370",".237",".282",".313","50.8","76.5","16.7","30.8","47.8",".651","9.16","215.2","39.7","53.8","Av","Vg",".260",".310",".334","134.7",".225",".267",".303","62.5","Normal","Av",  
"2B, SS","Landestoy, Rafael S  ","$1,381,000","3374",".227",".288",".297","50.9","129.8","13.2","28.1","79.6",".603","12.4","98.4","45.6","63.4","Av","Vg",".220",".286",".322","82.4",".231",".290",".285","185.1","Normal","Av",  
"2B","Cora, Joey S  ","$1,380,000","10607",".255",".323",".309","63.2","757.6","11.7","24.4","57.8",".661","19.6","130.0","35.0","74.3","Av","Av",".251",".308",".302","625.0",".258",".331",".313","998.0","Normal","Fr",  
"CF, LF, RF","Bradford, Buddy R  ","$1,377,000","17034",".233",".313",".372","67.0","34.2","10.0","22.9","162.2",".534","4.70","139.9","31.9","34.0","Fr","Av",".240",".319",".385","33.1",".215",".297",".339","37.5","Prone","Pr",  
"RP, 1B","Macon, Max L  ","$1,377,000","459",".253",".288",".301","50.2","459.0","20.3","25.5","487.0","1.00","9.55","487.0","28.6","69.6","Fr","Fr",".194",".208",".214",".000",".269",".310",".325","360.0","Normal","Pr",  
"2B","Javier, Julian R  ","$1,376,000","7470",".240",".284",".327","54.1","103.8","17.3","20.8","89.9",".687","8.87","109.4","28.4","57.0","Av","Av",".246",".296",".352","67.6",".235",".273",".307","185.7","Prone","Fr",  
"1B, LF, RF","Thomas, Lee L  ","$1,374,000","8834",".248",".312",".376","68.3","40.5","12.1","22.4","222.8",".557","9.47","112.7","31.9","37.4","Av","Fr",".236",".277",".317","77.4",".250",".318",".386","37.6","Normal","Pr",  
"C","Bradley, Scott L  ","$1,373,000","11046",".257",".302",".326","56.1","175.3","17.0","21.1","2990.2",".308","28.6","202.7","25.8","35.8","Pr","Pr",".235",".266",".279","747.5",".260",".307",".334","156.6","Normal","Pr",  
"1B, RF","Larkin, Gene S  ","$1,368,000","13270",".260",".335",".356","71.8","87.9","10.8","18.7","176.0",".594","12.0","138.5","24.9","41.9","Av","Fr",".269",".343",".377","76.4",".247",".323",".325","115.3","Prone","Pr",  
"3B, SS","Grant, Eddie L  ","$1,367,000","13131",".252",".301",".329","58.6","71.4","15.4","31.3","47.8",".679","7.99","534.3","36.7","54.9","Av","Vg",".224",".270",".270","201.3",".258",".308",".341","63.3","Normal","Pr",  
"2B, 1B, 3B","Kolloway, Don R  ","$1,366,000","7691",".255",".277",".330","49.7","134.9","36.6","21.1","115.0",".530","9.66","167.8","25.5","45.0","Fr","Av",".252",".277",".331","134.2",".256",".277",".329","135.4","Prone","Fr",  
"RF","Richbourg, Lance L  ","$1,366,000","3213",".268",".320",".330","63.1","169.1","14.0","29.8","85.9",".631","8.66","97.9","48.9","55.0","Av","Av",".256",".304",".310","261.5",".270",".323",".334","158.2","Normal","Fr",  
"LF, CF, RF","Ducey, Rob L  ","$1,360,000","5850",".222",".300",".343","63.0","65.7","10.1","16.6","106.1",".653","4.91","76.5","24.6","81.2","Fr","Av",".194",".272",".243","756.0",".226",".304",".357","57.9","Prone","Pr",  
"SS, 2B, 3B","Phillips, Mike L  ","$1,356,000","20915",".230",".278",".294","44.9","160.9","16.9","28.9","417.4",".519","7.51","96.7","46.0","42.4","Fr","Fr",".210",".240",".240","1914.8",".242",".299",".326","104.3","Normal","Pr",  
"1B","Burrus, Dick L  ","$1,355,000","11159",".264",".325",".355","69.3","68.5","12.5","21.9","148.2",".694","9.12","622.2","25.4","46.6","Av","Fr",".259",".321",".333","84.9",".265",".326",".361","65.2","Prone","Pr",  
"3B, 2B","Brubaker, Bill R  ","$1,352,000","4530",".231",".305",".340","60.4","48.2","11.0","22.5","159.1",".627","5.40","509.0","26.6","40.4","Fr","Fr",".231",".304",".341","46.7",".230",".307",".338","49.9","Normal","Pr",  
"RF, LF, CF","Maldonado, Candy R  ","$1,345,000","13834",".238",".302",".384","66.9","35.6","12.9","18.5","258.7",".590","5.88","160.7","23.4","40.3","Fr","Fr",".240",".301",".384","37.5",".238",".304",".386","33.7","Normal","Pr",  
"C","Oliver, Joe R  ","$1,341,000","14481",".241",".284",".356","56.8","48.9","17.7","20.3","1036.8",".556","6.85","243.0","24.0","40.3","Fr","Pr",".249",".292",".360","48.5",".233",".277",".350","49.0","Prone","Pr",  
"SS, 2B, 3B","Huson, Jeff L  ","$1,340,000","3954",".219",".282",".253","41.0","439.3","12.5","44.4","53.5",".732","11.6","243.9","61.8","45.7","Vg","Av",".232",".289",".267","470.0",".214",".281",".248","408.7","Normal","Fr",  
"LF, RF","O'Leary, Troy L  ","$1,340,000","19619",".247",".299",".362","61.9","57.9","14.4","19.3","300.9",".496","8.78","90.1","27.4","40.1","Fr","Fr",".211",".252",".284","98.5",".252",".305",".373","55.3","Normal","Pr",  
"SS","Fisher, Bob R  ","$1,338,000","5038",".260",".299",".359","62.0","61.4","18.7","23.7","146.9",".536","7.94","143.1","31.1","53.3","Av","Av",".265",".309",".377","50.2",".255",".289",".339","80.9","Normal","Av",  
"1B, LF","Gernert, Dick R  ","$1,337,000","10502",".229",".318",".375","71.0","27.5","8.83","28.5","1497.6",".421","5.65","599.0","34.4","41.6","Fr","Pr",".232",".321",".379","27.3",".221",".310",".365","28.0","Prone","Pr",  
"RF, LF, CF","Kapler, Gabe R  ","$1,337,000","14973",".260",".322",".372","70.8","70.6","11.8","16.8","101.2",".580","10.2","116.0","22.2","45.7","Av","Av",".266",".328",".382","66.1",".249",".310",".348","85.3","Fragile","Fr",  
"SS, 2B, 3B","Olson, Ivy R  ","$1,331,000","10091",".228",".271",".316","48.4","68.6","18.5","26.1","73.9",".641","9.98","182.3","33.6","52.1","Av","Av",".240",".286",".334","71.9",".220",".262",".306","64.8","Normal","Pr",  
"SS, 2B, 3B","Martinez, Ted R  ","$1,321,000","1589",".234",".264",".308","41.9","176.6","29.6","23.4","93.7",".545","7.11","76.6","36.7","38.3","Fr","Av",".209",".233",".261",".000",".247",".280",".331","117.4","Normal","Av",  
"C","Melvin, Bob R  ","$1,321,000","9859",".226",".267",".328","47.0","61.6","18.8","21.4","319.1",".559","6.49","164.5","26.6","36.9","Pr","Fr",".238",".283",".355","49.7",".201",".232",".268","132.3","Prone","Pr",  
"3B, 2B, SS","Nunez, Eduardo R  ","$1,319,000","1801",".248",".284",".336","55.3","100.1","21.3","20.0","31.4",".709","13.1","127.6","25.5","50.4","Vg","Vg",".257",".288",".356","79.6",".243",".282",".326","116.4","Fragile","Fr",  
"3B, 1B","Knight, Ray R  ","$1,315,000","25910",".260",".310",".360","62.5","82.3","15.6","17.9","210.0",".523","9.57","141.4","22.5","30.9","Fr","Fr",".265",".314",".367","83.6",".258",".308",".356","80.4","Normal","Pr",  
"C","Schmidt, Walter R  ","$1,315,000","4608",".212",".264",".271","38.9","100.2","16.2","36.0","100.6",".649","10.6","1005.8","40.9","49.3","Av","Av",".203",".255",".253","109.8",".221",".271",".288","92.8","Normal","Pr",  
"SS","Elster, Kevin R  ","$1,313,000","5904",".212",".276",".332","53.8","44.7","12.5","22.5","204.2",".604","7.28","130.7","30.8","61.1","Av","Fr",".214",".281",".340","45.2",".211",".273",".327","44.4","Fragile","Pr",  
"C, 1B","Gonzalez, Mike R  ","$1,313,000","4927",".219",".285",".307","51.4","72.5","12.2","22.9","134.2",".651","8.75","423.2","27.2","52.9","Av","Av",".225",".291",".314","70.1",".216",".282",".300","79.9","Normal","Pr",  
"CF","McTamany, Jim R  ","$1,313,000","3497",".211",".312",".308","59.3","77.7","8.12","20.9","64.8",".636","5.79","113.4","31.2","48.6","Vg","Av",".213",".322",".315","59.3",".210",".306",".304","95.3","Normal","Pr",  
"3B, 2B","Morrison, Jim R  ","$1,312,000","14346",".245",".291",".377","62.9","38.5","17.4","20.8","119.7",".616","7.33","176.9","25.9","42.8","Av","Av",".251",".296",".395","36.3",".240",".287",".362","40.5","Normal","Pr",  
"CF, LF","Glanville, Doug R  ","$1,311,000","6122",".256",".292",".312","55.5","244.9","20.6","28.7","23.9",".763","11.2","126.1","40.7","73.7","Ex","Vg",".254",".289",".306","276.4",".258",".296",".316","209.0","Normal","Fr",  
"C","Girardi, Joe R  ","$1,306,000","11158",".234",".274",".275","40.0","1115.8","19.5","29.7","182.0",".641","9.69","226.7","37.2","37.9","Av","Fr",".229",".270",".265","1480.7",".236",".276",".281","886.1","Prone","Pr",  
"1B, 2B","Stapleton, Dave R  ","$1,306,000","4823",".254",".294",".363","60.7","75.4","19.2","16.3","1035.4",".500","14.4","143.8","20.0","39.2","Pr","Pr",".257",".293",".359","87.2",".257",".297",".377","59.9","Normal","Pr",  
"1B","Cartwright, Ed R  ","$1,304,000","3118",".230",".300",".361","64.1","48.7","11.1","16.9","22.1",".695","6.45","108.5","22.8","43.9","Vg","Ex",".231",".299",".361","51.6",".228",".297",".356","49.5","Normal","Pr",  
"SS, 2B, 3B","Howard, David S  ","$1,303,000","3524",".230",".288",".285","49.5","352.4","13.8","27.5","149.9",".531","6.84","102.6","43.3","118.1","Fr","Av",".245",".300",".293","618.0",".220",".278",".280","351.5","Prone","Av",  
"SS, 2B, 3B","Downey, Tom R  ","$1,297,000","1954",".231",".287",".308","52.0","130.3","14.2","22.7","60.2",".667","6.82","120.4","31.9","61.9","Av","Vg",".222",".278",".276","331.0",".241",".296",".325","101.2","Normal","Pr",  
"C","Lamanno, Ray R  ","$1,296,000","5535",".235",".292",".306","49.5","104.4","14.7","26.0","1518.5",".571","6.84","289.2","31.6","33.2","Pr","Pr",".221",".267",".267","213.6",".241",".305",".324","82.2","Normal","Pr",  
"1B, LF, CF, RF","Carreon, Mark R  ","$1,295,000","7728",".260",".312",".386","69.7","44.2","15.4","18.8","336.5",".481","11.3","221.4","22.6","40.6","Fr","Fr",".268",".316",".387","50.7",".253",".309",".384","40.7","Fragile","Pr",  
"LF, 1B, CF, RF","Paciorek, Tom R  ","$1,295,000","9514",".266",".313",".374","67.1","76.7","16.8","16.7","183.9",".583","6.55","119.7","21.3","39.9","Av","Fr",".272",".318",".385","77.7",".258",".307",".363","69.8","Prone","Pr",  
"RF, 2B, 3B, SS, LF, CF","Bailor, Bob R  ","$1,294,000","6279",".247",".298",".299","53.6","348.8","16.3","25.7","97.0",".582","19.6","222.1","32.3","76.5","Av","Av",".261",".314",".322","202.4",".235",".282",".280","1018.3","Fragile","Fr",  
"LF, 3B, RF","Barnhart, Clyde R  ","$1,293,000","24625",".249",".316",".373","69.9","54.7","11.3","18.7","253.8",".574","8.57","72.4","29.5","44.4","Fr","Fr",".255",".324",".384","51.9",".242",".307",".362","57.8","Normal","Av",  
"3B, 2B","Foster, Eddie R  ","$1,293,000","11128",".251",".312",".350","64.8","63.2","12.2","23.2","66.4",".649","10.4","146.3","31.0","47.8","Av","Vg",".256",".322",".366","50.2",".248",".305",".336","87.0","Normal","Pr",  
"C","Prince, Tom R  ","$1,292,000","9204",".178",".241",".253","28.3","96.9","16.0","24.7","298.9",".654","5.62","274.7","30.3","35.2","Fr","Fr",".170",".234",".237","116.4",".183",".244",".263","88.3","Prone","Pr",  
"SS","Patek, Freddie R  ","$1,291,000","6954",".225",".290",".292","51.7","198.7","12.4","22.7","19.5",".683","8.10","130.4","31.7","73.8","Vg","Ex",".241",".309",".320","169.7",".214",".276",".274","216.1","Prone","Pr",  
"SS, 2B, 3B","Tolleson, Wayne S  ","$1,288,000","9939",".226",".293",".262","45.1","709.9","11.8","37.8","57.9",".654","7.52","221.1","51.9","56.4","Av","Vg",".229",".298",".265","902.5",".224",".290",".261","626.8","Normal","Pr",  
"C","Myers, Greg L  ","$1,282,000","6344",".233",".292",".331","54.2","57.7","12.9","24.6","872.9",".667","7.61","249.4","30.4","33.1","Pr","Pr",".224",".284",".285","91.2",".236",".295",".341","53.3","Fragile","Pr",  
"C","McLean, Larry R  ","$1,277,000","3743",".247",".286",".341","54.5","54.2","18.2","27.1","500.2",".471","9.39","500.2","30.8","40.4","Fr","Fr",".244",".291",".333","54.3",".248",".282",".351","52.7","Prone","Pr",  
"2B","Schilling, Chuck R  ","$1,277,000","9323",".223",".283",".269","44.5","266.4","13.4","31.3","2071.4",".312","10.0","383.6","38.2","63.2","Fr","Pr",".227",".291",".278","267.1",".221",".277",".262","272.2","Normal","Pr",  
"RF","Clinton, Lou R  ","$1,276,000","10439",".240",".294",".398","67.3","42.8","14.0","14.4","278.3",".651","6.02","60.7","21.2","38.8","Av","Fr",".249",".304",".414","39.2",".227",".281",".375","49.3","Normal","Pr",  
"RF, 1B, LF, CF","Collins, Shano R  ","$1,276,000","10793",".252",".292",".366","61.6","78.2","19.9","16.6","80.9",".618","8.85","71.0","24.0","50.6","Av","Vg",".258",".299",".377","75.5",".238",".273",".339","84.4","Normal","Fr",  
"RF, LF","Flack, Max L  ","$1,274,000","5755",".247",".313",".351","66.0","58.7","11.6","21.9","76.4",".661","10.5","160.5","28.8","50.9","Av","Vg",".239",".308",".312","121.4",".248",".315",".357","53.8","Prone","Fr",  
"RF, 1B, 3B, LF","Moore, Randy L  ","$1,273,000","14110",".254",".310",".362","65.3","59.3","13.3","19.6","311.0",".588","11.4","178.7","24.5","39.3","Fr","Fr",".248",".313",".333","70.6",".255",".309",".369","57.1","Normal","Pr",  
"SS","Cross, Monte R  ","$1,271,000","4989",".204",".275",".310","48.5","55.4","11.6","21.1","68.4",".648","6.99","307.8","25.4","46.6","Av","Vg",".207",".284",".316","51.0",".203",".271",".307","58.4","Normal","Pr",  
"CF, LF, RF","Matthews, Gary Jr S  ","$1,271,000","9217",".244",".316",".347","67.0","73.2","10.4","19.4","58.0",".664","7.03","106.4","27.4","67.0","Vg","Av",".249",".319",".346","89.9",".242",".315",".351","65.2","Prone","Pr",  
"LF, CF","Young, Eric Jr S  ","$1,269,000","3440",".235",".315",".286","61.5","573.3","10.4","28.0","11.4",".757","9.68","112.0","44.5","81.7","Ex","Ex",".245",".323",".294","365.3",".236",".318",".293","696.0","Prone","Av",  
"CF, LF, RF","Hockett, Oris L  ","$1,266,000","3030",".270",".310",".374","67.6","89.1","18.8","16.0","125.2",".531","9.84","130.2","19.9","56.1","Fr","Av",".263",".301",".349","167.0",".271",".312",".379","81.6","Normal","Pr",  
"LF, CF","Felix, Gus R  ","$1,265,000","8009",".248",".321",".338","65.3","83.4","10.4","22.6","251.4",".720","7.05","122.3","32.2","42.9","Fr","Fr",".254",".327",".354","71.7",".238",".310",".309","118.6","Normal","Fr",  
"C","Benedict, Bruce R  ","$1,264,000","5270",".212",".283",".247","39.5","527.0","11.4","37.4","281.2",".583","13.3","421.9","46.5","42.5","Pr","Fr",".217",".289",".253","628.6",".204",".276",".237","425.4","Normal","Pr",  
"2B, 3B","Nelson, Dave R  ","$1,262,000","4704",".237",".298",".324","57.9","87.1","12.7","24.5","34.3",".676","6.99","91.4","38.6","59.2","Av","Ex",".237",".298",".331","86.3",".236",".298",".318","87.9","Fragile","Av",  
"C, 1B, LF, CF, RF","O'Connor, Jack R  ","$1,258,000","6025",".232",".270",".309","45.7","84.9","20.4","26.1","62.2",".673","7.13","320.4","30.4","46.1","Av","Vg",".235",".275",".307","82.3",".229",".265",".310","87.5","Normal","Pr",  
"2B, SS","Egan, Dick R  ","$1,254,000","10332",".235",".295",".322","57.2","60.8","12.7","29.6","34.2",".703","9.19","300.5","36.7","57.7","Vg","Vg",".253",".315",".349","50.7",".222",".280",".302","71.9","Normal","Pr",  
"2B","Wilfong, Rob L  ","$1,254,000","7219",".230",".284",".295","50.4","156.9","14.8","26.8","111.1",".632","8.09","129.0","38.6","91.9","Av","Av",".212",".262",".248","1274.0",".238",".293",".310","125.0","Normal","Fr",  
"3B, LF, CF, RF","Bordagaray, Frenchy R  ","$1,253,000","4110",".250",".298",".332","59.4","124.5","17.1","20.5","61.1",".709","7.80","117.4","27.5","73.1","Av","Av",".247",".292",".331","108.4",".252",".303",".332","143.4","Normal","Pr",  
"CF, LF, RF","Uhlaender, Ted L  ","$1,253,000","26304",".250",".297",".308","54.6","276.9","16.3","24.4","117.4",".571","13.1","164.2","31.4","81.9","Fr","Av",".223",".263",".252","1166.8",".258",".307",".325","230.4","Normal","Pr",  
"3B, 2B","Maisel, Fritz R  ","$1,246,000","4006",".248",".317",".337","63.6","71.5","11.0","25.0","23.5",".661","8.48","166.4","33.8","42.4","Vg","Ex",".253",".318",".362","53.8",".241",".316",".303","130.3","Normal","Av",  
"C","Nixon, Russ L  ","$1,246,000","8915",".257",".291",".332","52.6","217.4","22.3","19.0","2363.5",".571","10.7","121.2","24.2","32.7","Pr","Pr",".224",".251",".257",".000",".261",".296",".341","191.2","Prone","Pr",  
"1B","Kotchman, Casey L  ","$1,245,000","3823",".254",".316",".355","67.0","63.7","12.9","20.9","848.0",".500","16.5","201.9","26.2","45.1","Fr","Pr",".233",".309",".297","203.0",".257",".317",".373","51.3","Prone","Pr",  
"LF, CF, RF","Mokan, Johnny R  ","$1,243,000","767",".228",".313",".326","60.7","59.0","9.53","21.9","87.7",".476","7.02","877.0","25.8","48.7","Fr","Av",".256",".336",".366","50.5",".124",".229",".174","161.0","Prone","Fr",  
"LF, 1B, RF","Iorg, Dane L  ","$1,242,000","13751",".265",".317",".366","66.4","98.9","14.0","15.6","683.6",".611","11.7","165.3","19.0","33.7","Fr","Pr",".213",".239",".258",".000",".272",".327",".380","87.2","Normal","Pr",  
"SP, LF, RF","Maul, Al R  ","$1,241,000","270",".193",".284",".296","52.5","67.5","9.12","22.5","23.8",".812","6.33","77.5","38.8","44.3","Vg","Vg",".173",".241",".244","127.0",".210",".320",".343","47.7","Normal","Pr",  
"2B, 3B, SS","Gustine, Frankie R  ","$1,240,000","5561",".245",".298",".333","56.6","106.9","14.7","19.6","434.3",".583","8.14","114.7","26.3","39.2","Fr","Fr",".261",".314",".361","82.3",".228",".281",".305","153.5","Prone","Fr",  
"SS","Miranda, Willy S  ","$1,239,000","20805",".214",".258",".263","36.6","231.2","18.1","32.3","350.3",".561","7.32","231.1","41.0","68.4","Fr","Fr",".212",".257",".254","372.0",".215",".258",".268","188.6","Normal","Pr",  
"2B, 1B, 3B, SS","Zeider, Rollie R  ","$1,239,000","5204",".243",".321",".315","60.7","77.7","9.92","31.3","60.6",".590","9.01","593.5","38.0","44.3","Av","Vg",".243",".325",".318","76.3",".242",".318",".312","78.9","Normal","Av",  
"C, 1B","Archer, Jimmy R  ","$1,238,000","2172",".227",".271",".310","46.2","90.5","18.4","22.4","157.0",".556","7.20","235.5","27.1","46.2","Fr","Av",".251",".296",".335","102.1",".207",".250",".288","82.2","Normal","Pr",  
"2B","Mack, Reddy R  ","$1,238,000","567",".217",".301",".332","61.0","70.9","10.2","15.8","643.0","1.00","6.43","128.6","20.7","64.3","Av","Av",".204",".289",".327","65.0",".228",".311",".336","76.8","Normal","Pr",  
"3B, LF, RF","Shannon, Mike R  ","$1,231,000","6543",".243",".307",".362","65.2","49.2","11.9","20.4","362.1",".540","5.96","131.7","27.3","46.1","Fr","Fr",".243",".307",".371","43.2",".244",".307",".349","60.5","Prone","Pr",  
"3B, 2B, SS","O'Rourke, Frank R  ","$1,228,000","4830",".206",".263",".278","40.5","105.0","15.4","25.8","70.1",".667","6.93","197.4","33.3","55.5","Av","Av",".205",".262",".260","115.1",".208",".264",".292","100.9","Normal","Pr",  
"SS, 1B, 2B, 3B","Gomez, Chris R  ","$1,226,000","5039",".245",".308",".310","56.4","168.0","12.2","22.8","232.8",".615","9.53","294.0","27.7","42.6","Fr","Fr",".250",".316",".317","147.5",".241",".302",".306","183.8","Normal","Pr",  
"LF, 1B, CF, RF","Holt, Jim L  ","$1,223,000","7622",".255",".295",".336","55.3","95.3","19.7","23.1","740.5",".688","11.8","166.2","29.0","34.1","Fr","Pr",".224",".263",".271","344.3",".260",".300",".347","85.6","Normal","Pr",  
"RF, LF","Williams, Walt R  ","$1,223,000","2111",".259",".299",".330","57.9","150.8","20.1","22.7","150.3",".600","13.0","150.3","28.9","62.6","Av","Fr",".264",".301",".331","141.6",".255",".298",".329","184.2","Normal","Pr",  
"SS, 1B, 2B, 3B, LF","Almon, Bill R  ","$1,218,000","7340",".250",".302",".329","59.5","124.4","14.6","21.2","51.8",".669","6.07","134.6","28.2","66.2","Av","Vg",".260",".313",".348","116.7",".241",".293",".313","131.8","Normal","Fr",  
"C","Pocoroba, Biff S  ","$1,218,000","7953",".244",".317",".321","59.4","117.0","10.7","20.8","557.3",".615","15.7","318.5","25.2","33.0","Pr","Pr",".194",".252",".230","1355.0",".254",".329",".340","98.5","Fragile","Pr",  
"1B","Werden, Perry R  ","$1,215,000","6027",".250",".313",".386","71.0","73.5","12.6","14.9","96.8",".595","6.72","41.0","27.6","48.1","Av","Vg",".256",".317",".398","62.0",".234",".299",".349","166.6","Normal","Pr",  
"2B, SS","Sakata, Lenn R  ","$1,212,000","10211",".233",".296",".330","56.6","66.3","12.5","22.4","106.9",".613","9.62","166.7","29.2","42.4","Av","Av",".246",".312",".364","52.4",".215",".274",".284","94.9","Normal","Fr",  
"CF, LF","Brown, Eddie R  ","$1,209,000","8638",".264",".306",".368","65.7","93.9","18.3","15.8","182.8",".537","10.4","133.2","19.6","54.5","Fr","Fr",".275",".318",".379","98.6",".253",".294",".356","89.4","Normal","Pr",  
"CF, LF, RF","Groth, Johnny R  ","$1,209,000","6364",".257",".311",".351","63.9","101.0","13.8","17.7","436.5",".457","9.71","142.5","22.5","45.9","Pr","Fr",".254",".304",".351","91.2",".261",".319",".352","116.9","Prone","Pr",  
"C","Brand, Ron R  ","$1,207,000","13633",".250",".317",".307","56.8","206.6","11.7","27.3","460.2",".550","17.3","187.5","36.2","34.0","Fr","Fr",".258",".328",".326","164.2",".232",".291",".269","373.2","Normal","Pr",  
"C","May, Jerry R  ","$1,205,000","8244",".238",".305",".333","58.8","74.9","11.5","21.1","3050.7",".750","6.68","132.6","28.5","36.5","Pr","Pr",".251",".319",".359","66.7",".210",".277",".281","95.5","Fragile","Pr",  
"SS","Jeltz, Steve S  ","$1,204,000","2764",".203",".289",".233","37.9","921.3","9.44","47.7","287.5",".550","6.60","197.6","75.3","38.6","Av","Fr",".197",".291",".234","396.0",".205",".288",".232","1972.0","Normal","Av",  
"1B, 2B, 3B, LF, CF, RF","Engle, Clyde R  ","$1,202,000","7410",".234",".308",".330","60.2","67.4","10.6","22.6","66.9",".601","7.44","154.9","30.5","43.8","Av","Vg",".246",".320",".348","64.5",".219",".291",".305","72.9","Normal","Pr",  
"3B, 2B, SS","High, Andy L  ","$1,200,000","10867",".229",".302",".326","59.0","64.3","10.8","23.7","185.8",".635","10.6","149.5","32.6","49.0","Fr","Fr",".209",".293",".283","85.1",".235",".305",".338","60.2","Normal","Pr",  
"1B, C, RF","Fick, Robert L  ","$1,199,000","13346",".246",".308",".348","62.8","57.3","12.3","23.0","817.4",".643","8.86","177.3","29.5","43.0","Pr","Pr",".227",".283",".301","98.0",".251",".314",".358","54.2","Prone","Pr",  
"SS","Oyler, Ray R  ","$1,198,000","6769",".198",".278",".271","40.5","138.1","10.4","22.5","1921.0",".571","4.34","167.0","30.1","33.0","Pr","Pr",".213",".300",".302","102.2",".186",".261",".247","190.3","Prone","Fr",  
"RF, 2B, 3B, SS, LF, CF","Radford, Paul R  ","$1,198,000","13418",".204",".311",".263","51.0","122.0","7.64","30.8","43.0",".697","6.88","679.8","37.9","42.0","Vg","Vg",".210",".321",".276","99.9",".200",".301",".251","156.4","Normal","Pr",  
"2B, 3B","Beckham, Gordon R  ","$1,197,000","4220",".218",".288",".297","49.6","140.7","12.4","19.3","214.6",".667","8.70","196.8","24.2","44.5","Av","Fr",".210",".279",".294","126.7",".223",".294",".298","151.4","Prone","Pr",  
"C, 1B","Pavletich, Don R  ","$1,196,000","8513",".221",".296",".344","59.2","46.3","10.4","19.3","635.7",".625","6.78","151.4","25.3","38.1","Av","Pr",".228",".305",".357","44.7",".213",".287",".332","48.0","Normal","Pr",  
"1B, 3B, LF","Johnson, Deron R  ","$1,195,000","69035",".236",".313",".406","73.8","27.1","9.98","19.5","1522.9",".593","5.28","143.6","25.9","35.9","Pr","Pr",".244",".324",".430","24.5",".225",".296",".374","31.3","Normal","Pr",  
"RF, LF, CF","Bell, Derek R  ","$1,190,000","7412",".250",".311",".344","62.2","66.8","13.1","23.0","35.6",".693","6.87","177.8","29.6","36.8","Vg","Vg",".253",".316",".348","79.6",".248",".309",".340","56.9","Prone","Pr",  
"LF, CF, RF","Spilborghs, Ryan R  ","$1,190,000","4949",".247",".324",".340","65.2","76.1","9.95","21.5","101.3",".591","7.57","150.6","28.9","39.8","Av","Av",".248",".330",".339","77.4",".245",".316",".341","74.7","Prone","Pr",  
"C","Barajas, Rod R  ","$1,189,000","3613",".231",".272",".356","56.2","38.8","19.6","23.0","1933.5",".667","8.18","241.7","27.4","63.4","Pr","Pr",".226",".268",".340","40.4",".233",".275",".366","37.9","Fragile","Pr",  
"C","Killefer, Bill R  ","$1,186,000","9304",".218",".255",".275","37.1","113.5","24.4","35.1","194.8",".593","11.1","709.7","39.6","53.4","Fr","Fr",".225",".267",".301","73.5",".214",".247",".258","171.9","Normal","Pr",  
"CF","Marsans, Armando R  ","$1,182,000","6504",".269",".320",".352","68.5","68.5","14.7","26.5","16.2",".671","12.4","650.9","30.6","67.5","Vg","Ex",".274",".325",".368","58.1",".251",".304",".305","152.3","Normal","Av",  
"2B, SS, LF, CF, RF","Bannister, Alan R  ","$1,180,000","5996",".242",".310",".303","59.2","352.7","11.5","23.0","32.1",".707","9.45","128.5","32.0","86.8","Vg","Vg",".241",".305",".306","267.1",".242",".311",".301","420.4","Prone","Fr",  
"C","Todd, Al R  ","$1,180,000","8256",".243",".277",".338","50.4","63.5","25.6","24.5","219.5",".597","7.74","135.1","32.3","32.6","Fr","Fr",".248",".282",".354","52.9",".235",".269",".321","77.2","Normal","Pr",  
"C","Evans, Al R  ","$1,177,000","6992",".237",".303",".328","57.4","75.2","11.8","24.9","516.3",".469","7.20","101.9","37.8","39.1","Fr","Fr",".231",".298",".321","69.4",".241",".306",".333","78.8","Prone","Pr",  
"RF, LF","Clark, Dave L  ","$1,171,000","10523",".248",".319",".366","67.4","45.6","10.6","23.4","239.5",".613","5.56","123.5","33.1","34.5","Av","Fr",".244",".320",".362","49.6",".248",".318",".367","44.3","Normal","Pr",  
"RF, LF, CF","Reynolds, R.J. S  ","$1,171,000","16183",".260",".313",".358","65.0","103.7","14.0","17.3","34.1",".705","6.37","97.7","23.5","37.3","Vg","Vg",".261",".312",".363","85.8",".260",".314",".355","118.4","Prone","Pr",  
"LF, RF","Turner, Jerry L  ","$1,170,000","3625",".243",".304",".363","65.2","45.3","12.3","21.8","117.7",".576","7.75","148.2","28.8","51.3","Av","Av",".244",".293",".354","69.0",".243",".306",".364","43.0","Normal","Pr",  
"3B, 2B, CF","Macias, Jose S  ","$1,169,000","7840",".239",".283",".304","49.0","230.6","17.3","23.5","108.8",".586","10.3","110.2","33.1","54.7","Fr","Av",".239",".274",".296","255.0",".239",".286",".308","221.8","Normal","Fr",  
"LF, RF","Braggs, Glenn R  ","$1,168,000","7539",".250",".316",".382","69.2","43.8","12.2","18.7","105.6",".637","6.84","114.3","25.3","34.3","Av","Av",".254",".323",".387","43.9",".237",".296",".363","45.1","Prone","Pr",  
"RF, LF","Guillen, Jose R  ","$1,167,000","11361",".261",".311",".382","67.8","44.4","19.4","21.4","174.2",".676","7.75","149.0","27.7","35.0","Fr","Fr",".275",".324",".409","40.4",".242",".294",".347","50.7","Prone","Pr",  
"SS, 2B","Belliard, Rafael R  ","$1,165,000","12445",".205",".247",".229","26.3","1382.8","21.9","51.4","86.9",".586","7.48","371.8","65.0","47.0","Av","Av",".204",".245",".227","1208.0",".205",".248",".231","1522.6","Prone","Pr",  
"C, 2B, 3B, SS, LF, CF, RF","Miller, Doggie R  ","$1,165,000","3716",".230",".291",".302","49.7","80.8","13.2","30.2","44.7",".580","10.5","508.6","35.4","48.4","Av","Vg",".228",".290",".305","70.1",".232",".291",".301","93.2","Normal","Pr",  
"C","Montgomery, Bob R  ","$1,165,000","6683",".241",".282",".333","52.0","81.5","19.8","22.1","596.6",".600","4.97","108.5","30.2","40.9","Pr","Pr",".247",".287",".337","82.7",".236",".277",".329","80.4","Normal","Pr",  
"C, 3B","Trevino, Alex R  ","$1,165,000","9981",".244",".301",".325","55.0","131.3","14.1","19.3","341.8",".653","9.19","165.7","24.2","32.2","Fr","Fr",".258",".314",".351","107.9",".224",".283",".289","176.5","Normal","Pr",  
"2B, SS","Coleman, Jerry R  ","$1,162,000","8006",".254",".312",".322","58.7","160.1","13.6","23.4","192.2",".613","8.06","166.8","30.6","40.9","Fr","Fr",".260",".321",".331","122.1",".248",".302",".312","232.6","Prone","Pr",  
"C","Hundley, Nick R  ","$1,161,000","3129",".238",".289",".359","59.3","46.0","15.2","20.3","226.3",".556","5.80","154.3","25.7","47.1","Fr","Fr",".240",".288",".337","69.0",".237",".289",".371","39.5","Prone","Pr",  
"LF","Redus, Frog R  ","$1,158,000","4314",".251",".293",".371","60.3","47.9","19.3","19.9","54.6",".571","8.43","149.8","25.0","36.8","Av","Vg",".270",".312",".399","42.2",".221",".263",".329","60.3","Normal","Pr",  
"2B","Getz, Chris L  ","$1,157,000","6194",".248",".299",".287","54.6","774.2","15.7","32.9","22.3",".767","19.5","207.0","44.1","76.8","Ex","Vg",".243",".294",".278","685.0",".246",".297",".287","769.3","Fragile","Av",  
"LF, 1B, CF, RF","Tebeau, George R  ","$1,157,000","8212",".216",".306",".311","58.5","93.3","8.83","20.2","17.7",".717","5.95","86.6","31.4","44.8","Vg","Ex",".222",".312",".325","82.1",".206",".296",".286","123.3","Prone","Pr",  
"RF, LF, CF","Pena, Wily Mo R  ","$1,155,000","20850",".243",".298",".393","67.1","27.5","14.8","30.5","264.1",".555","3.91","132.8","44.4","45.3","Av","Fr",".251",".306",".409","27.1",".237",".292",".381","27.9","Fragile","Pr",  
"LF","Lamar, Bill L  ","$1,152,000","5368",".271",".303",".380","65.5","57.1","22.2","20.0","95.8",".500","10.5","179.6","24.4","50.9","Fr","Av",".259",".264",".348","88.7",".273",".309",".385","53.8","Normal","Pr",  
"SS","DiSarcina, Gary R  ","$1,151,000","10170",".237",".269",".281","40.2","2034.0","26.9","25.4","117.6",".568","18.2","292.4","29.8","43.6","Fr","Av",".249",".282",".292","1798.5",".230",".262",".275","2155.3","Prone","Fr",  
"SS","Guzman, Cristian S  ","$1,151,000","4730",".252",".288",".318","53.3","278.2","20.5","23.3","65.7",".681","10.0","81.6","35.9","64.1","Av","Av",".259",".303",".329","261.4",".246",".275",".310","293.2","Fragile","Pr",  
"2B, 3B, SS, LF, CF, RF","Miksis, Eddie R  ","$1,151,000","12406",".219",".267",".281","40.3","121.6","16.6","31.3","78.8",".638","8.36","217.3","40.3","43.3","Av","Av",".230",".278",".300","102.5",".208",".255",".261","148.3","Normal","Fr",  
"C","Borders, Pat R  ","$1,148,000","11130",".246",".281",".338","51.9","87.0","21.4","19.9","514.9",".719","7.77","149.9","24.6","34.6","Fr","Pr",".253",".287",".350","82.0",".242",".277",".329","87.2","Normal","Pr",  
"LF, CF, RF","Heisey, Chris R  ","$1,148,000","2052",".224",".285",".353","60.8","40.2","14.7","22.3","72.9",".721","5.55","113.0","31.4","86.9","Vg","Av",".213",".282",".340","42.8",".232",".288",".364","38.3","Prone","Av",  
"LF, CF, RF","Lord, Bris R  ","$1,146,000","3441",".257",".306",".373","66.7","67.5","15.2","16.6","84.0",".625","8.45","102.1","22.2","47.2","Av","Av",".260",".311",".378","59.9",".254",".298",".366","81.0","Normal","Vg",  
"2B, SS","McClellan, Bill L  ","$1,145,000","4548",".208",".284",".259","44.3","156.8","10.7","32.7","27.1",".768","7.22","852.3","38.5","48.2","Vg","Vg",".185",".261",".212","408.0",".216",".293",".276","127.8","Normal","Pr",  
"RF, LF","Stanton, Leroy R  ","$1,145,000","10295",".252",".315",".400","72.4","35.7","12.5","18.2","211.0",".551","4.50","122.5","24.1","39.3","Fr","Av",".252",".317",".406","35.0",".252",".314",".396","36.2","Prone","Pr",  
"LF, 2B, SS","Stewart, Jimmy S  ","$1,142,000","7328",".229",".301",".276","50.5","458.0","11.0","29.8","118.3",".570","8.85","170.0","41.2","74.9","Av","Av",".233",".303",".275","326.1",".227",".300",".276","560.6","Normal","Pr",  
"SS, 2B, 3B, LF","Valentine, Bobby R  ","$1,140,000","9929",".247",".308",".312","56.5","180.5","12.8","24.0","86.5",".552","13.1","169.0","31.6","49.5","Fr","Av",".244",".299",".306","220.4",".249",".312",".316","161.4","Normal","Pr",  
"RF, LF, CF","Darwin, Bobby R  ","$1,139,000","21374",".239",".298",".395","65.1","29.9","14.8","23.3","187.3",".625","4.46","90.8","35.4","29.6","Av","Fr",".246",".306",".412","28.2",".229",".283",".363","33.8","Normal","Pr",  
"SS, 2B","Washington, U.L. S  ","$1,136,000","7213",".245",".309",".327","62.5","109.3","11.8","23.3","53.3",".606","7.63","95.8","35.6","110.2","Av","Vg",".254",".314",".351","79.7",".239",".305",".311","144.7","Normal","Fr",  
"C","Cerone, Rick R  ","$1,126,000","6838",".234",".293",".326","54.6","83.4","13.4","20.6","750.7",".556","10.1","156.4","26.4","38.5","Pr","Pr",".240",".299",".336","74.8",".226",".283",".310","102.0","Prone","Pr",  
"SS","Irwin, Arthur L  ","$1,126,000","5477",".220",".286",".279","44.8","156.5","12.2","29.8","34.5",".649","7.21","202.1","39.4","41.8","Av","Ex",".190",".262",".224","247.5",".227",".292",".291","144.7","Normal","Fr",  
"3B, 2B, SS, LF","Royster, Jerry R  ","$1,125,000","11414",".230",".299",".290","51.6","253.6","11.3","24.5","53.5",".627","8.93","146.8","33.7","51.7","Av","Vg",".234",".308",".309","164.2",".227",".293",".273","428.9","Normal","Fr",  
"2B, 1B, 3B","Cairo, Miguel R  ","$1,124,000","6369",".241",".290",".287","49.1","796.1","18.1","27.1","48.2",".711","14.3","205.4","34.8","54.1","Vg","Av",".246",".291",".297","439.7",".238",".290",".280","1865.5","Prone","Fr",  
"LF, RF","Holmes, Ducky L  ","$1,124,000","6492",".249",".303",".361","65.0","56.5","15.7","19.8","21.2",".707","7.89","129.5","26.1","46.3","Vg","Ex",".256",".308",".373","49.4",".248",".302",".359","57.8","Prone","Pr",  
"C, 1B","Kerins, John R  ","$1,123,000","3133",".230",".291",".337","56.2","55.0","12.8","24.7","132.5",".634","6.86","88.3","39.1","42.5","Av","Av",".231",".303",".345","46.4",".229",".279",".330","66.8","Prone","Pr",  
"C, LF","Perkins, Bill R  ","$1,122,000","13200",".225",".277",".331","49.3","39.5","15.4","35.2","2039.6",".778","6.00","594.9","40.7","31.1","Pr","Pr",".231",".282",".351","34.1",".219",".271",".314","45.0","Normal","Pr",  
"C","Brown, Dick R  ","$1,120,000","5618",".249",".290",".365","59.2","40.1","19.1","26.6","6017.0",".111","6.24","300.9","31.5","38.1","Pr","Pr",".258",".303",".377","38.2",".234",".268",".344","43.9","Fragile","Pr",  
"SP, LF, RF","Terry, Adonis R  ","$1,119,000","787",".203",".252",".301","38.2","60.5","16.0","26.2","34.0",".581","5.48","106.1","38.6","40.4","Vg","Vg",".219",".271",".326","55.6",".186",".232",".268","78.4","Normal","Pr",  
"SS","Meacham, Bob S  ","$1,118,000","4258",".236",".315",".284","56.8","851.6","10.8","25.3","69.1",".612","6.33","204.5","34.1","83.2","Av","Vg",".237",".316",".283","1134.0",".235",".314",".285","781.0","Prone","Vg",  
"RF, LF, CF","Ripple, Jimmy L  ","$1,115,000","5829",".260",".326",".356","69.0","79.8","11.8","19.0","591.6",".524","10.5","209.9","23.7","44.9","Fr","Pr",".258",".317",".334","96.4",".260",".327",".360","77.9","Normal","Pr",  
"SS, 2B","Warstler, Rabbit R  ","$1,115,000","10027",".207",".274",".269","41.9","135.5","12.2","30.6","157.3",".664","7.17","164.2","43.0","53.2","Av","Fr",".217",".286",".284","133.0",".201",".267",".260","134.3","Normal","Pr",  
"CF","Oakes, Rebel L  ","$1,114,000","5660",".252",".306",".335","60.4","69.9","14.8","28.0","159.8",".591","11.0","259.7","35.0","50.7","Av","Av",".212",".261",".280","71.8",".263",".319",".350","69.7","Normal","Av",  
"C","Smith, Hal R. R  ","$1,113,000","11376",".243",".280",".312","47.5","137.1","20.3","24.5","757.9",".696","12.8","178.3","30.6","34.9","Pr","Pr",".247",".287",".323","119.5",".241",".276",".304","156.6","Prone","Pr",  
"2B","Aspromonte, Ken R  ","$1,110,000","965",".228",".321",".295","58.0","137.9","8.66","22.4","1108.0","1.00","10.3","1108.0","26.4","38.2","Fr","Pr",".258",".340",".323","325.0",".213",".311",".281","106.7","Normal","Pr",  
"3B, LF, RF","Cruz, Hector R  ","$1,109,000","1210",".211",".288",".308","52.1","55.0","10.0","26.3","170.5",".800","5.27","227.3","34.1","44.0","Pr","Fr",".200",".274",".283","87.9",".222",".302",".334","39.7","Normal","Pr",  
"C","Tebbetts, Birdie R  ","$1,102,000","7380",".234",".292",".291","48.2","144.7","13.7","29.3","165.0",".671","8.89","475.5","34.4","41.2","Fr","Fr",".240",".299",".293","144.2",".228",".285",".289","145.2","Prone","Pr",  
"2B, 3B, SS","Perez, Tomas S  ","$1,101,000","10838",".238",".282",".300","46.9","338.7","17.2","22.4","894.3",".619","7.76","125.0","29.7","44.4","Pr","Pr",".231",".279",".290","433.0",".242",".283",".305","301.3","Normal","Pr",  
"2B, SS","Wambsganss, Bill R  ","$1,100,000","16476",".230",".290",".320","54.7","72.3","13.8","23.9","172.3",".548","8.72","167.7","32.3","53.9","Fr","Av",".243",".304",".341","73.9",".221",".281",".305","73.9","Prone","Av",  
"SS, 3B","Wine, Bobby R  ","$1,100,000","10504",".207",".251",".266","33.1","184.3","18.2","26.5","516.7",".733","7.14","206.7","33.2","36.2","Av","Pr",".217",".271",".296","106.2",".200",".238",".246","397.1","Prone","Pr",  
"C","Mitterwald, George R  ","$1,099,000","6745",".215",".270",".313","45.8","54.0","14.8","26.7","214.9",".630","4.82","228.4","33.1","40.2","Fr","Fr",".217",".280",".314","49.8",".217",".268",".319","53.5","Normal","Pr",  
"CF, 3B, LF","Duffee, Charlie R  ","$1,095,000","1139",".230",".284",".356","57.2","45.6","14.1","20.0","83.0",".625","6.73","113.2","27.1","41.5","Av","Av",".253",".300",".410","32.4",".180",".251",".248","183.5","Normal","Pr",  
"C","Widger, Chris R  ","$1,095,000","16488",".233",".289",".359","60.1","47.1","13.8","18.1","858.9",".553","7.43","167.0","22.4","46.1","Pr","Pr",".245",".305",".388","38.8",".209",".256",".297","88.3","Prone","Pr",  
"LF, 2B, CF, RF","Amaral, Rich R  ","$1,094,000","14669",".257",".324",".297","59.6","1222.4","11.6","30.1","29.8",".691","9.24","309.5","37.8","52.1","Vg","Vg",".262",".327",".305","942.2",".250",".320",".285","2056.0","Prone","Fr",  
"2B, 3B","Lemke, Mark S  ","$1,093,000","14215",".221",".282",".269","42.6","273.4","12.8","31.0","462.7",".739","14.1","215.5","40.9","39.5","Fr","Pr",".232",".296",".288","222.8",".212",".273",".258","267.7","Fragile","Pr",  
"C","Diaz, Bo R  ","$1,091,000","5222",".241",".289",".346","54.5","53.8","16.0","22.4","297.9",".594","8.51","257.3","26.8","29.2","Fr","Fr",".241",".286",".348","53.7",".241",".293",".343","54.0","Prone","Pr",  
"3B","Rollins, Rich R  ","$1,086,000","5188",".256",".317",".346","63.9","91.0","13.9","20.0","384.1",".652","9.72","151.6","26.0","37.2","Av","Pr",".252",".316",".349","78.9",".258",".318",".344","102.7","Prone","Pr",  
"3B, 1B","Atkins, Garrett R  ","$1,085,000","9168",".247",".314",".348","64.1","56.6","11.2","22.6","565.7",".621","10.4","299.5","27.4","37.0","Fr","Pr",".258",".322",".356","58.3",".238",".306",".343","52.4","Normal","Pr",  
"C","Batts, Matt R  ","$1,085,000","4287",".237",".283",".352","55.6","69.1","16.6","16.2","768.2",".667","8.02","107.2","20.9","35.5","Pr","Pr",".244",".290",".359","73.9",".230",".276",".345","63.8","Normal","Pr",  
"2B, 3B, CF","Chiozza, Lou L  ","$1,085,000","4138",".242",".294",".306","55.3","206.9","15.0","24.6","82.5",".640","9.37","116.3","35.2","119.3","Av","Av",".216",".275",".271","237.8",".248",".300",".315","195.2","Prone","Av",  
"3B","Reilly, Charlie S  ","$1,085,000","4585",".217",".265",".292","42.2","68.4","19.2","33.0","291.2",".654","6.00","1650.0","36.4","49.0","Fr","Fr",".212",".268",".271","85.8",".219",".264",".303","61.3","Normal","Pr",  
"C","Molina, Jose R  ","$1,084,000","3551",".221",".276",".287","43.1","131.5","14.6","25.9","300.8",".520","6.54","244.4","32.3","40.3","Av","Fr",".221",".280",".292","132.5",".218",".269",".269","153.4","Normal","Fr",  
"3B, 1B","Schu, Rick R  ","$1,084,000","11371",".240",".311",".356","66.2","52.6","10.9","21.4","745.7",".447","7.10","93.2","32.1","53.7","Fr","Fr",".245",".320",".368","49.8",".226",".284",".319","63.3","Normal","Pr",  
"C","Henry, John R  ","$1,081,000","2951",".209",".278",".292","47.2","62.8","11.8","29.2","91.6",".562","7.07","1098.7","33.6","64.6","Av","Av",".214",".290",".302","55.4",".203",".267",".282","72.8","Normal","Fr",  
"2B, 3B, SS, LF, RF","Hocking, Denny S  ","$1,081,000","5393",".222",".285",".272","44.4","299.6","12.5","28.7","112.7",".639","7.45","199.0","37.8","50.6","Fr","Av",".210",".274",".255","302.3",".229",".291",".284","297.9","Normal","Pr",  
"C","Peacock, Johnny L  ","$1,081,000","6108",".236",".302",".297","53.0","190.9","11.8","24.9","280.9",".522","12.8","224.7","31.4","51.5","Fr","Fr",".233",".295",".301","143.3",".237",".303",".296","201.8","Normal","Pr",  
"LF, CF","Bigbee, Carson L  ","$1,077,000","5705",".245",".311",".342","63.8","71.3","11.7","23.0","57.4",".649","10.9","98.0","34.8","49.0","Av","Vg",".233",".302",".284","253.3",".247",".313",".350","63.7","Prone","Fr",  
"C","Fasano, Sal R  ","$1,076,000","18459",".208",".280",".336","53.7","34.0","15.5","27.6","1711.7",".600","4.46","366.8","33.5","44.0","Pr","Pr",".208",".285",".331","35.0",".209",".276",".344","32.3","Normal","Pr",  
"C","Duncan, Dave R  ","$1,072,000","10510",".209",".273",".335","51.2","34.6","12.7","29.9","1286.4",".391","4.61","180.9","40.3","42.4","Pr","Pr",".203",".269",".325","35.0",".213",".275",".342","34.3","Prone","Pr",  
"LF, RF","Monroe, Craig R  ","$1,072,000","8942",".242",".295",".394","66.5","31.8","13.9","19.0","287.4",".515","6.25","187.9","23.3","38.6","Fr","Fr",".247",".304",".407","32.0",".233",".283",".377","31.5","Normal","Pr",  
"LF, RF","Johnson, Lou R  ","$1,068,000","5637",".257",".308",".378","67.7","55.3","20.7","17.1","69.2",".614","7.80","128.2","21.8","48.1","Av","Av",".259",".305",".385","53.2",".256",".312",".371","58.6","Normal","Pr",  
"CF, LF, RF","Buford, Damon R  ","$1,067,000","18445",".228",".294",".324","55.4","69.3","12.1","22.4","54.7",".622","6.17","143.8","30.0","50.2","Av","Vg",".238",".308",".346","58.4",".216",".275",".297","88.7","Normal","Pr",  
"LF, 1B, RF","McClendon, Lloyd R  ","$1,065,000","14220",".234",".319",".351","67.6","40.4","9.09","25.1","252.8",".552","9.99","351.7","31.1","44.3","Fr","Fr",".239",".324",".353","41.9",".227",".312",".348","38.6","Normal","Pr",  
"SS, 1B, 2B, 3B","Sveum, Dale S  ","$1,063,000","11707",".226",".286",".336","54.4","52.5","13.0","21.6","188.9",".557","4.80","169.0","27.5","45.9","Pr","Fr",".232",".290",".355","43.8",".220",".281",".320","61.6","Prone","Pr",  
"SS, 2B, 3B","Terrell, Jerry R  ","$1,062,000","5854",".256",".298",".306","52.3","487.8","19.3","26.0","44.1",".615","11.5","171.6","33.8","50.8","Av","Vg",".257",".298",".306","358.8",".255",".297",".307","616.8","Normal","Fr",  
"SS, 2B","Cora, Alex L  ","$1,060,000","8578",".239",".299",".300","53.6","408.5","16.1","23.5","143.9",".654","13.6","96.9","35.6","54.9","Av","Fr",".245",".309",".308","330.4",".235",".295",".295","487.5","Normal","Pr",  
"SS, 2B, 3B","Thevenow, Tommy R  ","$1,057,000","12779",".195",".236",".232","24.0","266.2","20.6","42.6","442.2",".554","9.04","548.4","49.9","41.2","Fr","Fr",".193",".234",".230","252.5",".197",".237",".233","277.4","Prone","Pr",  
"SS, 2B, 3B, LF, CF, RF","Bloomquist, Willie R  ","$1,056,000","2603",".260",".310",".318","58.9","433.8","15.0","22.8","27.9",".652","8.75","140.8","30.0","68.7","Vg","Vg",".269",".320",".328","297.2",".248",".296",".304","1117.0","Fragile","Pr",  
"1B","Simon, Randall L  ","$1,055,000","8961",".269",".302",".374","64.1","55.3","21.6","22.6","1907.4",".454","22.9","167.3","28.0","37.7","Pr","Pr",".240",".259",".297","114.5",".271",".306",".381","52.0","Normal","Pr",  
"1B, LF, RF","Benzinger, Todd S  ","$1,053,000","15424",".237",".280",".340","54.7","63.2","17.9","21.5","240.0",".585","6.28","121.8","28.4","58.9","Fr","Fr",".237",".280",".335","67.4",".237",".281",".343","60.7","Normal","Pr",  
"2B, 3B, SS","Flynn, Doug R  ","$1,053,000","6787",".228",".251",".269","33.8","678.7","34.1","33.4","182.8",".600","12.3","162.0","44.8","44.0","Fr","Fr",".234",".264",".278","519.6",".222",".241",".261","932.8","Normal","Fr",  
"C","Davis, Ben S  ","$1,052,000","3893",".233",".292",".308","50.6","121.7","13.0","21.5","237.8",".581","4.90","285.4","25.8","40.4","Fr","Fr",".225",".284",".294","198.4",".235",".297",".308","116.9","Normal","Pr",  
"3B, 2B","Iorg, Garth R  ","$1,049,000","8034",".238",".271",".301","44.4","382.6","24.2","20.5","166.7",".622","9.46","173.5","24.8","44.5","Av","Fr",".247",".284",".316","231.9",".232",".262",".291","742.7","Normal","Pr",  
"SP, 3B","Dunn, Jack R  ","$1,048,000","171",".240",".286",".351","59.4","57.0","18.2","19.0","45.5",".800","12.1","182.0","22.8","60.7","Av","Av",".252",".310",".374","53.5",".219",".242",".312","64.0","Normal","Pr",  
"2B, 3B","Gagliano, Phil R  ","$1,047,000","533",".231",".308",".276","52.2","266.5","10.2","35.5",".000",".000","8.74","198.0","49.5","66.0","Fr","Pr",".276",".339",".304",".000",".199",".287",".256","158.0","Normal","Pr",  
"RF, 1B, LF","Heep, Danny L  ","$1,047,000","13616",".244",".325",".344","66.2","71.7","9.56","19.7","220.2",".564","11.2","157.3","26.0","35.8","Fr","Fr",".205",".269",".242","566.5",".248",".329",".353","66.2","Normal","Pr",  
"C","House, Frank L  ","$1,046,000","8267",".235",".278",".331","50.5","55.1","19.0","28.2","1767.8",".556","11.8","184.1","36.1","35.8","Pr","Pr",".221",".258",".319","53.2",".236",".280",".330","55.3","Fragile","Pr",  
"C","Hemsley, Rollie R  ","$1,045,000","6134",".219",".262",".293","40.4","149.6","19.1","22.5","332.5",".454","7.65","118.7","30.6","41.6","Fr","Fr",".222",".267",".306","170.9",".218",".260",".281","138.7","Prone","Pr",  
"1B, C","Ellis, John R  ","$1,041,000","62700",".257",".307",".379","65.6","49.6","15.3","19.0","2347.7",".392","7.21","119.0","25.0","33.4","Fr","Pr",".266",".315",".400","44.4",".248",".299",".360","55.3","Prone","Pr",  
"3B, 1B","Cooper, Scott L  ","$1,038,000","10946",".238",".298",".324","56.9","99.5","12.9","21.5","300.1",".548","8.27","116.5","29.6","55.6","Fr","Fr",".223",".274",".278","217.9",".244",".305",".337","90.1","Normal","Pr",  
"C","Pagnozzi, Tom R  ","$1,032,000","4259",".234",".282",".330","52.4","73.4","16.6","20.4","230.3",".588","8.74","177.2","25.2","43.0","Fr","Fr",".244",".292",".366","48.9",".223",".270",".291","167.3","Fragile","Pr",  
"C","Robinson, Wilbert R  ","$1,032,000","7280",".231",".265",".307","44.4","88.8","23.2","24.8","63.1",".660","6.59","700.4","27.2","51.0","Av","Vg",".245",".277",".329","74.8",".220",".254",".288","105.9","Normal","Pr",  
"LF, CF","Coan, Gil L  ","$1,031,000","6931",".236",".280",".335","55.5","62.4","19.6","24.8","151.9",".690","6.29","101.9","36.1","94.2","Av","Av",".206",".254",".285","86.2",".242",".286",".345","59.0","Prone","Pr",  
"SS, 2B, 3B","Koenig, Mark S  ","$1,031,000","7262",".234",".277",".306","47.5","106.8","18.4","25.9","211.9",".561","9.79","217.8","32.1","50.3","Fr","Fr",".227",".267",".294","124.4",".238",".282",".312","101.4","Normal","Pr",  
"C","Laird, Gerald R  ","$1,030,000","9082",".236",".296",".319","56.2","113.5","13.6","20.4","390.1",".553","7.71","147.0","27.0","53.4","Fr","Fr",".245",".310",".344","89.0",".227",".282",".293","160.8","Prone","Av",  
"2B","Garcia, Damaso R  ","$1,027,000","12733",".262",".294",".313","51.8","397.9","26.9","26.4","21.7",".636","13.5","210.6","32.3","49.9","Av","Ex",".257",".289",".302","675.1",".267",".298",".321","317.8","Normal","Pr",  
"3B","Ontiveros, Steve R S  ","$1,027,000","12107",".254",".336",".326","66.4","131.6","9.31","22.0","807.5",".486","8.85","292.1","27.3","38.1","Pr","Pr",".238",".311",".300","164.9",".259",".345",".335","123.5","Normal","Pr",  
"C","Sugden, Joe S  ","$1,027,000","6633",".233",".294",".298","51.1","89.6","13.4","33.5","273.7",".575","7.44","615.8","39.7","49.3","Fr","Fr",".230",".289",".290","83.7",".233",".295",".301","90.0","Normal","Fr",  
"1B, LF","Siebert, Dick L  ","$1,026,000","10601",".252",".292",".336","56.5","111.6","19.6","19.7","178.0",".604","10.7","147.9","24.8","48.1","Fr","Fr",".240",".280",".305","234.9",".254",".295",".344","98.7","Normal","Pr",  
"3B, 1B, 2B","Stein, Bill R  ","$1,026,000","9064",".259",".310",".350","62.3","88.9","14.6","19.9","329.5",".545","8.46","145.4","25.5","37.2","Fr","Fr",".266",".321",".369","75.8",".245",".287",".313","136.5","Prone","Pr",  
"C","Tresh, Mike R  ","$1,025,000","4660",".226",".309",".263","49.5","186.4","9.63","50.7","230.3",".590","7.61","1324.0","60.2","50.0","Fr","Fr",".228",".318",".264","188.6",".223",".297",".262","183.5","Prone","Pr",  
"SS, 3B","Anderson, Dave R  ","$1,023,000","1688",".216",".267",".280","39.2","241.1","15.4","23.8","73.8",".714","7.24","108.6","34.2","34.8","Av","Av",".218",".269",".281","224.3",".214",".266",".280","253.8","Prone","Fr",  
"C","Torborg, Jeff R  ","$1,021,000","10549",".215",".264",".275","37.9","167.4","16.3","27.0","1891.0",".316","8.25","231.6","33.2","40.5","Pr","Pr",".227",".275",".296","152.7",".206",".258",".258","199.2","Prone","Pr",  
"SS, 2B, 3B","Woodward, Woody R  ","$1,020,000","8949",".221",".272",".262","38.9","1118.6","15.7","29.7","233.1",".568","9.00","238.8","37.7","48.2","Fr","Fr",".229",".288",".272","1767.5",".212",".257",".250","964.2","Normal","Pr",  
"RF, LF, CF","Good, Wilbur L  ","$1,018,000","20546",".246",".310",".348","64.1","69.6","12.8","21.2","47.5",".666","6.58","95.4","31.4","47.2","Av","Vg",".239",".301",".311","92.5",".246",".311",".353","66.6","Normal","Pr",  
"LF, CF, RF","Brown, Emil R  ","$1,013,000","8327",".246",".312",".350","65.0","63.6","11.8","21.8","58.6",".745","7.38","106.5","31.4","39.9","Vg","Av",".248",".315",".350","63.8",".245",".310",".351","61.4","Normal","Pr",  
"3B, 1B, 2B, SS","McKechnie, Bill S  ","$1,012,000","7528",".227",".274",".308","48.7","73.8","16.6","29.3","27.3",".738","8.94","175.1","39.2","47.0","Ex","Vg",".219",".274",".286","126.5",".228",".272",".315","61.7","Normal","Pr",  
"C","Dyer, Duffy R  ","$1,010,000","3827",".211",".279",".292","43.6","85.0","12.6","25.7","2120.0","1.00","5.46","151.4","35.0","31.4","Av","Pr",".209",".287",".296","77.1",".212",".270",".288","95.0","Normal","Pr",  
"2B, 3B, SS","Suder, Pete R  ","$1,010,000","7218",".231",".259",".300","40.5","144.4","27.8","23.7","191.9",".606","8.14","174.5","29.4","38.8","Fr","Fr",".230",".261",".316","99.0",".231",".257",".287","224.9","Normal","Pr",  
"LF, 1B, SS","Cordero, Wil R  ","$1,007,000","9367",".251",".309",".364","64.9","53.8","14.3","19.3","168.4",".586","7.98","190.2","23.8","40.3","Av","Fr",".252",".318",".376","48.6",".250",".302",".354","59.9","Prone","Pr",  
"2B, 3B, SS","Sojo, Luis R  ","$1,004,000","5246",".240",".275",".286","42.1","291.4","22.2","34.1","267.2",".512","18.5","175.4","46.0","38.2","Fr","Fr",".242",".280",".287","229.3",".239",".270",".284","447.5","Prone","Fr",  
"C","Ginsberg, Joe L  ","$1,003,000","9008",".225",".303",".289","52.9","117.0","10.3","29.2","1016.1",".667","10.6","230.9","38.3","46.6","Fr","Pr",".210",".284",".232","1493.0",".228",".308",".302","97.6","Normal","Pr",  
"C","Johnson, Brian R  ","$1,003,000","1736",".214",".248",".327","43.1","44.5","25.2","24.1","1865.0","1.00","6.96","266.4","28.7","39.7","Pr","Pr",".192",".227",".271","61.6",".227",".259",".358","38.6","Prone","Pr",  
"C","Bengough, Benny R  ","$997,000","6294",".215",".250",".281","36.6","99.9","22.0","30.6","202.9",".500","9.08","304.3","36.4","52.7","Pr","Fr",".226",".259",".305","89.0",".210",".246",".271","106.4","Prone","Pr",  
"SS","DeJesus, Ivan R  ","$996,000","6266",".232",".302",".286","52.1","329.8","11.4","26.4","54.8",".637","7.60","152.6","36.7","62.1","Av","Vg",".237",".303",".289","267.1",".228",".300",".285","399.4","Normal","Pr",  
"LF, 1B, RF","Radcliff, Rip L  ","$994,000","9638",".266",".311",".351","64.1","102.5","16.6","21.5","179.6",".532","11.9","110.8","29.4","55.1","Fr","Fr",".241",".280",".297","307.7",".269",".316",".359","95.1","Normal","Pr",  
"1B","Throneberry, Marv L  ","$992,000","36992",".232",".302",".392","69.6","26.9","11.0","24.3","1082.8",".567","4.43","149.6","33.0","49.2","Pr","Pr",".235",".299",".367","36.3",".232",".303",".398","25.6","Normal","Pr",  
"SS, 2B, 3B","Bridges, Rocky R  ","$990,000","9322",".236",".292",".275","45.3","1553.7","14.0","30.5","309.8",".508","9.19","276.3","38.0","42.8","Pr","Fr",".241",".301",".276","3267.0",".232",".285",".272","986.0","Normal","Pr",  
"2B, 1B, 3B","Jones, Dalton L  ","$990,000","4399",".241",".307",".328","61.6","102.3","12.0","20.5","122.0",".755","9.82","135.6","27.3","65.9","Av","Fr",".217",".276",".250",".000",".245",".311",".338","90.7","Prone","Pr",  
"SP, RF","Mathews, Bobby R  ","$989,000","140",".157",".191",".171","2.03",".000","24.5","70.0",".000",".000","5.88",".000","73.5","36.8","Pr","Pr",".205",".225",".231",".000",".140",".179",".150",".000","Normal","Pr",  
"3B, 1B","Hayes, Charlie R  ","$987,000","9436",".235",".293",".327","53.2","74.9","13.3","22.1","271.8",".528","7.93","158.9","28.5","33.0","Fr","Fr",".235",".297",".325","80.7",".234",".288",".330","68.2","Normal","Pr",  
"1B, 3B","Everitt, Bill L  ","$986,000","8472",".274",".324",".350","68.1","86.4","14.4","27.7","30.0",".724","7.00","184.2","36.0","52.3","Vg","Vg",".269",".316",".340","98.5",".276",".328",".355","83.6","Prone","Pr",  
"3B, 2B, SS","Shipley, Craig R  ","$986,000","7721",".267",".300",".335","57.0","160.9","26.4","22.1","72.4",".611","9.16","240.7","26.0","47.6","Av","Av",".258",".290",".323","166.1",".273",".307",".343","167.0","Prone","Pr",  
"3B, 2B","Bell, David R  ","$983,000","10194",".241",".301",".339","60.1","76.1","12.7","19.2","937.4",".461","10.7","150.0","24.7","45.5","Fr","Pr",".247",".306",".353","67.2",".234",".297",".327","82.6","Prone","Pr",  
"SS, 2B","Gil, Benji R  ","$983,000","12185",".211",".258",".284","39.2","140.1","17.3","24.1","173.7",".484","4.36","106.5","34.6","62.9","Fr","Av",".219",".269",".306","114.4",".206",".249",".268","170.9","Normal","Fr",  
"3B, SS","Shindle, Billy R  ","$983,000","6028",".225",".264",".309","44.7","91.3","20.9","23.7","52.1",".623","7.65","121.9","32.1","50.9","Av","Vg",".230",".273",".325","80.9",".222",".259",".299","100.0","Normal","Pr",  
"C, 1B","Bowerman, Frank R  ","$982,000","5004",".228",".270",".319","48.2","68.5","19.8","23.8","110.0",".613","7.70","199.7","29.5","51.8","Av","Av",".228",".269",".318","71.7",".228",".270",".320","66.5","Normal","Pr",  
"3B, 2B","Finigan, Jim R  ","$980,000","12112",".249",".314",".319","58.3","220.2","11.8","19.8","674.6",".556","8.28","170.8","25.3","36.6","Fr","Pr",".245",".304",".310","401.8",".249",".316",".324","183.2","Normal","Pr",  
"1B","Putnam, Pat L  ","$980,000","24206",".240",".291",".376","62.5","37.1","15.2","20.5","282.7",".589","8.94","164.3","25.7","39.2","Fr","Fr",".190",".222",".275","67.0",".245",".297",".386","35.6","Normal","Pr",  
"3B, 2B, SS","Dugan, Joe R  ","$979,000","7015",".248",".285",".334","54.2","79.7","22.6","22.3","204.4",".587","7.54","378.1","25.6","51.8","Fr","Fr",".265",".305",".360","73.5",".232",".266",".303","104.9","Prone","Pr",  
"C","Sewell, Luke R  ","$979,000","7888",".223",".281",".294","48.5","119.5","14.0","24.0","171.7",".797","9.51","230.4","30.1","53.1","Av","Fr",".233",".293",".308","122.9",".216",".271",".282","125.2","Prone","Pr",  
"2B, 3B, SS","Berg, Dave R  ","$978,000","1475",".248",".301",".302","54.0","368.8","14.8","24.6","269.0","1.00","6.70","230.6","30.5","57.6","Fr","Pr",".243",".297",".285",".000",".250",".303",".309","250.5","Normal","Pr",  
"C","Desautels, Gene R  ","$976,000","12151",".203",".269",".235","34.9","506.3","12.8","39.7","239.5",".600","7.92","853.1","47.1","52.1","Av","Fr",".207",".271",".245","348.6",".199",".268",".225","887.9","Normal","Pr",  
"3B","Hale, Sammy R  ","$976,000","5843",".251",".279",".355","57.3","72.1","29.8","19.9","111.1",".727","7.49","85.2","28.1","60.4","Av","Fr",".264",".293",".374","64.5",".240",".268",".339","78.9","Normal","Pr",  
"3B, 2B, SS","Pryor, Greg R  ","$976,000","8573",".234",".282",".288","43.5","372.7","17.1","24.3","358.2",".565","10.6","221.7","29.9","33.1","Fr","Fr",".234",".291",".289","310.1",".232",".272",".283","469.9","Normal","Pr",  
"2B, SS","Weis, Al S  ","$975,000","8219",".233",".294",".289","50.9","373.6","13.6","25.9","30.0",".691","6.96","129.2","37.3","60.7","Vg","Vg",".238",".297",".293","569.0",".230",".291",".285","306.5","Prone","Av",  
"3B","Pinkney, George R  ","$970,000","2268",".233",".304",".306","56.8","94.5","11.6","26.4","28.9",".746","7.97","317.8","32.6","45.4","Vg","Vg",".244",".310",".326","72.5",".224",".293",".293","134.3","Iron","Fr",  
"SS, 2B, 3B","Burnett, Johnny L  ","$967,000","9339",".247",".307",".333","60.2","81.9","13.2","23.9","151.8",".624","10.2","158.8","31.7","47.3","Fr","Fr",".232",".292",".281","140.9",".251",".311",".345","74.0","Normal","Fr",  
"SS, 3B","Gonzalez, Alex S R  ","$967,000","6326",".236",".291",".340","56.4","67.3","14.4","19.2","102.4",".667","5.80","136.5","25.0","38.5","Av","Av",".247",".304",".361","57.4",".228",".283",".328","75.3","Fragile","Fr",  
"SP, RF","Crane, Ed R  ","$964,000","232",".194",".249",".289","35.5","58.0","15.8","25.8",".000",".000","4.52","253.0","31.6","31.6","Pr","Pr",".184",".257",".265","49.0",".201",".243",".306","67.0","Normal","Pr",  
"SS, 2B, 3B","Arias, Alex R  ","$963,000","4838",".237",".303",".290","52.2","302.4","12.5","26.2","359.0",".682","12.2","215.4","33.7","44.5","Av","Pr",".249",".317",".302","354.3",".222",".286",".272","376.2","Normal","Pr",  
"3B","Coughlin, Bill R  ","$963,000","3239",".245",".297",".343","59.2","54.0","16.7","25.7","71.0",".641","7.77","322.6","30.9","46.1","Av","Vg",".256",".313",".362","48.5",".237",".286",".330","58.8","Normal","Pr",  
"CF, RF","Corkhill, Pop L  ","$960,000","24223",".230",".265",".312","45.1","74.3","23.2","29.2","80.0",".624","7.72","137.0","40.1","48.7","Av","Av",".213",".247",".281","109.6",".236",".271",".324","66.6","Normal","Pr",  
"LF, CF, RF","Dilone, Miguel S  ","$955,000","12504",".250",".300",".306","56.5","694.7","15.5","25.0","11.4",".698","10.9","96.7","37.9","70.6","Vg","Ex",".238",".284",".273",".000",".255",".307",".319","488.0","Normal","Fr",  
"SS, 2B, 3B","Brown, Larry L R  ","$951,000","4711",".224",".286",".282","45.0","168.2","12.9","29.6","1733.7",".250","10.2","157.6","41.3","38.0","Fr","Fr",".222",".283",".294","101.5",".222",".284",".269","351.3","Prone","Pr",  
"SS","Rojek, Stan R  ","$950,000","11332",".244",".299",".286","51.1","492.7","14.8","30.7","82.7",".643","10.2","328.6","37.7","61.5","Av","Av",".242",".297",".288","1070.0",".246",".300",".285","365.7","Normal","Fr",  
"2B, 3B, SS","Hallman, Bill R  ","$948,000","4103",".242",".282",".325","50.9","89.2","19.1","22.3","60.8",".584","7.05","233.7","26.9","45.3","Av","Vg",".257",".297",".356","86.3",".228",".268",".298","91.8","Normal","Pr",  
"C","Fordyce, Brook R  ","$947,000","5009",".245",".294",".344","58.2","78.3","15.9","18.2","907.3",".667","9.40","217.8","21.8","44.3","Pr","Pr",".255",".306",".360","68.5",".230",".273",".318","101.2","Prone","Pr",  
"C","Diaz, Einar R  ","$944,000","6120",".233",".283",".282","45.2","2040.0","22.3","23.8","421.7",".727","17.0","198.4","30.3","42.2","Fr","Pr",".230",".279",".278","3017.0",".236",".287",".286","1551.5","Normal","Pr",  
"C","Matheny, Mike R  ","$941,000","11865",".228",".271",".293","44.0","127.6","20.1","27.4","1433.2",".474","6.70","201.5","35.0","48.3","Pr","Pr",".229",".270",".302","115.0",".226",".271",".286","139.1","Prone","Pr",  
"1B, LF, CF, RF","McCraw, Tommy L  ","$941,000","7173",".250",".307",".354","64.3","85.4","14.4","18.2","66.0",".633","8.97","79.3","26.6","54.5","Av","Vg",".218",".270",".314","69.8",".259",".315",".365","88.8","Prone","Pr",  
"2B, SS","Rawlings, Johnny R  ","$935,000","6654",".216",".263",".280","39.8","95.1","17.4","31.8","83.4",".613","8.01","907.4","36.1","49.0","Av","Av",".224",".268",".300","72.3",".211",".260",".267","121.7","Normal","Pr",  
"2B, 3B, SS","Blanks, Larvell R  ","$930,000","4670",".239",".294",".313","52.5","108.6","14.0","26.7","515.2",".556","9.91","125.7","38.4","38.7","Fr","Pr",".233",".294",".316","90.7",".243",".295",".310","131.3","Normal","Fr",  
"3B, 2B","Strange, Doug S  ","$928,000","12973",".221",".276",".299","47.0","96.8","14.3","23.9","339.4",".737","7.95","203.6","30.2","48.2","Fr","Fr",".195",".238",".228",".000",".230",".291",".325","70.7","Prone","Pr",  
"CF, LF","Patterson, Corey L  ","$924,000","21678",".246",".283",".351","60.0","64.1","20.8","21.2","19.5",".700","6.34","106.0","29.0","99.6","Vg","Ex",".237",".274",".330","75.9",".249",".286",".356","61.8","Prone","Vg",  
"3B, 1B","Dobbs, Greg L  ","$923,000","4495",".262",".310",".356","64.2","70.2","15.0","21.5","349.1",".424","8.79","232.8","26.0","46.6","Fr","Fr",".245",".268",".302","151.2",".263",".315",".364","63.0","Normal","Pr",  
"CF, LF, RF","Brown, Tom L  ","$920,000","15050",".232",".300",".329","59.5","66.3","11.6","24.2","15.4",".709","5.50","108.0","35.9","50.9","Vg","Ex",".219",".284",".289","114.3",".235",".303",".334","63.3","Normal","Pr",  
"SS","Lipon, Johnny R  ","$920,000","4492",".237",".305",".292","53.3","299.5","11.3","25.4","422.8",".444","10.9","181.2","34.0","49.3","Fr","Fr",".246",".321",".310","173.1",".231",".294",".281","552.2","Normal","Fr",  
"C","Berryhill, Damon S  ","$918,000","12884",".223",".269",".315","45.2","74.9","17.1","21.1","1383.4",".454","6.21","251.5","24.8","35.9","Pr","Pr",".218",".264",".311","80.0",".226",".272",".318","72.1","Prone","Pr",  
"C","McNertney, Jerry R  ","$918,000","7173",".240",".293",".325","53.6","96.9","15.3","20.3","1571.0",".714","8.98","218.2","24.7","35.5","Pr","Pr",".242",".291",".330","94.7",".239",".294",".324","97.3","Prone","Pr",  
"3B","Plouffe, Trevor R  ","$918,000","10526",".241",".311",".374","67.5","39.3","10.9","20.4","618.8",".576","7.88","148.8","27.0","35.8","Av","Pr",".242",".320",".382","35.9",".238",".296",".361","46.8","Fragile","Fr",  
"3B, LF, CF, RF","Phillips, Bubba R  ","$915,000","3791",".244",".274",".323","49.4","105.3","30.5","21.1","161.1",".625","11.8","287.7","24.3","46.3","Av","Fr",".252",".278",".325","186.9",".237",".271",".322","78.1","Prone","Pr",  
"2B, 3B","Lockhart, Keith L  ","$914,000","3943",".236",".289",".311","53.3","123.2","14.7","23.8","286.4",".750","14.2","134.2","32.1","64.1","Av","Fr",".236",".277",".290","227.8",".236",".292",".317","108.3","Normal","Pr",  
"3B, SS","Robinson, Bobbie R  ","$914,000","8854",".225",".277",".296","45.7","94.2","15.8","28.6","147.2",".478","8.54","242.9","36.0","51.4","Fr","Av",".232",".286",".304","110.6",".220",".270",".290","84.0","Normal","Pr",  
"2B","Verban, Emil R  ","$912,000","3704",".273",".297",".327","56.2","231.5","31.3","27.2","179.5",".564","14.4","232.3","33.2","57.2","Fr","Fr",".276",".302",".324","304.0",".271",".294",".329","198.5","Normal","Vg",  
"SS, 2B","Ford, Hod R  ","$910,000","4569",".220",".287",".291","48.0","89.6","12.4","28.9","195.8",".578","7.38","363.6","35.3","48.0","Pr","Fr",".229",".299",".311","74.9",".214",".278",".278","102.6","Normal","Fr",  
"RF","Powell, Hosken L  ","$909,000","5928",".250",".308",".332","61.5","134.7","13.3","19.1","61.0",".669","11.7","151.9","24.4","55.3","Vg","Av",".255",".319",".320","175.5",".253",".309",".341","115.7","Normal","Fr",  
"CF, LF, RF","Perez, Timo L  ","$908,000","19013",".254",".301",".330","58.5","190.1","15.8","19.1","105.5",".582","20.4","137.9","24.4","56.0","Fr","Av",".211",".227",".240",".000",".263",".314",".347","164.2","Normal","Fr",  
"SS","Nelson, Candy L  ","$907,000","5142",".227",".328",".289","60.9","91.8","7.94","35.7","149.7",".625","6.53","748.5","44.0","56.0","Av","Fr",".208",".302",".257","141.6",".232",".336",".298","83.5","Normal","Pr",  
"LF, CF, RF","Solters, Moose R  ","$900,000","5414",".246",".280",".363","56.2","52.1","23.0","19.8","185.2",".554","6.50","119.6","25.4","40.1","Av","Fr",".253",".289",".370","50.2",".235",".265",".351","55.5","Prone","Pr",  
"SS, 3B","Halter, Shane R  ","$899,000","6005",".237",".294",".344","57.7","66.7","13.5","19.9","275.8",".571","6.43","95.9","28.4","39.4","Pr","Fr",".243",".300",".363","55.8",".234",".292",".330","78.8","Normal","Fr",  
"SS, 2B, LF, CF","Amarista, Alexi L  ","$895,000","3771",".233",".283",".300","50.2","121.6","15.4","29.7","58.4",".703","12.7","118.5","45.1","62.8","Vg","Av",".213",".258",".266","121.7",".241",".294",".315","121.5","Normal","Pr",  
"2B, 3B, SS","Kubiak, Ted S  ","$891,000","5996",".225",".288",".282","45.6","222.1","12.4","27.8","351.2",".396","11.0","162.8","38.1","41.4","Pr","Fr",".219",".285",".260","915.0",".228",".289",".291","166.6","Normal","Pr",  
"SS, 1B, 2B, 3B","Foley, Tom L  ","$886,000","3516",".228",".280",".309","48.7","87.9","14.5","24.4","478.0",".615","7.98","159.3","31.9","43.0","Fr","Fr",".182",".238",".236","297.0",".236",".288",".325","76.1","Prone","Pr",  
"2B, 3B, SS","Lepcio, Ted R  ","$878,000","6616",".215",".278",".340","53.9","39.6","13.3","23.5","427.0",".630","4.40","165.0","30.5","49.0","Fr","Fr",".220",".278",".337","44.6",".206",".272",".336","35.5","Normal","Pr",  
"RF, 2B, SS, LF, CF","Rothrock, Jack S  ","$876,000","18633",".234",".297",".315","55.8","83.9","12.2","25.7","74.9",".617","6.99","159.6","34.9","60.8","Av","Av",".239",".300",".314","100.3",".232",".296",".315","79.6","Normal","Fr",  
"SS, 2B, 3B","O'Leary, Charley R  ","$874,000","5705",".213",".253",".291","38.4","76.1","21.0","27.6","86.6",".651","7.79","512.4","31.5","43.3","Av","Av",".218",".265",".309","59.3",".209",".245",".278","94.6","Prone","Pr",  
"1B","Balboni, Steve R  ","$872,000","73314",".222",".287",".427","71.5","18.9","12.2","24.7","2190.3",".649","4.36","160.8","32.9","43.8","Pr","Pr",".229",".299",".452","17.9",".216",".278",".407","19.8","Normal","Pr",  
"C","Livingston, Mickey R  ","$868,000","2555",".227",".292",".324","54.9","55.5","13.0","26.6","256.8",".500","7.55","188.3","34.9","47.1","Av","Fr",".242",".305",".344","50.9",".208",".275",".300","62.8","Prone","Pr",  
"RF","Miller, Doc L  ","$867,000","1074",".260",".291",".353","60.1","71.6","23.2","19.9","68.2",".944","8.59","1159.0","21.9","40.0","Av","Av",".313",".375",".435","38.3",".253",".281",".343","79.9","Normal","Pr",  
"LF, CF, RF","Hatcher, Billy R  ","$865,000","11561",".245",".292",".319","54.0","134.4","18.9","22.1","42.2",".627","11.6","153.5","28.5","53.3","Av","Vg",".249",".293",".314","212.8",".243",".292",".324","108.2","Prone","Fr",  
"3B","Lutzke, Rube R  ","$863,000","6116",".221",".291",".320","54.7","62.4","11.6","22.3","247.9",".583","6.97","178.0","29.5","47.2","Av","Fr",".231",".302",".354","46.9",".204",".273",".267","127.6","Normal","Fr",  
"SS, 2B, 3B","Blackburne, Lena R  ","$862,000","3737",".209",".274",".294","46.2","67.9","12.9","30.1","51.9",".648","8.20","145.0","44.3","52.6","Av","Vg",".213",".280",".307","53.0",".206",".268",".284","86.7","Normal","Av",  
"LF, CF","Burke, Eddie L  ","$862,000","14613",".248",".317",".357","68.5","52.0","12.7","22.7","32.0",".724","7.50","145.5","30.9","46.8","Vg","Vg",".244",".313",".352","52.6",".248",".318",".359","51.6","Normal","Fr",  
"SS, 2B, 3B","Castro, Juan R  ","$861,000","6711",".228",".269",".291","42.4","335.5","18.7","21.9","1205.8",".500","8.02","126.9","29.1","43.6","Pr","Pr",".215",".254",".261","502.6",".232",".273",".303","309.4","Prone","Av",  
"CF, LF, RF","Williams, Gerald R  ","$861,000","39681",".250",".299",".377","64.9","52.5","16.0","16.6","75.0",".645","9.14","109.1","21.6","42.0","Av","Vg",".256",".307",".392","47.6",".227",".270",".321","86.6","Normal","Fr",  
"SS, 2B","Knickerbocker, Bill R  ","$860,000","4117",".229",".272",".308","46.1","124.8","19.3","20.1","371.4",".429","8.81","212.2","24.2","46.9","Pr","Fr",".226",".273",".311","118.9",".230",".271",".305","129.6","Prone","Fr",  
"C","Blanco, Henry R  ","$859,000","5370",".207",".268",".301","44.1","76.7","12.9","21.2","657.1",".750","7.02","134.4","28.3","39.4","Pr","Pr",".210",".278",".314","66.7",".206",".263",".294","84.9","Prone","Pr",  
"SS, 2B","Abbott, Kurt R  ","$854,000","3516",".225",".269",".338","52.1","68.9","18.6","17.9","269.9",".609","4.54","80.4","25.4","68.7","Av","Fr",".237",".281",".353","71.8",".217",".261",".327","67.1","Fragile","Fr",  
"2B, SS","Farrell, Jack R  ","$854,000","10881",".234",".291",".336","56.3","64.8","13.6","21.5","92.0",".594","8.07","127.2","28.9","45.3","Av","Vg",".233",".298",".336","58.0",".235",".288",".337","68.3","Normal","Pr",  
"RF, LF","Summa, Homer L  ","$854,000","3038",".264",".304",".348","62.7","82.1","20.9","23.6","218.3",".577","12.5","192.6","29.2","64.2","Fr","Fr",".204",".240",".256","116.2",".272",".313",".360","82.0","Normal","Pr",  
"2B, 3B, SS","Quinn, Joe R  ","$853,000","3853",".212",".251",".271","35.3","124.3","20.8","30.6","44.8",".667","8.41","411.9","35.5","48.5","Av","Vg",".210",".248",".279","97.6",".211",".251",".262","169.9","Normal","Pr",  
"RF, 2B, SS, LF","Barrett, Bill R  ","$852,000","33034",".249",".303",".366","64.8","55.6","14.0","18.0","50.8",".625","6.40","152.7","22.8","49.8","Av","Vg",".256",".311",".378","52.3",".241",".296",".354","58.1","Normal","Av",  
"C","Grim, John R  ","$850,000","3787",".221",".250",".307","40.4","82.3","39.4","22.1","132.8",".625","7.77","221.3","26.0","47.4","Av","Av",".235",".264",".336","71.2",".211",".240",".287","92.1","Normal","Fr",  
"SS","Hulswitt, Rudy R  ","$847,000","4223",".240",".286",".344","56.1","66.0","16.4","20.3","254.7",".600","7.47","114.6","27.3","44.1","Av","Av",".255",".297",".372","63.8",".228",".277",".320","66.3","Prone","Pr",  
"1B, LF","Reese, Rich L  ","$847,000","3796",".233",".283",".336","54.2","55.8","16.5","24.3","274.3",".625","9.70","124.7","33.4","44.2","Fr","Fr",".231",".283",".298","119.6",".233",".283",".344","50.6","Normal","Pr",  
"C","Martinez, Buck R  ","$843,000","7852",".212",".273",".312","49.8","66.0","13.1","20.6","1084.5",".889","7.60","177.1","26.1","61.1","Pr","Pr",".220",".281",".331","59.6",".207",".268",".299","72.2","Prone","Pr",  
"C","Kluttz, Clyde R  ","$842,000","4177",".247",".289",".315","53.1","130.5","18.5","23.7","451.3",".769","9.42","410.3","27.4","54.4","Av","Pr",".251",".302",".313","143.6",".244",".278",".318","113.1","Normal","Pr",  
"SS, 2B","Michael, Gene S  ","$840,000","5657",".239",".297",".294","49.8","226.3","13.5","27.3","477.2",".565","7.67","221.5","34.7","40.8","Fr","Fr",".253",".314",".310","177.8",".233",".287",".287","247.6","Prone","Pr",  
"3B, 2B, SS","de la Hoz, Mike R  ","$839,000","12922",".243",".285",".337","53.9","71.8","18.6","21.6","1152.2",".667","9.70","179.6","26.5","39.7","Pr","Pr",".246",".291",".344","63.1",".241",".280",".331","81.5","Normal","Pr",  
"2B, 3B","Brohamer, Jack L  ","$838,000","1463",".239",".308",".316","60.0","97.5","11.4","24.8","183.1",".529","14.1","183.1","33.0","74.9","Pr","Fr",".185",".256",".228","189.0",".246",".316",".329","91.0","Prone","Pr",  
"2B, LF","Burke, Chris R  ","$833,000","13204",".220",".296",".295","52.6","163.0","12.1","20.1","61.0",".715","8.30","151.8","26.6","51.5","Vg","Av",".231",".309",".318","129.0",".197",".269",".252","319.4","Normal","Fr",  
"SS, 2B, 3B","Grammas, Alex R  ","$832,000","5626",".233",".294",".275","45.7","5626.0","13.2","25.7","328.4",".513","9.93","389.9","30.7","38.8","Fr","Fr",".243",".306",".289","2639.0",".224",".283",".263",".000","Normal","Pr",  
"C","White, Sammy R  ","$832,000","10428",".227",".259",".318","41.8","75.0","24.2","22.5","441.1",".556","8.61","155.3","28.1","29.8","Fr","Fr",".235",".266",".336","66.1",".219",".253",".302","86.1","Prone","Pr",  
"1B, 2B","Paulette, Gene R  ","$827,000","8170",".249",".307",".319","58.4","115.1","13.2","24.6","114.7",".622","10.7","335.7","29.7","51.2","Av","Av",".254",".311",".326","107.5",".241",".302",".309","128.2","Normal","Pr",  
"LF","Van Robays, Maurice R  ","$823,000","1958",".245",".298",".359","59.2","54.4","14.4","21.1","2153.0","1.00","8.12","97.9","30.3","26.9","Pr","Pr",".237",".289",".352","53.9",".268",".324",".377","56.0","Normal","Pr",  
"1B, LF","Hassett, Buddy L  ","$822,000","3392",".259",".305",".337","61.4","102.8","16.6","24.8","131.8",".622","11.9","123.0","34.5","67.1","Fr","Av",".231",".267",".314","81.1",".265",".313",".343","109.6","Normal","Fr",  
"C","Osik, Keith R  ","$822,000","7808",".212",".280",".259","40.0","867.6","12.6","27.6","785.3",".579","8.38","163.0","37.6","41.5","Av","Pr",".209",".278",".256","742.0",".215",".281",".261","1024.5","Prone","Pr",  
"SS, LF, CF","Jackson, Sonny L  ","$820,000","3279",".228",".296",".269","49.8","546.5","11.7","33.5","27.8",".742","15.0","215.7","45.3","62.2","Vg","Vg",".223",".292",".261","686.0",".229",".298",".271","478.2","Prone","Fr",  
"C","Sullivan, Billy Sr R  ","$819,000","3657",".222",".255",".325","44.6","52.2","25.2","23.1","63.7",".592","7.80","431.7","26.1","48.6","Av","Vg",".217",".249",".330","47.0",".226",".260",".321","57.5","Prone","Pr",  
"RF, C, 1B, 3B, CF","Dexter, Charlie R  ","$815,000","21716",".228",".288",".315","53.5","64.6","13.7","26.5","19.5",".711","7.52","374.2","31.8","48.2","Vg","Ex",".232",".294",".329","57.6",".225",".282",".302","74.4","Prone","Pr",  
"SS, 2B, 3B","Harris, Brendan R  ","$815,000","5040",".249",".312",".339","61.6","100.8","12.6","19.7","930.8",".600","7.11","116.4","26.9","38.5","Fr","Pr",".244",".309",".336","93.9",".253",".314",".341","106.2","Normal","Pr",  
"C","Criger, Lou R  ","$812,000","5797",".198",".269",".286","43.6","69.8","11.4","27.7","108.2",".645","7.83","122.5","41.6","49.6","Av","Av",".216",".287",".321","48.5",".185",".257",".261","101.6","Prone","Pr",  
"LF","Hornung, Joe R  ","$809,000","7579",".244",".282",".336","52.8","98.4","20.8","20.6","99.9",".583","6.56","85.2","29.6","48.2","Av","Av",".250",".289",".345","97.8",".238",".273",".325","99.2","Normal","Fr",  
"C","Hayworth, Ray R  ","$808,000","12505",".229",".290",".285","47.9","147.1","13.0","30.6","1065.8",".650","7.41","346.4","37.6","48.8","Fr","Pr",".238",".302",".300","113.7",".220",".279",".272","197.9","Normal","Pr",  
"2B, 3B, SS","Bassett, Charley R  ","$807,000","5212",".212",".265",".294","42.3","74.5","15.7","27.7","94.4",".698","7.03","209.9","35.2","42.9","Av","Av",".227",".277",".323","58.1",".202",".257",".274","90.2","Normal","Pr",  
"3B, SS","Irwin, Charlie L  ","$805,000","5255",".232",".294",".328","57.4","59.0","13.2","23.8","48.6",".667","7.79","388.9","28.3","56.1","Av","Vg",".206",".279",".279","106.8",".239",".299",".341","53.4","Prone","Pr",  
"C","Walker, Rube L  ","$804,000","12891",".217",".281",".308","47.4","59.4","12.4","25.8","1574.3",".529","7.06","745.7","29.5","34.1","Pr","Pr",".215",".280",".291","80.2",".217",".280",".310","56.6","Prone","Pr",  
"LF, RF","Lee, Leron L  ","$799,000","8960",".248",".310",".365","64.9","64.5","12.7","16.5","379.0",".481","5.94","113.3","21.6","39.1","Fr","Fr",".214",".282",".288","140.8",".254",".315",".378","58.2","Normal","Pr",  
"1B","Lupien, Tony L  ","$797,000","6458",".247",".303",".326","60.4","92.3","13.3","26.1","182.8",".454","11.3","142.6","36.2","113.1","Fr","Av",".214",".273",".253","274.0",".250",".306",".333","82.8","Normal","Pr",  
"SS, 2B","Rhyne, Hal R  ","$795,000","4305",".214",".289",".288","48.8","107.6","11.3","25.0","271.3",".545","9.18","195.3","33.2","48.3","Fr","Fr",".244",".314",".333","87.6",".185",".263",".242","146.2","Normal","Pr",  
"C","Kleinow, Red R  ","$793,000","2632",".223",".280",".318","51.5","65.8","13.8","23.7","78.0",".685","7.36","160.3","31.0","55.5","Av","Av",".236",".287",".347","54.4",".208",".271",".282","89.5","Prone","Pr",  
"RF, LF","Boesch, Brennan L  ","$792,000","6528",".243",".302",".361","64.4","45.3","13.4","22.4","265.0",".562","7.33","155.6","29.1","54.2","Av","Fr",".241",".302",".370","40.4",".245",".302",".354","50.7","Normal","Pr",  
"1B","Bransfield, Kitty R  ","$792,000","4515",".258",".299",".369","63.9","68.4","17.9","18.1","81.4",".625","8.51","88.8","25.1","47.9","Av","Vg",".266",".306",".386","62.7",".236",".279",".324","91.5","Prone","Fr",  
"2B, SS","Cissell, Chalmer R  ","$792,000","5418",".230",".271",".304","44.7","112.9","19.8","25.1","78.9",".583","8.92","149.6","33.0","45.2","Av","Vg",".245",".285",".321","136.6",".221",".262",".294","100.9","Normal","Pr",  
"C","O'Neil, Mickey R  ","$785,000","13728",".212",".274",".280","42.9","83.2","13.5","38.2","798.4",".576","8.46","202.3","53.4","47.9","Fr","Fr",".217",".283",".293","74.3",".209",".268",".271","89.9","Normal","Pr",  
"C","Miller, Otto R  ","$784,000","5378",".226",".258",".315","44.4","65.6","25.9","26.2","76.3",".605","6.37","204.5","32.4","56.7","Av","Av",".229",".266",".321","63.7",".224",".252",".311","66.9","Normal","Pr",  
"SS, 2B","Stanley, Fred R  ","$783,000","2929",".214",".303",".258","49.5","266.3","9.15","38.0","241.8",".636","7.22","199.1","56.4","75.2","Av","Fr",".220",".299",".254","313.0",".210",".306",".261","239.6","Normal","Fr",  
"C","Donahue, Tim L  ","$782,000","13681",".200",".279",".281","45.6","77.7","10.9","25.1","118.3",".595","7.21","469.5","30.3","54.2","Av","Av",".192",".274",".248","107.8",".201",".280",".286","74.3","Prone","Pr",  
"1B","Kryhoski, Dick L  ","$779,000","9380",".256",".293",".383","63.9","45.3","21.0","19.1","401.6",".510","9.14","132.1","24.1","41.7","Pr","Fr",".249",".283",".348","60.9",".257",".294",".387","43.6","Prone","Pr",  
"LF","Lee, Hal R  ","$779,000","14125",".252",".313",".379","68.7","56.3","12.5","16.6","1296.2",".600","8.57","81.0","23.7","36.9","Pr","Pr",".257",".319",".389","52.7",".238",".295",".352","70.3","Normal","Pr",  
"C","Bergen, Marty R  ","$778,000","4302",".231",".271",".317","47.7","81.2","18.9","24.0","383.2",".800","8.13","135.3","31.7","43.8","Fr","Pr",".232",".272",".322","80.7",".228",".270",".309","82.0","Prone","Pr",  
"SS, 2B, 3B","Heise, Bob R  ","$778,000","2475",".242",".281",".295","45.9","412.5","20.4","23.8","1323.5","1.00","18.9","330.9","27.6","42.0","Pr","Pr",".253",".297",".318","469.0",".228",".261",".263","353.0","Normal","Fr",  
"2B, 3B, SS","Newman, Al S  ","$777,000","3861",".221",".302",".252","48.0","965.2","9.79","39.0","55.5",".647","16.2","548.5","48.2","78.4","Av","Vg",".211",".306",".245","821.5",".228",".299",".256","1109.0","Normal","Fr",  
"LF, RF","Brown, Domonic L  ","$772,000","6401",".249",".314",".377","71.5","40.8","11.4","21.6","136.3",".722","9.05","128.9","29.3","59.6","Vg","Fr",".239",".293",".347","43.6",".249",".315",".379","40.8","Fragile","Pr",  
"C","Manwaring, Kirt R  ","$772,000","16798",".225",".289",".264","42.5","579.2","14.2","34.0","305.8",".549","8.21","242.3","44.7","38.1","Pr","Fr",".234",".301",".279","398.4",".213",".274",".244","1413.0","Prone","Pr",  
"SS, CF","Shugart, Frank L  ","$772,000","3521",".233",".281",".363","58.9","55.9","15.9","17.5","84.8",".652","7.86","54.5","29.1","46.6","Av","Vg",".210",".255",".298","130.0",".237",".286",".375","50.9","Normal","Pr",  
"C","Tate, Bennie L  ","$771,000","9951",".240",".296",".308","52.6","98.5","13.6","29.7","518.0",".600","11.7","329.6","36.0","43.3","Pr","Pr",".219",".270",".283","95.1",".244",".300",".311","101.1","Normal","Pr",  
"RF, 1B, CF","Dolan, Cozy PH L  ","$770,000","20918",".256",".316",".359","67.9","55.2","12.3","23.6","59.1",".639","8.12","159.2","31.4","53.2","Av","Vg",".243",".297",".328","63.7",".256",".318",".363","53.4","Normal","Pr",  
"1B, 3B, RF","Oliver, Bob R  ","$769,000","18420",".244",".282",".371","56.5","37.3","21.3","25.4","311.4",".508","5.59","146.4","33.1","30.5","Fr","Fr",".236",".272",".353","38.1",".248",".288",".381","36.9","Normal","Pr",  
"SS","Listach, Pat S  ","$768,000","7419",".245",".309",".285","55.4","927.4","11.9","33.6","28.3",".721","7.10","155.9","49.2","74.5","Vg","Vg",".225",".284",".245","1874.0",".251",".317",".298","787.3","Fragile","Av",  
"C","Perez, Eddie R  ","$767,000","4865",".243",".275",".333","48.5","95.4","25.2","19.3","2593.5",".667","9.55","162.1","23.6","29.6","Pr","Pr",".261",".294",".360","110.3",".225",".256",".306","82.5","Prone","Pr",  
"1B, 3B, LF","Jackson, Ron R  ","$758,000","16404",".250",".306",".361","64.5","76.3","15.0","16.0","277.0",".625","10.1","125.0","20.4","43.3","Fr","Fr",".262",".317",".378","78.9",".231",".287",".331","71.6","Normal","Pr",  
"C","Flaherty, John R  ","$755,000","4404",".226",".263",".304","42.4","112.9","22.3","21.8","315.6",".500","9.07","225.4","26.2","40.5","Fr","Fr",".223",".259",".290","203.3",".229",".266",".314","85.3","Normal","Pr",  
"3B, SS","Whitney, Art R  ","$748,000","16856",".202",".261",".250","34.9","129.7","13.7","41.6","276.3",".620","7.47","1157.1","47.6","51.9","Fr","Fr",".208",".273",".261","109.2",".198",".253",".242","143.5","Normal","Pr",  
"3B, 1B","Helms, Wes R  ","$742,000","9028",".249",".316",".351","63.6","76.5","11.8","18.4","914.8",".579","5.75","136.0","24.2","32.8","Pr","Pr",".255",".326",".359","75.8",".238",".295",".334","77.9","Normal","Pr",  
"RF","Shafer, Orator L  ","$741,000","9778",".242",".311",".321","60.4","122.2","11.4","21.3","82.1",".787","6.44","149.6","28.4","48.5","Ex","Fr",".225",".297",".289","319.4",".246",".314",".328","109.8","Normal","Pr",  
"CF, LF","Fullis, Chick R  ","$738,000","5506",".257",".317",".329","61.9","128.0","12.8","24.1","209.7",".558","8.82","160.0","32.0","46.8","Fr","Fr",".258",".319",".328","163.1",".257",".316",".331","104.3","Normal","Pr",  
"LF, CF, RF","Seeds, Bob R  ","$738,000","53394",".256",".315",".353","65.4","60.1","12.8","25.3","280.6",".600","7.80","148.4","34.4","43.4","Fr","Fr",".264",".327",".371","53.2",".234",".285",".308","90.0","Normal","Pr",  
"3B, 2B, SS","Branson, Jeff L  ","$737,000","731",".209",".265",".293","43.1","81.2","14.4","26.1",".000",".000","6.16","134.5","36.7","53.8","Fr","Pr",".198",".246",".267","116.0",".211",".269",".298","76.9","Normal","Pr",  
"CF","Marty, Joe R  ","$736,000","4101",".235",".287",".371","59.7","36.6","14.8","22.0","449.0",".476","7.88","121.4","30.1","34.3","Fr","Fr",".237",".291",".380","34.5",".224",".274",".341","44.8","Normal","Fr",  
"RF, 1B, 2B, 3B, LF","Barry, Shad R  ","$735,000","15686",".245",".305",".344","61.0","62.0","13.1","23.6","56.2",".622","7.87","143.5","31.9","44.7","Av","Vg",".246",".307",".350","60.4",".243",".301",".333","66.3","Normal","Pr",  
"SS, 2B","Guerrero, Mario R  ","$735,000","3769",".259",".293",".319","52.4","289.9","24.4","23.4","236.9",".548","18.5","154.9","29.8","39.5","Fr","Fr",".279",".317",".351","197.7",".237",".266",".285","580.3","Normal","Pr",  
"SS, 2B","Perez, Marty R  ","$732,000","682",".198",".255",".248","30.5","341.0","14.4","29.7","374.0",".400","7.48","149.6","41.6","37.4","Fr","Fr",".190",".248",".249","194.5",".208",".264",".246",".000","Normal","Pr",  
"2B","Stricker, Cub R  ","$732,000","3069",".217",".274",".270","41.2","109.6","13.7","40.4","140.6",".533","7.77","1124.7","46.2","53.6","Av","Av",".218",".275",".264","165.9",".216",".274",".274","87.1","Normal","Fr",  
"1B, LF","Perry, Gerald L  ","$727,000","13494",".249",".317",".345","63.7","68.8","11.1","21.3","57.7",".663","11.1","187.5","27.1","34.7","Av","Vg",".252",".310",".339","69.0",".248",".317",".346","69.2","Normal","Pr",  
"C","Rader, Dave L  ","$725,000","14593",".240",".296",".317","52.8","100.0","14.0","23.5","532.2",".612","14.2","253.4","28.7","33.8","Av","Pr",".247",".315",".316","98.3",".238",".291",".317","96.8","Normal","Pr",  
"C","Greene, Todd R  ","$721,000","6617",".232",".267",".372","54.5","33.6","22.1","22.6","779.2",".692","5.94","163.1","28.1","35.6","Pr","Pr",".245",".286",".386","35.1",".220",".250",".360","31.9","Fragile","Pr",  
"CF, LF, RF","Kingery, Mike L  ","$720,000","6518",".246",".302",".323","58.2","210.3","13.3","19.7","74.5",".658","11.5","90.5","28.4","55.9","Av","Av",".230",".282",".286","989.0",".249",".306",".330","184.3","Normal","Pr",  
"SP, RF","Weidman, Stump R  ","$720,000","24",".125",".179",".125","3.33",".000","28.0",".000",".000",".000","14.0",".000",".000",".000","Av","Fr",".091",".231",".091",".000",".154",".133",".154",".000","Normal","Pr",  
"C","Spencer, Tubby R  ","$716,000","8499",".236",".285",".340","56.0","52.1","17.7","23.5","399.5",".657","7.77","296.4","27.8","53.4","Pr","Pr",".237",".289",".342","47.0",".234",".280",".335","58.0","Normal","Pr",  
"SS, 2B, 3B","Martinez, Ramon E. R  ","$713,000","3040",".245",".306",".310","55.8","217.1","12.8","23.0","1121.3",".375","11.5","146.3","30.9","46.1","Fr","Pr",".255",".318",".324","172.6",".238",".298",".300","261.7","Prone","Pr",  
"C","Ainsmith, Eddie R  ","$712,000","8212",".211",".274",".322","50.1","56.2","12.7","20.7","50.1",".622","6.22","116.2","28.4","53.0","Av","Vg",".220",".285",".340","52.4",".202",".261",".304","61.0","Normal","Pr",  
"SS","Gleason, Bill R  ","$710,000","3838",".228",".284",".277","44.2","166.9","15.5","35.2","105.3",".588","6.38","421.3","42.6","48.4","Av","Av",".242",".302",".298","158.2",".217",".267",".263","149.1","Normal","Pr",  
"2B, 3B, SS","Gardner, Billy R  ","$709,000","6680",".231",".277",".306","47.6","148.4","18.8","20.7","557.8",".406","7.99","157.7","26.2","51.1","Fr","Fr",".223",".273",".299","155.9",".235",".279",".310","145.6","Normal","Fr",  
"1B, C, LF, RF","Douglass, Klondike L  ","$708,000","48629",".236",".300",".326","57.6","55.6","12.8","31.0","95.8",".659","7.93","311.1","38.8","44.9","Av","Av",".217",".283",".277","88.4",".239",".302",".334","52.0","Normal","Pr",  
"2B","Johnson, Don S R  ","$708,000","817",".250",".292",".299","53.7","204.2","20.2","29.2","81.0","1.00","7.62",".000","31.8","99.0","Av","Av",".243",".291",".299","152.0",".253",".292",".298","256.5","Normal","Av",  
"C","Bako, Paul L  ","$707,000","15390",".220",".280",".273","43.5","349.8","12.9","26.0","1303.5",".591","5.05","184.2","33.8","54.3","Pr","Pr",".195",".246",".224",".000",".224",".287",".282","286.9","Normal","Pr",  
"CF","Day, Boots L  ","$706,000","41698",".258",".315",".315","60.6","174.5","13.1","29.4","267.6",".556","9.87","208.8","39.0","66.0","Fr","Fr",".234",".281",".262","864.4",".262",".322",".324","150.5","Normal","Vg",  
"2B","Kuiper, Duane L  ","$697,000","4582",".248",".303",".290","51.5","763.7","14.7","32.5","86.8",".558","13.2","157.3","46.2","53.0","Fr","Av",".215",".260",".250","857.0",".257",".314",".300","732.0","Fragile","Fr",  
"SS, 2B, 3B","Lillis, Bob R  ","$697,000","3798",".219",".258",".254","34.3","474.8","21.3","37.2","239.8",".607","22.3","815.2","42.0","51.0","Fr","Fr",".224",".261",".259","1396.0",".217",".256",".252","376.7","Normal","Pr",  
"SS, 2B, 3B","Chaney, Darrel S  ","$693,000","4735",".197",".270",".253","39.0","364.2","11.3","25.6","241.3",".564","4.93","123.5","37.4","71.7","Fr","Fr",".175",".226",".202","1407.0",".206",".287",".275","275.8","Normal","Pr",  
"C","Landrith, Hobie L  ","$693,000","10991",".224",".302",".285","52.9","146.5","9.97","26.9","536.6",".561","10.2","363.0","32.9","63.6","Pr","Fr",".222",".303",".284","104.4",".225",".302",".285","161.9","Prone","Pr",  
"3B, 1B","Esterbrook, Dude R  ","$692,000","7278",".239",".279",".305","47.4","137.3","22.1","24.2","412.3",".543","8.31","326.4","28.3","45.5","Fr","Fr",".256",".295",".332","95.5",".226",".267",".285","203.9","Normal","Pr",  
"SS","Fernandez, Chico R  ","$691,000","3886",".233",".289",".306","50.2","90.4","13.7","28.2","63.7",".728","8.35","237.2","35.6","37.8","Vg","Av",".239",".305",".320","79.3",".227",".275",".294","103.2","Normal","Fr",  
"SS, 2B, 3B","Espinoza, Alvaro R  ","$690,000","6911",".245",".279",".303","46.1","192.0","24.4","26.5","354.5",".456","10.8","206.8","33.1","40.7","Pr","Fr",".267",".306",".345","115.8",".223",".251",".264","500.9","Normal","Fr",  
"3B, 2B","Byrne, Bobby R  ","$686,000","1906",".237",".303",".324","59.2","112.1","12.0","20.1","79.1",".692","9.05","112.4","28.1","54.7","Av","Vg",".226",".296",".302","123.9",".246",".308",".342","103.9","Prone","Pr",  
"1B","Burns, Jack L  ","$685,000","7026",".234",".304",".323","58.0","78.1","11.3","22.9","115.8",".636","7.81","178.9","29.9","45.8","Fr","Av",".231",".295",".290","97.5",".235",".305",".329","75.4","Normal","Fr",  
"3B, 2B, SS","Zimmer, Don R  ","$685,000","5063",".225",".279",".327","48.7","56.9","15.2","23.2","229.2",".522","5.13","166.7","29.7","32.0","Fr","Fr",".225",".283",".325","63.6",".226",".278",".329","55.1","Normal","Pr",  
"SS","Risberg, Swede R  ","$684,000","4314",".230",".294",".349","59.2","60.8","12.7","17.7","66.7",".545","6.63","84.3","25.7","50.6","Av","Vg",".232",".298",".348","60.0",".229",".291",".350","61.2","Normal","Av",  
"C","Owen, Mickey R  ","$683,000","4473",".230",".297",".301","51.1","165.7","12.1","21.8","497.7",".435","11.8","160.5","28.6","37.4","Fr","Fr",".225",".289",".296","201.8",".236",".305",".300","202.1","Prone","Pr",  
"CF, 1B, LF, RF","Beniquez, Juan R  ","$678,000","33113",".257",".313",".339","60.5","94.3","13.6","23.0","114.7",".515","9.73","157.8","30.3","36.0","Fr","Av",".265",".321",".353","80.4",".247",".303",".321","127.0","Prone","Pr",  
"C, 1B","Newman, Jeff R  ","$676,000","16165",".211",".252",".331","45.0","43.7","19.6","22.5","413.9",".583","5.95","162.5","28.4","42.0","Fr","Fr",".207",".241",".317","52.3",".212",".260",".336","40.6","Normal","Pr",  
"C","Street, Gabby R  ","$674,000","2839",".198",".241",".277","33.5","71.0","20.2","29.6","278.7",".440","7.32","340.7","35.2","49.5","Fr","Fr",".194",".240",".276","65.9",".201",".242",".278","76.6","Normal","Pr",  
"2B","Maguire, Freddie R  ","$666,000","7857",".220",".252",".277","36.3","151.1","27.8","28.9","399.9",".568","8.34","323.0","34.1","49.7","Fr","Fr",".217",".243",".269","247.2",".225",".260",".286","118.0","Normal","Av",  
"C, 3B","Quirk, Jamie L  ","$666,000","23658",".231",".285",".326","52.2","63.3","14.8","23.5","300.2",".483","6.14","195.6","29.5","41.8","Pr","Fr",".229",".288",".317","60.5",".231",".285",".328","62.5","Normal","Pr",  
"SS, 2B, 3B","Dente, Sam R  ","$662,000","5189",".225",".261",".277","37.3","144.1","22.6","35.5","1379.5",".571","12.7","324.6","42.8","39.4","Fr","Pr",".232",".276",".292","122.3",".216",".248",".264","160.0","Normal","Pr",  
"2B, 1B","Bloodworth, Jimmy R  ","$658,000","2919",".223",".260",".312","43.0","71.2","23.2","23.5","389.2",".471","6.86","222.4","28.3","42.1","Fr","Fr",".240",".279",".320","95.9",".219",".254",".324","54.0","Normal","Pr",  
"LF, 1B, CF, RF","Lum, Mike L  ","$658,000","29475",".236",".308",".339","62.3","54.1","11.0","24.7","523.0",".477","8.29","159.2","33.5","48.8","Pr","Fr",".215",".286",".292","81.2",".238",".310",".344","51.5","Normal","Pr",  
"LF, CF, RF","Repulski, Rip R  ","$657,000","15255",".250",".299",".386","65.0","37.5","16.9","20.2","279.5",".608","6.88","173.6","24.9","34.9","Fr","Fr",".257",".306",".402","34.3",".239",".285",".361","43.3","Normal","Pr",  
"SP, LF","Richmond, Lee L  ","$656,000","443",".217",".285",".264","41.6","88.6","11.7","88.6",".000",".000","7.12","491.0","122.8","44.6","Fr","Fr",".250",".318",".350","40.0",".213",".282",".256","100.8","Normal","Fr",  
"3B","Spiezio, Ed R  ","$656,000","2565",".222",".287",".338","54.0","45.8","12.5","21.2","568.0",".500","7.36","355.0","25.1","32.3","Fr","Fr",".222",".288",".326","54.5",".223",".286",".347","40.8","Normal","Pr",  
"C, SS","Berg, Moe R  ","$655,000","9977",".203",".238",".255","30.4","136.7","25.0","35.5","218.8",".742","8.66","536.0","41.1","57.6","Av","Fr",".204",".237",".265","109.1",".201",".237",".247","166.4","Normal","Pr",  
"C","Schmidt, Boss S  ","$655,000","17189",".245",".281",".354","55.7","55.8","23.1","21.9","322.5",".559","8.50","113.5","29.5","41.5","Fr","Fr",".255",".286",".366","55.1",".240",".279",".347","57.7","Prone","Pr",  
"2B","Gedeon, Joe R  ","$650,000","2848",".231",".290",".310","50.7","77.0","14.3","27.7","165.6",".576","8.30","349.6","33.5","38.8","Av","Fr",".250",".309",".343","54.7",".216",".270",".285","108.4","Normal","Pr",  
"SS","Veryzer, Tom R  ","$650,000","4084",".221",".272",".265","39.8","510.5","18.1","30.9","194.2",".590","8.67","186.1","41.4","50.2","Pr","Fr",".230",".275",".278","374.5",".217",".271",".258","646.5","Prone","Pr",  
"C","Bushong, Doc R  ","$649,000","13346",".198",".240",".244","27.5","139.0","19.4","41.4","460.3",".517","7.07","1297.2","45.9","47.6","Fr","Fr",".207",".246",".256","129.6",".191",".235",".236","146.7","Normal","Pr",  
"1B","Dropo, Walt R  ","$644,000","35018",".249",".294",".387","61.9","34.6","17.0","22.3","3778.5",".435","6.70","167.9","28.1","26.3","Pr","Pr",".254",".300",".402","31.9",".236",".281",".355","40.4","Prone","Pr",  
"SS","Hunter, Billy R  ","$642,000","9643",".210",".243",".281","35.2","166.3","27.0","23.6","229.6",".577","8.83","97.5","34.1","53.0","Av","Fr",".220",".253",".300","149.7",".204",".236",".270","185.8","Prone","Fr",  
"C","Hill, Marc R  ","$640,000","8286",".216",".283",".301","46.8","64.2","12.2","27.8","1844.0",".714","7.52","439.0","33.3","32.7","Pr","Pr",".220",".283",".300","69.0",".213",".283",".303","59.8","Normal","Pr",  
"2B, 3B","Kelly, Pat F R  ","$640,000","4356",".230",".289",".306","50.3","161.3","15.4","19.4","45.6",".586","6.16","166.6","24.8","49.8","Av","Vg",".236",".299",".322","136.4",".226",".284",".296","177.6","Fragile","Fr",  
"2B, 3B","Moran, Billy R  ","$639,000","3778",".250",".288",".328","54.1","157.4","20.5","19.5","170.9",".571","9.84","141.4","24.9","48.8","Av","Fr",".244",".287",".314","304.8",".253",".289",".338","117.6","Normal","Fr",  
"SS, 2B, 3B","Relaford, Desi S  ","$638,000","6572",".226",".301",".287","51.6","273.8","11.5","23.3","65.2",".598","8.98","171.3","30.8","55.0","Vg","Av",".233",".311",".298","303.1",".224",".296",".283","251.1","Prone","Pr",  
"SS","Sand, Heinie R  ","$636,000","1106",".202",".301",".270","50.3","79.0","8.10","38.1","259.2",".625","6.14","259.2","54.0","49.8","Av","Pr",".236",".339",".340","45.2",".162",".259",".191","518.0","Normal","Av",  
"SS, 2B","Fermin, Felix R  ","$634,000","5764",".243",".287",".278","44.8","960.7","19.6","35.4","127.7",".690","29.7","298.0","44.1","40.9","Av","Fr",".243",".287",".277","2060.0",".243",".287",".277","1168.3","Normal","Fr",  
"C","Perkins, Cy R  ","$634,000","4294",".215",".269",".293","44.1","82.6","14.5","25.4","391.4",".706","8.30","391.4","29.9","47.9","Pr","Fr",".210",".265",".286","71.4",".222",".274",".304","91.0","Normal","Pr",  
"3B","Hankinson, Frank R  ","$628,000","7312",".209",".263",".286","40.2","98.8","14.9","25.0","105.9",".620","6.00","176.5","32.0","45.4","Av","Av",".221",".275",".310","86.4",".198",".252",".265","109.5","Normal","Pr",  
"2B, 3B, SS","Ripken, Billy R  ","$628,000","2977",".227",".281",".279","44.4","229.0","15.1","27.8","204.5",".593","10.5","409.0","33.1","51.1","Fr","Fr",".233",".293",".299","132.1",".222",".271",".263","546.7","Fragile","Pr",  
"C","Cannizzaro, Chris R  ","$627,000","12156",".225",".299",".288","49.2","189.9","10.5","24.6","623.7",".550","6.88","154.2","33.9","34.4","Pr","Pr",".235",".311",".301","221.4",".213",".287",".276","166.2","Normal","Pr",  
"CF, LF, RF","Martin, Jerry R  ","$625,000","35960",".237",".298",".390","66.8","31.2","13.1","20.2","128.3",".576","5.20","141.6","26.4","42.5","Av","Av",".246",".308",".409","29.1",".219",".276",".354","36.0","Normal","Pr",  
"2B, 3B, SS","Berardino, Johnny R  ","$623,000","9945",".225",".282",".315","50.1","86.5","14.0","20.0","231.5",".540","8.31","184.4","24.8","42.5","Fr","Fr",".231",".287",".326","83.5",".220",".278",".307","88.9","Normal","Pr",  
"CF, 1B, LF, RF","Cline, Ty L  ","$622,000","12733",".238",".303",".295","55.6","454.8","12.7","24.9","248.7",".548","8.38","105.0","37.6","114.3","Fr","Fr",".211",".265",".242","674.3",".241",".308",".305","406.0","Normal","Pr",  
"SS, 2B","Linz, Phil R  ","$622,000","6886",".230",".299",".296","52.3","160.1","11.7","22.7","227.0",".531","8.23","385.9","27.3","51.5","Fr","Fr",".233",".298",".295","181.1",".231",".302",".303","137.1","Normal","Fr",  
"SS","Koppe, Joe R  ","$621,000","1319",".221",".312",".278","54.2","659.5","8.49","23.6","216.0",".583","5.18","126.0","34.4","65.7","Fr","Fr",".226",".329",".285",".000",".215",".286",".267","271.5","Normal","Pr",  
"SS, 2B","Cedeno, Ronny R  ","$612,000","5994",".236",".277",".312","47.6","133.2","19.4","23.3","63.8",".633","6.79","106.6","33.2","43.6","Av","Av",".251",".292",".327","136.7",".224",".267",".301","121.6","Prone","Fr",  
"SS","Berroa, Angel R  ","$611,000","3610",".230",".278",".299","45.6","138.8","21.0","25.2","78.3",".625","7.57","139.8","34.0","42.6","Av","Av",".241",".291",".307","145.0",".228",".273",".298","133.3","Normal","Fr",  
"C","Hernandez, Carlos R  ","$609,000","17561",".241",".281",".312","45.9","100.3","22.8","26.8","263.8",".568","8.89","312.2","31.5","28.8","Pr","Fr",".249",".290",".327","79.5",".233",".272",".295","143.8","Prone","Pr",  
"LF, 1B, RF","Clark, Jerald R  ","$607,000","2366",".233",".273",".326","48.1","94.6","22.6","19.2","230.0",".647","6.61","110.0","25.3","35.1","Fr","Fr",".231",".277",".312","163.4",".236",".276",".343","97.9","Normal","Pr",  
"SS, 3B","Ramirez, Rafael R  ","$607,000","5529",".252",".291",".325","54.4","167.5","21.0","21.3","72.3",".646","10.5","141.2","27.2","53.9","Av","Av",".265",".303",".355","92.9",".242",".281",".303","525.0","Prone","Fr",  
"C","Foote, Barry R  ","$605,000","9348",".208",".257",".327","44.1","48.7","16.9","19.7","1446.4",".500","7.31","155.8","24.8","31.2","Pr","Pr",".218",".268",".361","38.6",".198",".247",".298","60.3","Prone","Pr",  
"C","Spencer, Roy R  ","$605,000","12847",".196",".251",".243","31.1","115.7","16.0","49.6","484.8",".806","8.13","1405.8","56.5","50.2","Vg","Pr",".201",".260",".252","113.9",".192",".245",".236","119.8","Normal","Pr",  
"LF, 2B, 3B, SS, CF, RF","Shanks, Howie R  ","$602,000","20378",".242",".293",".360","61.0","50.4","14.7","20.9","79.8",".622","9.04","94.7","30.2","44.3","Av","Vg",".252",".307",".386","42.7",".219",".262",".304","85.6","Normal","Pr",  
"C","Tillman, Bob R  ","$602,000","8756",".212",".278",".327","50.4","40.7","12.1","29.7","3213.3","1.00","5.28","148.3","41.9","36.8","Pr","Pr",".217",".278",".334","39.3",".207",".277",".321","42.1","Prone","Pr",  
"SS, 2B","Leon, Eddie R  ","$600,000","3681",".224",".278",".277","41.6","230.1","15.0","31.5","288.6",".560","5.63","126.2","47.5","40.4","Pr","Fr",".219",".271",".268","315.8",".232",".286",".291","186.4","Normal","Pr",  
"C","Servais, Scott R  ","$599,000","9155",".233",".290",".320","51.5","90.6","15.2","19.8","719.6",".700","9.22","287.9","23.5","32.2","Fr","Pr",".241",".305",".333","79.7",".215",".259",".289","149.8","Prone","Pr",  
"C","Ganzel, Charlie R  ","$596,000","6740",".232",".273",".306","46.8","91.1","19.1","27.7","803.7",".450","9.23","180.8","35.6","51.3","Fr","Fr",".243",".290",".333","73.8",".224",".260",".286","119.2","Normal","Pr",  
"C","Quintero, Humberto R  ","$595,000","15667",".227",".259",".290","37.5","186.5","26.7","24.0","2366.4",".583","6.42","194.9","29.2","32.5","Pr","Pr",".237",".270",".311","135.6",".216",".250",".272","250.1","Prone","Fr",  
"C","Powers, Doc R  ","$594,000","10519",".201",".240",".283","34.4","69.7","22.2","26.9","263.2",".531","8.03","595.6","30.4","47.2","Pr","Fr",".209",".247",".299","66.2",".194",".234",".270","71.8","Prone","Pr",  
"RF, 3B, LF","Schultz, Joe R  ","$594,000","29147",".256",".317",".345","64.8","69.9","12.4","22.7","89.7",".604","10.7","611.1","26.3","45.6","Av","Av",".265",".328",".361","63.9",".238",".294",".311","87.6","Normal","Pr",  
"RF, 1B, 3B, SS, LF","Snyder, Cory R  ","$594,000","49128",".230",".275",".384","60.1","31.0","17.3","20.4","251.3",".691","4.32","130.6","26.3","45.5","Av","Fr",".236",".281",".391","31.7",".225",".270",".378","30.1","Normal","Pr",  
"1B, 3B","Livingstone, Scott L  ","$592,000","54611",".274",".317",".344","63.7","169.1","16.4","21.1","645.4",".492","12.1","198.4","25.7","46.6","Pr","Pr",".280",".328",".363","104.0",".269",".310",".333","242.8","Normal","Pr",  
"CF, LF, RF","Shelby, John S  ","$592,000","16583",".233",".276",".342","53.5","62.8","18.1","20.3","50.0",".651","5.41","93.7","28.5","53.5","Av","Vg",".226",".270",".333","66.4",".237",".279",".346","60.9","Normal","Pr",  
"C","Skinner, Joel R  ","$591,000","17112",".228",".271",".295","42.5","145.0","18.8","24.3","1084.5",".436","4.47","214.4","29.8","41.1","Pr","Pr",".229",".270",".291","214.0",".226",".271",".295","117.7","Normal","Pr",  
"C, 1B, LF","Vaughn, Farmer R  ","$590,000","18035",".239",".269",".339","50.2","66.8","25.4","20.9","576.4",".550","8.49","148.6","25.8","43.4","Fr","Fr",".250",".281",".358","60.1",".229",".256",".320","74.7","Normal","Pr",  
"LF","Woods, Al L  ","$589,000","13512",".256",".311",".355","66.2","79.5","13.4","18.8","466.5",".561","13.2","134.5","24.5","54.7","Fr","Fr",".252",".300",".321","164.4",".257",".313",".361","73.2","Normal","Pr",  
"LF, CF, RF","Howard, Thomas S  ","$587,000","28600",".251",".301",".339","60.1","104.8","14.8","20.2","57.2",".634","8.07","108.5","27.5","59.1","Av","Vg",".226",".259",".280","404.5",".256",".310",".351","89.9","Normal","Pr",  
"C","Ryan, Mike R  ","$587,000","11479",".190",".244",".259","29.9","117.1","14.8","26.8","1132.6",".550","6.31","155.7","35.8","34.0","Pr","Pr",".191",".245",".262","118.4",".189",".245",".258","117.4","Fragile","Pr",  
"C","Taylor, Zack R  ","$587,000","7965",".219",".267",".283","40.6","135.0","17.0","27.8","865.8",".556","7.76","196.8","35.8","42.2","Fr","Pr",".222",".273",".290","129.8",".219",".263",".279","143.7","Normal","Pr",  
"C","Casanova, Paul R  ","$586,000","11687",".221",".245",".305","38.6","82.3","32.4","24.3","1019.2",".706","7.59","149.2","30.7","41.7","Pr","Pr",".226",".250",".316","80.7",".217",".242",".296","85.9","Prone","Pr",  
"C","Spohrer, Al R  ","$584,000","10464",".233",".281",".309","47.9","132.5","16.3","21.9","364.2",".437","8.23","132.8","28.7","41.1","Fr","Fr",".245",".295",".330","122.9",".217",".262",".281","146.9","Normal","Pr",  
"2B","Doyle, Denny L  ","$582,000","6605",".240",".285",".297","49.6","330.2","17.5","24.6","311.4",".657","12.2","146.2","32.7","68.2","Fr","Fr",".215",".247",".241","1179.0",".245",".292",".308","279.1","Prone","Pr",  
"SS, 2B","Newsome, Skeeter R  ","$582,000","4401",".210",".245",".252","31.5","314.4","23.0","31.7","71.4",".742","11.2","673.3","35.7","53.6","Av","Av",".209",".241",".244","1674.0",".210",".247",".257","218.7","Prone","Fr",  
"3B, 1B","McGehee, Casey R  ","$580,000","12820",".247",".308",".345","59.6","61.0","12.2","23.4","1084.7",".448","8.87","165.9","30.4","29.4","Fr","Pr",".248",".308",".347","65.5",".245",".308",".342","58.4","Normal","Pr",  
"2B","Rivas, Luis R  ","$578,000","326",".227",".271",".282","44.3","163.0","17.6","29.6","44.1",".889","7.20","353.0","35.3","50.4","Vg","Av",".203",".230",".261","138.0",".249",".305",".303","185.0","Prone","Pr",  
"SS, 2B, 3B","Romero, Ed R  ","$578,000","3826",".223",".277",".252","36.8","3826.0","14.9","35.4","298.9",".452","12.2","4184.0","39.1","39.1","Fr","Fr",".229",".283",".256",".000",".217",".270",".246",".000","Normal","Pr",  
"C","Ortiz, Junior R  ","$576,000","16103",".241",".291",".280","44.7","644.1","16.9","32.6","244.0",".522","10.4","337.8","39.7","36.3","Pr","Fr",".241",".287",".280","526.8",".242",".294",".280","795.4","Normal","Pr",  
"SS","DeMaestri, Joe R  ","$573,000","6306",".221",".250",".278","34.0","185.5","29.8","29.1","551.9",".480","6.44","179.0","36.8","39.9","Fr","Fr",".234",".263",".301","149.6",".213",".241",".260","234.5","Normal","Pr",  
"CF, LF, RF","Gosger, Jim L  ","$572,000","6149",".217",".293",".306","53.7","93.2","10.6","21.6","223.0",".564","7.51","111.5","31.0","58.1","Fr","Fr",".203",".281",".281","95.8",".222",".297",".315","91.4","Normal","Pr",  
"SS, 3B","Cruz, Todd R  ","$571,000","5254",".212",".253",".306","40.6","57.1","21.1","26.9","218.6",".500","5.02","218.6","33.6","44.4","Pr","Av",".206",".241",".293","61.9",".212",".259",".306","59.1","Normal","Fr",  
"SS, LF","Ely, Bones R  ","$570,000","22595",".210",".246",".284","36.7","77.1","22.4","32.9","119.9",".628","7.41","231.8","41.8","54.5","Av","Vg",".220",".260",".306","64.8",".206",".240",".274","84.6","Normal","Pr",  
"1B","LaCock, Pete L  ","$568,000","26204",".250",".319",".363","67.2","56.4","10.8","19.2","748.8",".672","12.6","146.7","25.0","33.2","Fr","Pr",".203",".246",".241","422.5",".253",".323",".371","52.8","Normal","Pr",  
"C","Moss, Les R  ","$568,000","17278",".231",".289",".342","55.0","39.4","13.1","30.8","2366.8",".615","6.15","498.3","36.2","32.5","Pr","Pr",".236",".294",".354","36.6",".225",".284",".325","44.3","Normal","Pr",  
"2B, 1B","Gerhardt, Joe R  ","$567,000","5034",".196",".233",".255","27.6","173.6","22.7","28.0","357.3",".600","6.49","167.5","36.2","47.0","Av","Fr",".205",".246",".281","118.4",".188",".223",".234","278.4","Normal","Pr",  
"2B, 3B, SS","Milbourne, Larry S  ","$567,000","10602",".240",".281",".277","43.0","706.8","19.4","36.1","87.1",".585","14.8","190.1","48.8","48.8","Fr","Av",".234",".274",".265","1057.0",".242",".283",".282","601.4","Normal","Fr",  
"C","Buckley, Dick R  ","$566,000","13165",".222",".264",".325","47.7","47.4","19.7","25.5","785.9",".750","6.28","884.1","28.2","46.8","Pr","Pr",".231",".276",".349","40.5",".211",".252",".300","58.2","Normal","Pr",  
"2B, SS","Mackanin, Pete R  ","$566,000","4511",".213",".252",".316","42.7","62.7","21.2","21.6","92.8",".584","5.84","130.5","28.1","51.9","Av","Av",".228",".267",".337","59.2",".204",".242",".302","67.6","Normal","Fr",  
"SS, 2B","Farrell, Doc R  ","$565,000","3606",".240",".289",".308","51.0","92.5","16.9","29.6","196.3",".625","7.90","654.3","33.8","51.0","Av","Fr",".258",".308",".328","107.5",".230",".281",".290","94.0","Normal","Pr",  
"2B, SS, LF, CF, RF","Fewster, Chick R  ","$565,000","3791",".218",".306",".299","54.2","77.4","9.55","25.4","76.3",".513","5.75","483.0","31.0","50.5","Fr","Vg",".228",".317",".322","65.9",".214",".302",".291","86.4","Prone","Pr",  
"C, 1B","Clarke, Boileryard R  ","$564,000","6903",".216",".270",".295","44.4","72.7","18.1","28.8","145.2",".505","7.50","503.2","33.5","58.5","Fr","Av",".221",".276",".314","59.0",".215",".266",".279","91.2","Normal","Pr",  
"LF, RF","Harley, Dick L  ","$563,000","1527",".231",".298",".293","49.4","84.8","13.5","39.2","51.7",".579","7.87","853.5","46.1","37.9","Av","Vg",".212",".283",".235",".000",".234",".300",".301","75.4","Normal","Fr",  
"2B, SS","Tyson, Mike R  ","$556,000","5034",".221",".262",".296","40.6","114.4","20.4","25.0","336.4",".516","6.96","112.1","35.2","39.3","Fr","Fr",".230",".267",".312","138.4",".213",".258",".282","106.0","Prone","Pr",  
"SS","Gerber, Wally R  ","$553,000","2431",".235",".297",".292","49.9","162.1","13.1","28.9","444.8",".400","7.78","296.6","35.6","46.8","Fr","Fr",".226",".297",".296","88.9",".243",".298",".292","347.8","Prone","Pr",  
"SS, 1B, 2B, 3B","Knight, John R  ","$553,000","2425",".217",".281",".314","49.9","53.9","12.7","26.4","44.9",".638","8.02","384.9","31.7","42.1","Av","Vg",".223",".288",".317","50.4",".208",".271",".310","54.1","Normal","Pr",  
"3B","Davis, Russ R  ","$552,000","13515",".247",".301",".393","68.4","34.0","14.3","20.1","301.9",".645","5.74","140.9","26.0","42.7","Av","Fr",".255",".310",".410","31.4",".214",".264",".328","47.0","Prone","Pr",  
"2B, SS","Coscarart, Pete R  ","$551,000","3834",".210",".283",".291","47.7","68.5","11.1","30.0","392.2",".440","6.32","287.6","38.2","53.3","Fr","Fr",".202",".280",".289","78.3",".214",".285",".293","61.1","Normal","Pr",  
"C","Fabregas, Jorge L  ","$545,000","22067",".227",".264",".267","36.9","279.3","20.4","39.5","1251.9",".655","14.1","264.3","50.8","39.7","Pr","Pr",".231",".269",".280","196.8",".225",".263",".263","309.8","Prone","Pr",  
"CF, 1B, 2B, 3B, LF, RF","Lyons, Steve L  ","$545,000","25289",".240",".291",".309","53.9","176.8","15.0","22.8","101.7",".614","7.22","132.9","30.7","97.0","Fr","Av",".222",".267",".274","298.2",".243",".296",".317","162.2","Normal","Fr",  
"2B, SS","Williams, Dib R  ","$545,000","5777",".227",".282",".331","52.7","50.2","14.9","24.9","907.0",".412","6.97","254.0","30.7","41.2","Av","Pr",".229",".283",".329","53.4",".226",".280",".329","51.8","Normal","Pr",  
"SS, 3B","Galloway, Chick R  ","$544,000","3873",".223",".272",".290","43.5","107.6","15.7","30.0","162.7",".481","8.17","184.0","39.9","52.9","Fr","Av",".236",".290",".325","67.0",".214",".261",".264","179.9","Normal","Fr",  
"2B","Regan, Bill R  ","$541,000","3233",".241",".282",".372","58.1","53.9","19.2","15.8","249.4",".333","6.94","87.3","21.2","41.1","Fr","Av",".250",".297",".391","47.1",".223",".255",".337","65.9","Normal","Fr",  
"CF","Johnston, Dick R  ","$540,000","14664",".231",".267",".347","51.5","59.1","21.3","19.8","72.7",".627","6.47","68.3","30.7","46.0","Av","Vg",".241",".276",".376","50.0",".221",".258",".319","71.5","Normal","Fr",  
"C","Bateman, John R  ","$539,000","21935",".219",".256",".328","42.9","54.3","23.7","21.4","629.5",".711","6.31","153.2","26.7","29.7","Av","Pr",".224",".261",".340","51.0",".214",".250",".317","57.4","Prone","Pr",  
"RF, LF, CF","Moran, Herbie L  ","$539,000","2284",".227",".306",".310","57.5","61.7","10.2","31.7","64.7",".678","8.59","369.6","39.8","48.8","Av","Vg",".169",".250",".225","77.0",".233",".312",".316","64.3","Normal","Pr",  
"RF, LF, CF","Hershberger, Mike R  ","$538,000","23153",".251",".317",".321","60.2","165.4","11.7","22.1","90.4",".675","16.2","159.0","29.1","37.5","Av","Av",".261",".326",".334","163.8",".238",".307",".305","168.4","Prone","Pr",  
"CF, LF, RF","Simpson, Joe L  ","$538,000","22183",".238",".292",".290","51.0","472.0","15.0","24.9","59.9",".668","8.53","197.2","31.6","86.6","Av","Vg",".250",".315",".315","277.0",".229",".273",".271","998.8","Normal","Fr",  
"CF, 1B, LF, RF","Metkovich, Catfish L  ","$537,000","19710",".241",".294",".348","58.9","64.4","15.2","19.6","256.0",".618","7.58","118.8","26.0","45.0","Av","Fr",".216",".263",".295","91.0",".245",".297",".357","61.4","Normal","Pr",  
"1B","Farrar, Sid R  ","$536,000","18477",".227",".291",".309","52.2","99.3","13.2","22.5","70.1",".655","8.51","155.1","29.6","45.6","Av","Vg",".230",".296",".314","87.4",".225",".286",".302","121.4","Normal","Fr",  
"C","Flint, Silver R  ","$536,000","15370",".222",".266",".321","46.6","63.3","18.9","22.2","3292.2",".500","4.64","175.1","27.5","46.8","Fr","Pr",".233",".279",".342","61.2",".215",".255",".305","64.3","Normal","Pr",  
"C","Snyder, Pop R  ","$535,000","33509",".211",".253",".287","38.1","102.2","19.4","24.7","580.7",".559","6.33","183.7","31.0","47.4","Pr","Pr",".219",".262",".305","83.9",".204",".246",".271","125.6","Normal","Pr",  
"3B, SS","Freigau, Howard R  ","$533,000","5121",".238",".300",".332","57.3","71.1","12.7","21.7","109.8",".591","7.04","190.3","27.7","38.8","Av","Av",".236",".297",".315","101.8",".240",".302",".345","58.5","Normal","Av",  
"RP, RF","Manning, Jack R  ","$529,000","778",".251",".314",".351","65.2","77.8","11.9","16.9","61.9",".700","9.02","433.0","19.7","41.2","Av","Av",".244",".301",".343","72.1",".250",".306",".342","114.0","Normal","Fr",  
"LF","Jensen, Woody L  ","$528,000","6532",".255",".290",".359","59.9","53.1","22.9","25.5","999.3",".539","12.6","134.5","34.3","48.9","Pr","Pr",".268",".299",".372","66.5",".252",".288",".355","52.5","Normal","Av",  
"C","Lake, Steve R  ","$528,000","7902",".233",".258",".302","39.4","114.5","33.0","26.5","1657.8",".625","8.16","176.4","33.0","32.1","Pr","Pr",".226",".251",".288","187.8",".235",".261",".308","96.1","Prone","Pr",  
"SS, 2B, 3B","Auerbach, Rick R  ","$525,000","4957",".237",".297",".320","52.9","137.7","12.9","18.2","52.3",".568","7.92","169.9","22.7","37.8","Av","Vg",".254",".322",".353","97.2",".221",".274",".290","198.6","Normal","Fr",  
"SS","Hernandez, Enzo R  ","$525,000","3123",".226",".290",".281","51.0","260.2","12.3","26.9","26.7",".730","15.7","165.5","36.6","82.8","Vg","Vg",".234",".289",".303","161.6",".220",".292",".266","457.5","Prone","Av",  
"3B","Jablonski, Ray R  ","$525,000","8158",".247",".299",".362","61.4","49.7","14.8","20.7","286.2",".484","7.41","192.8","25.5","38.1","Fr","Fr",".258",".310",".375","50.4",".232",".284",".338","52.0","Normal","Pr",  
"SS, 2B","Webb, Skeeter R  ","$524,000","2430",".190",".216",".228","18.1","243.0","34.9","43.4","98.0",".565","7.91","509.4","49.9","46.3","Fr","Av",".216",".246",".273","116.9",".178",".201",".206","525.0","Normal","Pr",  
"2B","Garcia, Pedro R  ","$522,000","1890",".219",".275",".359","58.3","51.1","15.3","14.8","347.2",".600","6.27","77.1","20.6","59.5","Av","Av",".224",".278",".343","83.0",".215",".274",".367","42.2","Normal","Av",  
"C","Stinnett, Kelly R  ","$519,000","16822",".219",".283",".318","52.1","49.3","13.7","28.4","844.0",".564","4.65","337.6","34.5","53.7","Fr","Pr",".211",".278",".295","59.5",".225",".288",".339","42.7","Prone","Pr",  
"1B, 3B","Franco, Matt L  ","$517,000","25579",".246",".316",".326","59.2","100.7","10.7","23.8","1779.4",".471","9.93","146.8","32.3","31.6","Fr","Pr",".224",".287",".270","313.0",".249",".320",".333","92.4","Normal","Pr",  
"SS","Hernandez, Jackie R  ","$517,000","6424",".209",".259",".273","37.9","128.5","15.8","28.4","90.2",".597","5.56","182.9","37.0","59.4","Av","Av",".221",".278",".303","83.8",".196",".239",".242","286.5","Normal","Pr",  
"RF, LF, CF","Coleman, Ray L  ","$515,000","7778",".231",".281",".332","49.8","103.7","15.7","18.6","352.2",".615","8.22","60.0","30.4","28.2","Fr","Fr",".214",".258",".299","130.1",".234",".285",".337","100.3","Normal","Fr",  
"RF","Nicol, Hugh R  ","$515,000","15489",".213",".285",".268","45.1","118.2","11.1","35.0","13.5",".706","6.80","722.1","41.5","44.0","Vg","Ex",".221",".293",".283","101.3",".204",".274",".252","148.5","Normal","Pr",  
"3B, 2B","Freese, Gene R  ","$514,000","5126",".229",".283",".361","58.6","41.3","15.1","20.1","114.7",".671","6.84","117.0","27.1","42.2","Av","Av",".230",".287",".355","44.5",".227",".278",".369","37.6","Prone","Pr",  
"3B","Gilbert, Wally R  ","$514,000","3854",".233",".283",".286","45.7","240.9","16.4","25.9","322.9",".565","8.88","839.6","29.2","46.6","Av","Fr",".229",".281",".289","204.8",".236",".286",".283","277.0","Normal","Pr",  
"C","Uecker, Bob R  ","$514,000","14299",".198",".299",".282","49.8","62.4","7.99","29.7","1656.9",".400","5.51","517.8","36.9","40.0","Pr","Pr",".209",".315",".310","51.2",".181",".275",".239","94.2","Normal","Pr",  
"RF","Lane, Jason R  ","$512,000","19556",".220",".294",".376","66.5","30.8","10.7","20.2","130.0",".633","6.52","123.5","27.9","56.9","Av","Av",".226",".295",".383","29.9",".218",".296",".373","31.4","Normal","Pr",  
"SS, C","Bragan, Bobby R  ","$511,000","6157",".220",".260",".297","40.6","91.9","19.5","26.8","315.6",".750","9.48","161.6","35.1","36.2","Fr","Fr",".228",".268",".316","86.1",".217",".258",".287","93.5","Normal","Pr",  
"C","Dooin, Red R  ","$511,000","10586",".232",".261",".321","46.2","64.9","26.0","24.2","53.2",".664","8.25","1020.5","26.3","51.3","Av","Vg",".237",".267",".330","56.3",".228",".256",".311","75.5","Prone","Pr",  
"2B, 3B, SS","Gutteridge, Don R  ","$511,000","4441",".222",".268",".325","50.1","83.8","17.5","18.5","86.1",".539","6.52","80.3","26.8","87.6","Av","Av",".221",".268",".336","64.9",".217",".262",".315","104.1","Normal","Fr",  
"2B, 3B","Ruiz, Chico S  ","$511,000","8836",".242",".288",".291","47.7","631.1","17.6","26.4","39.3",".614","8.20","172.0","34.5","58.0","Av","Vg",".241",".287",".297","397.4",".241",".288",".289","786.0","Normal","Vg",  
"C","Swift, Bob R  ","$511,000","14700",".215",".287",".263","43.2","159.8","10.9","35.5","745.3",".786","8.29","683.2","42.0","41.8","Av","Pr",".216",".287",".269","141.4",".213",".288",".259","178.2","Normal","Pr",  
"C","Kittridge, Malachi R  ","$505,000","20810",".194",".248",".269","34.9","67.1","14.9","34.6","413.7",".591","6.77","875.0","39.5","54.2","Fr","Fr",".201",".254",".283","57.6",".189",".243",".260","73.8","Normal","Fr",  
"C, 1B, 3B","Boyle, Jack R  ","$504,000","9788",".206",".251",".268","34.3","110.0","19.0","31.9","78.8",".638","6.91","320.1","38.6","45.3","Av","Av",".208",".254",".277","85.2",".204",".249",".261","148.4","Normal","Pr",  
"LF, 1B, RF","Ward, Daryle L  ","$501,000","25809",".249",".300",".388","66.1","36.1","14.2","20.0","2158.9",".591","8.01","161.3","25.2","34.4","Pr","Pr",".221",".259",".316","55.1",".251",".304",".395","34.9","Prone","Pr",  
"1B, LF","Aaron, Tommie R  ","$500,000","2296",".230",".304",".312","54.2","104.4","10.7","21.5","232.8",".550","7.76","182.9","27.5","35.1","Fr","Fr",".232",".300",".306","102.5",".239",".320",".336","90.1","Normal","Pr",  
"C","Agnew, Sam R  ","$500,000","12152",".198",".234",".270","29.9","89.4","28.8","28.3","306.8",".583","5.74","330.4","33.0","44.1","Av","Fr",".201",".241",".279","78.9",".197",".231",".265","100.6","Normal","Fr",  
"C","Allanson, Andy R  ","$500,000","11743",".226",".271",".277","41.5","239.7","18.4","29.8","95.2",".588","8.31","193.2","38.9","58.8","Fr","Av",".234",".274",".289","181.2",".220",".268",".268","356.1","Prone","Pr",  
"CF","Almada, Mel L  ","$500,000","10000",".251",".307",".326","58.2","97.1","13.8","27.9","88.0",".642","9.79","147.5","38.3","45.3","Av","Av",".241",".285",".301","100.1",".252",".309",".328","96.2","Normal","Pr",  
"RF, LF","Alou, Jesus R  ","$500,000","20422",".267",".298",".337","55.2","155.9","24.9","21.8","257.7",".535","19.9","216.5","25.8","33.3","Pr","Fr",".274",".305",".353","115.5",".255",".287",".312","268.6","Prone","Pr",  
"CF, 2B, LF","Andrews, Ed R  ","$500,000","7428",".243",".292",".301","51.3","161.5","15.3","26.2","13.4",".699","8.20","809.6","29.7","43.3","Vg","Ex",".254",".305",".311","164.3",".231",".278",".290","144.7","Normal","Pr",  
"RF, LF","Anthony, Eric L  ","$500,000","19528",".219",".294",".366","63.6","28.8","10.3","27.5","204.4",".629","5.07","167.0","37.8","51.3","Av","Fr",".196",".263",".313","32.7",".220",".297",".370","28.6","Prone","Pr",  
"C","Astroth, Joe R  ","$500,000","8665",".234",".294",".285","46.2","247.6","13.8","30.1","1189.6",".667","9.41","211.5","39.2","31.5","Pr","Pr",".225",".282",".269","285.4",".240",".301",".295","221.0","Prone","Pr",  
"LF","Barber, Turner L  ","$500,000","3116",".247",".309",".325","59.6","89.0","13.0","26.9","173.1",".667","7.78","157.4","36.8","50.9","Fr","Fr",".260",".324",".351","60.8",".242",".305",".316","100.7","Normal","Fr",  
"1B, CF","Beck, Fred L  ","$500,000","1992",".227",".267",".346","52.0","43.3","22.6","24.0","67.1",".711","7.27","143.1","31.6","43.8","Av","Av",".211",".241",".327","43.3",".222",".264",".336","44.3","Normal","Fr",  
"C","Bennett, Gary R  ","$500,000","9137",".219",".275",".264","39.4","276.9","14.8","31.1","907.0",".611","8.89","525.1","36.3","42.3","Pr","Pr",".222",".280",".272","197.5",".217",".272",".260","383.1","Normal","Pr",  
"C","Bergen, Bill R  ","$500,000","8569",".173",".183",".240","13.7","69.7","79.1","43.3","590.5",".385","6.83","805.2","47.4","52.4","Fr","Fr",".178",".191",".256","56.3",".168",".177",".229","83.6","Normal","Pr",  
"SS, 3B","Berra, Dale R  ","$500,000","3797",".216",".269",".305","47.2","65.5","15.8","27.3","118.6",".778","6.81","197.6","35.2","61.0","Av","Fr",".215",".268",".308","69.0",".217",".269",".302","62.6","Normal","Pr",  
"C","Berres, Ray R  ","$500,000","22415",".203",".234",".253","24.6","125.2","27.0","39.7","1179.3",".645","7.26","907.2","43.8","29.9","Pr","Pr",".218",".254",".282","92.6",".187",".213",".224","187.9","Normal","Pr",  
"C","Bertell, Dick R  ","$500,000","8359",".235",".290",".274","44.2","491.7","14.0","34.3","480.3",".704","7.76","380.2","41.5","38.0","Pr","Pr",".222",".277",".254","419.1",".245",".299",".287","555.9","Prone","Pr",  
"3B, 2B","Bertoia, Reno R  ","$500,000","3798",".226",".281",".294","46.5","172.6","15.2","23.4","297.5",".700","7.36","148.8","31.1","45.3","Fr","Fr",".235",".293",".303","195.9",".221",".271",".289","161.6","Normal","Fr",  
"3B, 1B, 2B","Bevacqua, Kurt R  ","$500,000","3153",".221",".297",".301","51.1","105.1","10.5","22.0","253.8",".518","7.43","177.6","28.9","37.0","Pr","Fr",".216",".294",".286","124.8",".224",".298",".314","97.2","Normal","Pr",  
"1B, LF, RF","Biittner, Larry L  ","$500,000","16869",".259",".307",".338","58.5","136.0","15.8","20.5","829.5",".629","13.3","133.2","26.6","32.3","Fr","Pr",".236",".274",".269","590.0",".263",".312",".347","121.8","Normal","Pr",  
"RF, CF","Blake, Harry R  ","$500,000","1522",".215",".299",".318","57.7","52.5","9.26","22.7","216.5",".800","7.10","866.0","26.6","49.5","Fr","Fr",".225",".303",".337","46.7",".199",".300",".285","67.8","Normal","Pr",  
"C, 1B","Boccabella, John R  ","$500,000","11266",".210",".254",".297","38.6","78.2","18.3","23.1","1206.1",".588","6.58","182.7","28.6","36.0","Pr","Pr",".215",".260",".306","77.4",".205",".249",".289","79.9","Prone","Pr",  
"LF, 3B, CF, RF","Bonnell, Barry R  ","$500,000","31175",".252",".306",".340","59.4","98.0","14.2","20.3","75.4",".596","8.89","139.7","26.3","40.0","Av","Av",".262",".320",".360","78.1",".236",".284",".307","166.8","Normal","Pr",  
"C, 1B","Brown, Lew R  ","$500,000","945",".193",".253",".289","37.5","118.1","14.2","18.9","342.0","1.00","4.98","60.4","31.1","36.6","Fr","Fr",".220",".277",".343","84.6",".170",".234",".245","174.0","Normal","Pr",  
"SS, 3B, LF","Brown, Tommy R  ","$500,000","560",".211",".248",".284","34.9","70.0","22.8","35.0",".000",".000","6.04","592.0","39.5","42.3","Av","Pr",".196",".227",".259","90.0",".221",".265",".304","57.8","Normal","Pr",  
"3B, 2B, LF, RF","Bucher, Jim L  ","$500,000","2866",".230",".277",".310","50.2","75.4","17.1","29.9","148.8",".700","9.47","164.5","40.6","62.5","Fr","Fr",".216",".264",".281","91.9",".233",".280",".315","74.3","Normal","Pr",  
"2B","Burdock, Jack R  ","$500,000","686",".233",".286",".300","47.1","85.8","15.1","31.2","247.3","1.00","6.93",".000","33.7","35.3","Fr","Fr",".254",".303",".350","56.5",".192",".253",".205",".000","Normal","Fr",  
"3B","Burke, Jimmy R  ","$500,000","3143",".238",".287",".335","56.2","55.1","17.7","24.6","36.9",".756","7.87","571.8","28.1","42.4","Vg","Vg",".246",".295",".357","44.9",".229",".277",".310","72.4","Normal","Fr",  
"RF, 2B, SS, LF","Canavan, Jim R  ","$500,000","1439",".179",".230",".279","31.1","62.6","15.8","24.4","97.6",".533","6.56","91.9","37.2","47.3","Av","Av",".188",".247",".287","71.7",".178",".223",".285","57.6","Normal","Pr",  
"3B","Carpenter, Hick R  ","$500,000","82",".195",".223",".207","16.8",".000","28.3","82.0","85.0",".500","7.08",".000","85.0","85.0","Fr","Av",".163",".217",".163",".000",".231",".231",".256",".000","Normal","Fr",  
"LF, RF","Carroll, Cliff S  ","$500,000","11616",".233",".304",".311","55.8","78.5","11.4","28.1","36.9",".662","8.45","295.3","35.1","44.5","Vg","Vg",".228",".294",".284","132.2",".237",".312",".326","64.1","Normal","Fr",  
"3B","Casey, Doc S  ","$500,000","4432",".245",".295",".338","57.1","65.2","15.8","24.5","56.7",".607","8.20","166.3","31.7","45.5","Av","Vg",".262",".310",".356","87.1",".238",".288",".330","60.5","Normal","Pr",  
"RF, CF","Cassidy, John R  ","$500,000","25",".120",".185",".160","4.84",".000","13.5","25.0",".000",".000","4.50",".000","27.0",".000","Fr","Fr",".091",".231",".091",".000",".000",".000",".000",".000","Normal","Pr",  
"3B, SS","Castiglione, Pete R  ","$500,000","1877",".239",".287",".314","52.3","89.4","16.3","28.4","185.3",".733","9.52","185.3","37.1","53.6","Av","Fr",".225",".282",".282","151.8",".252",".296",".341","67.0","Normal","Fr",  
"RF","Castillo, Carmen R  ","$500,000","8711",".234",".282",".360","57.4","46.6","17.4","19.8","276.2",".557","6.34","103.2","26.8","43.7","Fr","Fr",".236",".282",".358","49.1",".233",".284",".363","43.5","Normal","Pr",  
"2B, 3B","Castillo, Jose R  ","$500,000","1993",".224",".267",".322","45.4","68.7","18.1","21.2","267.6",".615","6.88","152.9","26.8","32.4","Fr","Fr",".235",".273",".330","80.3",".215",".263",".316","62.4","Normal","Pr",  
"SS","Cedeno, Andujar R  ","$500,000","1500",".241",".287",".345","54.9","65.2","18.2","20.5","534.7",".500","5.36","106.9","27.7","40.1","Av","Fr",".252",".305",".364","75.4",".231",".272",".330","58.6","Normal","Pr",  
"C","Chiti, Harry R  ","$500,000","14313",".228",".276",".322","46.5","66.6","16.8","24.5","3082.2",".333","5.94","131.7","33.0","28.5","Pr","Pr",".227",".271",".310","82.1",".226",".278",".326","59.4","Prone","Pr",  
"RF, LF, CF","Cimoli, Gino R  ","$500,000","4034",".231",".282",".299","45.2","336.2","15.7","21.8","119.2",".597","6.93","80.2","33.9","32.4","Vg","Fr",".231",".277",".298","1790.0",".230",".286",".298","227.3","Normal","Pr",  
"1B","Clancy, Bud L  ","$500,000","3666",".246",".291",".335","57.2","70.5","17.3","26.4","367.2",".478","8.86","130.3","37.4","58.5","Fr","Fr",".220",".260",".264","146.7",".252",".297",".346","66.7","Normal","Pr",  
"C","Coleman, Choo Choo L  ","$500,000","4590",".193",".254",".246","33.4","139.1","14.7","35.3","201.0",".658","5.91","335.0","43.7","67.9","Fr","Fr",".179",".233",".216","253.8",".198",".262",".257","118.6","Normal","Pr",  
"RF, SP","Coleman, John L  ","$500,000","819",".213",".270",".296","41.1","117.0","14.7","22.1","149.0",".545","6.53","89.4","33.1","30.8","Av","Av",".163",".221",".240","129.0",".222",".279",".306","115.0","Normal","Fr",  
"3B, 1B, LF, RF","Coles, Darnell R  ","$500,000","6119",".233",".300",".341","60.0","60.0","12.5","20.3","242.7",".500","7.93","141.6","26.8","49.2","Fr","Fr",".227",".289",".320","86.0",".239",".307",".356","51.0","Prone","Pr",  
"1B","Comiskey, Charlie R  ","$500,000","5214",".241",".271",".309","45.9","108.6","26.2","26.5","22.9",".668","8.26","394.7","30.2","47.6","Av","Ex",".246",".274",".321","100.0",".235",".268",".298","116.5","Normal","Fr",  
"LF, CF, RF","Comorosky, Adam R  ","$500,000","14361",".238",".300",".344","59.8","58.6","12.7","22.5","82.6",".660","9.89","116.1","32.0","38.1","Av","Av",".242",".305",".347","59.9",".233",".291",".336","61.8","Prone","Fr",  
"SS, 2B","Consolo, Billy R  ","$500,000","2756",".199",".293",".246","43.0","212.0","8.64","40.5","350.6",".450","4.11","137.2","70.1","61.9","Pr","Fr",".207",".300",".262","193.8",".194",".290",".235","225.7","Normal","Fr",  
"2B","Creamer, George R  ","$500,000","101",".198",".250",".287","31.5",".000","15.4","12.6",".000",".000","9.00","108.0","15.4","27.0","Av","Av",".140",".189",".200",".000",".255",".309",".373",".000","Normal","Pr",  
"RF, LF, CF","Crowley, Bill R  ","$500,000","2605",".248",".312",".338","63.8","89.8","11.8","19.6","321.4",".643","7.09","180.8","24.7","57.9","Fr","Fr",".245",".314",".348","86.4",".245",".296",".325","74.8","Prone","Pr",  
"RF, LF","Cummings, Midre S  ","$500,000","7347",".243",".307",".336","62.5","87.5","12.0","20.5","280.6",".518","8.88","108.5","28.8","67.8","Fr","Fr",".195",".246",".243","205.4",".251",".317",".351","79.8","Normal","Pr",  
"CF","Cuyler, Milt S  ","$500,000","3512",".240",".301",".297","56.5","702.4","13.4","26.6","24.3",".762","6.55","72.0","49.8","82.7","Vg","Vg",".241",".310",".294","325.0",".237",".296",".293","2267.0","Fragile","Av",  
"1B","Dahlgren, Babe R  ","$500,000","4710",".235",".294",".338","55.4","59.6","13.3","23.7","259.2",".606","7.10","110.3","34.1","32.2","Av","Fr",".239",".298",".347","67.7",".232",".291",".329","50.7","Normal","Pr",  
"C","Daily, Con L  ","$500,000","12247",".216",".286",".280","46.4","103.8","11.6","30.1","368.6",".514","6.75","717.9","35.2","54.6","Fr","Fr",".205",".268",".246","190.2",".218",".290",".288","92.6","Normal","Pr",  
"3B, SS","Davis, Jumbo L  ","$500,000","9201",".238",".280",".330","54.2","88.5","18.3","20.4","17.2",".709","6.71","113.7","27.2","56.8","Vg","Ex",".213",".258",".288","118.0",".245",".287",".342","84.1","Normal","Pr",  
"1B, LF, RF","Decker, George L  ","$500,000","3179",".225",".270",".332","50.0","47.4","17.3","26.9","43.9",".661","6.69","171.3","35.0","46.3","Av","Vg",".193",".228",".255","138.5",".232",".279",".348","42.1","Prone","Pr",  
"C","Difelice, Mike R  ","$500,000","10808",".219",".267",".297","40.7","138.6","17.2","20.9","2920.8",".364","6.45","134.3","27.2","30.6","Fr","Pr",".221",".271",".301","138.3",".217",".262",".293","137.4","Normal","Pr",  
"2B","Dittmer, Jack L  ","$500,000","6717",".241",".286",".343","56.2","49.4","17.8","25.4","2421.0",".500","9.85","453.9","29.3","44.0","Fr","Pr",".220",".264",".296","62.3",".247",".292",".357","46.7","Normal","Pr",  
"3B","Donnelly, Jim R  ","$500,000","277",".227",".259",".264","34.0","138.5","24.7","69.2","59.2",".714","8.71",".000","74.0","32.9","Av","Av",".204",".235",".253","93.0",".275",".306",".286",".000","Normal","Pr",  
"RF","Dorgan, Mike R  ","$500,000","429",".261",".313",".326","54.3","107.2","16.0","28.6","77.3",".461","8.14","464.0","33.1","29.0","Av","Av",".272",".326",".359","71.8",".239",".288",".261",".000","Prone","Pr",  
"RF, LF, CF","Dowd, Tommy R  ","$500,000","1088",".248",".311",".310","56.2","98.9","12.1","35.1","52.5",".500","7.19","402.7","43.1","60.4","Av","Vg",".243",".317",".291","134.0",".254",".304",".328","78.9","Normal","Fr",  
"RF","Evans, Jake R  ","$500,000","3232",".206",".268",".265","39.1","119.7","13.6","34.8","221.7",".727","6.09","221.7","46.1","50.0","Fr","Fr",".211",".273",".275","95.5",".206",".268",".261","169.4","Normal","Pr",  
"3B, LF, CF, RF","Evans, Joe R  ","$500,000","4810",".234",".291",".319","53.9","75.2","13.3","25.7","79.7",".626","9.74","152.5","35.1","46.8","Av","Av",".243",".307",".349","56.0",".214",".257",".261","193.1","Normal","Pr",  
"LF, CF, RF","Felder, Mike S  ","$500,000","13102",".238",".294",".290","53.9","363.9","13.6","31.8","14.6",".700","14.9","91.9","56.6","106.9","Vg","Ex",".247",".300",".302","442.0",".233",".291",".283","332.4","Prone","Pr",  
"RF, 1B, LF, CF","Finney, Lou L  ","$500,000","10735",".254",".295",".332","56.2","165.2","18.9","21.1","203.1",".600","12.1","86.4","31.0","45.6","Fr","Fr",".246",".288",".302","551.3",".255",".297",".339","135.6","Prone","Pr",  
"C","Fitz Gerald, Ed R  ","$500,000","13783",".235",".291",".292","45.9","176.7","14.1","26.5","358.8",".506","7.82","358.8","31.5","30.9","Fr","Fr",".242",".296",".305","135.7",".230",".289",".284","241.0","Prone","Pr",  
"3B","Franco, Maikel R  ","$500,000","943",".230",".273",".335","50.9","55.5","17.4","21.4","337.0",".750","11.4","252.8","25.3","38.9","Fr","Pr",".232",".271",".328","76.8",".217",".274",".332","36.1","Normal","Pr",  
"1B, LF, RF","Francona, Terry L  ","$500,000","9976",".257",".285",".311","50.2","285.0","28.1","25.4","210.0",".588","17.1","250.0","29.9","54.1","Fr","Fr",".245",".271",".292","236.1",".260",".288",".316","294.1","Normal","Pr",  
"SS, 2B","Frias, Pepe R  ","$500,000","2247",".228",".258",".281","37.4","449.4","28.2","24.4","240.0",".417","10.3","218.2","29.6","48.0","Fr","Fr",".233",".271",".305","194.8",".225",".247",".262",".000","Normal","Av",  
"2B, SS","Garcia, Carlos R  ","$500,000","4539",".248",".289",".330","56.4","110.7","19.9","22.4","39.9",".631","8.82","109.0","31.1","84.6","Av","Vg",".244",".286",".328","90.2",".245",".285",".320","141.9","Prone","Pr",  
"RF, LF","Garcia, Karim L  ","$500,000","4653",".225",".269",".356","53.7","32.8","17.0","34.0","293.5",".486","5.66","108.5","54.8","48.0","Pr","Fr",".235",".283",".400","26.3",".222",".265",".342","35.1","Normal","Pr",  
"CF, LF, RF","Gaston, Cito R  ","$500,000","20130",".247",".292",".379","61.4","39.7","17.1","22.6","355.4",".610","5.05","90.0","33.4","33.2","Vg","Pr",".248",".293",".382","37.7",".245",".290",".373","43.6","Normal","Pr",  
"C","Gilligan, Barney R  ","$500,000","6646",".192",".274",".280","44.0","72.2","10.1","25.0","258.0",".604","6.06","170.0","33.7","52.3","Fr","Fr",".196",".279",".288","78.2",".188",".269",".273","67.2","Normal","Pr",  
"1B, LF, RF","Gload, Ross L  ","$500,000","6201",".265",".305",".345","59.9","96.9","18.2","23.7","203.0",".635","12.6","142.6","31.2","35.6","Fr","Fr",".251",".290",".312","99.2",".268",".309",".352","97.3","Prone","Pr",  
"C","Grasso, Mickey R  ","$500,000","20089",".202",".236",".255","26.3","104.6","27.8","44.9","1061.9",".645","7.08","849.5","50.3","34.0","Fr","Pr",".204",".233",".252","119.4",".201",".237",".256","96.0","Normal","Pr",  
"2B","Greenwood, Bill S  ","$500,000","4455",".202",".266",".268","37.0","103.6","13.0","30.9","34.6",".651","6.68","258.6","39.3","37.2","Vg","Vg",".199",".262",".260","127.8",".204",".269",".273","93.5","Normal","Pr",  
"LF, RF","Grieve, Tom R  ","$500,000","16141",".237",".290",".382","62.9","32.2","15.0","23.1","842.1",".636","4.96","130.0","31.4","38.5","Fr","Pr",".239",".293",".387","31.8",".232",".283",".370","33.5","Normal","Pr",  
"2B","Griffin, Doug R  ","$500,000","12058",".224",".275",".271","41.9","280.4","16.0","33.6","154.5",".656","11.2","164.0","47.8","50.1","Av","Av",".219",".261",".251","551.6",".228",".283",".284","219.5","Prone","Pr",  
"C","Guerra, Mike R  ","$500,000","4905",".219",".257",".278","36.0","163.5","20.7","28.4","582.7",".600","8.53","169.2","36.9","35.7","Fr","Fr",".221",".259",".281","161.4",".216",".255",".277","164.4","Normal","Pr",  
"2B, LF","Guerrero, Wilton R  ","$500,000","4201",".272",".299",".321","56.4","1050.2","27.7","28.8","49.2",".698","9.25","94.3","44.8","72.6","Av","Av",".274",".302",".316","728.5",".274",".298",".328","1286.0","Normal","Av",  
"LF, RF","Gwynn, Chris L  ","$500,000","14787",".252",".303",".350","60.7","68.8","14.3","22.7","893.4",".643","8.39","106.5","32.2","36.9","Pr","Pr",".210",".244",".244","449.0",".259",".311",".364","63.7","Prone","Pr",  
"1B, 3B, CF","Haas, Bert R  ","$500,000","10503",".248",".303",".337","59.1","86.1","13.9","22.9","105.4",".637","9.11","107.4","32.7","42.1","Av","Av",".253",".311",".348","74.2",".240",".292",".318","114.4","Normal","Pr",  
"3B, 2B","Handley, Lee R  ","$500,000","1392",".250",".308",".325","58.8","99.4","13.1","27.3","110.1",".518","9.29","128.5","39.5","49.7","Av","Av",".241",".302",".310","74.6",".258",".313",".340","144.2","Prone","Fr",  
"LF, RF","Harper, Terry R  ","$500,000","10530",".239",".310",".341","58.7","59.5","10.8","23.5","117.6",".549","7.34","125.1","33.1","27.3","Fr","Vg",".250",".322",".362","54.2",".215",".285",".295","77.6","Normal","Pr",  
"2B, CF","Harris, Vic L S  ","$500,000","126",".159",".236",".191","20.9",".000","10.9","42.0","47.3","1.00","6.45","142.0","71.0","47.3","Fr","Av",".174",".174",".174",".000",".155",".248",".194",".000","Normal","Fr",  
"3B","Hartman, Fred R  ","$500,000","1129",".240",".297",".356","62.2","53.8","16.5","21.3","137.6",".562","8.48","82.5","32.6","59.0","Av","Av",".235",".284",".352","54.0",".242",".303",".358","53.6","Normal","Pr",  
"LF, 1B, 3B, CF, RF","Hatcher, Mickey R  ","$500,000","19955",".262",".300",".334","56.1","172.0","20.1","20.7","220.1",".577","15.7","159.3","25.7","35.3","Fr","Fr",".273",".313",".361","118.8",".245",".282",".298","399.0","Prone","Pr",  
"2B, SS","Heffner, Don R  ","$500,000","2266",".211",".273",".249","37.6","226.6","13.7","44.4","228.4",".524","8.18","418.7","55.8","52.3","Fr","Fr",".240",".293",".277","196.0",".196",".263",".235","247.0","Normal","Fr",  
"2B","Hiller, Chuck L  ","$500,000","1466",".229",".291",".289","48.6","133.3","13.0","29.3","324.4",".500","12.5","324.4","36.0","47.7","Fr","Fr",".205",".273",".224",".000",".234",".295",".303","110.2","Normal","Pr",  
"3B, 2B, SS","Hitchcock, Billy R  ","$500,000","6284",".218",".262",".265","35.2","330.7","18.5","32.2","219.5",".564","7.95","162.0","44.5","36.4","Fr","Fr",".225",".265",".281","257.9",".214",".260",".254","411.0","Prone","Pr",  
"CF, LF, RF","Hoag, Myril R  ","$500,000","3084",".231",".275",".306","45.9","96.4","19.0","25.1","111.2",".566","7.67","303.3","29.8","41.7","Fr","Av",".228",".268",".310","74.1",".237",".286",".303","152.3","Prone","Fr",  
"3B","Hobson, Butch R  ","$500,000","3258",".208",".260",".355","47.7","33.9","16.1","21.7","176.6",".714","4.83","90.6","31.8","25.4","Av","Fr",".198",".248",".346","31.6",".217",".271",".362","36.1","Prone","Pr",  
"SS, 3B","Hoffman, Glenn R  ","$500,000","2277",".216",".269",".288","42.7","142.3","16.7","24.2","192.5",".565","7.65","113.8","34.8","48.1","Pr","Fr",".223",".274",".302","175.6",".211",".267",".279","126.4","Normal","Fr",  
"C","Holbert, Bill R  ","$500,000","3127",".185",".214",".226","18.1","130.3","28.8","60.1","1641.0",".400","6.85","820.5","68.4","46.2","Pr","Pr",".213",".243",".263","107.8",".167",".196",".204","143.5","Normal","Pr",  
"CF","Hotaling, Pete L  ","$500,000","6230",".234",".304",".335","59.7","62.9","11.4","22.9","70.9",".576","7.35","113.9","32.9","48.2","Av","Vg",".213",".278",".315","63.1",".240",".314",".347","58.2","Normal","Pr",  
"1B, LF","Hunter, Brian R R  ","$500,000","6566",".209",".274",".368","57.8","30.4","12.6","19.8","426.6",".630","5.98","117.0","27.0","43.2","Fr","Fr",".208",".275",".372","28.5",".210",".271",".358","34.5","Normal","Pr",  
"SS, 1B, 2B, 3B","Janvrin, Hal R  ","$500,000","3067",".221",".278",".307","47.8","59.0","14.5","30.1","56.2",".588","8.09","481.9","35.5","48.9","Av","Vg",".211",".261",".290","65.3",".230",".293",".320","57.2","Normal","Pr",  
"1B","Johnston, Doc L  ","$500,000","6826",".234",".294",".330","57.0","71.1","13.7","23.2","49.9",".696","8.43","104.6","33.9","49.2","Av","Vg",".241",".291",".313","108.7",".233",".295",".334","66.0","Normal","Pr",  
"3B","Jones, Bob L  ","$500,000","2397",".209",".268",".285","42.3","77.3","13.3","28.9","125.6",".553","8.40","329.8","35.2","52.8","Fr","Av",".206",".264",".262","142.3",".209",".269",".289","72.3","Normal","Pr",  
"CF, LF, RF","Joshua, Von L  ","$500,000","10588",".250",".283",".345","54.3","89.7","22.3","20.7","58.2",".571","7.35","82.6","29.9","48.4","Fr","Vg",".247",".280",".336","73.7",".251",".285",".346","96.5","Prone","Pr",  
"2B, CF","Kanehl, Rod R  ","$500,000","360",".214",".253",".256","30.9","180.0","20.2","40.0","383.0",".200","11.3",".000","42.6","54.7","Av","Av",".300",".368",".360",".000",".200",".232",".239","155.0","Normal","Fr",  
"C","Kendall, Fred R  ","$500,000","5180",".227",".272",".293","42.3","136.3","17.1","25.9","1398.8",".500","12.4","207.2","32.3","33.3","Fr","Pr",".234",".281",".298","168.3",".220",".265",".286","117.4","Normal","Pr",  
"RF, 3B, LF","Kennedy, Bob R  ","$500,000","5027",".240",".281",".327","51.6","86.7","18.7","21.1","285.7",".543","7.55","180.9","26.1","43.8","Fr","Fr",".255",".298",".342","93.0",".226",".266",".316","79.9","Prone","Pr",  
"3B, 2B, SS","Kennedy, John R  ","$500,000","5580",".221",".274",".296","44.9","136.1","16.3","23.0","209.9",".558","5.44","117.1","31.9","49.1","Fr","Fr",".230",".286",".311","139.5",".216",".266",".287","128.8","Normal","Pr",  
"2B, SS","Kindall, Jerry R  ","$500,000","191",".189",".227",".241","26.5","191.0","20.4","27.3","68.0","1.00","3.40",".000","29.1","68.0","Av","Fr",".181",".222",".241","83.0",".176",".200",".216",".000","Normal","Pr",  
"SS, 2B, 3B","Kopf, Larry S  ","$500,000","2651",".230",".303",".312","57.2","61.7","11.5","31.9","96.4",".596","8.82","498.2","38.8","58.6","Fr","Av",".245",".313",".305","99.3",".225",".301",".313","55.0","Normal","Pr",  
"RF, 1B, LF","Kosco, Andy R  ","$500,000","8867",".240",".275",".389","59.8","32.2","21.6","20.3","472.4",".588","6.56","138.9","25.6","36.1","Fr","Fr",".249",".284",".409","30.2",".230",".267",".369","34.9","Normal","Pr",  
"3B, SS","Kuehne, Bill R  ","$500,000","947",".214",".247",".294","37.8","135.3","25.0","25.6","99.8",".667","7.34","58.7","49.9","52.5","Av","Av",".224",".260",".319","88.4",".206",".234",".271","252.5","Normal","Pr",  
"CF, LF, RF","Lehner, Paul L  ","$500,000","5649",".228",".266",".320","46.0","83.1","21.2","21.1","467.3",".520","9.57","129.3","27.5","38.7","Pr","Fr",".208",".244",".270","121.1",".231",".270",".329","79.1","Normal","Fr",  
"3B","Leius, Scott R  ","$500,000","1939",".236",".308",".314","56.3","96.9","10.5","24.9","362.8",".353","9.11","155.5","34.0","39.6","Fr","Fr",".235",".300",".293","208.2",".236",".314",".330","69.1","Fragile","Pr",  
"SS","LeMaster, Johnnie R  ","$500,000","3236",".214",".269",".281","43.4","134.8","14.7","26.7","53.7",".733","6.49","161.0","35.8","62.1","Av","Vg",".223",".281",".297","124.8",".207",".259",".267","144.9","Normal","Pr",  
"SS","Levey, Jim S  ","$500,000","160",".125",".141",".131","-15.002",".000","54.7","160.0","164.0",".333","4.32",".000","164.0","82.0","Av","Av",".117",".131",".117",".000",".130",".147",".140",".000","Normal","Pr",  
"2B, 3B, SS","Lewis, Mark R  ","$500,000","7297",".241",".292",".323","52.7","123.7","15.1","20.6","152.3",".712","7.35","127.7","27.0","34.6","Av","Fr",".246",".297",".334","94.5",".236",".287",".311","165.5","Normal","Pr",  
"2B","Liriano, Nelson S  ","$500,000","4812",".238",".304",".309","57.6","240.6","11.8","21.3","60.9",".698","10.9","99.2","31.2","67.0","Av","Av",".228",".293",".274","632.5",".239",".306",".321","193.2","Normal","Pr",  
"SS, 2B, 3B","Lopez, Luis S  ","$500,000","3703",".220",".268",".269","37.5","617.2","18.5","24.4","190.3",".700","6.58","333.1","28.5","36.3","Fr","Fr",".216",".259",".260",".000",".223",".271",".273","422.3","Prone","Pr",  
"C, 1B","Mack, Connie R  ","$500,000","8816",".213",".265",".267","38.2","122.4","21.3","34.7","62.8",".631","9.06","1908.6","38.3","52.1","Av","Vg",".229",".282",".292","104.8",".194",".244",".237","150.1","Prone","Pr",  
"2B","Mack, Ray R  ","$500,000","1125",".198",".258",".295","38.4","62.5","14.0","26.8","308.2",".571","5.50","94.8","42.5","30.8","Av","Fr",".180",".239",".251","116.7",".208",".264",".323","48.7","Normal","Pr",  
"C, 1B","Martin, J.C. L  ","$500,000","7886",".220",".273",".299","46.7","119.5","16.3","21.7","1428.8",".429","9.68","140.5","28.3","59.5","Fr","Pr",".210",".263",".276","244.5",".223",".275",".305","102.5","Prone","Pr",  
"2B, 3B","Martin, Stu L  ","$500,000","1621",".227",".293",".291","49.6","147.4","11.7","28.4","112.3",".593","8.48","138.2","40.8","51.3","Av","Av",".205",".261",".265","234.0",".231",".299",".296","137.9","Normal","Pr",  
"SS","Mason, Jim L  ","$500,000","2874",".198",".260",".269","37.6","179.6","13.0","22.1","3173.0",".500","5.81","122.0","30.5","49.6","Pr","Pr",".173",".230",".215","407.5",".208",".271",".289","153.5","Normal","Av",  
"C","Mathis, Jeff R  ","$500,000","5440",".192",".247",".259","33.7","113.3","15.0","28.8","990.0",".545","4.36","191.6","37.6","72.4","Fr","Pr",".204",".262",".278","109.1",".186",".237",".250","112.7","Prone","Fr",  
"1B, LF, RF","McCarty, David R  ","$500,000","8065",".229",".291",".320","51.9","77.5","12.8","23.1","305.9",".518","5.24","116.7","32.5","35.8","Fr","Fr",".230",".295",".322","77.5",".227",".286",".318","77.0","Normal","Pr",  
"3B, 2B, SS","McCormick, Barry R  ","$500,000","2140",".208",".281",".288","47.6","73.8","10.9","28.9","34.3",".753","6.60","240.4","37.6","45.4","Av","Vg",".212",".294",".298","61.1",".205",".268",".278","92.4","Normal","Pr",  
"CF, LF, RF","McCracken, Quinton S  ","$500,000","6681",".236",".296",".286","50.5","835.1","12.7","26.7","43.2",".658","7.96","121.2","39.1","59.1","Av","Vg",".217",".267",".253","1920.0",".245",".308",".301","660.4","Prone","Pr",  
"3B, SS","McGarr, Chippy R  ","$500,000","809",".222",".260",".299","42.7","67.4","21.4","31.1","25.1",".694","6.43",".000","32.9","57.0","Vg","Vg",".244",".278",".307","79.0",".210",".249",".292","66.6","Normal","Pr",  
"RF, LF, CF","McGeachey, Jack R  ","$500,000","659",".200",".223",".269","25.1","219.7","34.5","18.8","114.8",".600","10.8","689.0","20.3","31.3","Av","Av",".216",".243",".299","166.3",".150",".160",".175",".000","Normal","Pr",  
"2B, 3B","McKay, Dave S  ","$500,000","4415",".225",".268",".286","42.1","200.7","20.3","26.3","251.2",".500","6.65","140.4","35.6","56.2","Av","Fr",".224",".267",".280","197.7",".227",".269",".290","198.7","Normal","Pr",  
"SS, 2B, 3B","McNair, Eric R  ","$500,000","2327",".237",".272",".318","47.8","70.5","23.9","27.4","95.6",".619","8.07","414.2","31.5","48.7","Fr","Av",".243",".279",".332","61.2",".231",".266",".308","80.2","Normal","Pr",  
"CF, LF, RF","McNeely, Earl R  ","$500,000","2206",".229",".284",".301","48.3","129.8","15.8","23.2","50.3",".585","7.43","172.4","29.8","50.3","Av","Vg",".239",".296",".309","147.1",".226",".281",".310","101.7","Normal","Pr",  
"SS, 2B","Meares, Pat R  ","$500,000","4737",".242",".280",".315","48.4","163.3","25.7","21.9","193.6",".788","7.61","114.4","29.3","38.4","Av","Fr",".231",".260",".296","852.0",".249",".291",".327","110.9","Prone","Pr",  
"RF, LF, CF","Mejias, Roman R  ","$500,000","1587",".246",".284",".345","55.1","61.0","20.7","23.7","154.4",".688","7.61","154.4","30.3","41.4","Av","Fr",".254",".282",".361","53.9",".234",".284",".315","76.9","Normal","Pr",  
"CF, RF","Melendez, Luis R  ","$500,000","1589",".238",".294",".314","52.7","88.3","13.6","27.9","192.8",".600","8.81","173.5","36.9","41.3","Fr","Fr",".247",".297",".315","133.8",".232",".292",".313","70.8","Normal","Pr",  
"SS","Mendoza, Mario R  ","$500,000","1863",".220",".259",".252","32.5","465.8","23.0","47.8","167.0",".545","6.66","222.7","66.8","43.6","Fr","Fr",".239",".288",".280","339.5",".209",".241",".236","592.0","Normal","Av",  
"SS","Merullo, Lennie R  ","$500,000","385",".223",".286",".286","46.3","128.3","13.2","27.5","211.5",".667","7.29","423.0","32.5","47.0","Fr","Fr",".246",".308",".328","67.0",".211",".272",".263","247.0","Normal","Pr",  
"1B, 3B, LF","Meyer, Dan L  ","$500,000","5534",".247",".286",".361","59.2","54.3","19.6","19.8","91.2",".613","12.8","134.8","25.1","48.2","Av","Av",".243",".281",".318","134.9",".247",".286",".368","48.4","Prone","Pr",  
"RF, LF, CF","Morales, Jerry R  ","$500,000","2453",".243",".295",".350","57.5","59.8","14.6","20.1","443.0",".333","8.44","156.4","25.3","36.4","Fr","Fr",".258",".311",".376","49.2",".225",".277",".313","85.5","Prone","Pr",  
"DH, 1B","Morales, Jose R  ","$500,000","8180",".265",".306",".359","59.8","78.7","18.7","19.9","4392.5",".222","7.06","204.3","23.8","27.6","Pr","Pr",".283",".323",".386","77.1",".246",".288",".327","76.2","Normal","Pr",  
"CF, LF, RF","Moses, John S  ","$500,000","8120",".247",".308",".306","56.0","451.1","12.8","22.4","21.9",".629","10.2","140.4","30.1","63.7","Av","Ex",".228",".287",".282",".000",".251",".313",".312","363.8","Normal","Av",  
"3B","Mulvey, Joe R  ","$500,000","526",".232",".271",".317","51.1","87.7","20.2","29.2","141.2",".800","7.85","62.8","62.8","94.2","Av","Av",".231",".280",".314","121.0",".231",".265",".327","65.0","Normal","Pr",  
"C","Murphy, Morgan R  ","$500,000","5326",".180",".233",".242","25.1","81.9","15.8","41.0","577.1",".556","5.28","721.4","47.3","43.1","Fr","Fr",".186",".239",".249","88.8",".171",".221",".231","72.9","Normal","Pr",  
"2B","Myers, Al R  ","$500,000","348",".190",".255",".305","44.2","38.7","13.3","29.0","77.0",".833","7.86","385.0","35.0","48.1","Av","Av",".198",".285",".330","30.3",".165",".197",".223","121.0","Normal","Pr",  
"C","Needham, Tom R  ","$500,000","9306",".206",".265",".295","42.8","62.9","16.1","25.2","407.9",".595","7.24","728.4","28.7","43.4","Fr","Fr",".215",".276",".309","58.2",".200",".256",".285","67.0","Normal","Pr",  
"1B","Nelson, Rocky L  ","$500,000","10271",".227",".291",".327","57.2","68.9","12.9","20.7","1422.1",".667","12.8","137.1","27.6","62.2","Fr","Pr",".214",".281",".297","119.6",".230",".293",".334","61.9","Normal","Pr",  
"C","Nieves, Wil R  ","$500,000","17883",".241",".279",".291","44.0","415.9","19.8","25.4","1209.3",".516","8.15","297.7","30.2","37.2","Pr","Pr",".250",".289",".310","270.0",".230",".268",".270","1128.0","Normal","Pr",  
"2B","O'Brien, John L  ","$500,000","215",".214",".292",".326","55.6","30.7","11.1","71.7","244.0",".500","7.87",".000","81.3","40.7","Fr","Fr",".320",".433",".360",".000",".200",".272",".321","27.1","Normal","Pr",  
"CF, RF","Office, Rowland L  ","$500,000","2430",".249",".297",".316","55.3","243.0","15.9","21.3","188.2",".823","8.84","131.8","28.0","51.7","Fr","Fr",".230",".273",".271",".000",".258",".307",".330","238.2","Prone","Pr",  
"LF, 3B, RF","Outlaw, Jimmy R  ","$500,000","2542",".245",".310",".326","58.8","90.8","11.6","25.4","257.3",".393","8.09","117.9","37.2","43.5","Fr","Fr",".242",".311",".334","72.6",".244",".304",".307","174.5","Normal","Pr",  
"3B","Owen, Marv R  ","$500,000","1162",".226",".274",".297","45.3","116.2","17.8","26.4","1262.0",".250","8.36","157.8","35.1","50.5","Fr","Fr",".259",".302",".337","72.4",".196",".248",".258","281.0","Normal","Pr",  
"LF, CF, RF","Owens, Eric R  ","$500,000","3755",".257",".303",".308","53.8","469.4","15.6","26.1","24.1",".635","13.4","176.8","33.6","46.7","Av","Ex",".268",".318",".323","388.4",".241",".287",".287","461.0","Normal","Pr",  
"3B, 1B, LF, RF","Paquette, Craig R  ","$500,000","4673",".210",".242",".322","39.9","49.2","24.6","22.8","206.1",".558","5.22","149.9","28.8","40.2","Av","Fr",".215",".242",".325","49.4",".202",".237",".308","56.3","Normal","Pr",  
"SS, 2B, 3B","Pellagrini, Eddie R  ","$500,000","876",".191",".260",".269","41.0","62.6","12.9","41.7","121.4",".889","5.68","161.8","64.7","97.1","Av","Fr",".224",".299",".291","237.0",".179",".246",".256","57.1","Normal","Pr",  
"SS","Pena, Roberto R  ","$500,000","2132",".250",".295",".311","51.3","193.8","17.1","24.8","137.2",".531","10.5","194.3","31.5","37.0","Pr","Fr",".272",".310",".342","133.0",".234",".285",".289","299.2","Normal","Pr",  
"LF","Pendleton, Jim R  ","$500,000","3018",".245",".282",".334","52.7","64.2","21.5","27.9","400.6",".571","5.91","168.7","36.0","44.5","Fr","Pr",".247",".278",".313","90.9",".244",".285",".354","50.7","Normal","Pr",  
"1B","Phillips, Bill B. R  ","$500,000","11030",".257",".308",".369","65.4","96.8","15.1","15.4","481.8",".595","6.76","66.9","22.5","39.6","Fr","Fr",".264",".314",".385","84.0",".234",".288",".318","200.5","Normal","Pr",  
"SS, 2B","Picciolo, Rob R  ","$500,000","3554",".244",".271",".316","47.6","161.5","29.3","22.4","343.4",".440","7.46","134.9","28.8","59.0","Pr","Fr",".257",".294",".345","109.0",".228",".241",".274","762.0","Normal","Av",  
"C","Plummer, Bill R  ","$500,000","6083",".180",".254",".262","33.8","83.3","11.5","23.7","616.5",".579","5.18","322.9","28.7","38.7","Pr","Pr",".174",".248",".248","78.8",".184",".258",".272","86.9","Normal","Pr",  
"LF, CF, RF","Powell, Jake R  ","$500,000","7370",".248",".288",".332","53.9","87.7","19.7","22.5","77.9",".662","7.60","180.5","28.0","42.0","Av","Av",".248",".293",".338","86.3",".251",".285",".329","87.7","Normal","Fr",  
"3B","Presley, Jim R  ","$500,000","2587",".231",".282",".362","56.0","39.2","15.4","20.5","254.5",".579","5.16","174.9","25.4","32.5","Fr","Fr",".238",".296",".381","35.1",".222",".261",".334","48.0","Normal","Pr",  
"LF, RF","Purcell, Blondie R  ","$500,000","226",".204",".259",".261","35.3","226.0","15.4","25.1","123.0","1.00","6.31","246.0","30.8","41.0","Av","Av",".222",".279",".278",".000",".180",".234",".240","100.0","Normal","Fr",  
"2B, SS","Quest, Joe R  ","$500,000","314",".210",".283",".274","42.4","157.0","10.6","22.4","350.0",".333","6.86",".000","25.0","38.9","Av","Av",".157",".237",".216","102.0",".238",".308",".305","210.0","Normal","Pr",  
"3B, SS","Reeves, Bobby R  ","$500,000","166",".199",".287",".217","40.7",".000","9.40","83.0","47.0","1.00","5.70","188.0","188.0","94.0","Fr","Fr",".193",".292",".217",".000",".191",".286",".191",".000","Normal","Pr",  
"SS","Rivera, Luis R  ","$500,000","415",".214",".270",".289","43.7","207.5","15.9","19.8","230.5",".500","5.99","115.2","27.1","51.2","Fr","Fr",".239",".293",".294","180.0",".202",".260",".296","223.0","Normal","Fr",  
"3B, C, 2B","Roberts, Dave W R  ","$500,000","7268",".233",".277",".350","55.7","46.0","17.8","21.9","186.6",".712","6.18","182.2","27.1","53.3","Vg","Fr",".230",".275",".336","54.9",".235",".279",".360","41.6","Prone","Pr",  
"3B","Robertson, Gene L  ","$500,000","1651",".230",".297",".337","59.4","56.9","11.6","22.6","231.8",".667","11.7","115.9","32.5","44.1","Fr","Fr",".174",".244",".198",".000",".234",".302",".345","55.1","Normal","Pr",  
"LF, CF, RF","Roettger, Wally R  ","$500,000","3602",".252",".299",".356","62.6","54.6","16.9","23.5","784.6",".714","7.74","170.6","30.2","53.0","Pr","Pr",".249",".293",".341","70.7",".251",".303",".368","42.7","Normal","Fr",  
"C","Roof, Phil R  ","$500,000","8076",".211",".269",".298","42.7","72.1","14.8","26.5","403.5",".595","4.93","143.2","36.5","35.8","Fr","Fr",".209",".268",".285","80.2",".214",".271",".311","65.9","Prone","Pr",  
"CF, LF, RF","Roseman, Chief R  ","$500,000","3460",".248",".305",".342","61.1","91.1","16.4","19.4","223.0",".607","6.67","114.9","26.1","49.9","Fr","Fr",".256",".313",".348","95.1",".233",".289",".330","89.3","Normal","Pr",  
"CF","Rucker, Johnny L  ","$500,000","2482",".259",".292",".343","59.0","177.3","23.2","18.9","220.1",".444","7.08","75.5","27.5","114.8","Fr","Av",".266",".298",".326","598.0",".257",".290",".350","137.6","Normal","Fr",  
"C","Ryan, Jack R  ","$500,000","5586",".198",".226",".275","29.3","105.4","28.0","24.1","391.7",".789","7.21","146.9","30.6","43.9","Fr","Fr",".197",".228",".279","90.8",".199",".224",".272","120.5","Prone","Pr",  
"SS","Santana, Rafael R  ","$500,000","6219",".237",".280",".300","46.0","148.1","18.0","25.6","949.9",".539","9.48","316.6","30.0","39.8","Pr","Pr",".247",".293",".320","120.1",".231",".271",".287","178.8","Normal","Pr",  
"CF","Shinjo, Tsuyoshi R  ","$500,000","14526",".237",".289",".326","55.9","84.0","16.1","22.0","304.6",".565","11.4","138.9","29.1","66.6","Fr","Fr",".238",".293",".333","79.0",".232",".281",".312","95.0","Prone","Pr",  
"2B, 3B, LF","Shumpert, Terry R  ","$500,000","3086",".224",".286",".309","52.4","128.6","13.0","20.4","31.9",".677","7.47","85.3","30.7","60.9","Vg","Vg",".239",".299",".332","84.4",".213",".278",".294","206.5","Prone","Pr",  
"SS","Smalley, Roy Sr R  ","$500,000","3530",".202",".268",".314","46.2","56.9","13.1","21.8","1938.0",".500","4.65","82.5","33.7","43.6","Fr","Pr",".201",".271",".323","47.2",".200",".261",".306","64.0","Prone","Pr",  
"3B, SS","Smith, Charley R  ","$500,000","1879",".227",".263",".331","46.6","52.2","21.0","25.1","404.0",".833","4.87","155.4","32.6","35.4","Fr","Fr",".224",".262",".326","59.9",".230",".264",".336","45.2","Prone","Pr",  
"LF, 3B, RF","Sommer, Joe R  ","$500,000","3869",".219",".271",".283","41.5","101.8","15.7","30.0","108.1",".650","7.08","702.5","34.3","40.5","Av","Av",".221",".277",".289","123.8",".219",".269",".282","89.5","Normal","Pr",  
"1B","Spencer, Jim L  ","$500,000","11867",".241",".289",".366","60.6","39.6","15.7","23.3","1428.7",".474","9.50","167.0","29.8","42.6","Pr","Pr",".205",".252",".292","73.3",".246",".294",".377","37.1","Prone","Pr",  
"RF, LF","Spikes, Charlie R  ","$500,000","3656",".231",".285",".349","57.0","42.0","16.0","25.4","113.7",".593","5.54","147.3","34.0","48.5","Fr","Av",".213",".271",".314","53.7",".244",".299",".372","40.2","Normal","Pr",  
"3B, 1B","Sprague, Ed Jr R  ","$500,000","4652",".223",".285",".332","53.5","53.5","15.4","21.5","1708.3",".500","6.59","183.0","27.3","38.0","Fr","Pr",".225",".289",".346","47.6",".218",".280",".315","58.7","Prone","Pr",  
"CF, LF, RF","Stainback, Tuck R  ","$500,000","1055",".235",".263",".301","42.4","131.9","35.7","25.1","184.7",".353","8.33","277.0","29.2","69.2","Fr","Av",".238",".269",".319","100.2",".232",".252",".279","213.0","Normal","Pr",  
"SS","Stallcup, Virgil R  ","$500,000","61",".295",".306",".344","53.1",".000","63.0","20.3",".000",".000","12.6",".000","21.0","21.0","Av","Pr",".263",".263",".316",".000",".310",".326",".357",".000","Normal","Pr",  
"C","Stanage, Oscar R  ","$500,000","8978",".219",".258",".313","43.3","59.1","20.5","24.5","458.9",".618","7.01","385.5","28.2","42.3","Fr","Fr",".223",".263",".321","56.4",".214",".252",".305","61.6","Normal","Pr",  
"1B","Stevens, Lee L  ","$500,000","9493",".230",".295",".370","62.2","35.6","11.8","21.0","951.8",".524","5.38","141.5","27.7","37.4","Pr","Pr",".215",".267",".352","40.3",".232",".297",".372","34.7","Normal","Pr",  
"SS, 2B","Stillwell, Kurt S  ","$500,000","2751",".242",".304",".329","59.3","110.0","12.5","20.8","605.8",".312","9.41","91.8","30.6","61.8","Fr","Fr",".229",".286",".289",".000",".242",".304",".331","101.9","Prone","Pr",  
"SS","Sullivan, John R  ","$500,000","940",".213",".278",".280","44.6","72.3","12.5","40.9","148.7",".636","6.67","1041.0","47.3","57.8","Av","Fr",".173",".244",".215","110.0",".237",".300",".315","58.7","Normal","Pr",  
"RF, CF","Sunday, Billy L  ","$500,000","5739",".224",".281",".294","46.6","95.7","14.2","30.9","29.3",".725","6.41","179.2","41.5","39.7","Vg","Vg",".217",".269",".270","102.0",".225",".283",".298","94.4","Normal","Fr",  
"2B, SS","Sutherland, Gary R  ","$500,000","1103",".219",".265",".262","37.3","551.5","18.2","29.0","240.4",".454","13.5","400.7","34.3","52.3","Pr","Fr",".215",".266",".267",".000",".228",".266",".266","313.5","Normal","Pr",  
"C","Swisher, Steve R  ","$500,000","2569",".190",".250",".256","30.6","102.8","14.6","28.9","1398.5",".500","4.76","559.4","33.3","37.8","Pr","Pr",".208",".270",".271","127.5",".178",".236",".246","91.1","Prone","Pr",  
"1B, 3B, LF, RF","Tabler, Pat R  ","$500,000","23733",".255",".322",".318","60.9","206.4","11.4","23.6","463.2",".613","8.69","172.6","31.0","39.2","Fr","Pr",".255",".327",".320","196.9",".255",".319",".317","221.4","Normal","Pr",  
"3B","Tabor, Jim R  ","$500,000","6333",".231",".274",".354","53.8","41.9","18.0","22.5","166.8",".477","7.40","159.1","28.7","42.5","Fr","Av",".234",".274",".370","40.4",".229",".274",".339","42.4","Prone","Pr",  
"LF, CF, RF","Taguchi, So R  ","$500,000","16991",".255",".307",".313","56.1","261.4","14.6","23.7","52.0",".713","10.1","216.5","29.6","40.5","Vg","Av",".258",".305",".314","235.6",".254",".309",".314","282.1","Normal","Fr",  
"SS","Taveras, Frank R  ","$500,000","4691",".249",".301",".300","54.6","938.2","16.1","24.7","15.2",".683","8.71","151.1","32.9","67.6","Vg","Ex",".252",".308",".303","606.3",".240",".289",".288","1104.5","Normal","Av",  
"SS","Thomas, Andres R  ","$500,000","1699",".229",".258",".315","42.2","51.5","26.7","36.1","358.2",".625","8.18","1791.0","38.9","35.1","Fr","Fr",".231",".265",".308","61.4",".228",".255",".320","47.1","Prone","Pr",  
"RF, 3B, LF, CF","Thomas, George R  ","$500,000","10077",".249",".311",".344","63.8","73.0","12.9","21.0","271.0",".586","5.70","154.3","27.3","57.0","Fr","Fr",".252",".319",".351","74.6",".246",".302",".339","71.1","Prone","Pr",  
"SS, 2B, 3B","Thompson, Danny R  ","$500,000","1616",".215",".250",".265","33.3","323.2","23.0","28.9","430.5",".800","10.3","191.3","36.6","42.0","Pr","Pr",".228",".264",".281","313.0",".207",".241",".255","330.0","Prone","Pr",  
"2B","Thompson, Fresco R  ","$500,000","5036",".228",".289",".296","48.9","251.8","13.0","21.0","78.4",".582","9.31","118.4","28.8","48.8","Av","Av",".235",".298",".305","315.3",".224",".284",".291","259.2","Normal","Pr",  
"SS, 2B","Torres, Hector R  ","$500,000","887",".226",".273",".303","44.5","88.7","16.1","27.7","482.0",".400","7.42","137.7","38.6","37.1","Pr","Fr",".229",".273",".309",".000",".224",".273",".301","61.2","Normal","Fr",  
"C","Treanor, Matt R  ","$500,000","5889",".208",".295",".254","45.6","178.5","10.3","39.8","2237.7","1.00","6.35","268.5","54.6","57.4","Pr","Pr",".192",".275",".222","506.6",".222",".312",".281","121.3","Fragile","Pr",  
"LF, RF","Twitchell, Larry R  ","$500,000","19",".158",".191",".158","8.97",".000","21.0",".000",".000",".000","7.00",".000",".000",".000","Fr","Fr",".143",".188",".143",".000",".200",".200",".200",".000","Normal","Pr",  
"RF, LF","Vail, Mike R  ","$500,000","23225",".259",".303",".366","61.5","57.6","17.2","21.5","373.1",".515","5.50","127.6","28.2","33.4","Pr","Fr",".261",".307",".372","56.3",".253",".295",".354","59.0","Normal","Pr",  
"LF, CF, RF","Venable, Max L  ","$500,000","3163",".225",".292",".313","56.6","126.5","11.9","19.8","42.5",".697","8.55","82.1","30.2","98.1","Vg","Vg",".187",".260",".244","201.0",".229",".297",".321","123.5","Normal","Pr",  
"LF, CF, RF","Vollmer, Clyde R  ","$500,000","16704",".227",".294",".361","60.0","30.8","11.7","30.4","2312.5",".333","5.46","289.1","38.1","34.1","Fr","Pr",".221",".287",".343","32.4",".232",".301",".373","30.1","Normal","Pr",  
"C","Walbeck, Matt S  ","$500,000","13725",".228",".269",".272","38.5","334.8","18.5","31.5","396.7",".552","9.45","276.9","38.3","39.2","Fr","Fr",".246",".296",".309","164.3",".217",".253",".251","915.1","Prone","Pr",  
"RF, 1B, 3B, LF","Walls, Lee R  ","$500,000","15953",".246",".315",".347","64.8","64.1","11.4","23.3","388.4",".541","5.65","100.4","35.2","48.4","Fr","Fr",".251",".315",".350","68.0",".243",".316",".346","60.6","Normal","Pr",  
"1B, 3B, LF, RF","Ward, Preston L  ","$500,000","6096",".229",".296",".334","60.1","53.0","11.3","23.9","1134.2",".461","6.69","170.1","31.7","77.3","Fr","Pr",".191",".254",".234","171.0",".236",".304",".354","46.8","Normal","Pr",  
"1B, LF, RF","Wasdell, Jimmy L  ","$500,000","4569",".246",".305",".350","62.9","67.2","13.6","22.0","167.8",".714","9.63","82.5","34.3","48.0","Av","Fr",".223",".277",".290","140.8",".251",".310",".359","63.2","Normal","Pr",  
"SS, 2B","Washington, Ron R  ","$500,000","4773",".251",".289",".333","54.5","129.0","21.3","21.6","77.1",".555","6.36","90.9","30.8","59.2","Fr","Av",".242",".276",".320","181.0",".255",".295",".336","114.7","Normal","Pr",  
"CF, LF, RF","Weaver, Farmer L  ","$500,000","5524",".248",".289",".310","50.6","141.6","20.9","26.4","76.3",".600","9.63","313.3","31.3","46.1","Av","Av",".245",".283",".269","773.0",".252",".293",".323","119.2","Normal","Fr",  
"SS, 2B","Wietelmann, Whitey S  ","$500,000","509",".185",".245",".224","26.4","127.2","14.6","72.7","277.5","1.00","7.50","555.0","92.5","50.5","Fr","Pr",".199",".276",".250","58.7",".171",".223",".201","328.0","Normal","Pr",  
"SS, 2B, 3B","Wilkerson, Curtis S  ","$500,000","2709",".223",".266",".257","37.1","541.8","18.9","42.3","40.0",".635","7.80","243.2","56.1","64.8","Av","Vg",".237",".276",".272","430.5",".218",".263",".250","608.3","Normal","Pr",  
"CF, LF, RF","Winningham, Herm L  ","$500,000","2167",".225",".284",".302","50.8","135.4","13.3","24.9","17.0",".711","5.33","76.5","42.4","57.9","Av","Ex",".203",".248",".240","204.5",".230",".293",".320","117.0","Normal","Pr",  
"LF, RF","Wohlford, Jim R  ","$500,000","728",".216",".273",".273","38.6","242.7","13.3","26.0","88.7",".391","8.87","159.6","34.7","46.9","Fr","Vg",".237",".289",".308","227.5",".179",".245",".216","273.0","Normal","Pr",  
"SS","Woodward, Chris R  ","$500,000","2618",".217",".277",".283","45.1","174.5","13.6","25.2","959.0",".500","5.35","119.9","36.0","68.5","Fr","Pr",".199",".258",".262","353.0",".228",".289",".297","129.9","Normal","Pr",  
"RF, 3B","Workman, Chuck L  ","$500,000","3743",".226",".289",".336","57.7","37.4","13.3","36.0","229.5",".818","6.14","413.1","43.9","60.8","Av","Fr",".239",".313",".378","27.0",".219",".281",".322","43.1","Normal","Fr",  
"CF, LF, RF","Wynne, Marvell L  ","$500,000","4508",".244",".294",".340","58.1","86.7","15.4","20.1","57.3",".589","8.21","92.9","28.8","58.0","Fr","Vg",".257",".310",".358","65.6",".237",".284",".330","104.4","Prone","Fr",  
"2B","Young, Bobby L  ","$500,000","2111",".215",".266",".271","39.6","175.9","15.4","32.5","254.2",".562","9.12","134.6","47.7","60.2","Fr","Fr",".167",".218",".195","508.0",".231",".281",".297","145.0","Normal","Pr",  
"C","Zimmerman, Jerry R  ","$500,000","7858",".206",".264",".232","28.7","1309.7","15.5","43.4","2879.0",".500","7.95","785.2","50.8","28.6","Pr","Pr",".200",".251",".221","3313.0",".210",".272",".240","906.4","Normal","Pr",  


